PERFUME_ID,AUDIENCE,VOTE,LOAD_DT
8272,Masculine,3,2026-01-19 08:09:16
8272,Feminine,1,2026-01-19 08:09:16
8272,Modern,1,2026-01-19 08:09:16
8275,Feminine,13,2026-01-19 08:09:16
8275,Modern,12,2026-01-19 08:09:16
8275,Masculine,8,2026-01-19 08:09:16
8276,Feminine,4,2026-01-19 08:09:16
8276,Modern,2,2026-01-19 08:09:16
8276,Classic,1,2026-01-19 08:09:16
8277,Masculine,14,2026-01-19 08:09:16
8277,Modern,9,2026-01-19 08:09:16
8277,Classic,8,2026-01-19 08:09:16
8277,Feminine,6,2026-01-19 08:09:16
8280,Masculine,1,2026-01-19 08:09:16
8280,Feminine,1,2026-01-19 08:09:16
8281,Feminine,21,2026-01-19 08:09:16
8281,Modern,14,2026-01-19 08:09:16
8281,Classic,6,2026-01-19 08:09:16
8283,Masculine,8,2026-01-19 08:09:16
8283,Feminine,6,2026-01-19 08:09:16
8283,Modern,4,2026-01-19 08:09:16
8283,Classic,2,2026-01-19 08:09:16
8291,Masculine,5,2026-01-19 08:09:16
8291,Modern,3,2026-01-19 08:09:16
8291,Feminine,1,2026-01-19 08:09:16
8291,Classic,1,2026-01-19 08:09:16
8294,Masculine,1,2026-01-19 08:09:16
8294,Classic,1,2026-01-19 08:09:16
8294,Modern,1,2026-01-19 08:09:16
8295,Masculine,9,2026-01-19 08:09:16
8295,Classic,6,2026-01-19 08:09:16
8295,Modern,6,2026-01-19 08:09:16
8295,Feminine,4,2026-01-19 08:09:16
8296,Feminine,19,2026-01-19 08:09:16
8296,Modern,10,2026-01-19 08:09:16
8296,Masculine,9,2026-01-19 08:09:16
8296,Classic,4,2026-01-19 08:09:16
8299,Masculine,9,2026-01-19 08:09:16
8299,Feminine,7,2026-01-19 08:09:16
8299,Classic,5,2026-01-19 08:09:16
8299,Modern,5,2026-01-19 08:09:16
8301,Feminine,9,2026-01-19 08:09:16
8301,Masculine,8,2026-01-19 08:09:16
8301,Modern,6,2026-01-19 08:09:16
8301,Classic,2,2026-01-19 08:09:16
8302,Feminine,3,2026-01-19 08:09:16
8302,Masculine,2,2026-01-19 08:09:16
8303,Feminine,9,2026-01-19 08:09:16
8303,Masculine,8,2026-01-19 08:09:16
8303,Classic,6,2026-01-19 08:09:16
8303,Modern,4,2026-01-19 08:09:16
8307,Feminine,6,2026-01-19 08:09:16
8307,Masculine,3,2026-01-19 08:09:16
8307,Classic,3,2026-01-19 08:09:16
8307,Modern,3,2026-01-19 08:09:16
8309,Feminine,22,2026-01-19 08:09:16
8309,Modern,9,2026-01-19 08:09:16
8309,Masculine,5,2026-01-19 08:09:16
8309,Classic,5,2026-01-19 08:09:16
8311,Feminine,7,2026-01-19 08:09:16
8311,Modern,3,2026-01-19 08:09:16
8311,Masculine,2,2026-01-19 08:09:16
8311,Classic,1,2026-01-19 08:09:16
8313,Masculine,17,2026-01-19 08:09:16
8313,Feminine,11,2026-01-19 08:09:16
8313,Modern,9,2026-01-19 08:09:16
8313,Classic,7,2026-01-19 08:09:16
8314,Feminine,3,2026-01-19 08:09:16
8314,Masculine,1,2026-01-19 08:09:16
8314,Modern,1,2026-01-19 08:09:16
8317,Masculine,18,2026-01-19 08:09:16
8317,Classic,6,2026-01-19 08:09:16
8317,Modern,5,2026-01-19 08:09:16
8317,Feminine,3,2026-01-19 08:09:16
8319,Feminine,37,2026-01-19 08:09:16
8319,Modern,17,2026-01-19 08:09:16
8319,Classic,10,2026-01-19 08:09:16
8319,Masculine,7,2026-01-19 08:09:16
8321,Feminine,16,2026-01-19 08:09:16
8321,Modern,7,2026-01-19 08:09:16
8321,Classic,5,2026-01-19 08:09:16
8325,Feminine,22,2026-01-19 08:09:16
8325,Classic,10,2026-01-19 08:09:16
8325,Modern,8,2026-01-19 08:09:16
8326,Masculine,31,2026-01-19 08:09:16
8326,Feminine,28,2026-01-19 08:09:16
8326,Modern,12,2026-01-19 08:09:16
8326,Classic,9,2026-01-19 08:09:16
8329,Masculine,21,2026-01-19 08:09:16
8329,Feminine,14,2026-01-19 08:09:16
8329,Classic,2,2026-01-19 08:09:16
8329,Modern,2,2026-01-19 08:09:16
8331,Feminine,4,2026-01-19 08:09:16
8331,Masculine,2,2026-01-19 08:09:16
8334,Feminine,25,2026-01-19 08:09:16
8334,Modern,16,2026-01-19 08:09:16
8334,Masculine,13,2026-01-19 08:09:16
8334,Classic,6,2026-01-19 08:09:16
8335,Feminine,1,2026-01-19 08:09:16
8335,Classic,1,2026-01-19 08:09:16
8337,Feminine,17,2026-01-19 08:09:16
8337,Modern,11,2026-01-19 08:09:16
8337,Masculine,10,2026-01-19 08:09:16
8337,Classic,8,2026-01-19 08:09:16
8338,Masculine,23,2026-01-19 08:09:16
8338,Feminine,15,2026-01-19 08:09:16
8338,Classic,11,2026-01-19 08:09:16
8338,Modern,9,2026-01-19 08:09:16
8339,Masculine,3,2026-01-19 08:09:16
8339,Modern,3,2026-01-19 08:09:16
8339,Feminine,1,2026-01-19 08:09:16
8339,Classic,1,2026-01-19 08:09:16
8341,Feminine,23,2026-01-19 08:09:16
8341,Modern,14,2026-01-19 08:09:16
8341,Classic,10,2026-01-19 08:09:16
8341,Masculine,6,2026-01-19 08:09:16
8344,Feminine,24,2026-01-19 08:09:16
8344,Modern,10,2026-01-19 08:09:16
8344,Masculine,8,2026-01-19 08:09:16
8344,Classic,3,2026-01-19 08:09:16
8348,Feminine,1,2026-01-19 08:09:16
8348,Modern,1,2026-01-19 08:09:16
8351,Masculine,11,2026-01-19 08:09:16
8351,Modern,3,2026-01-19 08:09:16
8351,Classic,2,2026-01-19 08:09:16
8351,Feminine,1,2026-01-19 08:09:16
8352,Masculine,13,2026-01-19 08:09:16
8352,Feminine,10,2026-01-19 08:09:16
8352,Modern,6,2026-01-19 08:09:16
8352,Classic,5,2026-01-19 08:09:16
8353,Masculine,1,2026-01-19 08:09:16
8353,Feminine,1,2026-01-19 08:09:16
8353,Classic,1,2026-01-19 08:09:16
8353,Modern,1,2026-01-19 08:09:16
8354,Feminine,16,2026-01-19 08:09:16
8354,Masculine,14,2026-01-19 08:09:16
8354,Modern,10,2026-01-19 08:09:16
8354,Classic,8,2026-01-19 08:09:16
8356,Masculine,12,2026-01-19 08:09:16
8356,Feminine,11,2026-01-19 08:09:16
8356,Modern,9,2026-01-19 08:09:16
8356,Classic,2,2026-01-19 08:09:16
8357,Feminine,3,2026-01-19 08:09:16
8357,Masculine,2,2026-01-19 08:09:16
8359,Masculine,10,2026-01-19 08:09:16
8359,Feminine,8,2026-01-19 08:09:16
8359,Classic,4,2026-01-19 08:09:16
8359,Modern,3,2026-01-19 08:09:16
8360,Masculine,2,2026-01-19 08:09:16
8360,Modern,2,2026-01-19 08:09:16
8360,Feminine,1,2026-01-19 08:09:16
8361,Masculine,4,2026-01-19 08:09:16
8361,Classic,2,2026-01-19 08:09:16
8361,Modern,2,2026-01-19 08:09:16
8362,Masculine,14,2026-01-19 08:09:16
8362,Feminine,9,2026-01-19 08:09:16
8362,Modern,2,2026-01-19 08:09:16
8367,Masculine,12,2026-01-19 08:09:16
8367,Modern,9,2026-01-19 08:09:16
8367,Classic,3,2026-01-19 08:09:16
8367,Feminine,2,2026-01-19 08:09:16
8369,Feminine,1,2026-01-19 08:09:16
8369,Classic,1,2026-01-19 08:09:16
8369,Modern,1,2026-01-19 08:09:16
8375,Feminine,16,2026-01-19 08:09:16
8375,Modern,7,2026-01-19 08:09:16
8375,Classic,6,2026-01-19 08:09:16
8379,Feminine,17,2026-01-19 08:09:16
8379,Modern,7,2026-01-19 08:09:16
8379,Masculine,6,2026-01-19 08:09:16
8379,Classic,2,2026-01-19 08:09:16
8383,Masculine,13,2026-01-19 08:09:16
8383,Feminine,13,2026-01-19 08:09:16
8383,Modern,6,2026-01-19 08:09:16
8383,Classic,3,2026-01-19 08:09:16
8387,Masculine,14,2026-01-19 08:09:16
8387,Classic,7,2026-01-19 08:09:16
8387,Feminine,6,2026-01-19 08:09:16
8387,Modern,3,2026-01-19 08:09:16
8391,Feminine,10,2026-01-19 08:09:16
8391,Modern,6,2026-01-19 08:09:16
8391,Classic,3,2026-01-19 08:09:16
8391,Masculine,1,2026-01-19 08:09:16
8394,Masculine,9,2026-01-19 08:09:16
8394,Feminine,4,2026-01-19 08:09:16
8394,Classic,3,2026-01-19 08:09:16
8394,Modern,2,2026-01-19 08:09:16
8398,Feminine,7,2026-01-19 08:09:16
8398,Masculine,6,2026-01-19 08:09:16
8398,Modern,6,2026-01-19 08:09:16
8399,Feminine,401,2026-01-19 08:09:16
8399,Modern,171,2026-01-19 08:09:16
8399,Classic,112,2026-01-19 08:09:16
8402,Masculine,4,2026-01-19 08:09:16
8402,Feminine,1,2026-01-19 08:09:16
8402,Classic,1,2026-01-19 08:09:16
8403,Feminine,351,2026-01-19 08:09:16
8403,Classic,148,2026-01-19 08:09:16
8403,Modern,143,2026-01-19 08:09:16
8406,Masculine,8,2026-01-19 08:09:16
8406,Feminine,3,2026-01-19 08:09:16
8406,Classic,3,2026-01-19 08:09:16
8406,Modern,1,2026-01-19 08:09:16
8407,Feminine,342,2026-01-19 08:09:16
8407,Classic,159,2026-01-19 08:09:16
8407,Masculine,111,2026-01-19 08:09:16
8407,Modern,91,2026-01-19 08:09:16
8408,Masculine,49,2026-01-19 08:09:16
8408,Feminine,37,2026-01-19 08:09:16
8408,Modern,26,2026-01-19 08:09:16
8408,Classic,18,2026-01-19 08:09:16
8411,Masculine,131,2026-01-19 08:09:16
8411,Modern,92,2026-01-19 08:09:16
8411,Classic,45,2026-01-19 08:09:16
8412,Masculine,38,2026-01-19 08:09:16
8412,Feminine,20,2026-01-19 08:09:16
8412,Classic,12,2026-01-19 08:09:16
8412,Modern,8,2026-01-19 08:09:16
8414,Feminine,10,2026-01-19 08:09:16
8414,Masculine,8,2026-01-19 08:09:16
8414,Modern,6,2026-01-19 08:09:16
8414,Classic,5,2026-01-19 08:09:16
8415,Masculine,144,2026-01-19 08:09:16
8415,Modern,88,2026-01-19 08:09:16
8415,Classic,43,2026-01-19 08:09:16
8415,Feminine,17,2026-01-19 08:09:16
8416,Masculine,29,2026-01-19 08:09:16
8416,Classic,13,2026-01-19 08:09:16
8416,Modern,8,2026-01-19 08:09:16
8418,Masculine,7,2026-01-19 08:09:16
8418,Feminine,6,2026-01-19 08:09:16
8418,Classic,2,2026-01-19 08:09:16
8418,Modern,2,2026-01-19 08:09:16
8419,Masculine,158,2026-01-19 08:09:16
8419,Modern,75,2026-01-19 08:09:16
8419,Classic,62,2026-01-19 08:09:16
8419,Feminine,19,2026-01-19 08:09:16
8421,Masculine,29,2026-01-19 08:09:16
8421,Feminine,16,2026-01-19 08:09:16
8421,Classic,16,2026-01-19 08:09:16
8421,Modern,13,2026-01-19 08:09:16
8422,Masculine,10,2026-01-19 08:09:16
8422,Classic,3,2026-01-19 08:09:16
8422,Modern,2,2026-01-19 08:09:16
8423,Masculine,120,2026-01-19 08:09:16
8423,Modern,80,2026-01-19 08:09:16
8423,Feminine,78,2026-01-19 08:09:16
8423,Classic,34,2026-01-19 08:09:16
8425,Masculine,31,2026-01-19 08:09:16
8425,Classic,17,2026-01-19 08:09:16
8425,Modern,10,2026-01-19 08:09:16
8425,Feminine,5,2026-01-19 08:09:16
8426,Feminine,8,2026-01-19 08:09:16
8426,Modern,6,2026-01-19 08:09:16
8426,Classic,2,2026-01-19 08:09:16
8426,Masculine,1,2026-01-19 08:09:16
8427,Masculine,84,2026-01-19 08:09:16
8427,Modern,60,2026-01-19 08:09:16
8427,Feminine,23,2026-01-19 08:09:16
8427,Classic,19,2026-01-19 08:09:16
8429,Masculine,26,2026-01-19 08:09:16
8429,Feminine,12,2026-01-19 08:09:16
8429,Modern,9,2026-01-19 08:09:16
8429,Classic,7,2026-01-19 08:09:16
8430,Masculine,6,2026-01-19 08:09:16
8430,Feminine,3,2026-01-19 08:09:16
8430,Classic,2,2026-01-19 08:09:16
8430,Modern,1,2026-01-19 08:09:16
8434,Masculine,7,2026-01-19 08:09:16
8434,Feminine,4,2026-01-19 08:09:16
8434,Classic,4,2026-01-19 08:09:16
8434,Modern,1,2026-01-19 08:09:16
8436,Masculine,71,2026-01-19 08:09:16
8436,Modern,30,2026-01-19 08:09:16
8436,Classic,24,2026-01-19 08:09:16
8436,Feminine,17,2026-01-19 08:09:16
8439,Feminine,85,2026-01-19 08:09:16
8439,Modern,29,2026-01-19 08:09:16
8439,Classic,23,2026-01-19 08:09:16
8439,Masculine,10,2026-01-19 08:09:16
8440,Masculine,16,2026-01-19 08:09:16
8440,Modern,8,2026-01-19 08:09:16
8440,Classic,4,2026-01-19 08:09:16
8440,Feminine,3,2026-01-19 08:09:16
8442,Masculine,3,2026-01-19 08:09:16
8442,Feminine,3,2026-01-19 08:09:16
8447,Masculine,49,2026-01-19 08:09:16
8447,Modern,28,2026-01-19 08:09:16
8447,Classic,19,2026-01-19 08:09:16
8447,Feminine,9,2026-01-19 08:09:16
8448,Masculine,20,2026-01-19 08:09:16
8448,Modern,13,2026-01-19 08:09:16
8448,Classic,9,2026-01-19 08:09:16
8450,Masculine,8,2026-01-19 08:09:16
8450,Feminine,7,2026-01-19 08:09:16
8450,Modern,3,2026-01-19 08:09:16
8450,Classic,2,2026-01-19 08:09:16
8451,Masculine,3,2026-01-19 08:09:16
8451,Modern,3,2026-01-19 08:09:16
8451,Feminine,1,2026-01-19 08:09:16
8451,Classic,1,2026-01-19 08:09:16
8452,Masculine,14,2026-01-19 08:09:16
8452,Classic,4,2026-01-19 08:09:16
8452,Feminine,2,2026-01-19 08:09:16
8452,Modern,2,2026-01-19 08:09:16
8455,Masculine,13,2026-01-19 08:09:16
8455,Modern,9,2026-01-19 08:09:16
8455,Classic,3,2026-01-19 08:09:16
8456,Feminine,6,2026-01-19 08:09:16
8456,Masculine,4,2026-01-19 08:09:16
8456,Classic,1,2026-01-19 08:09:16
8456,Modern,1,2026-01-19 08:09:16
8457,Feminine,66,2026-01-19 08:09:16
8457,Modern,26,2026-01-19 08:09:16
8457,Classic,16,2026-01-19 08:09:16
8458,Masculine,1195,2026-01-19 08:09:16
8458,Modern,677,2026-01-19 08:09:16
8458,Classic,557,2026-01-19 08:09:16
8461,Masculine,907,2026-01-19 08:09:16
8461,Modern,658,2026-01-19 08:09:16
8461,Classic,298,2026-01-19 08:09:16
8463,Feminine,56,2026-01-19 08:09:16
8463,Modern,27,2026-01-19 08:09:16
8463,Classic,9,2026-01-19 08:09:16
8465,Masculine,674,2026-01-19 08:09:16
8465,Modern,454,2026-01-19 08:09:16
8465,Classic,237,2026-01-19 08:09:16
8465,Feminine,126,2026-01-19 08:09:16
8466,Masculine,7,2026-01-19 08:09:16
8466,Modern,2,2026-01-19 08:09:16
8467,Masculine,5,2026-01-19 08:09:16
8467,Feminine,2,2026-01-19 08:09:16
8467,Classic,1,2026-01-19 08:09:16
8467,Modern,1,2026-01-19 08:09:16
8468,Feminine,69,2026-01-19 08:09:16
8468,Modern,32,2026-01-19 08:09:16
8468,Classic,17,2026-01-19 08:09:16
8470,Masculine,5,2026-01-19 08:09:16
8470,Feminine,4,2026-01-19 08:09:16
8470,Classic,3,2026-01-19 08:09:16
8470,Modern,3,2026-01-19 08:09:16
8471,Feminine,4,2026-01-19 08:09:16
8471,Masculine,3,2026-01-19 08:09:16
8471,Classic,1,2026-01-19 08:09:16
8471,Modern,1,2026-01-19 08:09:16
8472,Feminine,57,2026-01-19 08:09:16
8472,Classic,16,2026-01-19 08:09:16
8472,Modern,16,2026-01-19 08:09:16
8472,Masculine,4,2026-01-19 08:09:16
8473,Masculine,612,2026-01-19 08:09:16
8473,Modern,328,2026-01-19 08:09:16
8473,Classic,299,2026-01-19 08:09:16
8474,Masculine,10,2026-01-19 08:09:16
8474,Feminine,4,2026-01-19 08:09:16
8474,Modern,4,2026-01-19 08:09:16
8476,Feminine,57,2026-01-19 08:09:16
8476,Classic,31,2026-01-19 08:09:16
8476,Modern,20,2026-01-19 08:09:16
8476,Masculine,8,2026-01-19 08:09:16
8477,Masculine,3,2026-01-19 08:09:16
8477,Feminine,2,2026-01-19 08:09:16
8477,Modern,1,2026-01-19 08:09:16
8478,Feminine,2,2026-01-19 08:09:16
8482,Masculine,6,2026-01-19 08:09:16
8482,Classic,2,2026-01-19 08:09:16
8482,Modern,2,2026-01-19 08:09:16
8482,Feminine,1,2026-01-19 08:09:16
8488,Feminine,69,2026-01-19 08:09:16
8488,Modern,25,2026-01-19 08:09:16
8488,Classic,21,2026-01-19 08:09:16
8488,Masculine,9,2026-01-19 08:09:16
8489,Feminine,5,2026-01-19 08:09:16
8489,Modern,4,2026-01-19 08:09:16
8489,Classic,2,2026-01-19 08:09:16
8489,Masculine,1,2026-01-19 08:09:16
8490,Masculine,7,2026-01-19 08:09:16
8490,Modern,5,2026-01-19 08:09:16
8490,Feminine,1,2026-01-19 08:09:16
8490,Classic,1,2026-01-19 08:09:16
8491,Masculine,3,2026-01-19 08:09:16
8491,Feminine,3,2026-01-19 08:09:16
8491,Modern,1,2026-01-19 08:09:16
8492,Masculine,495,2026-01-19 08:09:16
8492,Classic,319,2026-01-19 08:09:16
8492,Modern,177,2026-01-19 08:09:16
8493,Masculine,43,2026-01-19 08:09:16
8493,Modern,25,2026-01-19 08:09:16
8493,Feminine,7,2026-01-19 08:09:16
8494,Masculine,5,2026-01-19 08:09:16
8494,Modern,2,2026-01-19 08:09:16
8494,Classic,1,2026-01-19 08:09:16
8495,Masculine,1,2026-01-19 08:09:16
8495,Feminine,1,2026-01-19 08:09:16
8497,Masculine,462,2026-01-19 08:09:16
8497,Classic,338,2026-01-19 08:09:16
8497,Modern,70,2026-01-19 08:09:16
8497,Feminine,50,2026-01-19 08:09:16
8498,Feminine,5,2026-01-19 08:09:16
8498,Masculine,3,2026-01-19 08:09:16
8498,Modern,2,2026-01-19 08:09:16
8499,Masculine,2,2026-01-19 08:09:16
8499,Feminine,2,2026-01-19 08:09:16
8500,Feminine,372,2026-01-19 08:09:16
8500,Classic,253,2026-01-19 08:09:16
8500,Masculine,241,2026-01-19 08:09:16
8500,Modern,87,2026-01-19 08:09:16
8502,Masculine,25,2026-01-19 08:09:16
8502,Modern,23,2026-01-19 08:09:16
8505,Feminine,433,2026-01-19 08:09:16
8505,Classic,303,2026-01-19 08:09:16
8505,Modern,92,2026-01-19 08:09:16
8505,Masculine,73,2026-01-19 08:09:16
8506,Masculine,43,2026-01-19 08:09:16
8506,Modern,18,2026-01-19 08:09:16
8506,Classic,10,2026-01-19 08:09:16
8506,Feminine,3,2026-01-19 08:09:16
8507,Masculine,2,2026-01-19 08:09:16
8507,Feminine,2,2026-01-19 08:09:16
8507,Classic,1,2026-01-19 08:09:16
8507,Modern,1,2026-01-19 08:09:16
8509,Masculine,340,2026-01-19 08:09:16
8509,Classic,177,2026-01-19 08:09:16
8509,Modern,163,2026-01-19 08:09:16
8509,Feminine,29,2026-01-19 08:09:16
8511,Masculine,1,2026-01-19 08:09:16
8511,Feminine,1,2026-01-19 08:09:16
8513,Feminine,362,2026-01-19 08:09:16
8513,Classic,195,2026-01-19 08:09:16
8513,Modern,108,2026-01-19 08:09:16
8513,Masculine,53,2026-01-19 08:09:16
8514,Feminine,55,2026-01-19 08:09:16
8514,Modern,26,2026-01-19 08:09:16
8514,Classic,9,2026-01-19 08:09:16
8517,Feminine,352,2026-01-19 08:09:16
8517,Classic,215,2026-01-19 08:09:16
8517,Modern,74,2026-01-19 08:09:16
8517,Masculine,50,2026-01-19 08:09:16
8518,Feminine,45,2026-01-19 08:09:16
8518,Modern,18,2026-01-19 08:09:16
8518,Classic,7,2026-01-19 08:09:16
8518,Masculine,4,2026-01-19 08:09:16
8519,Masculine,3,2026-01-19 08:09:16
8519,Modern,2,2026-01-19 08:09:16
8519,Classic,1,2026-01-19 08:09:16
8520,Masculine,3,2026-01-19 08:09:16
8520,Feminine,3,2026-01-19 08:09:16
8521,Feminine,314,2026-01-19 08:09:16
8521,Masculine,176,2026-01-19 08:09:16
8521,Classic,161,2026-01-19 08:09:16
8521,Modern,70,2026-01-19 08:09:16
8522,Feminine,54,2026-01-19 08:09:16
8522,Modern,28,2026-01-19 08:09:16
8522,Classic,13,2026-01-19 08:09:16
8522,Masculine,6,2026-01-19 08:09:16
8523,Masculine,1,2026-01-19 08:09:16
8523,Modern,1,2026-01-19 08:09:16
8526,Masculine,32,2026-01-19 08:09:16
8526,Modern,20,2026-01-19 08:09:16
8526,Classic,6,2026-01-19 08:09:16
8528,Masculine,2,2026-01-19 08:09:16
8528,Feminine,2,2026-01-19 08:09:16
8528,Modern,1,2026-01-19 08:09:16
8529,Feminine,320,2026-01-19 08:09:16
8529,Modern,186,2026-01-19 08:09:16
8529,Classic,87,2026-01-19 08:09:16
8532,Masculine,2,2026-01-19 08:09:16
8532,Feminine,2,2026-01-19 08:09:16
8532,Classic,1,2026-01-19 08:09:16
8533,Masculine,241,2026-01-19 08:09:16
8533,Feminine,187,2026-01-19 08:09:16
8533,Classic,169,2026-01-19 08:09:16
8533,Modern,57,2026-01-19 08:09:16
8537,Feminine,42,2026-01-19 08:09:16
8537,Modern,19,2026-01-19 08:09:16
8537,Classic,8,2026-01-19 08:09:16
8538,Masculine,1,2026-01-19 08:09:16
8539,Masculine,279,2026-01-19 08:09:16
8539,Classic,178,2026-01-19 08:09:16
8539,Modern,63,2026-01-19 08:09:16
8539,Feminine,51,2026-01-19 08:09:16
8542,Feminine,29,2026-01-19 08:09:16
8542,Modern,12,2026-01-19 08:09:16
8542,Masculine,6,2026-01-19 08:09:16
8542,Classic,5,2026-01-19 08:09:16
8543,Masculine,225,2026-01-19 08:09:16
8543,Modern,143,2026-01-19 08:09:16
8543,Classic,63,2026-01-19 08:09:16
8543,Feminine,55,2026-01-19 08:09:16
8544,Feminine,3,2026-01-19 08:09:16
8544,Masculine,2,2026-01-19 08:09:16
8546,Feminine,38,2026-01-19 08:09:16
8546,Modern,26,2026-01-19 08:09:16
8546,Classic,7,2026-01-19 08:09:16
8546,Masculine,3,2026-01-19 08:09:16
8547,Feminine,305,2026-01-19 08:09:16
8547,Classic,158,2026-01-19 08:09:16
8547,Modern,101,2026-01-19 08:09:16
8550,Masculine,32,2026-01-19 08:09:16
8550,Modern,12,2026-01-19 08:09:16
8550,Classic,6,2026-01-19 08:09:16
8550,Feminine,4,2026-01-19 08:09:16
8551,Feminine,250,2026-01-19 08:09:16
8551,Modern,125,2026-01-19 08:09:16
8551,Classic,88,2026-01-19 08:09:16
8555,Feminine,43,2026-01-19 08:09:16
8555,Modern,15,2026-01-19 08:09:16
8555,Classic,11,2026-01-19 08:09:16
8555,Masculine,3,2026-01-19 08:09:16
8558,Feminine,37,2026-01-19 08:09:16
8558,Modern,14,2026-01-19 08:09:16
8558,Classic,4,2026-01-19 08:09:16
8559,Feminine,247,2026-01-19 08:09:16
8559,Modern,107,2026-01-19 08:09:16
8559,Classic,102,2026-01-19 08:09:16
8559,Masculine,25,2026-01-19 08:09:16
8562,Feminine,41,2026-01-19 08:09:16
8562,Modern,11,2026-01-19 08:09:16
8562,Masculine,5,2026-01-19 08:09:16
8562,Classic,5,2026-01-19 08:09:16
8563,Feminine,239,2026-01-19 08:09:16
8563,Modern,116,2026-01-19 08:09:16
8563,Classic,112,2026-01-19 08:09:16
8567,Feminine,248,2026-01-19 08:09:16
8567,Classic,131,2026-01-19 08:09:16
8567,Modern,95,2026-01-19 08:09:16
8567,Masculine,85,2026-01-19 08:09:16
8570,Masculine,24,2026-01-19 08:09:16
8570,Modern,10,2026-01-19 08:09:16
8570,Feminine,9,2026-01-19 08:09:16
8570,Classic,7,2026-01-19 08:09:16
8571,Masculine,199,2026-01-19 08:09:16
8571,Feminine,143,2026-01-19 08:09:16
8571,Classic,122,2026-01-19 08:09:16
8571,Modern,64,2026-01-19 08:09:16
8576,Masculine,3,2026-01-19 08:09:16
8576,Feminine,3,2026-01-19 08:09:16
8576,Modern,2,2026-01-19 08:09:16
8576,Classic,1,2026-01-19 08:09:16
8578,Feminine,262,2026-01-19 08:09:16
8578,Classic,134,2026-01-19 08:09:16
8578,Modern,96,2026-01-19 08:09:16
8578,Masculine,40,2026-01-19 08:09:16
8579,Feminine,26,2026-01-19 08:09:16
8579,Modern,19,2026-01-19 08:09:16
8579,Classic,4,2026-01-19 08:09:16
8579,Masculine,3,2026-01-19 08:09:16
8582,Masculine,186,2026-01-19 08:09:16
8582,Feminine,156,2026-01-19 08:09:16
8582,Classic,103,2026-01-19 08:09:16
8582,Modern,70,2026-01-19 08:09:16
8584,Feminine,30,2026-01-19 08:09:16
8584,Modern,18,2026-01-19 08:09:16
8584,Classic,7,2026-01-19 08:09:16
8586,Masculine,187,2026-01-19 08:09:16
8586,Feminine,151,2026-01-19 08:09:16
8586,Classic,94,2026-01-19 08:09:16
8586,Modern,47,2026-01-19 08:09:16
8588,Feminine,31,2026-01-19 08:09:16
8588,Modern,12,2026-01-19 08:09:16
8588,Masculine,8,2026-01-19 08:09:16
8588,Classic,3,2026-01-19 08:09:16
8589,Classic,1,2026-01-19 08:09:16
8589,Modern,1,2026-01-19 08:09:16
8590,Masculine,115,2026-01-19 08:09:16
8590,Modern,63,2026-01-19 08:09:16
8590,Classic,37,2026-01-19 08:09:16
8590,Feminine,10,2026-01-19 08:09:16
8592,Feminine,29,2026-01-19 08:09:16
8592,Modern,14,2026-01-19 08:09:16
8592,Classic,3,2026-01-19 08:09:16
8592,Masculine,2,2026-01-19 08:09:16
8593,Masculine,3,2026-01-19 08:09:16
8593,Modern,1,2026-01-19 08:09:16
8594,Feminine,210,2026-01-19 08:09:16
8594,Classic,122,2026-01-19 08:09:16
8594,Masculine,71,2026-01-19 08:09:16
8594,Modern,51,2026-01-19 08:09:16
8596,Feminine,19,2026-01-19 08:09:16
8596,Masculine,17,2026-01-19 08:09:16
8596,Modern,15,2026-01-19 08:09:16
8596,Classic,6,2026-01-19 08:09:16
8597,Masculine,2,2026-01-19 08:09:16
8597,Modern,1,2026-01-19 08:09:16
8598,Feminine,188,2026-01-19 08:09:16
8598,Classic,127,2026-01-19 08:09:16
8598,Masculine,82,2026-01-19 08:09:16
8598,Modern,56,2026-01-19 08:09:16
8602,Feminine,158,2026-01-19 08:09:16
8602,Classic,91,2026-01-19 08:09:16
8602,Modern,47,2026-01-19 08:09:16
8602,Masculine,17,2026-01-19 08:09:16
8610,Feminine,24,2026-01-19 08:09:16
8610,Modern,7,2026-01-19 08:09:16
8610,Classic,5,2026-01-19 08:09:16
8614,Feminine,177,2026-01-19 08:09:16
8614,Classic,131,2026-01-19 08:09:16
8614,Masculine,47,2026-01-19 08:09:16
8614,Modern,42,2026-01-19 08:09:16
8615,Feminine,22,2026-01-19 08:09:16
8615,Modern,14,2026-01-19 08:09:16
8615,Classic,10,2026-01-19 08:09:16
8615,Masculine,2,2026-01-19 08:09:16
8618,Feminine,30,2026-01-19 08:09:16
8618,Modern,10,2026-01-19 08:09:16
8618,Classic,5,2026-01-19 08:09:16
8619,Feminine,166,2026-01-19 08:09:16
8619,Modern,72,2026-01-19 08:09:16
8619,Classic,71,2026-01-19 08:09:16
8619,Masculine,31,2026-01-19 08:09:16
8622,Feminine,175,2026-01-19 08:09:16
8622,Classic,96,2026-01-19 08:09:16
8622,Modern,68,2026-01-19 08:09:16
8623,Feminine,25,2026-01-19 08:09:16
8623,Modern,15,2026-01-19 08:09:16
8623,Classic,4,2026-01-19 08:09:16
8626,Masculine,25,2026-01-19 08:09:16
8626,Modern,16,2026-01-19 08:09:16
8626,Classic,7,2026-01-19 08:09:16
8626,Feminine,5,2026-01-19 08:09:16
8627,Feminine,184,2026-01-19 08:09:16
8627,Masculine,92,2026-01-19 08:09:16
8627,Modern,89,2026-01-19 08:09:16
8627,Classic,86,2026-01-19 08:09:16
8630,Feminine,31,2026-01-19 08:09:16
8630,Masculine,14,2026-01-19 08:09:16
8630,Modern,7,2026-01-19 08:09:16
8630,Classic,3,2026-01-19 08:09:16
8631,Feminine,142,2026-01-19 08:09:16
8631,Classic,75,2026-01-19 08:09:16
8631,Masculine,73,2026-01-19 08:09:16
8631,Modern,39,2026-01-19 08:09:16
8634,Feminine,24,2026-01-19 08:09:16
8634,Modern,12,2026-01-19 08:09:16
8634,Classic,9,2026-01-19 08:09:16
8634,Masculine,3,2026-01-19 08:09:16
8635,Feminine,151,2026-01-19 08:09:16
8635,Classic,99,2026-01-19 08:09:16
8635,Modern,45,2026-01-19 08:09:16
8635,Masculine,24,2026-01-19 08:09:16
8638,Feminine,22,2026-01-19 08:09:16
8638,Modern,13,2026-01-19 08:09:16
8638,Masculine,3,2026-01-19 08:09:16
8638,Classic,3,2026-01-19 08:09:16
8641,Feminine,155,2026-01-19 08:09:16
8641,Classic,79,2026-01-19 08:09:16
8641,Modern,69,2026-01-19 08:09:16
8642,Feminine,22,2026-01-19 08:09:16
8642,Masculine,7,2026-01-19 08:09:16
8642,Classic,6,2026-01-19 08:09:16
8642,Modern,6,2026-01-19 08:09:16
8645,Feminine,148,2026-01-19 08:09:16
8645,Masculine,117,2026-01-19 08:09:16
8645,Modern,68,2026-01-19 08:09:16
8645,Classic,63,2026-01-19 08:09:16
8646,Feminine,24,2026-01-19 08:09:16
8646,Modern,9,2026-01-19 08:09:16
8646,Classic,8,2026-01-19 08:09:16
8649,Feminine,160,2026-01-19 08:09:16
8649,Modern,92,2026-01-19 08:09:16
8649,Classic,60,2026-01-19 08:09:16
8650,Masculine,15,2026-01-19 08:09:16
8650,Modern,11,2026-01-19 08:09:16
8650,Feminine,3,2026-01-19 08:09:16
8650,Classic,2,2026-01-19 08:09:16
8653,Feminine,164,2026-01-19 08:09:16
8653,Classic,101,2026-01-19 08:09:16
8653,Modern,64,2026-01-19 08:09:16
8653,Masculine,61,2026-01-19 08:09:16
8655,Masculine,20,2026-01-19 08:09:16
8655,Modern,12,2026-01-19 08:09:16
8655,Classic,5,2026-01-19 08:09:16
8657,Masculine,150,2026-01-19 08:09:16
8657,Feminine,101,2026-01-19 08:09:16
8657,Classic,77,2026-01-19 08:09:16
8657,Modern,51,2026-01-19 08:09:16
8659,Feminine,21,2026-01-19 08:09:16
8659,Modern,8,2026-01-19 08:09:16
8659,Classic,6,2026-01-19 08:09:16
8661,Masculine,78,2026-01-19 08:09:16
8661,Modern,55,2026-01-19 08:09:16
8661,Classic,16,2026-01-19 08:09:16
8663,Feminine,19,2026-01-19 08:09:16
8663,Modern,8,2026-01-19 08:09:16
8663,Masculine,4,2026-01-19 08:09:16
8663,Classic,4,2026-01-19 08:09:16
8665,Feminine,143,2026-01-19 08:09:16
8665,Classic,96,2026-01-19 08:09:16
8665,Masculine,66,2026-01-19 08:09:16
8665,Modern,45,2026-01-19 08:09:16
8667,Feminine,20,2026-01-19 08:09:16
8667,Modern,7,2026-01-19 08:09:16
8669,Feminine,122,2026-01-19 08:09:16
8669,Masculine,102,2026-01-19 08:09:16
8669,Classic,77,2026-01-19 08:09:16
8669,Modern,21,2026-01-19 08:09:16
8671,Feminine,25,2026-01-19 08:09:16
8671,Classic,9,2026-01-19 08:09:16
8671,Modern,8,2026-01-19 08:09:16
8671,Masculine,2,2026-01-19 08:09:16
8673,Masculine,115,2026-01-19 08:09:16
8673,Classic,74,2026-01-19 08:09:16
8673,Modern,23,2026-01-19 08:09:16
8673,Feminine,17,2026-01-19 08:09:16
8676,Feminine,253,2026-01-19 08:09:16
8676,Classic,165,2026-01-19 08:09:16
8676,Masculine,90,2026-01-19 08:09:16
8676,Modern,36,2026-01-19 08:09:16
8677,Masculine,102,2026-01-19 08:09:16
8677,Modern,68,2026-01-19 08:09:16
8677,Classic,42,2026-01-19 08:09:16
8677,Feminine,22,2026-01-19 08:09:16
8679,Feminine,13,2026-01-19 08:09:16
8679,Modern,8,2026-01-19 08:09:16
8679,Classic,1,2026-01-19 08:09:16
8680,Feminine,199,2026-01-19 08:09:16
8680,Modern,86,2026-01-19 08:09:16
8680,Classic,74,2026-01-19 08:09:16
8681,Feminine,141,2026-01-19 08:09:16
8681,Classic,70,2026-01-19 08:09:16
8681,Modern,55,2026-01-19 08:09:16
8681,Masculine,45,2026-01-19 08:09:16
8683,Feminine,21,2026-01-19 08:09:16
8683,Modern,7,2026-01-19 08:09:16
8683,Classic,4,2026-01-19 08:09:16
8684,Feminine,139,2026-01-19 08:09:16
8684,Classic,95,2026-01-19 08:09:16
8684,Masculine,48,2026-01-19 08:09:16
8684,Modern,21,2026-01-19 08:09:16
8685,Feminine,130,2026-01-19 08:09:16
8685,Classic,63,2026-01-19 08:09:16
8685,Modern,51,2026-01-19 08:09:16
8687,Feminine,21,2026-01-19 08:09:16
8687,Modern,4,2026-01-19 08:09:16
8687,Classic,3,2026-01-19 08:09:16
8689,Feminine,120,2026-01-19 08:09:16
8689,Modern,56,2026-01-19 08:09:16
8689,Classic,52,2026-01-19 08:09:16
8689,Masculine,29,2026-01-19 08:09:16
8691,Masculine,18,2026-01-19 08:09:16
8691,Modern,6,2026-01-19 08:09:16
8691,Classic,5,2026-01-19 08:09:16
8691,Feminine,3,2026-01-19 08:09:16
8692,Feminine,150,2026-01-19 08:09:16
8692,Classic,93,2026-01-19 08:09:16
8692,Masculine,42,2026-01-19 08:09:16
8692,Modern,29,2026-01-19 08:09:16
8695,Masculine,17,2026-01-19 08:09:16
8695,Modern,12,2026-01-19 08:09:16
8695,Feminine,6,2026-01-19 08:09:16
8695,Classic,4,2026-01-19 08:09:16
8696,Feminine,137,2026-01-19 08:09:16
8696,Classic,48,2026-01-19 08:09:16
8696,Modern,43,2026-01-19 08:09:16
8696,Masculine,11,2026-01-19 08:09:16
8697,Feminine,126,2026-01-19 08:09:16
8697,Classic,75,2026-01-19 08:09:16
8697,Masculine,57,2026-01-19 08:09:16
8697,Modern,34,2026-01-19 08:09:16
8699,Feminine,130,2026-01-19 08:09:16
8699,Classic,56,2026-01-19 08:09:16
8699,Modern,32,2026-01-19 08:09:16
8699,Masculine,26,2026-01-19 08:09:16
8700,Feminine,19,2026-01-19 08:09:16
8700,Modern,6,2026-01-19 08:09:16
8700,Classic,5,2026-01-19 08:09:16
8700,Masculine,4,2026-01-19 08:09:16
8701,Masculine,641,2026-01-19 08:09:16
8701,Feminine,508,2026-01-19 08:09:16
8701,Modern,498,2026-01-19 08:09:16
8701,Classic,211,2026-01-19 08:09:16
8703,Feminine,119,2026-01-19 08:09:16
8703,Masculine,73,2026-01-19 08:09:16
8703,Classic,67,2026-01-19 08:09:16
8703,Modern,28,2026-01-19 08:09:16
8704,Feminine,16,2026-01-19 08:09:16
8704,Modern,5,2026-01-19 08:09:16
8704,Classic,3,2026-01-19 08:09:16
8705,Masculine,343,2026-01-19 08:09:16
8705,Modern,254,2026-01-19 08:09:16
8705,Classic,65,2026-01-19 08:09:16
8705,Feminine,53,2026-01-19 08:09:16
8707,Feminine,108,2026-01-19 08:09:16
8707,Classic,73,2026-01-19 08:09:16
8707,Masculine,31,2026-01-19 08:09:16
8707,Modern,18,2026-01-19 08:09:16
8708,Feminine,14,2026-01-19 08:09:16
8708,Classic,5,2026-01-19 08:09:16
8708,Modern,5,2026-01-19 08:09:16
8709,Feminine,305,2026-01-19 08:09:16
8709,Classic,133,2026-01-19 08:09:16
8709,Modern,111,2026-01-19 08:09:16
8709,Masculine,34,2026-01-19 08:09:16
8711,Feminine,92,2026-01-19 08:09:16
8711,Modern,39,2026-01-19 08:09:16
8711,Classic,36,2026-01-19 08:09:16
8712,Masculine,15,2026-01-19 08:09:16
8712,Modern,7,2026-01-19 08:09:16
8712,Feminine,4,2026-01-19 08:09:16
8713,Masculine,278,2026-01-19 08:09:16
8713,Classic,182,2026-01-19 08:09:16
8713,Feminine,89,2026-01-19 08:09:16
8713,Modern,76,2026-01-19 08:09:16
8715,Feminine,90,2026-01-19 08:09:16
8715,Modern,38,2026-01-19 08:09:16
8715,Classic,22,2026-01-19 08:09:16
8715,Masculine,9,2026-01-19 08:09:16
8716,Feminine,16,2026-01-19 08:09:16
8716,Masculine,15,2026-01-19 08:09:16
8716,Modern,10,2026-01-19 08:09:16
8716,Classic,2,2026-01-19 08:09:16
8717,Feminine,294,2026-01-19 08:09:16
8717,Modern,134,2026-01-19 08:09:16
8717,Classic,116,2026-01-19 08:09:16
8719,Feminine,98,2026-01-19 08:09:16
8719,Modern,41,2026-01-19 08:09:16
8719,Classic,27,2026-01-19 08:09:16
8720,Feminine,16,2026-01-19 08:09:16
8720,Modern,6,2026-01-19 08:09:16
8720,Masculine,3,2026-01-19 08:09:16
8720,Classic,2,2026-01-19 08:09:16
8721,Masculine,203,2026-01-19 08:09:16
8721,Modern,143,2026-01-19 08:09:16
8721,Feminine,140,2026-01-19 08:09:16
8721,Classic,57,2026-01-19 08:09:16
8724,Feminine,23,2026-01-19 08:09:16
8724,Modern,8,2026-01-19 08:09:16
8724,Classic,3,2026-01-19 08:09:16
8724,Masculine,2,2026-01-19 08:09:16
8725,Feminine,317,2026-01-19 08:09:16
8725,Classic,196,2026-01-19 08:09:16
8725,Masculine,103,2026-01-19 08:09:16
8725,Modern,59,2026-01-19 08:09:16
8727,Feminine,80,2026-01-19 08:09:16
8727,Classic,37,2026-01-19 08:09:16
8727,Modern,32,2026-01-19 08:09:16
8727,Masculine,7,2026-01-19 08:09:16
8731,Feminine,12,2026-01-19 08:09:16
8731,Modern,5,2026-01-19 08:09:16
8731,Classic,2,2026-01-19 08:09:16
8732,Feminine,75,2026-01-19 08:09:16
8732,Classic,39,2026-01-19 08:09:16
8732,Modern,12,2026-01-19 08:09:16
8734,Feminine,181,2026-01-19 08:09:16
8734,Modern,78,2026-01-19 08:09:16
8734,Classic,68,2026-01-19 08:09:16
8738,Feminine,145,2026-01-19 08:09:16
8738,Modern,102,2026-01-19 08:09:16
8738,Masculine,38,2026-01-19 08:09:16
8738,Classic,26,2026-01-19 08:09:16
8739,Feminine,68,2026-01-19 08:09:16
8739,Modern,41,2026-01-19 08:09:16
8739,Classic,27,2026-01-19 08:09:16
8740,Masculine,13,2026-01-19 08:09:16
8740,Feminine,8,2026-01-19 08:09:16
8740,Modern,6,2026-01-19 08:09:16
8740,Classic,3,2026-01-19 08:09:16
8742,Masculine,115,2026-01-19 08:09:16
8742,Feminine,74,2026-01-19 08:09:16
8742,Modern,74,2026-01-19 08:09:16
8742,Classic,36,2026-01-19 08:09:16
8743,Feminine,71,2026-01-19 08:09:16
8743,Classic,44,2026-01-19 08:09:16
8743,Modern,11,2026-01-19 08:09:16
8744,Feminine,10,2026-01-19 08:09:16
8744,Modern,5,2026-01-19 08:09:16
8744,Classic,4,2026-01-19 08:09:16
8746,Feminine,123,2026-01-19 08:09:16
8746,Modern,53,2026-01-19 08:09:16
8746,Masculine,36,2026-01-19 08:09:16
8746,Classic,33,2026-01-19 08:09:16
8747,Feminine,19,2026-01-19 08:09:16
8747,Modern,8,2026-01-19 08:09:16
8747,Classic,3,2026-01-19 08:09:16
8748,Feminine,66,2026-01-19 08:09:16
8748,Masculine,48,2026-01-19 08:09:16
8748,Classic,30,2026-01-19 08:09:16
8748,Modern,16,2026-01-19 08:09:16
8750,Masculine,98,2026-01-19 08:09:16
8750,Feminine,97,2026-01-19 08:09:16
8750,Modern,81,2026-01-19 08:09:16
8750,Classic,24,2026-01-19 08:09:16
8751,Masculine,13,2026-01-19 08:09:16
8751,Modern,4,2026-01-19 08:09:16
8751,Feminine,2,2026-01-19 08:09:16
8751,Classic,1,2026-01-19 08:09:16
8752,Feminine,45,2026-01-19 08:09:16
8752,Classic,24,2026-01-19 08:09:16
8752,Modern,14,2026-01-19 08:09:16
8752,Masculine,4,2026-01-19 08:09:16
8754,Feminine,104,2026-01-19 08:09:16
8754,Classic,38,2026-01-19 08:09:16
8754,Modern,30,2026-01-19 08:09:16
8754,Masculine,14,2026-01-19 08:09:16
8755,Masculine,8,2026-01-19 08:09:16
8755,Feminine,4,2026-01-19 08:09:16
8755,Modern,4,2026-01-19 08:09:16
8755,Classic,1,2026-01-19 08:09:16
8756,Feminine,60,2026-01-19 08:09:16
8756,Masculine,39,2026-01-19 08:09:16
8756,Classic,32,2026-01-19 08:09:16
8756,Modern,12,2026-01-19 08:09:16
8759,Feminine,11,2026-01-19 08:09:16
8759,Modern,6,2026-01-19 08:09:16
8759,Classic,4,2026-01-19 08:09:16
8759,Masculine,1,2026-01-19 08:09:16
8760,Feminine,58,2026-01-19 08:09:16
8760,Classic,26,2026-01-19 08:09:16
8760,Masculine,22,2026-01-19 08:09:16
8760,Modern,8,2026-01-19 08:09:16
8762,Masculine,83,2026-01-19 08:09:16
8762,Modern,52,2026-01-19 08:09:16
8762,Classic,27,2026-01-19 08:09:16
8762,Feminine,17,2026-01-19 08:09:16
8763,Feminine,46,2026-01-19 08:09:16
8763,Classic,26,2026-01-19 08:09:16
8763,Modern,19,2026-01-19 08:09:16
8763,Masculine,7,2026-01-19 08:09:16
8764,Feminine,17,2026-01-19 08:09:16
8764,Modern,8,2026-01-19 08:09:16
8764,Classic,4,2026-01-19 08:09:16
8766,Masculine,74,2026-01-19 08:09:16
8766,Modern,61,2026-01-19 08:09:16
8766,Classic,13,2026-01-19 08:09:16
8767,Feminine,43,2026-01-19 08:09:16
8767,Modern,22,2026-01-19 08:09:16
8767,Classic,18,2026-01-19 08:09:16
8767,Masculine,7,2026-01-19 08:09:16
8768,Feminine,8,2026-01-19 08:09:16
8768,Classic,2,2026-01-19 08:09:16
8768,Modern,2,2026-01-19 08:09:16
8768,Masculine,1,2026-01-19 08:09:16
8770,Feminine,99,2026-01-19 08:09:16
8770,Classic,40,2026-01-19 08:09:16
8770,Modern,35,2026-01-19 08:09:16
8770,Masculine,12,2026-01-19 08:09:16
8771,Feminine,44,2026-01-19 08:09:16
8771,Classic,28,2026-01-19 08:09:16
8771,Masculine,27,2026-01-19 08:09:16
8771,Modern,9,2026-01-19 08:09:16
8772,Feminine,11,2026-01-19 08:09:16
8772,Masculine,7,2026-01-19 08:09:16
8772,Classic,3,2026-01-19 08:09:16
8772,Modern,3,2026-01-19 08:09:16
8774,Masculine,81,2026-01-19 08:09:16
8774,Classic,42,2026-01-19 08:09:16
8774,Modern,37,2026-01-19 08:09:16
8774,Feminine,10,2026-01-19 08:09:16
8775,Feminine,38,2026-01-19 08:09:16
8775,Classic,19,2026-01-19 08:09:16
8775,Modern,11,2026-01-19 08:09:16
8776,Masculine,10,2026-01-19 08:09:16
8776,Modern,6,2026-01-19 08:09:16
8776,Classic,4,2026-01-19 08:09:16
8778,Feminine,107,2026-01-19 08:09:16
8778,Modern,47,2026-01-19 08:09:16
8778,Masculine,35,2026-01-19 08:09:16
8778,Classic,33,2026-01-19 08:09:16
8779,Feminine,36,2026-01-19 08:09:16
8779,Classic,22,2026-01-19 08:09:16
8779,Masculine,9,2026-01-19 08:09:16
8779,Modern,6,2026-01-19 08:09:16
8780,Feminine,7,2026-01-19 08:09:16
8780,Modern,4,2026-01-19 08:09:16
8780,Classic,1,2026-01-19 08:09:16
8782,Feminine,135,2026-01-19 08:09:16
8782,Classic,67,2026-01-19 08:09:16
8782,Masculine,60,2026-01-19 08:09:16
8782,Modern,51,2026-01-19 08:09:16
8785,Masculine,15,2026-01-19 08:09:16
8785,Feminine,14,2026-01-19 08:09:16
8785,Classic,10,2026-01-19 08:09:16
8785,Modern,6,2026-01-19 08:09:16
8788,Feminine,13,2026-01-19 08:09:16
8788,Masculine,3,2026-01-19 08:09:16
8788,Classic,2,2026-01-19 08:09:16
8789,Feminine,39,2026-01-19 08:09:16
8789,Modern,18,2026-01-19 08:09:16
8789,Classic,15,2026-01-19 08:09:16
8789,Masculine,5,2026-01-19 08:09:16
8790,Feminine,99,2026-01-19 08:09:16
8790,Modern,63,2026-01-19 08:09:16
8790,Classic,14,2026-01-19 08:09:16
8792,Feminine,43,2026-01-19 08:09:16
8792,Classic,29,2026-01-19 08:09:16
8792,Masculine,14,2026-01-19 08:09:16
8792,Modern,8,2026-01-19 08:09:16
8793,Feminine,11,2026-01-19 08:09:16
8793,Modern,4,2026-01-19 08:09:16
8793,Classic,1,2026-01-19 08:09:16
8796,Masculine,37,2026-01-19 08:09:16
8796,Modern,18,2026-01-19 08:09:16
8796,Classic,10,2026-01-19 08:09:16
8796,Feminine,9,2026-01-19 08:09:16
8797,Feminine,5,2026-01-19 08:09:16
8797,Classic,2,2026-01-19 08:09:16
8797,Modern,1,2026-01-19 08:09:16
8798,Feminine,101,2026-01-19 08:09:16
8798,Masculine,59,2026-01-19 08:09:16
8798,Modern,50,2026-01-19 08:09:16
8798,Classic,42,2026-01-19 08:09:16
8801,Feminine,40,2026-01-19 08:09:16
8801,Classic,24,2026-01-19 08:09:16
8801,Modern,4,2026-01-19 08:09:16
8801,Masculine,3,2026-01-19 08:09:16
8802,Feminine,95,2026-01-19 08:09:16
8802,Modern,65,2026-01-19 08:09:16
8802,Classic,33,2026-01-19 08:09:16
8802,Masculine,12,2026-01-19 08:09:16
8804,Masculine,5,2026-01-19 08:09:16
8804,Modern,2,2026-01-19 08:09:16
8804,Classic,1,2026-01-19 08:09:16
8805,Feminine,33,2026-01-19 08:09:16
8805,Modern,18,2026-01-19 08:09:16
8805,Classic,11,2026-01-19 08:09:16
8806,Feminine,108,2026-01-19 08:09:16
8806,Classic,52,2026-01-19 08:09:16
8806,Modern,36,2026-01-19 08:09:16
8806,Masculine,17,2026-01-19 08:09:16
8807,Masculine,5,2026-01-19 08:09:16
8807,Modern,4,2026-01-19 08:09:16
8809,Feminine,38,2026-01-19 08:09:16
8809,Classic,15,2026-01-19 08:09:16
8809,Masculine,6,2026-01-19 08:09:16
8809,Modern,4,2026-01-19 08:09:16
8810,Feminine,102,2026-01-19 08:09:16
8810,Classic,57,2026-01-19 08:09:16
8810,Masculine,56,2026-01-19 08:09:16
8810,Modern,26,2026-01-19 08:09:16
8811,Feminine,10,2026-01-19 08:09:16
8811,Modern,5,2026-01-19 08:09:16
8811,Classic,3,2026-01-19 08:09:16
8814,Feminine,94,2026-01-19 08:09:16
8814,Classic,45,2026-01-19 08:09:16
8814,Modern,39,2026-01-19 08:09:16
8814,Masculine,15,2026-01-19 08:09:16
8817,Feminine,31,2026-01-19 08:09:16
8817,Classic,17,2026-01-19 08:09:16
8817,Masculine,16,2026-01-19 08:09:16
8817,Modern,9,2026-01-19 08:09:16
8818,Feminine,80,2026-01-19 08:09:16
8818,Modern,41,2026-01-19 08:09:16
8818,Classic,28,2026-01-19 08:09:16
8819,Feminine,11,2026-01-19 08:09:16
8819,Modern,5,2026-01-19 08:09:16
8819,Classic,4,2026-01-19 08:09:16
8821,Feminine,30,2026-01-19 08:09:16
8821,Classic,15,2026-01-19 08:09:16
8821,Modern,11,2026-01-19 08:09:16
8822,Feminine,92,2026-01-19 08:09:16
8822,Classic,45,2026-01-19 08:09:16
8822,Modern,34,2026-01-19 08:09:16
8822,Masculine,17,2026-01-19 08:09:16
8823,Feminine,5,2026-01-19 08:09:16
8823,Masculine,1,2026-01-19 08:09:16
8823,Classic,1,2026-01-19 08:09:16
8823,Modern,1,2026-01-19 08:09:16
8825,Feminine,26,2026-01-19 08:09:16
8825,Modern,12,2026-01-19 08:09:16
8825,Masculine,8,2026-01-19 08:09:16
8825,Classic,8,2026-01-19 08:09:16
8826,Feminine,103,2026-01-19 08:09:16
8826,Classic,67,2026-01-19 08:09:16
8826,Masculine,47,2026-01-19 08:09:16
8826,Modern,28,2026-01-19 08:09:16
8827,Feminine,8,2026-01-19 08:09:16
8827,Modern,3,2026-01-19 08:09:16
8827,Classic,1,2026-01-19 08:09:16
8829,Feminine,31,2026-01-19 08:09:16
8829,Modern,12,2026-01-19 08:09:16
8829,Classic,10,2026-01-19 08:09:16
8829,Masculine,3,2026-01-19 08:09:16
8830,Feminine,83,2026-01-19 08:09:16
8830,Classic,50,2026-01-19 08:09:16
8830,Masculine,32,2026-01-19 08:09:16
8830,Modern,31,2026-01-19 08:09:16
8831,Feminine,5,2026-01-19 08:09:16
8831,Classic,2,2026-01-19 08:09:16
8831,Modern,1,2026-01-19 08:09:16
8832,Feminine,60,2026-01-19 08:09:16
8832,Modern,42,2026-01-19 08:09:16
8832,Masculine,35,2026-01-19 08:09:16
8832,Classic,20,2026-01-19 08:09:16
8833,Feminine,30,2026-01-19 08:09:16
8833,Modern,15,2026-01-19 08:09:16
8833,Classic,10,2026-01-19 08:09:16
8833,Masculine,5,2026-01-19 08:09:16
8834,Feminine,81,2026-01-19 08:09:16
8834,Modern,42,2026-01-19 08:09:16
8834,Masculine,31,2026-01-19 08:09:16
8834,Classic,30,2026-01-19 08:09:16
8835,Feminine,8,2026-01-19 08:09:16
8835,Classic,2,2026-01-19 08:09:16
8835,Modern,1,2026-01-19 08:09:16
8837,Feminine,31,2026-01-19 08:09:16
8837,Modern,18,2026-01-19 08:09:16
8837,Classic,7,2026-01-19 08:09:16
8838,Feminine,84,2026-01-19 08:09:16
8838,Classic,52,2026-01-19 08:09:16
8838,Modern,31,2026-01-19 08:09:16
8838,Masculine,21,2026-01-19 08:09:16
8840,Feminine,7,2026-01-19 08:09:16
8840,Modern,3,2026-01-19 08:09:16
8840,Classic,2,2026-01-19 08:09:16
8842,Feminine,75,2026-01-19 08:09:16
8842,Masculine,67,2026-01-19 08:09:16
8842,Classic,50,2026-01-19 08:09:16
8842,Modern,20,2026-01-19 08:09:16
8843,Masculine,34,2026-01-19 08:09:16
8843,Modern,34,2026-01-19 08:09:16
8843,Feminine,30,2026-01-19 08:09:16
8843,Classic,8,2026-01-19 08:09:16
8844,Feminine,27,2026-01-19 08:09:16
8844,Classic,17,2026-01-19 08:09:16
8844,Masculine,9,2026-01-19 08:09:16
8844,Modern,5,2026-01-19 08:09:16
8846,Feminine,85,2026-01-19 08:09:16
8846,Masculine,37,2026-01-19 08:09:16
8846,Classic,34,2026-01-19 08:09:16
8846,Modern,31,2026-01-19 08:09:16
8847,Feminine,32,2026-01-19 08:09:16
8847,Modern,22,2026-01-19 08:09:16
8847,Masculine,7,2026-01-19 08:09:16
8847,Classic,6,2026-01-19 08:09:16
8848,Masculine,5,2026-01-19 08:09:16
8848,Feminine,3,2026-01-19 08:09:16
8848,Modern,2,2026-01-19 08:09:16
8849,Feminine,21,2026-01-19 08:09:16
8849,Classic,14,2026-01-19 08:09:16
8849,Modern,8,2026-01-19 08:09:16
8849,Masculine,2,2026-01-19 08:09:16
8850,Feminine,86,2026-01-19 08:09:16
8850,Classic,50,2026-01-19 08:09:16
8850,Modern,26,2026-01-19 08:09:16
8850,Masculine,20,2026-01-19 08:09:16
8852,Feminine,9,2026-01-19 08:09:16
8852,Masculine,4,2026-01-19 08:09:16
8852,Modern,2,2026-01-19 08:09:16
8852,Classic,1,2026-01-19 08:09:16
8853,Feminine,28,2026-01-19 08:09:16
8853,Modern,13,2026-01-19 08:09:16
8853,Classic,5,2026-01-19 08:09:16
8853,Masculine,2,2026-01-19 08:09:16
8854,Feminine,73,2026-01-19 08:09:16
8854,Classic,37,2026-01-19 08:09:16
8854,Modern,21,2026-01-19 08:09:16
8854,Masculine,6,2026-01-19 08:09:16
8855,Modern,14,2026-01-19 08:09:16
8855,Masculine,13,2026-01-19 08:09:16
8855,Feminine,12,2026-01-19 08:09:16
8856,Masculine,6,2026-01-19 08:09:16
8856,Feminine,5,2026-01-19 08:09:16
8856,Classic,1,2026-01-19 08:09:16
8856,Modern,1,2026-01-19 08:09:16
8857,Feminine,21,2026-01-19 08:09:16
8857,Modern,10,2026-01-19 08:09:16
8857,Classic,8,2026-01-19 08:09:16
8858,Feminine,82,2026-01-19 08:09:16
8858,Classic,50,2026-01-19 08:09:16
8858,Masculine,18,2026-01-19 08:09:16
8858,Modern,16,2026-01-19 08:09:16
8859,Feminine,6,2026-01-19 08:09:16
8859,Modern,3,2026-01-19 08:09:16
8859,Classic,2,2026-01-19 08:09:16
8860,Feminine,26,2026-01-19 08:09:16
8860,Masculine,14,2026-01-19 08:09:16
8860,Modern,14,2026-01-19 08:09:16
8860,Classic,5,2026-01-19 08:09:16
8861,Feminine,22,2026-01-19 08:09:16
8861,Classic,8,2026-01-19 08:09:16
8861,Modern,6,2026-01-19 08:09:16
8861,Masculine,2,2026-01-19 08:09:16
8862,Masculine,70,2026-01-19 08:09:16
8862,Modern,57,2026-01-19 08:09:16
8862,Classic,10,2026-01-19 08:09:16
8862,Feminine,9,2026-01-19 08:09:16
8863,Feminine,4,2026-01-19 08:09:16
8863,Masculine,3,2026-01-19 08:09:16
8863,Modern,3,2026-01-19 08:09:16
8863,Classic,1,2026-01-19 08:09:16
8864,Feminine,19,2026-01-19 08:09:16
8864,Classic,10,2026-01-19 08:09:16
8864,Modern,5,2026-01-19 08:09:16
8864,Masculine,3,2026-01-19 08:09:16
8865,Masculine,36,2026-01-19 08:09:16
8865,Modern,17,2026-01-19 08:09:16
8865,Feminine,14,2026-01-19 08:09:16
8865,Classic,9,2026-01-19 08:09:16
8866,Feminine,91,2026-01-19 08:09:16
8866,Classic,52,2026-01-19 08:09:16
8866,Modern,25,2026-01-19 08:09:16
8866,Masculine,9,2026-01-19 08:09:16
8867,Feminine,8,2026-01-19 08:09:16
8867,Classic,2,2026-01-19 08:09:16
8867,Modern,2,2026-01-19 08:09:16
8868,Masculine,16,2026-01-19 08:09:16
8868,Modern,10,2026-01-19 08:09:16
8868,Feminine,9,2026-01-19 08:09:16
8868,Classic,4,2026-01-19 08:09:16
8869,Modern,17,2026-01-19 08:09:16
8869,Masculine,14,2026-01-19 08:09:16
8869,Feminine,11,2026-01-19 08:09:16
8870,Feminine,60,2026-01-19 08:09:16
8870,Modern,44,2026-01-19 08:09:16
8870,Masculine,42,2026-01-19 08:09:16
8870,Classic,17,2026-01-19 08:09:16
8871,Masculine,9,2026-01-19 08:09:16
8871,Modern,5,2026-01-19 08:09:16
8871,Feminine,2,2026-01-19 08:09:16
8871,Classic,2,2026-01-19 08:09:16
8872,Feminine,24,2026-01-19 08:09:16
8872,Modern,11,2026-01-19 08:09:16
8872,Classic,6,2026-01-19 08:09:16
8873,Modern,12,2026-01-19 08:09:16
8873,Masculine,10,2026-01-19 08:09:16
8873,Feminine,10,2026-01-19 08:09:16
8874,Masculine,83,2026-01-19 08:09:16
8874,Modern,49,2026-01-19 08:09:16
8874,Classic,19,2026-01-19 08:09:16
8875,Feminine,16,2026-01-19 08:09:16
8875,Classic,8,2026-01-19 08:09:16
8875,Masculine,4,2026-01-19 08:09:16
8875,Modern,3,2026-01-19 08:09:16
8876,Feminine,9,2026-01-19 08:09:16
8876,Modern,4,2026-01-19 08:09:16
8876,Masculine,1,2026-01-19 08:09:16
8877,Modern,21,2026-01-19 08:09:16
8877,Masculine,13,2026-01-19 08:09:16
8877,Feminine,12,2026-01-19 08:09:16
8878,Masculine,67,2026-01-19 08:09:16
8878,Modern,53,2026-01-19 08:09:16
8878,Classic,21,2026-01-19 08:09:16
8878,Feminine,18,2026-01-19 08:09:16
8879,Feminine,18,2026-01-19 08:09:16
8879,Classic,14,2026-01-19 08:09:16
8879,Modern,3,2026-01-19 08:09:16
8880,Feminine,5,2026-01-19 08:09:16
8880,Modern,3,2026-01-19 08:09:16
8880,Classic,1,2026-01-19 08:09:16
8881,Feminine,28,2026-01-19 08:09:16
8881,Modern,17,2026-01-19 08:09:16
8881,Masculine,13,2026-01-19 08:09:16
8881,Classic,9,2026-01-19 08:09:16
8882,Feminine,91,2026-01-19 08:09:16
8882,Modern,44,2026-01-19 08:09:16
8882,Classic,19,2026-01-19 08:09:16
8883,Feminine,23,2026-01-19 08:09:16
8883,Modern,10,2026-01-19 08:09:16
8883,Classic,6,2026-01-19 08:09:16
8884,Feminine,6,2026-01-19 08:09:16
8884,Classic,2,2026-01-19 08:09:16
8884,Modern,2,2026-01-19 08:09:16
8885,Masculine,38,2026-01-19 08:09:16
8885,Modern,21,2026-01-19 08:09:16
8885,Feminine,17,2026-01-19 08:09:16
8885,Classic,14,2026-01-19 08:09:16
8886,Feminine,82,2026-01-19 08:09:16
8886,Modern,47,2026-01-19 08:09:16
8886,Classic,25,2026-01-19 08:09:16
8888,Feminine,6,2026-01-19 08:09:16
8888,Classic,2,2026-01-19 08:09:16
8888,Modern,2,2026-01-19 08:09:16
8888,Masculine,1,2026-01-19 08:09:16
8889,Feminine,15,2026-01-19 08:09:16
8889,Masculine,10,2026-01-19 08:09:16
8889,Modern,10,2026-01-19 08:09:16
8889,Classic,3,2026-01-19 08:09:16
8891,Masculine,66,2026-01-19 08:09:16
8891,Modern,37,2026-01-19 08:09:16
8891,Classic,20,2026-01-19 08:09:16
8893,Feminine,18,2026-01-19 08:09:16
8893,Modern,17,2026-01-19 08:09:16
8893,Masculine,15,2026-01-19 08:09:16
8893,Classic,4,2026-01-19 08:09:16
8894,Feminine,9,2026-01-19 08:09:16
8894,Masculine,7,2026-01-19 08:09:16
8894,Classic,6,2026-01-19 08:09:16
8894,Modern,3,2026-01-19 08:09:16
8895,Masculine,63,2026-01-19 08:09:16
8895,Modern,58,2026-01-19 08:09:16
8895,Feminine,57,2026-01-19 08:09:16
8895,Classic,19,2026-01-19 08:09:16
8896,Feminine,7,2026-01-19 08:09:16
8896,Classic,2,2026-01-19 08:09:16
8896,Modern,2,2026-01-19 08:09:16
8898,Feminine,17,2026-01-19 08:09:16
8898,Modern,9,2026-01-19 08:09:16
8898,Classic,7,2026-01-19 08:09:16
8899,Feminine,52,2026-01-19 08:09:16
8899,Modern,29,2026-01-19 08:09:16
8899,Classic,17,2026-01-19 08:09:16
8899,Masculine,5,2026-01-19 08:09:16
8900,Feminine,3,2026-01-19 08:09:16
8900,Modern,1,2026-01-19 08:09:16
8901,Masculine,25,2026-01-19 08:09:16
8901,Modern,14,2026-01-19 08:09:16
8901,Feminine,13,2026-01-19 08:09:16
8901,Classic,10,2026-01-19 08:09:16
8905,Feminine,15,2026-01-19 08:09:16
8905,Modern,13,2026-01-19 08:09:16
8905,Masculine,4,2026-01-19 08:09:16
8906,Masculine,41,2026-01-19 08:09:16
8906,Feminine,39,2026-01-19 08:09:16
8906,Modern,33,2026-01-19 08:09:16
8906,Classic,5,2026-01-19 08:09:16
8907,Feminine,12,2026-01-19 08:09:16
8907,Masculine,8,2026-01-19 08:09:16
8907,Classic,3,2026-01-19 08:09:16
8907,Modern,3,2026-01-19 08:09:16
8908,Feminine,4,2026-01-19 08:09:16
8908,Modern,3,2026-01-19 08:09:16
8908,Masculine,1,2026-01-19 08:09:16
8908,Classic,1,2026-01-19 08:09:16
8909,Masculine,18,2026-01-19 08:09:16
8909,Modern,12,2026-01-19 08:09:16
8909,Feminine,11,2026-01-19 08:09:16
8909,Classic,2,2026-01-19 08:09:16
8910,Feminine,15,2026-01-19 08:09:16
8910,Classic,9,2026-01-19 08:09:16
8910,Modern,6,2026-01-19 08:09:16
8911,Feminine,65,2026-01-19 08:09:16
8911,Modern,44,2026-01-19 08:09:16
8911,Classic,13,2026-01-19 08:09:16
8912,Feminine,6,2026-01-19 08:09:16
8912,Masculine,3,2026-01-19 08:09:16
8913,Feminine,11,2026-01-19 08:09:16
8913,Masculine,10,2026-01-19 08:09:16
8913,Modern,10,2026-01-19 08:09:16
8913,Classic,2,2026-01-19 08:09:16
8914,Masculine,12,2026-01-19 08:09:16
8914,Feminine,4,2026-01-19 08:09:16
8914,Modern,3,2026-01-19 08:09:16
8914,Classic,2,2026-01-19 08:09:16
8917,Feminine,19,2026-01-19 08:09:16
8917,Masculine,17,2026-01-19 08:09:16
8917,Modern,7,2026-01-19 08:09:16
8917,Classic,4,2026-01-19 08:09:16
8919,Masculine,5,2026-01-19 08:09:16
8919,Modern,3,2026-01-19 08:09:16
8919,Classic,1,2026-01-19 08:09:16
8920,Masculine,39,2026-01-19 08:09:16
8920,Modern,27,2026-01-19 08:09:16
8920,Classic,11,2026-01-19 08:09:16
8921,Feminine,13,2026-01-19 08:09:16
8921,Modern,10,2026-01-19 08:09:16
8922,Feminine,12,2026-01-19 08:09:16
8922,Modern,7,2026-01-19 08:09:16
8922,Classic,5,2026-01-19 08:09:16
8922,Masculine,2,2026-01-19 08:09:16
8923,Feminine,8,2026-01-19 08:09:16
8923,Classic,2,2026-01-19 08:09:16
8923,Modern,2,2026-01-19 08:09:16
8924,Feminine,58,2026-01-19 08:09:16
8924,Modern,51,2026-01-19 08:09:16
8924,Classic,9,2026-01-19 08:09:16
8926,Feminine,13,2026-01-19 08:09:16
8926,Classic,6,2026-01-19 08:09:16
8926,Modern,6,2026-01-19 08:09:16
8926,Masculine,2,2026-01-19 08:09:16
8927,Feminine,58,2026-01-19 08:09:16
8927,Modern,29,2026-01-19 08:09:16
8927,Classic,20,2026-01-19 08:09:16
8927,Masculine,15,2026-01-19 08:09:16
8928,Feminine,6,2026-01-19 08:09:16
8928,Modern,2,2026-01-19 08:09:16
8929,Feminine,11,2026-01-19 08:09:16
8929,Masculine,10,2026-01-19 08:09:16
8929,Modern,8,2026-01-19 08:09:16
8929,Classic,2,2026-01-19 08:09:16
8930,Feminine,7,2026-01-19 08:09:16
8930,Modern,6,2026-01-19 08:09:16
8930,Classic,2,2026-01-19 08:09:16
8931,Masculine,37,2026-01-19 08:09:16
8931,Modern,31,2026-01-19 08:09:16
8931,Feminine,22,2026-01-19 08:09:16
8931,Classic,9,2026-01-19 08:09:16
8933,Feminine,12,2026-01-19 08:09:16
8933,Masculine,11,2026-01-19 08:09:16
8933,Modern,9,2026-01-19 08:09:16
8933,Classic,5,2026-01-19 08:09:16
8934,Feminine,9,2026-01-19 08:09:16
8934,Modern,4,2026-01-19 08:09:16
8934,Classic,3,2026-01-19 08:09:16
8935,Masculine,49,2026-01-19 08:09:16
8935,Modern,26,2026-01-19 08:09:16
8935,Classic,16,2026-01-19 08:09:16
8935,Feminine,4,2026-01-19 08:09:16
8936,Feminine,7,2026-01-19 08:09:16
8936,Modern,2,2026-01-19 08:09:16
8936,Masculine,1,2026-01-19 08:09:16
8936,Classic,1,2026-01-19 08:09:16
8937,Modern,11,2026-01-19 08:09:16
8937,Masculine,10,2026-01-19 08:09:16
8937,Feminine,10,2026-01-19 08:09:16
8937,Classic,3,2026-01-19 08:09:16
8938,Feminine,10,2026-01-19 08:09:16
8938,Classic,3,2026-01-19 08:09:16
8938,Modern,3,2026-01-19 08:09:16
8938,Masculine,1,2026-01-19 08:09:16
8939,Masculine,39,2026-01-19 08:09:16
8939,Modern,27,2026-01-19 08:09:16
8939,Classic,7,2026-01-19 08:09:16
8939,Feminine,4,2026-01-19 08:09:16
8940,Feminine,4,2026-01-19 08:09:16
8940,Classic,2,2026-01-19 08:09:16
8940,Modern,2,2026-01-19 08:09:16
8941,Masculine,16,2026-01-19 08:09:16
8941,Feminine,16,2026-01-19 08:09:16
8941,Classic,9,2026-01-19 08:09:16
8941,Modern,8,2026-01-19 08:09:16
8942,Feminine,8,2026-01-19 08:09:16
8942,Classic,4,2026-01-19 08:09:16
8942,Masculine,3,2026-01-19 08:09:16
8942,Modern,1,2026-01-19 08:09:16
8943,Masculine,57,2026-01-19 08:09:16
8943,Modern,35,2026-01-19 08:09:16
8943,Classic,21,2026-01-19 08:09:16
8943,Feminine,13,2026-01-19 08:09:16
8944,Masculine,12,2026-01-19 08:09:16
8944,Feminine,10,2026-01-19 08:09:16
8944,Modern,9,2026-01-19 08:09:16
8945,Feminine,6,2026-01-19 08:09:16
8945,Classic,2,2026-01-19 08:09:16
8945,Modern,2,2026-01-19 08:09:16
8946,Feminine,14,2026-01-19 08:09:16
8946,Modern,6,2026-01-19 08:09:16
8946,Classic,5,2026-01-19 08:09:16
8947,Masculine,14,2026-01-19 08:09:16
8947,Modern,7,2026-01-19 08:09:16
8947,Classic,4,2026-01-19 08:09:16
8947,Feminine,3,2026-01-19 08:09:16
8948,Feminine,58,2026-01-19 08:09:16
8948,Modern,34,2026-01-19 08:09:16
8948,Classic,30,2026-01-19 08:09:16
8950,Feminine,7,2026-01-19 08:09:16
8950,Classic,3,2026-01-19 08:09:16
8950,Masculine,2,2026-01-19 08:09:16
8950,Modern,1,2026-01-19 08:09:16
8951,Masculine,7,2026-01-19 08:09:16
8951,Feminine,6,2026-01-19 08:09:16
8951,Modern,6,2026-01-19 08:09:16
8951,Classic,1,2026-01-19 08:09:16
8952,Feminine,63,2026-01-19 08:09:16
8952,Masculine,38,2026-01-19 08:09:16
8952,Classic,36,2026-01-19 08:09:16
8952,Modern,21,2026-01-19 08:09:16
8954,Feminine,16,2026-01-19 08:09:16
8954,Modern,5,2026-01-19 08:09:16
8954,Classic,4,2026-01-19 08:09:16
8954,Masculine,3,2026-01-19 08:09:16
8957,Masculine,3,2026-01-19 08:09:16
8957,Modern,1,2026-01-19 08:09:16
8958,Feminine,10,2026-01-19 08:09:16
8958,Classic,6,2026-01-19 08:09:16
8958,Masculine,3,2026-01-19 08:09:16
8958,Modern,3,2026-01-19 08:09:16
8959,Feminine,62,2026-01-19 08:09:16
8959,Masculine,39,2026-01-19 08:09:16
8959,Classic,31,2026-01-19 08:09:16
8959,Modern,22,2026-01-19 08:09:16
8960,Feminine,15,2026-01-19 08:09:16
8960,Masculine,6,2026-01-19 08:09:16
8960,Classic,6,2026-01-19 08:09:16
8960,Modern,4,2026-01-19 08:09:16
8962,Feminine,10,2026-01-19 08:09:16
8962,Modern,3,2026-01-19 08:09:16
8962,Classic,2,2026-01-19 08:09:16
8963,Modern,7,2026-01-19 08:09:16
8963,Feminine,5,2026-01-19 08:09:16
8963,Masculine,4,2026-01-19 08:09:16
8963,Classic,1,2026-01-19 08:09:16
8964,Feminine,77,2026-01-19 08:09:16
8964,Classic,48,2026-01-19 08:09:16
8964,Modern,25,2026-01-19 08:09:16
8964,Masculine,15,2026-01-19 08:09:16
8966,Masculine,11,2026-01-19 08:09:16
8966,Classic,6,2026-01-19 08:09:16
8966,Modern,5,2026-01-19 08:09:16
8966,Feminine,2,2026-01-19 08:09:16
8967,Feminine,57,2026-01-19 08:09:16
8967,Modern,35,2026-01-19 08:09:16
8967,Classic,29,2026-01-19 08:09:16
8967,Masculine,6,2026-01-19 08:09:16
8968,Feminine,10,2026-01-19 08:09:16
8968,Classic,7,2026-01-19 08:09:16
8968,Modern,7,2026-01-19 08:09:16
8968,Masculine,5,2026-01-19 08:09:16
8969,Feminine,4,2026-01-19 08:09:16
8970,Feminine,6,2026-01-19 08:09:16
8970,Classic,1,2026-01-19 08:09:16
8970,Modern,1,2026-01-19 08:09:16
8971,Feminine,47,2026-01-19 08:09:16
8971,Classic,29,2026-01-19 08:09:16
8971,Masculine,15,2026-01-19 08:09:16
8971,Modern,13,2026-01-19 08:09:16
8972,Feminine,10,2026-01-19 08:09:16
8972,Masculine,8,2026-01-19 08:09:16
8972,Modern,8,2026-01-19 08:09:16
8973,Feminine,3,2026-01-19 08:09:16
8973,Modern,1,2026-01-19 08:09:16
8974,Feminine,5,2026-01-19 08:09:16
8974,Classic,1,2026-01-19 08:09:16
8974,Modern,1,2026-01-19 08:09:16
8976,Masculine,11,2026-01-19 08:09:16
8976,Feminine,10,2026-01-19 08:09:16
8976,Classic,4,2026-01-19 08:09:16
8976,Modern,4,2026-01-19 08:09:16
8977,Feminine,3,2026-01-19 08:09:16
8978,Feminine,10,2026-01-19 08:09:16
8978,Classic,5,2026-01-19 08:09:16
8978,Modern,5,2026-01-19 08:09:16
8978,Masculine,1,2026-01-19 08:09:16
8981,Feminine,9,2026-01-19 08:09:16
8981,Modern,9,2026-01-19 08:09:16
8981,Classic,1,2026-01-19 08:09:16
8982,Feminine,7,2026-01-19 08:09:16
8982,Modern,2,2026-01-19 08:09:16
8982,Classic,1,2026-01-19 08:09:16
8983,Feminine,51,2026-01-19 08:09:16
8983,Masculine,26,2026-01-19 08:09:16
8983,Classic,25,2026-01-19 08:09:16
8983,Modern,21,2026-01-19 08:09:16
8985,Feminine,4,2026-01-19 08:09:16
8985,Modern,4,2026-01-19 08:09:16
8985,Masculine,2,2026-01-19 08:09:16
8986,Feminine,39,2026-01-19 08:09:16
8986,Masculine,27,2026-01-19 08:09:16
8986,Classic,20,2026-01-19 08:09:16
8986,Modern,13,2026-01-19 08:09:16
8987,Feminine,9,2026-01-19 08:09:16
8987,Classic,2,2026-01-19 08:09:16
8987,Modern,2,2026-01-19 08:09:16
8988,Masculine,6,2026-01-19 08:09:16
8988,Modern,5,2026-01-19 08:09:16
8988,Feminine,4,2026-01-19 08:09:16
8988,Classic,1,2026-01-19 08:09:16
8989,Masculine,1,2026-01-19 08:09:16
8989,Feminine,1,2026-01-19 08:09:16
8989,Modern,1,2026-01-19 08:09:16
8990,Feminine,7,2026-01-19 08:09:16
8990,Modern,5,2026-01-19 08:09:16
8990,Classic,3,2026-01-19 08:09:16
8991,Feminine,42,2026-01-19 08:09:16
8991,Masculine,34,2026-01-19 08:09:16
8991,Classic,22,2026-01-19 08:09:16
8991,Modern,8,2026-01-19 08:09:16
8992,Feminine,5,2026-01-19 08:09:16
8992,Masculine,3,2026-01-19 08:09:16
8992,Modern,3,2026-01-19 08:09:16
8995,Masculine,5,2026-01-19 08:09:16
8995,Feminine,4,2026-01-19 08:09:16
8995,Modern,4,2026-01-19 08:09:16
8996,Classic,6,2026-01-19 08:09:16
8996,Masculine,5,2026-01-19 08:09:16
8996,Feminine,5,2026-01-19 08:09:16
8996,Modern,2,2026-01-19 08:09:16
8998,Feminine,32,2026-01-19 08:09:16
8998,Classic,19,2026-01-19 08:09:16
8998,Masculine,14,2026-01-19 08:09:16
8998,Modern,7,2026-01-19 08:09:16
8999,Feminine,3,2026-01-19 08:09:16
9000,Feminine,3,2026-01-19 08:09:16
9000,Masculine,2,2026-01-19 08:09:16
9000,Modern,1,2026-01-19 08:09:16
9001,Masculine,10,2026-01-19 08:09:16
9001,Modern,5,2026-01-19 08:09:16
9001,Classic,4,2026-01-19 08:09:16
9003,Feminine,4,2026-01-19 08:09:16
9003,Modern,2,2026-01-19 08:09:16
9003,Classic,1,2026-01-19 08:09:16
9004,Masculine,4,2026-01-19 08:09:16
9004,Feminine,4,2026-01-19 08:09:16
9004,Modern,3,2026-01-19 08:09:16
9005,Feminine,3,2026-01-19 08:09:16
9005,Masculine,2,2026-01-19 08:09:16
9005,Classic,2,2026-01-19 08:09:16
9005,Modern,2,2026-01-19 08:09:16
9006,Feminine,33,2026-01-19 08:09:16
9006,Classic,24,2026-01-19 08:09:16
9006,Masculine,18,2026-01-19 08:09:16
9006,Modern,5,2026-01-19 08:09:16
9007,Feminine,6,2026-01-19 08:09:16
9007,Masculine,2,2026-01-19 08:09:16
9007,Classic,2,2026-01-19 08:09:16
9007,Modern,1,2026-01-19 08:09:16
9009,Masculine,2,2026-01-19 08:09:16
9009,Feminine,2,2026-01-19 08:09:16
9009,Modern,1,2026-01-19 08:09:16
9010,Feminine,1,2026-01-19 08:09:16
9010,Modern,1,2026-01-19 08:09:16
9011,Feminine,26,2026-01-19 08:09:16
9011,Masculine,20,2026-01-19 08:09:16
9011,Classic,15,2026-01-19 08:09:16
9011,Modern,8,2026-01-19 08:09:16
9013,Masculine,3,2026-01-19 08:09:16
9013,Modern,2,2026-01-19 08:09:16
9013,Classic,1,2026-01-19 08:09:16
9014,Feminine,22,2026-01-19 08:09:16
9014,Masculine,12,2026-01-19 08:09:16
9014,Classic,11,2026-01-19 08:09:16
9014,Modern,6,2026-01-19 08:09:16
9015,Feminine,3,2026-01-19 08:09:16
9016,Feminine,2,2026-01-19 08:09:16
9018,Feminine,27,2026-01-19 08:09:16
9018,Classic,13,2026-01-19 08:09:16
9018,Modern,12,2026-01-19 08:09:16
9018,Masculine,4,2026-01-19 08:09:16
9020,Feminine,6,2026-01-19 08:09:16
9020,Classic,5,2026-01-19 08:09:16
9020,Masculine,4,2026-01-19 08:09:16
9020,Modern,2,2026-01-19 08:09:16
9022,Feminine,62,2026-01-19 08:09:16
9022,Classic,24,2026-01-19 08:09:16
9022,Modern,23,2026-01-19 08:09:16
9022,Masculine,7,2026-01-19 08:09:16
9023,Feminine,3,2026-01-19 08:09:16
9024,Feminine,326,2026-01-19 08:09:16
9024,Classic,154,2026-01-19 08:09:16
9024,Masculine,112,2026-01-19 08:09:16
9024,Modern,81,2026-01-19 08:09:16
9025,Feminine,6,2026-01-19 08:09:16
9025,Classic,4,2026-01-19 08:09:16
9025,Modern,1,2026-01-19 08:09:16
9026,Feminine,47,2026-01-19 08:09:16
9026,Modern,26,2026-01-19 08:09:16
9026,Classic,11,2026-01-19 08:09:16
9028,Masculine,198,2026-01-19 08:09:16
9028,Classic,88,2026-01-19 08:09:16
9028,Modern,67,2026-01-19 08:09:16
9028,Feminine,30,2026-01-19 08:09:16
9030,Feminine,1,2026-01-19 08:09:16
9030,Modern,1,2026-01-19 08:09:16
9031,Masculine,43,2026-01-19 08:09:16
9031,Modern,38,2026-01-19 08:09:16
9031,Feminine,33,2026-01-19 08:09:16
9031,Classic,11,2026-01-19 08:09:16
9032,Feminine,140,2026-01-19 08:09:16
9032,Modern,66,2026-01-19 08:09:16
9032,Classic,50,2026-01-19 08:09:16
9032,Masculine,18,2026-01-19 08:09:16
9035,Feminine,47,2026-01-19 08:09:16
9035,Modern,28,2026-01-19 08:09:16
9035,Masculine,18,2026-01-19 08:09:16
9035,Classic,17,2026-01-19 08:09:16
9036,Feminine,144,2026-01-19 08:09:16
9036,Classic,65,2026-01-19 08:09:16
9036,Modern,49,2026-01-19 08:09:16
9036,Masculine,16,2026-01-19 08:09:16
9037,Feminine,5,2026-01-19 08:09:16
9037,Classic,2,2026-01-19 08:09:16
9037,Modern,1,2026-01-19 08:09:16
9040,Masculine,120,2026-01-19 08:09:16
9040,Classic,54,2026-01-19 08:09:16
9040,Modern,52,2026-01-19 08:09:16
9040,Feminine,29,2026-01-19 08:09:16
9041,Feminine,7,2026-01-19 08:09:16
9041,Masculine,4,2026-01-19 08:09:16
9041,Classic,4,2026-01-19 08:09:16
9041,Modern,2,2026-01-19 08:09:16
9042,Feminine,1,2026-01-19 08:09:16
9042,Classic,1,2026-01-19 08:09:16
9042,Modern,1,2026-01-19 08:09:16
9043,Masculine,38,2026-01-19 08:09:16
9043,Modern,35,2026-01-19 08:09:16
9043,Feminine,5,2026-01-19 08:09:16
9043,Classic,5,2026-01-19 08:09:16
9044,Feminine,110,2026-01-19 08:09:16
9044,Masculine,64,2026-01-19 08:09:16
9044,Classic,49,2026-01-19 08:09:16
9044,Modern,49,2026-01-19 08:09:16
9045,Masculine,4,2026-01-19 08:09:16
9045,Classic,3,2026-01-19 08:09:16
9045,Modern,2,2026-01-19 08:09:16
9046,Feminine,120,2026-01-19 08:09:16
9046,Modern,56,2026-01-19 08:09:16
9046,Classic,39,2026-01-19 08:09:16
9046,Masculine,9,2026-01-19 08:09:16
9047,Masculine,92,2026-01-19 08:09:16
9047,Classic,46,2026-01-19 08:09:16
9047,Modern,30,2026-01-19 08:09:16
9048,Feminine,46,2026-01-19 08:09:16
9048,Modern,32,2026-01-19 08:09:16
9048,Classic,9,2026-01-19 08:09:16
9049,Feminine,3,2026-01-19 08:09:16
9049,Modern,2,2026-01-19 08:09:16
9049,Classic,1,2026-01-19 08:09:16
9050,Feminine,76,2026-01-19 08:09:16
9050,Modern,45,2026-01-19 08:09:16
9050,Classic,15,2026-01-19 08:09:16
9051,Feminine,77,2026-01-19 08:09:16
9051,Classic,36,2026-01-19 08:09:16
9051,Masculine,27,2026-01-19 08:09:16
9051,Modern,22,2026-01-19 08:09:16
9052,Feminine,44,2026-01-19 08:09:16
9052,Modern,25,2026-01-19 08:09:16
9052,Classic,10,2026-01-19 08:09:16
9053,Feminine,2,2026-01-19 08:09:16
9053,Modern,1,2026-01-19 08:09:16
9054,Masculine,57,2026-01-19 08:09:16
9054,Modern,44,2026-01-19 08:09:16
9054,Classic,20,2026-01-19 08:09:16
9054,Feminine,12,2026-01-19 08:09:16
9055,Masculine,39,2026-01-19 08:09:16
9055,Modern,23,2026-01-19 08:09:16
9055,Classic,11,2026-01-19 08:09:16
9055,Feminine,5,2026-01-19 08:09:16
9056,Feminine,4,2026-01-19 08:09:16
9056,Classic,2,2026-01-19 08:09:16
9056,Modern,1,2026-01-19 08:09:16
9057,Masculine,74,2026-01-19 08:09:16
9057,Classic,47,2026-01-19 08:09:16
9057,Modern,29,2026-01-19 08:09:16
9058,Feminine,76,2026-01-19 08:09:16
9058,Modern,46,2026-01-19 08:09:16
9058,Classic,20,2026-01-19 08:09:16
9059,Feminine,43,2026-01-19 08:09:16
9059,Modern,30,2026-01-19 08:09:16
9059,Classic,6,2026-01-19 08:09:16
9060,Feminine,4,2026-01-19 08:09:16
9060,Masculine,2,2026-01-19 08:09:16
9060,Classic,2,2026-01-19 08:09:16
9060,Modern,1,2026-01-19 08:09:16
9061,Feminine,70,2026-01-19 08:09:16
9061,Classic,29,2026-01-19 08:09:16
9061,Masculine,28,2026-01-19 08:09:16
9061,Modern,24,2026-01-19 08:09:16
9062,Feminine,66,2026-01-19 08:09:16
9062,Modern,30,2026-01-19 08:09:16
9062,Classic,27,2026-01-19 08:09:16
9063,Feminine,5,2026-01-19 08:09:16
9063,Classic,5,2026-01-19 08:09:16
9063,Masculine,2,2026-01-19 08:09:16
9063,Modern,2,2026-01-19 08:09:16
9064,Masculine,38,2026-01-19 08:09:16
9064,Modern,32,2026-01-19 08:09:16
9064,Feminine,18,2026-01-19 08:09:16
9064,Classic,8,2026-01-19 08:09:16
9065,Masculine,78,2026-01-19 08:09:16
9065,Classic,34,2026-01-19 08:09:16
9065,Modern,22,2026-01-19 08:09:16
9065,Feminine,21,2026-01-19 08:09:16
9066,Feminine,63,2026-01-19 08:09:16
9066,Modern,35,2026-01-19 08:09:16
9066,Classic,11,2026-01-19 08:09:16
9068,Masculine,27,2026-01-19 08:09:16
9068,Modern,19,2026-01-19 08:09:16
9068,Classic,4,2026-01-19 08:09:16
9068,Feminine,3,2026-01-19 08:09:16
9070,Masculine,34,2026-01-19 08:09:16
9070,Modern,22,2026-01-19 08:09:16
9070,Classic,5,2026-01-19 08:09:16
9070,Feminine,4,2026-01-19 08:09:16
9071,Feminine,49,2026-01-19 08:09:16
9071,Modern,24,2026-01-19 08:09:16
9071,Classic,11,2026-01-19 08:09:16
9071,Masculine,9,2026-01-19 08:09:16
9072,Feminine,5,2026-01-19 08:09:16
9072,Modern,4,2026-01-19 08:09:16
9072,Classic,2,2026-01-19 08:09:16
9073,Masculine,54,2026-01-19 08:09:16
9073,Classic,28,2026-01-19 08:09:16
9073,Modern,20,2026-01-19 08:09:16
9073,Feminine,17,2026-01-19 08:09:16
9074,Feminine,43,2026-01-19 08:09:16
9074,Modern,20,2026-01-19 08:09:16
9074,Classic,11,2026-01-19 08:09:16
9076,Feminine,60,2026-01-19 08:09:16
9076,Modern,27,2026-01-19 08:09:16
9076,Classic,24,2026-01-19 08:09:16
9076,Masculine,11,2026-01-19 08:09:16
9078,Feminine,39,2026-01-19 08:09:16
9078,Modern,28,2026-01-19 08:09:16
9078,Classic,4,2026-01-19 08:09:16
9079,Masculine,20,2026-01-19 08:09:16
9079,Modern,14,2026-01-19 08:09:16
9079,Feminine,4,2026-01-19 08:09:16
9079,Classic,2,2026-01-19 08:09:16
9080,Masculine,59,2026-01-19 08:09:16
9080,Feminine,32,2026-01-19 08:09:16
9080,Classic,24,2026-01-19 08:09:16
9080,Modern,20,2026-01-19 08:09:16
9081,Feminine,2,2026-01-19 08:09:16
9081,Classic,1,2026-01-19 08:09:16
9082,Feminine,36,2026-01-19 08:09:16
9082,Modern,15,2026-01-19 08:09:16
9082,Classic,9,2026-01-19 08:09:16
9082,Masculine,7,2026-01-19 08:09:16
9083,Masculine,25,2026-01-19 08:09:16
9083,Feminine,20,2026-01-19 08:09:16
9083,Modern,17,2026-01-19 08:09:16
9083,Classic,5,2026-01-19 08:09:16
9084,Feminine,48,2026-01-19 08:09:16
9084,Modern,21,2026-01-19 08:09:16
9084,Classic,14,2026-01-19 08:09:16
9085,Feminine,4,2026-01-19 08:09:16
9085,Masculine,3,2026-01-19 08:09:16
9085,Classic,3,2026-01-19 08:09:16
9085,Modern,2,2026-01-19 08:09:16
9086,Feminine,31,2026-01-19 08:09:16
9086,Modern,11,2026-01-19 08:09:16
9086,Classic,8,2026-01-19 08:09:16
9086,Masculine,3,2026-01-19 08:09:16
9087,Feminine,46,2026-01-19 08:09:16
9087,Masculine,27,2026-01-19 08:09:16
9087,Modern,19,2026-01-19 08:09:16
9087,Classic,18,2026-01-19 08:09:16
9088,Masculine,28,2026-01-19 08:09:16
9088,Modern,19,2026-01-19 08:09:16
9088,Feminine,18,2026-01-19 08:09:16
9088,Classic,3,2026-01-19 08:09:16
9089,Masculine,1,2026-01-19 08:09:16
9089,Feminine,1,2026-01-19 08:09:16
9089,Classic,1,2026-01-19 08:09:16
9089,Modern,1,2026-01-19 08:09:16
9090,Feminine,37,2026-01-19 08:09:16
9090,Modern,24,2026-01-19 08:09:16
9090,Classic,9,2026-01-19 08:09:16
9091,Masculine,30,2026-01-19 08:09:16
9091,Modern,15,2026-01-19 08:09:16
9091,Feminine,11,2026-01-19 08:09:16
9091,Classic,8,2026-01-19 08:09:16
9092,Masculine,28,2026-01-19 08:09:16
9092,Modern,25,2026-01-19 08:09:16
9092,Feminine,16,2026-01-19 08:09:16
9092,Classic,6,2026-01-19 08:09:16
9094,Feminine,32,2026-01-19 08:09:16
9094,Modern,16,2026-01-19 08:09:16
9094,Classic,8,2026-01-19 08:09:16
9094,Masculine,3,2026-01-19 08:09:16
9095,Feminine,52,2026-01-19 08:09:16
9095,Modern,24,2026-01-19 08:09:16
9095,Masculine,21,2026-01-19 08:09:16
9095,Classic,17,2026-01-19 08:09:16
9096,Feminine,42,2026-01-19 08:09:16
9096,Modern,23,2026-01-19 08:09:16
9096,Classic,19,2026-01-19 08:09:16
9098,Masculine,18,2026-01-19 08:09:16
9098,Modern,14,2026-01-19 08:09:16
9098,Classic,4,2026-01-19 08:09:16
9099,Feminine,39,2026-01-19 08:09:16
9099,Modern,20,2026-01-19 08:09:16
9099,Classic,16,2026-01-19 08:09:16
9099,Masculine,14,2026-01-19 08:09:16
9100,Masculine,34,2026-01-19 08:09:16
9100,Feminine,28,2026-01-19 08:09:16
9100,Modern,28,2026-01-19 08:09:16
9100,Classic,11,2026-01-19 08:09:16
9101,Feminine,1,2026-01-19 08:09:16
9102,Feminine,37,2026-01-19 08:09:16
9102,Modern,15,2026-01-19 08:09:16
9102,Masculine,11,2026-01-19 08:09:16
9102,Classic,11,2026-01-19 08:09:16
9103,Masculine,18,2026-01-19 08:09:16
9103,Modern,8,2026-01-19 08:09:16
9103,Classic,3,2026-01-19 08:09:16
9104,Feminine,15,2026-01-19 08:09:16
9104,Classic,11,2026-01-19 08:09:16
9104,Masculine,6,2026-01-19 08:09:16
9104,Modern,4,2026-01-19 08:09:16
9105,Feminine,2,2026-01-19 08:09:16
9105,Classic,1,2026-01-19 08:09:16
9106,Masculine,37,2026-01-19 08:09:16
9106,Feminine,32,2026-01-19 08:09:16
9106,Modern,20,2026-01-19 08:09:16
9106,Classic,16,2026-01-19 08:09:16
9107,Feminine,39,2026-01-19 08:09:16
9107,Modern,27,2026-01-19 08:09:16
9107,Classic,3,2026-01-19 08:09:16
9108,Masculine,13,2026-01-19 08:09:16
9108,Classic,9,2026-01-19 08:09:16
9108,Modern,4,2026-01-19 08:09:16
9110,Feminine,35,2026-01-19 08:09:16
9110,Modern,17,2026-01-19 08:09:16
9110,Classic,11,2026-01-19 08:09:16
9110,Masculine,4,2026-01-19 08:09:16
9111,Masculine,13,2026-01-19 08:09:16
9111,Modern,11,2026-01-19 08:09:16
9111,Classic,3,2026-01-19 08:09:16
9112,Feminine,19,2026-01-19 08:09:16
9112,Classic,13,2026-01-19 08:09:16
9112,Modern,8,2026-01-19 08:09:16
9112,Masculine,2,2026-01-19 08:09:16
9113,Feminine,2,2026-01-19 08:09:16
9114,Feminine,42,2026-01-19 08:09:16
9114,Classic,14,2026-01-19 08:09:16
9114,Modern,13,2026-01-19 08:09:16
9115,Masculine,7,2026-01-19 08:09:16
9115,Classic,4,2026-01-19 08:09:16
9115,Modern,1,2026-01-19 08:09:16
9116,Feminine,29,2026-01-19 08:09:16
9116,Modern,11,2026-01-19 08:09:16
9116,Classic,6,2026-01-19 08:09:16
9116,Masculine,2,2026-01-19 08:09:16
9117,Feminine,4,2026-01-19 08:09:16
9117,Modern,2,2026-01-19 08:09:16
9118,Masculine,38,2026-01-19 08:09:16
9118,Feminine,29,2026-01-19 08:09:16
9118,Classic,18,2026-01-19 08:09:16
9118,Modern,13,2026-01-19 08:09:16
9120,Feminine,17,2026-01-19 08:09:16
9120,Classic,8,2026-01-19 08:09:16
9120,Modern,5,2026-01-19 08:09:16
9121,Masculine,16,2026-01-19 08:09:16
9121,Modern,9,2026-01-19 08:09:16
9121,Feminine,2,2026-01-19 08:09:16
9121,Classic,2,2026-01-19 08:09:16
9122,Feminine,11,2026-01-19 08:09:16
9122,Classic,6,2026-01-19 08:09:16
9122,Modern,6,2026-01-19 08:09:16
9122,Masculine,2,2026-01-19 08:09:16
9123,Feminine,24,2026-01-19 08:09:16
9123,Masculine,16,2026-01-19 08:09:16
9123,Classic,8,2026-01-19 08:09:16
9123,Modern,8,2026-01-19 08:09:16
9124,Feminine,1,2026-01-19 08:09:16
9124,Modern,1,2026-01-19 08:09:16
9125,Feminine,9,2026-01-19 08:09:16
9125,Modern,6,2026-01-19 08:09:16
9125,Classic,1,2026-01-19 08:09:16
9126,Feminine,19,2026-01-19 08:09:16
9126,Classic,8,2026-01-19 08:09:16
9126,Masculine,4,2026-01-19 08:09:16
9126,Modern,4,2026-01-19 08:09:16
9127,Feminine,26,2026-01-19 08:09:16
9127,Classic,11,2026-01-19 08:09:16
9127,Modern,9,2026-01-19 08:09:16
9127,Masculine,4,2026-01-19 08:09:16
9130,Feminine,9,2026-01-19 08:09:16
9130,Classic,7,2026-01-19 08:09:16
9130,Modern,6,2026-01-19 08:09:16
9130,Masculine,1,2026-01-19 08:09:16
9131,Masculine,24,2026-01-19 08:09:16
9131,Feminine,12,2026-01-19 08:09:16
9131,Classic,11,2026-01-19 08:09:16
9131,Modern,7,2026-01-19 08:09:16
9132,Feminine,3,2026-01-19 08:09:16
9132,Classic,2,2026-01-19 08:09:16
9133,Masculine,1,2026-01-19 08:09:16
9133,Classic,1,2026-01-19 08:09:16
9133,Modern,1,2026-01-19 08:09:16
9134,Feminine,14,2026-01-19 08:09:16
9134,Masculine,7,2026-01-19 08:09:16
9134,Classic,5,2026-01-19 08:09:16
9134,Modern,2,2026-01-19 08:09:16
9135,Feminine,17,2026-01-19 08:09:16
9135,Classic,9,2026-01-19 08:09:16
9135,Modern,4,2026-01-19 08:09:16
9135,Masculine,2,2026-01-19 08:09:16
9138,Masculine,16,2026-01-19 08:09:16
9138,Feminine,10,2026-01-19 08:09:16
9138,Classic,8,2026-01-19 08:09:16
9138,Modern,7,2026-01-19 08:09:16
9139,Masculine,11,2026-01-19 08:09:16
9139,Classic,10,2026-01-19 08:09:16
9139,Modern,4,2026-01-19 08:09:16
9140,Feminine,3,2026-01-19 08:09:16
9140,Classic,1,2026-01-19 08:09:16
9142,Feminine,15,2026-01-19 08:09:16
9142,Classic,11,2026-01-19 08:09:16
9142,Modern,8,2026-01-19 08:09:16
9142,Masculine,5,2026-01-19 08:09:16
9143,Feminine,14,2026-01-19 08:09:16
9143,Masculine,6,2026-01-19 08:09:16
9143,Classic,6,2026-01-19 08:09:16
9143,Modern,5,2026-01-19 08:09:16
9146,Masculine,18,2026-01-19 08:09:16
9146,Classic,11,2026-01-19 08:09:16
9146,Modern,9,2026-01-19 08:09:16
9146,Feminine,8,2026-01-19 08:09:16
9148,Masculine,5,2026-01-19 08:09:16
9148,Feminine,4,2026-01-19 08:09:16
9148,Classic,3,2026-01-19 08:09:16
9148,Modern,3,2026-01-19 08:09:16
9150,Masculine,8,2026-01-19 08:09:16
9150,Feminine,8,2026-01-19 08:09:16
9150,Modern,6,2026-01-19 08:09:16
9150,Classic,3,2026-01-19 08:09:16
9151,Feminine,4,2026-01-19 08:09:16
9151,Modern,2,2026-01-19 08:09:16
9151,Classic,1,2026-01-19 08:09:16
9152,Masculine,11,2026-01-19 08:09:16
9152,Modern,9,2026-01-19 08:09:16
9152,Classic,7,2026-01-19 08:09:16
9154,Feminine,4,2026-01-19 08:09:16
9154,Masculine,3,2026-01-19 08:09:16
9154,Modern,2,2026-01-19 08:09:16
9154,Classic,1,2026-01-19 08:09:16
9158,Masculine,4,2026-01-19 08:09:16
9158,Feminine,4,2026-01-19 08:09:16
9158,Modern,1,2026-01-19 08:09:16
9160,Feminine,12,2026-01-19 08:09:16
9160,Classic,5,2026-01-19 08:09:16
9160,Modern,5,2026-01-19 08:09:16
9160,Masculine,2,2026-01-19 08:09:16
9162,Masculine,7,2026-01-19 08:09:16
9162,Feminine,6,2026-01-19 08:09:16
9162,Modern,4,2026-01-19 08:09:16
9162,Classic,2,2026-01-19 08:09:16
9166,Masculine,8,2026-01-19 08:09:16
9166,Feminine,8,2026-01-19 08:09:16
9166,Modern,6,2026-01-19 08:09:16
9166,Classic,1,2026-01-19 08:09:16
9169,Feminine,9,2026-01-19 08:09:16
9169,Classic,3,2026-01-19 08:09:16
9169,Modern,3,2026-01-19 08:09:16
9169,Masculine,2,2026-01-19 08:09:16
9170,Feminine,5,2026-01-19 08:09:16
9170,Modern,1,2026-01-19 08:09:16
9173,Masculine,9,2026-01-19 08:09:16
9173,Classic,7,2026-01-19 08:09:16
9173,Modern,5,2026-01-19 08:09:16
9174,Masculine,2,2026-01-19 08:09:16
9174,Feminine,2,2026-01-19 08:09:16
9174,Modern,1,2026-01-19 08:09:16
9177,Feminine,9,2026-01-19 08:09:16
9177,Modern,5,2026-01-19 08:09:16
9177,Classic,4,2026-01-19 08:09:16
9178,Masculine,2,2026-01-19 08:09:16
9178,Feminine,1,2026-01-19 08:09:16
9178,Modern,1,2026-01-19 08:09:16
9179,Feminine,4,2026-01-19 08:09:16
9179,Modern,2,2026-01-19 08:09:16
9179,Classic,1,2026-01-19 08:09:16
9184,Masculine,30,2026-01-19 08:09:16
9184,Modern,25,2026-01-19 08:09:16
9184,Feminine,10,2026-01-19 08:09:16
9184,Classic,3,2026-01-19 08:09:16
9186,Modern,1,2026-01-19 08:09:16
9189,Feminine,34,2026-01-19 08:09:16
9189,Classic,15,2026-01-19 08:09:16
9189,Modern,14,2026-01-19 08:09:16
9189,Masculine,7,2026-01-19 08:09:16
9192,Masculine,22,2026-01-19 08:09:16
9192,Modern,16,2026-01-19 08:09:16
9192,Classic,6,2026-01-19 08:09:16
9192,Feminine,2,2026-01-19 08:09:16
9196,Feminine,20,2026-01-19 08:09:16
9196,Modern,11,2026-01-19 08:09:16
9196,Classic,8,2026-01-19 08:09:16
9197,Feminine,17,2026-01-19 08:09:16
9197,Modern,8,2026-01-19 08:09:16
9197,Classic,2,2026-01-19 08:09:16
9200,Masculine,39,2026-01-19 08:09:16
9200,Feminine,31,2026-01-19 08:09:16
9200,Modern,25,2026-01-19 08:09:16
9200,Classic,12,2026-01-19 08:09:16
9201,Feminine,13,2026-01-19 08:09:16
9201,Classic,5,2026-01-19 08:09:16
9201,Modern,4,2026-01-19 08:09:16
9201,Masculine,2,2026-01-19 08:09:16
9202,Feminine,384,2026-01-19 08:09:16
9202,Modern,199,2026-01-19 08:09:16
9202,Classic,114,2026-01-19 08:09:16
9202,Masculine,30,2026-01-19 08:09:16
9204,Masculine,23,2026-01-19 08:09:16
9204,Modern,14,2026-01-19 08:09:16
9204,Classic,11,2026-01-19 08:09:16
9204,Feminine,3,2026-01-19 08:09:16
9205,Feminine,15,2026-01-19 08:09:16
9205,Modern,6,2026-01-19 08:09:16
9205,Classic,3,2026-01-19 08:09:16
9206,Masculine,364,2026-01-19 08:09:16
9206,Classic,194,2026-01-19 08:09:16
9206,Modern,148,2026-01-19 08:09:16
9206,Feminine,43,2026-01-19 08:09:16
9208,Masculine,7,2026-01-19 08:09:16
9208,Modern,3,2026-01-19 08:09:16
9208,Feminine,1,2026-01-19 08:09:16
9209,Feminine,26,2026-01-19 08:09:16
9209,Modern,18,2026-01-19 08:09:16
9209,Masculine,7,2026-01-19 08:09:16
9209,Classic,4,2026-01-19 08:09:16
9210,Feminine,279,2026-01-19 08:09:16
9210,Modern,198,2026-01-19 08:09:16
9210,Classic,43,2026-01-19 08:09:16
9212,Feminine,15,2026-01-19 08:09:16
9212,Modern,6,2026-01-19 08:09:16
9212,Classic,4,2026-01-19 08:09:16
9213,Masculine,22,2026-01-19 08:09:16
9213,Modern,11,2026-01-19 08:09:16
9213,Classic,7,2026-01-19 08:09:16
9214,Masculine,156,2026-01-19 08:09:16
9214,Modern,88,2026-01-19 08:09:16
9214,Classic,51,2026-01-19 08:09:16
9214,Feminine,15,2026-01-19 08:09:16
9216,Feminine,11,2026-01-19 08:09:16
9216,Modern,6,2026-01-19 08:09:16
9216,Classic,3,2026-01-19 08:09:16
9217,Masculine,29,2026-01-19 08:09:16
9217,Modern,18,2026-01-19 08:09:16
9217,Classic,12,2026-01-19 08:09:16
9217,Feminine,5,2026-01-19 08:09:16
9219,Masculine,159,2026-01-19 08:09:16
9219,Modern,86,2026-01-19 08:09:16
9219,Classic,56,2026-01-19 08:09:16
9219,Feminine,17,2026-01-19 08:09:16
9221,Feminine,11,2026-01-19 08:09:16
9221,Modern,6,2026-01-19 08:09:16
9221,Classic,1,2026-01-19 08:09:16
9223,Masculine,118,2026-01-19 08:09:16
9223,Modern,72,2026-01-19 08:09:16
9223,Classic,50,2026-01-19 08:09:16
9223,Feminine,22,2026-01-19 08:09:16
9224,Masculine,17,2026-01-19 08:09:16
9224,Classic,10,2026-01-19 08:09:16
9224,Modern,6,2026-01-19 08:09:16
9224,Feminine,2,2026-01-19 08:09:16
9225,Feminine,12,2026-01-19 08:09:16
9225,Modern,4,2026-01-19 08:09:16
9225,Masculine,1,2026-01-19 08:09:16
9225,Classic,1,2026-01-19 08:09:16
9227,Feminine,169,2026-01-19 08:09:16
9227,Classic,71,2026-01-19 08:09:16
9227,Modern,66,2026-01-19 08:09:16
9228,Feminine,27,2026-01-19 08:09:16
9228,Modern,11,2026-01-19 08:09:16
9228,Classic,9,2026-01-19 08:09:16
9228,Masculine,6,2026-01-19 08:09:16
9229,Feminine,3,2026-01-19 08:09:16
9229,Modern,1,2026-01-19 08:09:16
9231,Feminine,174,2026-01-19 08:09:16
9231,Modern,85,2026-01-19 08:09:16
9231,Classic,50,2026-01-19 08:09:16
9232,Feminine,28,2026-01-19 08:09:16
9232,Modern,14,2026-01-19 08:09:16
9232,Classic,8,2026-01-19 08:09:16
9233,Masculine,3,2026-01-19 08:09:16
9233,Modern,3,2026-01-19 08:09:16
9233,Classic,1,2026-01-19 08:09:16
9235,Feminine,155,2026-01-19 08:09:16
9235,Classic,60,2026-01-19 08:09:16
9235,Modern,54,2026-01-19 08:09:16
9236,Masculine,28,2026-01-19 08:09:16
9236,Modern,24,2026-01-19 08:09:16
9236,Feminine,10,2026-01-19 08:09:16
9236,Classic,5,2026-01-19 08:09:16
9237,Feminine,5,2026-01-19 08:09:16
9237,Modern,2,2026-01-19 08:09:16
9237,Classic,1,2026-01-19 08:09:16
9239,Feminine,113,2026-01-19 08:09:16
9239,Modern,83,2026-01-19 08:09:16
9239,Classic,20,2026-01-19 08:09:16
9240,Masculine,15,2026-01-19 08:09:16
9240,Modern,10,2026-01-19 08:09:16
9240,Feminine,5,2026-01-19 08:09:16
9243,Masculine,128,2026-01-19 08:09:16
9243,Modern,69,2026-01-19 08:09:16
9243,Classic,48,2026-01-19 08:09:16
9243,Feminine,27,2026-01-19 08:09:16
9244,Masculine,15,2026-01-19 08:09:16
9244,Feminine,12,2026-01-19 08:09:16
9244,Modern,11,2026-01-19 08:09:16
9244,Classic,8,2026-01-19 08:09:16
9245,Feminine,3,2026-01-19 08:09:16
9245,Masculine,1,2026-01-19 08:09:16
9245,Classic,1,2026-01-19 08:09:16
9245,Modern,1,2026-01-19 08:09:16
9247,Masculine,112,2026-01-19 08:09:16
9247,Classic,56,2026-01-19 08:09:16
9247,Modern,43,2026-01-19 08:09:16
9248,Masculine,21,2026-01-19 08:09:16
9248,Modern,15,2026-01-19 08:09:16
9248,Classic,11,2026-01-19 08:09:16
9248,Feminine,5,2026-01-19 08:09:16
9251,Feminine,128,2026-01-19 08:09:16
9251,Classic,62,2026-01-19 08:09:16
9251,Modern,43,2026-01-19 08:09:16
9252,Masculine,14,2026-01-19 08:09:16
9252,Modern,10,2026-01-19 08:09:16
9252,Classic,5,2026-01-19 08:09:16
9252,Feminine,2,2026-01-19 08:09:16
9255,Feminine,122,2026-01-19 08:09:16
9255,Classic,51,2026-01-19 08:09:16
9255,Modern,32,2026-01-19 08:09:16
9255,Masculine,10,2026-01-19 08:09:16
9265,Masculine,62,2026-01-19 08:09:16
9265,Modern,37,2026-01-19 08:09:16
9265,Classic,21,2026-01-19 08:09:16
9265,Feminine,11,2026-01-19 08:09:16
9266,Masculine,7,2026-01-19 08:09:16
9266,Classic,6,2026-01-19 08:09:16
9266,Modern,3,2026-01-19 08:09:16
9269,Feminine,6,2026-01-19 08:09:16
9269,Classic,2,2026-01-19 08:09:16
9269,Masculine,1,2026-01-19 08:09:16
9269,Modern,1,2026-01-19 08:09:16
9270,Feminine,96,2026-01-19 08:09:16
9270,Modern,50,2026-01-19 08:09:16
9270,Classic,42,2026-01-19 08:09:16
9270,Masculine,14,2026-01-19 08:09:16
9274,Masculine,10,2026-01-19 08:09:16
9274,Classic,6,2026-01-19 08:09:16
9274,Modern,2,2026-01-19 08:09:16
9275,Feminine,83,2026-01-19 08:09:16
9275,Modern,33,2026-01-19 08:09:16
9275,Classic,32,2026-01-19 08:09:16
9278,Masculine,5,2026-01-19 08:09:16
9278,Modern,4,2026-01-19 08:09:16
9278,Classic,2,2026-01-19 08:09:16
9279,Feminine,92,2026-01-19 08:09:16
9279,Modern,52,2026-01-19 08:09:16
9279,Classic,22,2026-01-19 08:09:16
9281,Masculine,5,2026-01-19 08:09:16
9281,Feminine,1,2026-01-19 08:09:16
9281,Classic,1,2026-01-19 08:09:16
9285,Feminine,6,2026-01-19 08:09:16
9285,Modern,4,2026-01-19 08:09:16
9285,Classic,1,2026-01-19 08:09:16
9287,Masculine,119,2026-01-19 08:09:16
9287,Classic,62,2026-01-19 08:09:16
9287,Feminine,57,2026-01-19 08:09:16
9287,Modern,34,2026-01-19 08:09:16
9289,Masculine,7,2026-01-19 08:09:16
9289,Modern,5,2026-01-19 08:09:16
9289,Classic,4,2026-01-19 08:09:16
9291,Feminine,131,2026-01-19 08:09:16
9291,Classic,68,2026-01-19 08:09:16
9291,Modern,53,2026-01-19 08:09:16
9291,Masculine,30,2026-01-19 08:09:16
9293,Masculine,12,2026-01-19 08:09:16
9293,Classic,9,2026-01-19 08:09:16
9293,Modern,8,2026-01-19 08:09:16
9295,Feminine,126,2026-01-19 08:09:16
9295,Classic,76,2026-01-19 08:09:16
9295,Modern,18,2026-01-19 08:09:16
9297,Feminine,5,2026-01-19 08:09:16
9297,Classic,1,2026-01-19 08:09:16
9297,Modern,1,2026-01-19 08:09:16
9299,Feminine,89,2026-01-19 08:09:16
9299,Masculine,70,2026-01-19 08:09:16
9299,Classic,39,2026-01-19 08:09:16
9299,Modern,32,2026-01-19 08:09:16
9300,Feminine,478,2026-01-19 08:09:16
9300,Masculine,370,2026-01-19 08:09:16
9300,Modern,279,2026-01-19 08:09:16
9300,Classic,179,2026-01-19 08:09:16
9302,Feminine,4,2026-01-19 08:09:16
9302,Masculine,1,2026-01-19 08:09:16
9302,Classic,1,2026-01-19 08:09:16
9302,Modern,1,2026-01-19 08:09:16
9306,Feminine,4,2026-01-19 08:09:16
9306,Modern,4,2026-01-19 08:09:16
9306,Masculine,2,2026-01-19 08:09:16
9306,Classic,2,2026-01-19 08:09:16
9307,Masculine,72,2026-01-19 08:09:16
9307,Classic,47,2026-01-19 08:09:16
9307,Feminine,9,2026-01-19 08:09:16
9307,Modern,7,2026-01-19 08:09:16
9308,Feminine,215,2026-01-19 08:09:16
9308,Modern,99,2026-01-19 08:09:16
9308,Classic,82,2026-01-19 08:09:16
9308,Masculine,39,2026-01-19 08:09:16
9310,Feminine,68,2026-01-19 08:09:16
9310,Modern,36,2026-01-19 08:09:16
9310,Masculine,30,2026-01-19 08:09:16
9310,Classic,28,2026-01-19 08:09:16
9311,Feminine,170,2026-01-19 08:09:16
9311,Masculine,116,2026-01-19 08:09:16
9311,Modern,91,2026-01-19 08:09:16
9311,Classic,57,2026-01-19 08:09:16
9312,Masculine,9,2026-01-19 08:09:16
9312,Modern,8,2026-01-19 08:09:16
9312,Classic,3,2026-01-19 08:09:16
9312,Feminine,2,2026-01-19 08:09:16
9314,Feminine,83,2026-01-19 08:09:16
9314,Classic,27,2026-01-19 08:09:16
9314,Modern,26,2026-01-19 08:09:16
9318,Feminine,70,2026-01-19 08:09:16
9318,Classic,23,2026-01-19 08:09:16
9318,Modern,14,2026-01-19 08:09:16
9318,Masculine,10,2026-01-19 08:09:16
9319,Masculine,123,2026-01-19 08:09:16
9319,Feminine,74,2026-01-19 08:09:16
9319,Classic,57,2026-01-19 08:09:16
9319,Modern,56,2026-01-19 08:09:16
9322,Feminine,63,2026-01-19 08:09:16
9322,Modern,30,2026-01-19 08:09:16
9322,Classic,21,2026-01-19 08:09:16
9324,Feminine,133,2026-01-19 08:09:16
9324,Modern,66,2026-01-19 08:09:16
9324,Classic,50,2026-01-19 08:09:16
9328,Feminine,109,2026-01-19 08:09:16
9328,Masculine,63,2026-01-19 08:09:16
9328,Classic,52,2026-01-19 08:09:16
9328,Modern,41,2026-01-19 08:09:16
9335,Masculine,2,2026-01-19 08:09:16
9335,Feminine,2,2026-01-19 08:09:16
9335,Classic,1,2026-01-19 08:09:16
9336,Masculine,104,2026-01-19 08:09:16
9336,Feminine,97,2026-01-19 08:09:16
9336,Modern,57,2026-01-19 08:09:16
9336,Classic,55,2026-01-19 08:09:16
9339,Feminine,47,2026-01-19 08:09:16
9339,Classic,23,2026-01-19 08:09:16
9339,Modern,17,2026-01-19 08:09:16
9339,Masculine,7,2026-01-19 08:09:16
9342,Masculine,23,2026-01-19 08:09:16
9342,Modern,18,2026-01-19 08:09:16
9342,Feminine,12,2026-01-19 08:09:16
9342,Classic,4,2026-01-19 08:09:16
9345,Masculine,420,2026-01-19 08:09:16
9345,Classic,229,2026-01-19 08:09:16
9345,Modern,177,2026-01-19 08:09:16
9345,Feminine,37,2026-01-19 08:09:16
9346,Masculine,16,2026-01-19 08:09:16
9346,Modern,10,2026-01-19 08:09:16
9346,Feminine,9,2026-01-19 08:09:16
9346,Classic,3,2026-01-19 08:09:16
9347,Masculine,44,2026-01-19 08:09:16
9347,Feminine,40,2026-01-19 08:09:16
9347,Classic,23,2026-01-19 08:09:16
9347,Modern,19,2026-01-19 08:09:16
9348,Feminine,93,2026-01-19 08:09:16
9348,Modern,59,2026-01-19 08:09:16
9348,Masculine,33,2026-01-19 08:09:16
9348,Classic,33,2026-01-19 08:09:16
9349,Masculine,464,2026-01-19 08:09:16
9349,Modern,216,2026-01-19 08:09:16
9349,Classic,200,2026-01-19 08:09:16
9349,Feminine,67,2026-01-19 08:09:16
9350,Feminine,21,2026-01-19 08:09:16
9350,Masculine,19,2026-01-19 08:09:16
9350,Modern,19,2026-01-19 08:09:16
9350,Classic,3,2026-01-19 08:09:16
9351,Feminine,43,2026-01-19 08:09:16
9351,Classic,17,2026-01-19 08:09:16
9351,Modern,12,2026-01-19 08:09:16
9352,Feminine,114,2026-01-19 08:09:16
9352,Modern,61,2026-01-19 08:09:16
9352,Classic,44,2026-01-19 08:09:16
9352,Masculine,24,2026-01-19 08:09:16
9354,Masculine,16,2026-01-19 08:09:16
9354,Modern,9,2026-01-19 08:09:16
9354,Classic,6,2026-01-19 08:09:16
9354,Feminine,3,2026-01-19 08:09:16
9355,Feminine,24,2026-01-19 08:09:16
9355,Modern,10,2026-01-19 08:09:16
9355,Classic,7,2026-01-19 08:09:16
9357,Masculine,370,2026-01-19 08:09:16
9357,Feminine,189,2026-01-19 08:09:16
9357,Classic,182,2026-01-19 08:09:16
9357,Modern,154,2026-01-19 08:09:16
9358,Masculine,20,2026-01-19 08:09:16
9358,Modern,17,2026-01-19 08:09:16
9358,Feminine,13,2026-01-19 08:09:16
9358,Classic,4,2026-01-19 08:09:16
9359,Masculine,20,2026-01-19 08:09:16
9359,Classic,17,2026-01-19 08:09:16
9359,Modern,5,2026-01-19 08:09:16
9359,Feminine,4,2026-01-19 08:09:16
9360,Masculine,79,2026-01-19 08:09:16
9360,Feminine,46,2026-01-19 08:09:16
9360,Classic,35,2026-01-19 08:09:16
9360,Modern,28,2026-01-19 08:09:16
9361,Feminine,303,2026-01-19 08:09:16
9361,Modern,137,2026-01-19 08:09:16
9361,Classic,97,2026-01-19 08:09:16
9362,Feminine,19,2026-01-19 08:09:16
9362,Modern,10,2026-01-19 08:09:16
9362,Classic,8,2026-01-19 08:09:16
9362,Masculine,5,2026-01-19 08:09:16
9363,Feminine,78,2026-01-19 08:09:16
9363,Modern,42,2026-01-19 08:09:16
9363,Classic,20,2026-01-19 08:09:16
9364,Feminine,75,2026-01-19 08:09:16
9364,Masculine,44,2026-01-19 08:09:16
9364,Modern,33,2026-01-19 08:09:16
9364,Classic,23,2026-01-19 08:09:16
9365,Masculine,159,2026-01-19 08:09:16
9365,Modern,71,2026-01-19 08:09:16
9365,Classic,68,2026-01-19 08:09:16
9365,Feminine,15,2026-01-19 08:09:16
9366,Feminine,19,2026-01-19 08:09:16
9366,Modern,11,2026-01-19 08:09:16
9366,Classic,6,2026-01-19 08:09:16
9367,Feminine,68,2026-01-19 08:09:16
9367,Modern,33,2026-01-19 08:09:16
9367,Classic,20,2026-01-19 08:09:16
9367,Masculine,7,2026-01-19 08:09:16
9368,Feminine,73,2026-01-19 08:09:16
9368,Masculine,53,2026-01-19 08:09:16
9368,Modern,37,2026-01-19 08:09:16
9368,Classic,27,2026-01-19 08:09:16
9369,Masculine,210,2026-01-19 08:09:16
9369,Classic,148,2026-01-19 08:09:16
9369,Feminine,34,2026-01-19 08:09:16
9369,Modern,19,2026-01-19 08:09:16
9370,Feminine,13,2026-01-19 08:09:16
9370,Modern,8,2026-01-19 08:09:16
9370,Classic,6,2026-01-19 08:09:16
9371,Masculine,55,2026-01-19 08:09:16
9371,Modern,28,2026-01-19 08:09:16
9371,Classic,12,2026-01-19 08:09:16
9371,Feminine,6,2026-01-19 08:09:16
9372,Feminine,75,2026-01-19 08:09:16
9372,Masculine,55,2026-01-19 08:09:16
9372,Modern,39,2026-01-19 08:09:16
9372,Classic,35,2026-01-19 08:09:16
9373,Masculine,164,2026-01-19 08:09:16
9373,Modern,103,2026-01-19 08:09:16
9373,Classic,50,2026-01-19 08:09:16
9373,Feminine,23,2026-01-19 08:09:16
9374,Masculine,18,2026-01-19 08:09:16
9374,Classic,11,2026-01-19 08:09:16
9374,Modern,6,2026-01-19 08:09:16
9375,Feminine,68,2026-01-19 08:09:16
9375,Modern,33,2026-01-19 08:09:16
9375,Classic,23,2026-01-19 08:09:16
9376,Feminine,60,2026-01-19 08:09:16
9376,Modern,21,2026-01-19 08:09:16
9376,Classic,19,2026-01-19 08:09:16
9376,Masculine,12,2026-01-19 08:09:16
9377,Feminine,148,2026-01-19 08:09:16
9377,Modern,65,2026-01-19 08:09:16
9377,Classic,60,2026-01-19 08:09:16
9377,Masculine,26,2026-01-19 08:09:16
9378,Feminine,19,2026-01-19 08:09:16
9378,Modern,9,2026-01-19 08:09:16
9378,Classic,5,2026-01-19 08:09:16
9380,Masculine,57,2026-01-19 08:09:16
9380,Classic,22,2026-01-19 08:09:16
9380,Modern,20,2026-01-19 08:09:16
9380,Feminine,12,2026-01-19 08:09:16
9381,Feminine,146,2026-01-19 08:09:16
9381,Modern,89,2026-01-19 08:09:16
9381,Classic,37,2026-01-19 08:09:16
9382,Feminine,19,2026-01-19 08:09:16
9382,Modern,11,2026-01-19 08:09:16
9382,Classic,4,2026-01-19 08:09:16
9383,Masculine,57,2026-01-19 08:09:16
9383,Modern,38,2026-01-19 08:09:16
9383,Classic,18,2026-01-19 08:09:16
9383,Feminine,5,2026-01-19 08:09:16
9384,Masculine,63,2026-01-19 08:09:16
9384,Feminine,53,2026-01-19 08:09:16
9384,Classic,30,2026-01-19 08:09:16
9384,Modern,30,2026-01-19 08:09:16
9385,Feminine,169,2026-01-19 08:09:16
9385,Classic,61,2026-01-19 08:09:16
9385,Modern,56,2026-01-19 08:09:16
9385,Masculine,18,2026-01-19 08:09:16
9386,Feminine,12,2026-01-19 08:09:16
9386,Modern,8,2026-01-19 08:09:16
9386,Classic,4,2026-01-19 08:09:16
9387,Feminine,57,2026-01-19 08:09:16
9387,Modern,38,2026-01-19 08:09:16
9387,Classic,15,2026-01-19 08:09:16
9388,Feminine,73,2026-01-19 08:09:16
9388,Modern,40,2026-01-19 08:09:16
9388,Classic,24,2026-01-19 08:09:16
9388,Masculine,18,2026-01-19 08:09:16
9389,Feminine,180,2026-01-19 08:09:16
9389,Classic,101,2026-01-19 08:09:16
9389,Modern,39,2026-01-19 08:09:16
9390,Feminine,21,2026-01-19 08:09:16
9390,Modern,14,2026-01-19 08:09:16
9390,Classic,11,2026-01-19 08:09:16
9391,Feminine,47,2026-01-19 08:09:16
9391,Modern,24,2026-01-19 08:09:16
9391,Classic,16,2026-01-19 08:09:16
9392,Feminine,60,2026-01-19 08:09:16
9392,Classic,31,2026-01-19 08:09:16
9392,Modern,24,2026-01-19 08:09:16
9392,Masculine,6,2026-01-19 08:09:16
9393,Feminine,169,2026-01-19 08:09:16
9393,Classic,92,2026-01-19 08:09:16
9393,Modern,30,2026-01-19 08:09:16
9394,Feminine,17,2026-01-19 08:09:16
9394,Modern,9,2026-01-19 08:09:16
9394,Classic,2,2026-01-19 08:09:16
9395,Feminine,57,2026-01-19 08:09:16
9395,Modern,25,2026-01-19 08:09:16
9395,Classic,17,2026-01-19 08:09:16
9395,Masculine,6,2026-01-19 08:09:16
9396,Feminine,70,2026-01-19 08:09:16
9396,Classic,41,2026-01-19 08:09:16
9396,Modern,35,2026-01-19 08:09:16
9396,Masculine,10,2026-01-19 08:09:16
9398,Masculine,13,2026-01-19 08:09:16
9398,Feminine,11,2026-01-19 08:09:16
9398,Modern,11,2026-01-19 08:09:16
9398,Classic,5,2026-01-19 08:09:16
9399,Masculine,39,2026-01-19 08:09:16
9399,Modern,24,2026-01-19 08:09:16
9399,Classic,14,2026-01-19 08:09:16
9399,Feminine,8,2026-01-19 08:09:16
9400,Masculine,40,2026-01-19 08:09:16
9400,Feminine,22,2026-01-19 08:09:16
9400,Modern,22,2026-01-19 08:09:16
9400,Classic,13,2026-01-19 08:09:16
9401,Masculine,127,2026-01-19 08:09:16
9401,Modern,58,2026-01-19 08:09:16
9401,Classic,45,2026-01-19 08:09:16
9402,Feminine,11,2026-01-19 08:09:16
9402,Modern,7,2026-01-19 08:09:16
9402,Classic,5,2026-01-19 08:09:16
9402,Masculine,1,2026-01-19 08:09:16
9404,Masculine,31,2026-01-19 08:09:16
9404,Modern,17,2026-01-19 08:09:16
9404,Classic,12,2026-01-19 08:09:16
9405,Feminine,139,2026-01-19 08:09:16
9405,Classic,81,2026-01-19 08:09:16
9405,Modern,25,2026-01-19 08:09:16
9405,Masculine,23,2026-01-19 08:09:16
9406,Feminine,12,2026-01-19 08:09:16
9406,Classic,6,2026-01-19 08:09:16
9406,Modern,4,2026-01-19 08:09:16
9406,Masculine,2,2026-01-19 08:09:16
9407,Feminine,60,2026-01-19 08:09:16
9407,Classic,24,2026-01-19 08:09:16
9407,Modern,21,2026-01-19 08:09:16
9407,Masculine,9,2026-01-19 08:09:16
9408,Masculine,20,2026-01-19 08:09:16
9408,Modern,10,2026-01-19 08:09:16
9408,Classic,3,2026-01-19 08:09:16
9409,Masculine,82,2026-01-19 08:09:16
9409,Modern,51,2026-01-19 08:09:16
9409,Classic,29,2026-01-19 08:09:16
9409,Feminine,16,2026-01-19 08:09:16
9410,Modern,9,2026-01-19 08:09:16
9410,Masculine,8,2026-01-19 08:09:16
9410,Feminine,8,2026-01-19 08:09:16
9410,Classic,3,2026-01-19 08:09:16
9411,Feminine,51,2026-01-19 08:09:16
9411,Modern,28,2026-01-19 08:09:16
9411,Classic,18,2026-01-19 08:09:16
9412,Feminine,42,2026-01-19 08:09:16
9412,Modern,22,2026-01-19 08:09:16
9412,Masculine,6,2026-01-19 08:09:16
9412,Classic,6,2026-01-19 08:09:16
9413,Masculine,11,2026-01-19 08:09:16
9413,Modern,9,2026-01-19 08:09:16
9413,Feminine,7,2026-01-19 08:09:16
9413,Classic,3,2026-01-19 08:09:16
9414,Masculine,104,2026-01-19 08:09:16
9414,Classic,51,2026-01-19 08:09:16
9414,Modern,35,2026-01-19 08:09:16
9414,Feminine,13,2026-01-19 08:09:16
9415,Feminine,45,2026-01-19 08:09:16
9415,Modern,24,2026-01-19 08:09:16
9415,Classic,18,2026-01-19 08:09:16
9415,Masculine,10,2026-01-19 08:09:16
9416,Feminine,45,2026-01-19 08:09:16
9416,Modern,21,2026-01-19 08:09:16
9416,Classic,19,2026-01-19 08:09:16
9416,Masculine,7,2026-01-19 08:09:16
9417,Feminine,10,2026-01-19 08:09:16
9417,Modern,3,2026-01-19 08:09:16
9417,Classic,1,2026-01-19 08:09:16
9418,Masculine,85,2026-01-19 08:09:16
9418,Modern,51,2026-01-19 08:09:16
9418,Classic,29,2026-01-19 08:09:16
9418,Feminine,14,2026-01-19 08:09:16
9419,Feminine,53,2026-01-19 08:09:16
9419,Modern,23,2026-01-19 08:09:16
9419,Masculine,22,2026-01-19 08:09:16
9419,Classic,14,2026-01-19 08:09:16
9420,Feminine,47,2026-01-19 08:09:16
9420,Modern,25,2026-01-19 08:09:16
9420,Classic,13,2026-01-19 08:09:16
9420,Masculine,5,2026-01-19 08:09:16
9421,Masculine,77,2026-01-19 08:09:16
9421,Modern,59,2026-01-19 08:09:16
9421,Classic,22,2026-01-19 08:09:16
9421,Feminine,8,2026-01-19 08:09:16
9423,Feminine,51,2026-01-19 08:09:16
9423,Modern,33,2026-01-19 08:09:16
9423,Classic,23,2026-01-19 08:09:16
9423,Masculine,10,2026-01-19 08:09:16
9424,Masculine,37,2026-01-19 08:09:16
9424,Modern,22,2026-01-19 08:09:16
9424,Classic,12,2026-01-19 08:09:16
9425,Masculine,80,2026-01-19 08:09:16
9425,Modern,34,2026-01-19 08:09:16
9425,Classic,31,2026-01-19 08:09:16
9425,Feminine,11,2026-01-19 08:09:16
9427,Feminine,52,2026-01-19 08:09:16
9427,Masculine,28,2026-01-19 08:09:16
9427,Modern,22,2026-01-19 08:09:16
9427,Classic,19,2026-01-19 08:09:16
9428,Masculine,33,2026-01-19 08:09:16
9428,Modern,20,2026-01-19 08:09:16
9428,Classic,6,2026-01-19 08:09:16
9428,Feminine,5,2026-01-19 08:09:16
9430,Feminine,93,2026-01-19 08:09:16
9430,Modern,48,2026-01-19 08:09:16
9430,Classic,34,2026-01-19 08:09:16
9430,Masculine,10,2026-01-19 08:09:16
9431,Feminine,58,2026-01-19 08:09:16
9431,Masculine,33,2026-01-19 08:09:16
9431,Classic,27,2026-01-19 08:09:16
9431,Modern,27,2026-01-19 08:09:16
9432,Feminine,30,2026-01-19 08:09:16
9432,Modern,21,2026-01-19 08:09:16
9432,Masculine,14,2026-01-19 08:09:16
9432,Classic,4,2026-01-19 08:09:16
9434,Masculine,68,2026-01-19 08:09:16
9434,Modern,47,2026-01-19 08:09:16
9434,Classic,15,2026-01-19 08:09:16
9434,Feminine,11,2026-01-19 08:09:16
9435,Feminine,31,2026-01-19 08:09:16
9435,Masculine,30,2026-01-19 08:09:16
9435,Classic,15,2026-01-19 08:09:16
9435,Modern,13,2026-01-19 08:09:16
9436,Feminine,30,2026-01-19 08:09:16
9436,Modern,14,2026-01-19 08:09:16
9436,Classic,11,2026-01-19 08:09:16
9436,Masculine,5,2026-01-19 08:09:16
9438,Feminine,87,2026-01-19 08:09:16
9438,Modern,47,2026-01-19 08:09:16
9438,Classic,37,2026-01-19 08:09:16
9439,Feminine,46,2026-01-19 08:09:16
9439,Masculine,33,2026-01-19 08:09:16
9439,Classic,19,2026-01-19 08:09:16
9439,Modern,16,2026-01-19 08:09:16
9440,Masculine,31,2026-01-19 08:09:16
9440,Modern,12,2026-01-19 08:09:16
9440,Classic,6,2026-01-19 08:09:16
9441,Feminine,3,2026-01-19 08:09:16
9442,Masculine,86,2026-01-19 08:09:16
9442,Classic,41,2026-01-19 08:09:16
9442,Feminine,38,2026-01-19 08:09:16
9442,Modern,27,2026-01-19 08:09:16
9443,Feminine,40,2026-01-19 08:09:16
9443,Masculine,26,2026-01-19 08:09:16
9443,Modern,23,2026-01-19 08:09:16
9443,Classic,17,2026-01-19 08:09:16
9444,Feminine,28,2026-01-19 08:09:16
9444,Modern,15,2026-01-19 08:09:16
9444,Classic,8,2026-01-19 08:09:16
9446,Masculine,63,2026-01-19 08:09:16
9446,Modern,35,2026-01-19 08:09:16
9446,Classic,33,2026-01-19 08:09:16
9446,Feminine,17,2026-01-19 08:09:16
9447,Masculine,35,2026-01-19 08:09:16
9447,Feminine,34,2026-01-19 08:09:16
9447,Classic,10,2026-01-19 08:09:16
9447,Modern,9,2026-01-19 08:09:16
9448,Masculine,17,2026-01-19 08:09:16
9448,Feminine,15,2026-01-19 08:09:16
9448,Classic,10,2026-01-19 08:09:16
9448,Modern,8,2026-01-19 08:09:16
9450,Feminine,78,2026-01-19 08:09:16
9450,Modern,44,2026-01-19 08:09:16
9450,Classic,16,2026-01-19 08:09:16
9451,Masculine,34,2026-01-19 08:09:16
9451,Feminine,18,2026-01-19 08:09:16
9451,Classic,12,2026-01-19 08:09:16
9451,Modern,6,2026-01-19 08:09:16
9452,Feminine,23,2026-01-19 08:09:16
9452,Modern,14,2026-01-19 08:09:16
9452,Classic,11,2026-01-19 08:09:16
9455,Masculine,62,2026-01-19 08:09:16
9455,Modern,30,2026-01-19 08:09:16
9455,Classic,24,2026-01-19 08:09:16
9456,Feminine,27,2026-01-19 08:09:16
9456,Modern,19,2026-01-19 08:09:16
9456,Masculine,10,2026-01-19 08:09:16
9456,Classic,9,2026-01-19 08:09:16
9459,Feminine,101,2026-01-19 08:09:16
9459,Modern,37,2026-01-19 08:09:16
9459,Classic,36,2026-01-19 08:09:16
9460,Feminine,17,2026-01-19 08:09:16
9460,Modern,11,2026-01-19 08:09:16
9463,Masculine,147,2026-01-19 08:09:16
9463,Classic,73,2026-01-19 08:09:16
9463,Modern,50,2026-01-19 08:09:16
9463,Feminine,13,2026-01-19 08:09:16
9464,Feminine,25,2026-01-19 08:09:16
9464,Modern,16,2026-01-19 08:09:16
9464,Classic,8,2026-01-19 08:09:16
9464,Masculine,3,2026-01-19 08:09:16
9466,Masculine,68,2026-01-19 08:09:16
9466,Classic,47,2026-01-19 08:09:16
9466,Modern,11,2026-01-19 08:09:16
9466,Feminine,6,2026-01-19 08:09:16
9468,Feminine,28,2026-01-19 08:09:16
9468,Modern,20,2026-01-19 08:09:16
9468,Classic,6,2026-01-19 08:09:16
9468,Masculine,5,2026-01-19 08:09:16
9470,Feminine,63,2026-01-19 08:09:16
9470,Modern,42,2026-01-19 08:09:16
9470,Masculine,29,2026-01-19 08:09:16
9470,Classic,18,2026-01-19 08:09:16
9471,Masculine,107,2026-01-19 08:09:16
9471,Modern,40,2026-01-19 08:09:16
9471,Classic,38,2026-01-19 08:09:16
9471,Feminine,10,2026-01-19 08:09:16
9472,Feminine,28,2026-01-19 08:09:16
9472,Modern,14,2026-01-19 08:09:16
9472,Classic,8,2026-01-19 08:09:16
9472,Masculine,5,2026-01-19 08:09:16
9475,Feminine,82,2026-01-19 08:09:16
9475,Classic,48,2026-01-19 08:09:16
9475,Masculine,45,2026-01-19 08:09:16
9475,Modern,12,2026-01-19 08:09:16
9478,Masculine,95,2026-01-19 08:09:16
9478,Classic,62,2026-01-19 08:09:16
9478,Modern,26,2026-01-19 08:09:16
9479,Masculine,67,2026-01-19 08:09:16
9479,Classic,41,2026-01-19 08:09:16
9479,Modern,9,2026-01-19 08:09:16
9482,Masculine,63,2026-01-19 08:09:16
9482,Modern,30,2026-01-19 08:09:16
9482,Classic,29,2026-01-19 08:09:16
9482,Feminine,6,2026-01-19 08:09:16
9483,Masculine,58,2026-01-19 08:09:16
9483,Modern,33,2026-01-19 08:09:16
9483,Classic,11,2026-01-19 08:09:16
9483,Feminine,10,2026-01-19 08:09:16
9484,Feminine,17,2026-01-19 08:09:16
9484,Classic,8,2026-01-19 08:09:16
9484,Modern,6,2026-01-19 08:09:16
9484,Masculine,2,2026-01-19 08:09:16
9487,Feminine,67,2026-01-19 08:09:16
9487,Classic,37,2026-01-19 08:09:16
9487,Modern,18,2026-01-19 08:09:16
9487,Masculine,11,2026-01-19 08:09:16
9488,Masculine,22,2026-01-19 08:09:16
9488,Modern,16,2026-01-19 08:09:16
9488,Classic,7,2026-01-19 08:09:16
9491,Masculine,44,2026-01-19 08:09:16
9491,Modern,36,2026-01-19 08:09:16
9491,Feminine,11,2026-01-19 08:09:16
9491,Classic,9,2026-01-19 08:09:16
9492,Masculine,15,2026-01-19 08:09:16
9492,Feminine,12,2026-01-19 08:09:16
9492,Classic,12,2026-01-19 08:09:16
9492,Modern,6,2026-01-19 08:09:16
9494,Masculine,50,2026-01-19 08:09:16
9494,Modern,25,2026-01-19 08:09:16
9494,Classic,21,2026-01-19 08:09:16
9494,Feminine,7,2026-01-19 08:09:16
9495,Masculine,39,2026-01-19 08:09:16
9495,Modern,24,2026-01-19 08:09:16
9495,Classic,16,2026-01-19 08:09:16
9495,Feminine,8,2026-01-19 08:09:16
9496,Masculine,11,2026-01-19 08:09:16
9496,Modern,9,2026-01-19 08:09:16
9496,Classic,2,2026-01-19 08:09:16
9498,Feminine,62,2026-01-19 08:09:16
9498,Classic,33,2026-01-19 08:09:16
9498,Modern,24,2026-01-19 08:09:16
9498,Masculine,12,2026-01-19 08:09:16
9500,Masculine,14,2026-01-19 08:09:16
9500,Modern,8,2026-01-19 08:09:16
9500,Classic,4,2026-01-19 08:09:16
9501,Feminine,405,2026-01-19 08:09:16
9501,Masculine,309,2026-01-19 08:09:16
9501,Classic,185,2026-01-19 08:09:16
9501,Modern,182,2026-01-19 08:09:16
9502,Feminine,46,2026-01-19 08:09:16
9502,Modern,19,2026-01-19 08:09:16
9502,Classic,14,2026-01-19 08:09:16
9503,Feminine,29,2026-01-19 08:09:16
9503,Classic,10,2026-01-19 08:09:16
9503,Modern,10,2026-01-19 08:09:16
9503,Masculine,4,2026-01-19 08:09:16
9504,Feminine,11,2026-01-19 08:09:16
9504,Classic,6,2026-01-19 08:09:16
9504,Modern,5,2026-01-19 08:09:16
9504,Masculine,4,2026-01-19 08:09:16
9505,Feminine,189,2026-01-19 08:09:16
9505,Modern,82,2026-01-19 08:09:16
9505,Classic,76,2026-01-19 08:09:16
9505,Masculine,59,2026-01-19 08:09:16
9507,Masculine,43,2026-01-19 08:09:16
9507,Modern,22,2026-01-19 08:09:16
9507,Classic,11,2026-01-19 08:09:16
9507,Feminine,5,2026-01-19 08:09:16
9508,Masculine,14,2026-01-19 08:09:16
9508,Classic,11,2026-01-19 08:09:16
9508,Modern,3,2026-01-19 08:09:16
9509,Feminine,135,2026-01-19 08:09:16
9509,Masculine,91,2026-01-19 08:09:16
9509,Classic,65,2026-01-19 08:09:16
9509,Modern,55,2026-01-19 08:09:16
9511,Masculine,29,2026-01-19 08:09:16
9511,Modern,21,2026-01-19 08:09:16
9511,Feminine,3,2026-01-19 08:09:16
9513,Feminine,143,2026-01-19 08:09:16
9513,Classic,74,2026-01-19 08:09:16
9513,Modern,51,2026-01-19 08:09:16
9513,Masculine,39,2026-01-19 08:09:16
9514,Masculine,19,2026-01-19 08:09:16
9514,Classic,8,2026-01-19 08:09:16
9514,Modern,5,2026-01-19 08:09:16
9514,Feminine,3,2026-01-19 08:09:16
9515,Feminine,59,2026-01-19 08:09:16
9515,Classic,20,2026-01-19 08:09:16
9515,Modern,20,2026-01-19 08:09:16
9517,Feminine,118,2026-01-19 08:09:16
9517,Modern,67,2026-01-19 08:09:16
9517,Classic,36,2026-01-19 08:09:16
9517,Masculine,24,2026-01-19 08:09:16
9518,Masculine,9,2026-01-19 08:09:16
9518,Modern,5,2026-01-19 08:09:16
9518,Classic,4,2026-01-19 08:09:16
9519,Masculine,45,2026-01-19 08:09:16
9519,Classic,23,2026-01-19 08:09:16
9519,Feminine,10,2026-01-19 08:09:16
9519,Modern,6,2026-01-19 08:09:16
9520,Feminine,12,2026-01-19 08:09:16
9520,Masculine,6,2026-01-19 08:09:16
9520,Classic,5,2026-01-19 08:09:16
9520,Modern,5,2026-01-19 08:09:16
9521,Feminine,117,2026-01-19 08:09:16
9521,Masculine,61,2026-01-19 08:09:16
9521,Classic,60,2026-01-19 08:09:16
9521,Modern,48,2026-01-19 08:09:16
9522,Masculine,18,2026-01-19 08:09:16
9522,Classic,5,2026-01-19 08:09:16
9522,Feminine,4,2026-01-19 08:09:16
9522,Modern,3,2026-01-19 08:09:16
9523,Feminine,44,2026-01-19 08:09:16
9523,Modern,23,2026-01-19 08:09:16
9523,Classic,11,2026-01-19 08:09:16
9524,Feminine,28,2026-01-19 08:09:16
9524,Classic,17,2026-01-19 08:09:16
9524,Masculine,6,2026-01-19 08:09:16
9524,Modern,6,2026-01-19 08:09:16
9525,Masculine,96,2026-01-19 08:09:16
9525,Feminine,90,2026-01-19 08:09:16
9525,Modern,47,2026-01-19 08:09:16
9525,Classic,44,2026-01-19 08:09:16
9526,Masculine,14,2026-01-19 08:09:16
9526,Classic,8,2026-01-19 08:09:16
9526,Modern,6,2026-01-19 08:09:16
9527,Feminine,45,2026-01-19 08:09:16
9527,Modern,17,2026-01-19 08:09:16
9527,Classic,13,2026-01-19 08:09:16
9528,Feminine,34,2026-01-19 08:09:16
9528,Classic,18,2026-01-19 08:09:16
9528,Modern,14,2026-01-19 08:09:16
9529,Masculine,102,2026-01-19 08:09:16
9529,Feminine,84,2026-01-19 08:09:16
9529,Modern,46,2026-01-19 08:09:16
9529,Classic,44,2026-01-19 08:09:16
9530,Masculine,7,2026-01-19 08:09:16
9530,Classic,2,2026-01-19 08:09:16
9530,Modern,2,2026-01-19 08:09:16
9530,Feminine,1,2026-01-19 08:09:16
9531,Feminine,35,2026-01-19 08:09:16
9531,Modern,28,2026-01-19 08:09:16
9531,Classic,4,2026-01-19 08:09:16
9532,Feminine,30,2026-01-19 08:09:16
9532,Modern,19,2026-01-19 08:09:16
9532,Classic,8,2026-01-19 08:09:16
9532,Masculine,3,2026-01-19 08:09:16
9533,Masculine,83,2026-01-19 08:09:16
9533,Feminine,56,2026-01-19 08:09:16
9533,Classic,38,2026-01-19 08:09:16
9533,Modern,31,2026-01-19 08:09:16
9534,Masculine,5,2026-01-19 08:09:16
9534,Modern,3,2026-01-19 08:09:16
9534,Feminine,1,2026-01-19 08:09:16
9534,Classic,1,2026-01-19 08:09:16
9535,Feminine,45,2026-01-19 08:09:16
9535,Masculine,20,2026-01-19 08:09:16
9535,Classic,20,2026-01-19 08:09:16
9535,Modern,13,2026-01-19 08:09:16
9536,Feminine,25,2026-01-19 08:09:16
9536,Classic,13,2026-01-19 08:09:16
9536,Modern,13,2026-01-19 08:09:16
9536,Masculine,3,2026-01-19 08:09:16
9537,Masculine,68,2026-01-19 08:09:16
9537,Feminine,58,2026-01-19 08:09:16
9537,Classic,30,2026-01-19 08:09:16
9537,Modern,30,2026-01-19 08:09:16
9538,Masculine,34,2026-01-19 08:09:16
9538,Classic,16,2026-01-19 08:09:16
9538,Feminine,15,2026-01-19 08:09:16
9538,Modern,12,2026-01-19 08:09:16
9539,Masculine,28,2026-01-19 08:09:16
9539,Modern,16,2026-01-19 08:09:16
9539,Classic,4,2026-01-19 08:09:16
9539,Feminine,3,2026-01-19 08:09:16
9540,Masculine,20,2026-01-19 08:09:16
9540,Classic,15,2026-01-19 08:09:16
9540,Feminine,8,2026-01-19 08:09:16
9540,Modern,6,2026-01-19 08:09:16
9542,Feminine,35,2026-01-19 08:09:16
9542,Masculine,24,2026-01-19 08:09:16
9542,Classic,11,2026-01-19 08:09:16
9542,Modern,9,2026-01-19 08:09:16
9543,Feminine,36,2026-01-19 08:09:16
9543,Modern,19,2026-01-19 08:09:16
9543,Classic,11,2026-01-19 08:09:16
9544,Feminine,23,2026-01-19 08:09:16
9544,Masculine,22,2026-01-19 08:09:16
9544,Classic,13,2026-01-19 08:09:16
9544,Modern,11,2026-01-19 08:09:16
9545,Masculine,71,2026-01-19 08:09:16
9545,Feminine,43,2026-01-19 08:09:16
9545,Classic,35,2026-01-19 08:09:16
9545,Modern,28,2026-01-19 08:09:16
9546,Masculine,24,2026-01-19 08:09:16
9546,Feminine,18,2026-01-19 08:09:16
9546,Modern,13,2026-01-19 08:09:16
9546,Classic,11,2026-01-19 08:09:16
9547,Feminine,35,2026-01-19 08:09:16
9547,Modern,17,2026-01-19 08:09:16
9547,Classic,8,2026-01-19 08:09:16
9548,Feminine,28,2026-01-19 08:09:16
9548,Modern,19,2026-01-19 08:09:16
9548,Classic,15,2026-01-19 08:09:16
9548,Masculine,5,2026-01-19 08:09:16
9549,Feminine,43,2026-01-19 08:09:16
9549,Modern,23,2026-01-19 08:09:16
9549,Masculine,20,2026-01-19 08:09:16
9549,Classic,6,2026-01-19 08:09:16
9550,Feminine,42,2026-01-19 08:09:16
9550,Modern,17,2026-01-19 08:09:16
9550,Classic,12,2026-01-19 08:09:16
9550,Masculine,9,2026-01-19 08:09:16
9551,Feminine,29,2026-01-19 08:09:16
9551,Masculine,23,2026-01-19 08:09:16
9551,Modern,14,2026-01-19 08:09:16
9551,Classic,7,2026-01-19 08:09:16
9553,Feminine,18,2026-01-19 08:09:16
9553,Masculine,16,2026-01-19 08:09:16
9553,Classic,9,2026-01-19 08:09:16
9553,Modern,6,2026-01-19 08:09:16
9554,Feminine,28,2026-01-19 08:09:16
9554,Classic,13,2026-01-19 08:09:16
9554,Masculine,11,2026-01-19 08:09:16
9554,Modern,9,2026-01-19 08:09:16
9555,Feminine,37,2026-01-19 08:09:16
9555,Classic,17,2026-01-19 08:09:16
9555,Modern,17,2026-01-19 08:09:16
9556,Feminine,15,2026-01-19 08:09:16
9556,Classic,5,2026-01-19 08:09:16
9556,Modern,5,2026-01-19 08:09:16
9556,Masculine,2,2026-01-19 08:09:16
9557,Feminine,5,2026-01-19 08:09:16
9557,Modern,5,2026-01-19 08:09:16
9557,Masculine,4,2026-01-19 08:09:16
9558,Feminine,33,2026-01-19 08:09:16
9558,Masculine,22,2026-01-19 08:09:16
9558,Modern,18,2026-01-19 08:09:16
9558,Classic,12,2026-01-19 08:09:16
9559,Feminine,34,2026-01-19 08:09:16
9559,Modern,12,2026-01-19 08:09:16
9559,Classic,7,2026-01-19 08:09:16
9560,Feminine,22,2026-01-19 08:09:16
9560,Classic,16,2026-01-19 08:09:16
9560,Modern,8,2026-01-19 08:09:16
9561,Feminine,11,2026-01-19 08:09:16
9561,Classic,6,2026-01-19 08:09:16
9561,Modern,6,2026-01-19 08:09:16
9562,Feminine,32,2026-01-19 08:09:16
9562,Modern,24,2026-01-19 08:09:16
9562,Masculine,11,2026-01-19 08:09:16
9562,Classic,5,2026-01-19 08:09:16
9563,Masculine,23,2026-01-19 08:09:16
9563,Feminine,13,2026-01-19 08:09:16
9563,Modern,13,2026-01-19 08:09:16
9563,Classic,5,2026-01-19 08:09:16
9564,Masculine,14,2026-01-19 08:09:16
9564,Classic,7,2026-01-19 08:09:16
9564,Modern,7,2026-01-19 08:09:16
9565,Feminine,6,2026-01-19 08:09:16
9565,Modern,5,2026-01-19 08:09:16
9565,Masculine,3,2026-01-19 08:09:16
9565,Classic,2,2026-01-19 08:09:16
9566,Feminine,39,2026-01-19 08:09:16
9566,Masculine,36,2026-01-19 08:09:16
9566,Modern,25,2026-01-19 08:09:16
9566,Classic,12,2026-01-19 08:09:16
9567,Feminine,27,2026-01-19 08:09:16
9567,Modern,15,2026-01-19 08:09:16
9567,Classic,7,2026-01-19 08:09:16
9568,Masculine,16,2026-01-19 08:09:16
9568,Modern,10,2026-01-19 08:09:16
9568,Classic,5,2026-01-19 08:09:16
9568,Feminine,4,2026-01-19 08:09:16
9569,Feminine,29,2026-01-19 08:09:16
9569,Masculine,23,2026-01-19 08:09:16
9569,Classic,14,2026-01-19 08:09:16
9569,Modern,13,2026-01-19 08:09:16
9570,Masculine,6,2026-01-19 08:09:16
9570,Feminine,4,2026-01-19 08:09:16
9570,Classic,4,2026-01-19 08:09:16
9570,Modern,2,2026-01-19 08:09:16
9572,Feminine,17,2026-01-19 08:09:16
9572,Classic,8,2026-01-19 08:09:16
9572,Masculine,7,2026-01-19 08:09:16
9572,Modern,6,2026-01-19 08:09:16
9573,Feminine,46,2026-01-19 08:09:16
9573,Modern,21,2026-01-19 08:09:16
9573,Masculine,20,2026-01-19 08:09:16
9573,Classic,18,2026-01-19 08:09:16
9574,Feminine,6,2026-01-19 08:09:16
9574,Modern,2,2026-01-19 08:09:16
9575,Feminine,34,2026-01-19 08:09:16
9575,Modern,16,2026-01-19 08:09:16
9575,Classic,13,2026-01-19 08:09:16
9575,Masculine,5,2026-01-19 08:09:16
9576,Feminine,19,2026-01-19 08:09:16
9576,Modern,9,2026-01-19 08:09:16
9576,Classic,5,2026-01-19 08:09:16
9576,Masculine,3,2026-01-19 08:09:16
9577,Masculine,29,2026-01-19 08:09:16
9577,Feminine,29,2026-01-19 08:09:16
9577,Classic,8,2026-01-19 08:09:16
9577,Modern,8,2026-01-19 08:09:16
9580,Feminine,15,2026-01-19 08:09:16
9580,Classic,7,2026-01-19 08:09:16
9580,Modern,6,2026-01-19 08:09:16
9580,Masculine,3,2026-01-19 08:09:16
9581,Feminine,32,2026-01-19 08:09:16
9581,Modern,18,2026-01-19 08:09:16
9581,Classic,10,2026-01-19 08:09:16
9582,Feminine,10,2026-01-19 08:09:16
9582,Modern,8,2026-01-19 08:09:16
9582,Classic,3,2026-01-19 08:09:16
9583,Feminine,31,2026-01-19 08:09:16
9583,Modern,18,2026-01-19 08:09:16
9583,Classic,8,2026-01-19 08:09:16
9584,Masculine,12,2026-01-19 08:09:16
9584,Modern,7,2026-01-19 08:09:16
9584,Feminine,3,2026-01-19 08:09:16
9584,Classic,3,2026-01-19 08:09:16
9586,Masculine,38,2026-01-19 08:09:16
9586,Feminine,19,2026-01-19 08:09:16
9586,Classic,10,2026-01-19 08:09:16
9586,Modern,8,2026-01-19 08:09:16
9587,Feminine,31,2026-01-19 08:09:16
9587,Modern,14,2026-01-19 08:09:16
9587,Classic,7,2026-01-19 08:09:16
9588,Feminine,20,2026-01-19 08:09:16
9588,Classic,8,2026-01-19 08:09:16
9588,Modern,8,2026-01-19 08:09:16
9588,Masculine,4,2026-01-19 08:09:16
9589,Feminine,9,2026-01-19 08:09:16
9589,Modern,6,2026-01-19 08:09:16
9589,Classic,4,2026-01-19 08:09:16
9589,Masculine,2,2026-01-19 08:09:16
9590,Feminine,40,2026-01-19 08:09:16
9590,Masculine,24,2026-01-19 08:09:16
9590,Modern,16,2026-01-19 08:09:16
9590,Classic,14,2026-01-19 08:09:16
9593,Feminine,14,2026-01-19 08:09:16
9593,Modern,9,2026-01-19 08:09:16
9593,Classic,5,2026-01-19 08:09:16
9593,Masculine,2,2026-01-19 08:09:16
9594,Feminine,35,2026-01-19 08:09:16
9594,Modern,20,2026-01-19 08:09:16
9594,Classic,15,2026-01-19 08:09:16
9594,Masculine,11,2026-01-19 08:09:16
9595,Feminine,26,2026-01-19 08:09:16
9595,Classic,12,2026-01-19 08:09:16
9595,Modern,10,2026-01-19 08:09:16
9596,Masculine,8,2026-01-19 08:09:16
9596,Feminine,7,2026-01-19 08:09:16
9596,Modern,5,2026-01-19 08:09:16
9596,Classic,4,2026-01-19 08:09:16
9597,Feminine,13,2026-01-19 08:09:16
9597,Modern,7,2026-01-19 08:09:16
9597,Classic,3,2026-01-19 08:09:16
9598,Feminine,40,2026-01-19 08:09:16
9598,Classic,18,2026-01-19 08:09:16
9598,Modern,17,2026-01-19 08:09:16
9598,Masculine,15,2026-01-19 08:09:16
9599,Feminine,31,2026-01-19 08:09:16
9599,Modern,12,2026-01-19 08:09:16
9599,Classic,7,2026-01-19 08:09:16
9600,Feminine,15,2026-01-19 08:09:16
9600,Classic,12,2026-01-19 08:09:16
9600,Modern,5,2026-01-19 08:09:16
9600,Masculine,2,2026-01-19 08:09:16
9601,Masculine,17,2026-01-19 08:09:16
9601,Feminine,15,2026-01-19 08:09:16
9601,Modern,12,2026-01-19 08:09:16
9602,Feminine,33,2026-01-19 08:09:16
9602,Modern,14,2026-01-19 08:09:16
9602,Masculine,8,2026-01-19 08:09:16
9602,Classic,8,2026-01-19 08:09:16
9603,Masculine,23,2026-01-19 08:09:16
9603,Feminine,12,2026-01-19 08:09:16
9603,Classic,10,2026-01-19 08:09:16
9603,Modern,9,2026-01-19 08:09:16
9605,Feminine,28,2026-01-19 08:09:16
9605,Modern,16,2026-01-19 08:09:16
9605,Classic,11,2026-01-19 08:09:16
9605,Masculine,3,2026-01-19 08:09:16
9606,Masculine,11,2026-01-19 08:09:16
9606,Feminine,9,2026-01-19 08:09:16
9606,Modern,8,2026-01-19 08:09:16
9606,Classic,3,2026-01-19 08:09:16
9607,Masculine,16,2026-01-19 08:09:16
9607,Feminine,11,2026-01-19 08:09:16
9607,Modern,10,2026-01-19 08:09:16
9607,Classic,5,2026-01-19 08:09:16
9608,Feminine,13,2026-01-19 08:09:16
9608,Modern,9,2026-01-19 08:09:16
9608,Classic,4,2026-01-19 08:09:16
9609,Masculine,23,2026-01-19 08:09:16
9609,Feminine,16,2026-01-19 08:09:16
9609,Classic,10,2026-01-19 08:09:16
9609,Modern,6,2026-01-19 08:09:16
9610,Feminine,9,2026-01-19 08:09:16
9610,Modern,3,2026-01-19 08:09:16
9610,Classic,2,2026-01-19 08:09:16
9611,Feminine,31,2026-01-19 08:09:16
9611,Masculine,24,2026-01-19 08:09:16
9611,Classic,13,2026-01-19 08:09:16
9611,Modern,11,2026-01-19 08:09:16
9612,Feminine,7,2026-01-19 08:09:16
9612,Classic,3,2026-01-19 08:09:16
9612,Modern,3,2026-01-19 08:09:16
9613,Masculine,30,2026-01-19 08:09:16
9613,Feminine,30,2026-01-19 08:09:16
9613,Classic,12,2026-01-19 08:09:16
9613,Modern,9,2026-01-19 08:09:16
9614,Feminine,11,2026-01-19 08:09:16
9614,Classic,7,2026-01-19 08:09:16
9614,Masculine,3,2026-01-19 08:09:16
9614,Modern,3,2026-01-19 08:09:16
9615,Masculine,15,2026-01-19 08:09:16
9615,Feminine,10,2026-01-19 08:09:16
9615,Classic,4,2026-01-19 08:09:16
9615,Modern,4,2026-01-19 08:09:16
9616,Feminine,12,2026-01-19 08:09:16
9616,Modern,9,2026-01-19 08:09:16
9616,Classic,2,2026-01-19 08:09:16
9617,Masculine,5,2026-01-19 08:09:16
9617,Modern,5,2026-01-19 08:09:16
9617,Feminine,3,2026-01-19 08:09:16
9618,Feminine,7,2026-01-19 08:09:16
9618,Classic,4,2026-01-19 08:09:16
9618,Modern,3,2026-01-19 08:09:16
9618,Masculine,1,2026-01-19 08:09:16
9619,Masculine,24,2026-01-19 08:09:16
9619,Feminine,12,2026-01-19 08:09:16
9619,Modern,11,2026-01-19 08:09:16
9619,Classic,9,2026-01-19 08:09:16
9620,Masculine,9,2026-01-19 08:09:16
9620,Feminine,4,2026-01-19 08:09:16
9620,Modern,3,2026-01-19 08:09:16
9620,Classic,1,2026-01-19 08:09:16
9621,Masculine,11,2026-01-19 08:09:16
9621,Modern,8,2026-01-19 08:09:16
9621,Feminine,7,2026-01-19 08:09:16
9621,Classic,3,2026-01-19 08:09:16
9622,Masculine,7,2026-01-19 08:09:16
9622,Modern,5,2026-01-19 08:09:16
9622,Classic,3,2026-01-19 08:09:16
9623,Masculine,28,2026-01-19 08:09:16
9623,Modern,16,2026-01-19 08:09:16
9623,Classic,9,2026-01-19 08:09:16
9624,Feminine,8,2026-01-19 08:09:16
9624,Classic,4,2026-01-19 08:09:16
9624,Masculine,3,2026-01-19 08:09:16
9624,Modern,2,2026-01-19 08:09:16
9625,Masculine,9,2026-01-19 08:09:16
9625,Classic,7,2026-01-19 08:09:16
9625,Modern,4,2026-01-19 08:09:16
9625,Feminine,2,2026-01-19 08:09:16
9626,Masculine,7,2026-01-19 08:09:16
9626,Modern,7,2026-01-19 08:09:16
9626,Classic,3,2026-01-19 08:09:16
9626,Feminine,1,2026-01-19 08:09:16
9627,Masculine,20,2026-01-19 08:09:16
9627,Classic,10,2026-01-19 08:09:16
9627,Feminine,7,2026-01-19 08:09:16
9627,Modern,7,2026-01-19 08:09:16
9628,Masculine,7,2026-01-19 08:09:16
9628,Classic,3,2026-01-19 08:09:16
9628,Modern,3,2026-01-19 08:09:16
9629,Feminine,16,2026-01-19 08:09:16
9629,Modern,10,2026-01-19 08:09:16
9629,Classic,2,2026-01-19 08:09:16
9631,Masculine,23,2026-01-19 08:09:16
9631,Classic,11,2026-01-19 08:09:16
9631,Modern,11,2026-01-19 08:09:16
9631,Feminine,7,2026-01-19 08:09:16
9632,Classic,4,2026-01-19 08:09:16
9632,Masculine,3,2026-01-19 08:09:16
9632,Feminine,3,2026-01-19 08:09:16
9632,Modern,2,2026-01-19 08:09:16
9633,Masculine,9,2026-01-19 08:09:16
9633,Modern,8,2026-01-19 08:09:16
9633,Classic,3,2026-01-19 08:09:16
9635,Feminine,37,2026-01-19 08:09:16
9635,Classic,18,2026-01-19 08:09:16
9635,Modern,8,2026-01-19 08:09:16
9635,Masculine,5,2026-01-19 08:09:16
9636,Masculine,7,2026-01-19 08:09:16
9636,Modern,5,2026-01-19 08:09:16
9636,Classic,3,2026-01-19 08:09:16
9636,Feminine,1,2026-01-19 08:09:16
9637,Feminine,11,2026-01-19 08:09:16
9637,Modern,7,2026-01-19 08:09:16
9637,Classic,4,2026-01-19 08:09:16
9639,Feminine,21,2026-01-19 08:09:16
9639,Classic,9,2026-01-19 08:09:16
9639,Modern,3,2026-01-19 08:09:16
9641,Feminine,8,2026-01-19 08:09:16
9641,Modern,5,2026-01-19 08:09:16
9641,Classic,4,2026-01-19 08:09:16
9641,Masculine,1,2026-01-19 08:09:16
9642,Feminine,26,2026-01-19 08:09:16
9642,Modern,14,2026-01-19 08:09:16
9642,Masculine,13,2026-01-19 08:09:16
9642,Classic,6,2026-01-19 08:09:16
9643,Feminine,24,2026-01-19 08:09:16
9643,Classic,9,2026-01-19 08:09:16
9643,Modern,9,2026-01-19 08:09:16
9643,Masculine,2,2026-01-19 08:09:16
9644,Feminine,7,2026-01-19 08:09:16
9644,Modern,5,2026-01-19 08:09:16
9644,Masculine,4,2026-01-19 08:09:16
9644,Classic,4,2026-01-19 08:09:16
9645,Masculine,8,2026-01-19 08:09:16
9645,Modern,6,2026-01-19 08:09:16
9645,Feminine,3,2026-01-19 08:09:16
9645,Classic,1,2026-01-19 08:09:16
9646,Feminine,28,2026-01-19 08:09:16
9646,Masculine,23,2026-01-19 08:09:16
9646,Modern,17,2026-01-19 08:09:16
9646,Classic,10,2026-01-19 08:09:16
9647,Feminine,16,2026-01-19 08:09:16
9647,Modern,8,2026-01-19 08:09:16
9647,Classic,2,2026-01-19 08:09:16
9648,Feminine,6,2026-01-19 08:09:16
9648,Classic,3,2026-01-19 08:09:16
9648,Modern,3,2026-01-19 08:09:16
9648,Masculine,2,2026-01-19 08:09:16
9649,Feminine,8,2026-01-19 08:09:16
9649,Modern,7,2026-01-19 08:09:16
9649,Classic,2,2026-01-19 08:09:16
9650,Feminine,26,2026-01-19 08:09:16
9650,Masculine,13,2026-01-19 08:09:16
9650,Modern,13,2026-01-19 08:09:16
9650,Classic,11,2026-01-19 08:09:16
9651,Feminine,20,2026-01-19 08:09:16
9651,Modern,5,2026-01-19 08:09:16
9651,Classic,3,2026-01-19 08:09:16
9652,Masculine,4,2026-01-19 08:09:16
9652,Modern,4,2026-01-19 08:09:16
9652,Classic,3,2026-01-19 08:09:16
9653,Feminine,10,2026-01-19 08:09:16
9653,Modern,9,2026-01-19 08:09:16
9653,Masculine,6,2026-01-19 08:09:16
9653,Classic,3,2026-01-19 08:09:16
9654,Feminine,13,2026-01-19 08:09:16
9654,Modern,7,2026-01-19 08:09:16
9654,Classic,4,2026-01-19 08:09:16
9655,Feminine,21,2026-01-19 08:09:16
9655,Modern,8,2026-01-19 08:09:16
9655,Classic,5,2026-01-19 08:09:16
9656,Masculine,4,2026-01-19 08:09:16
9656,Modern,2,2026-01-19 08:09:16
9656,Classic,1,2026-01-19 08:09:16
9657,Feminine,9,2026-01-19 08:09:16
9657,Classic,4,2026-01-19 08:09:16
9657,Modern,4,2026-01-19 08:09:16
9658,Feminine,33,2026-01-19 08:09:16
9658,Modern,15,2026-01-19 08:09:16
9658,Classic,10,2026-01-19 08:09:16
9658,Masculine,4,2026-01-19 08:09:16
9659,Feminine,24,2026-01-19 08:09:16
9659,Classic,8,2026-01-19 08:09:16
9659,Modern,6,2026-01-19 08:09:16
9662,Feminine,12,2026-01-19 08:09:16
9662,Modern,8,2026-01-19 08:09:16
9662,Classic,2,2026-01-19 08:09:16
9662,Masculine,1,2026-01-19 08:09:16
9664,Masculine,6,2026-01-19 08:09:16
9664,Modern,4,2026-01-19 08:09:16
9664,Classic,3,2026-01-19 08:09:16
9666,Masculine,20,2026-01-19 08:09:16
9666,Feminine,17,2026-01-19 08:09:16
9666,Classic,7,2026-01-19 08:09:16
9666,Modern,6,2026-01-19 08:09:16
9667,Masculine,16,2026-01-19 08:09:16
9667,Feminine,14,2026-01-19 08:09:16
9667,Modern,8,2026-01-19 08:09:16
9667,Classic,5,2026-01-19 08:09:16
9668,Feminine,2,2026-01-19 08:09:16
9668,Masculine,1,2026-01-19 08:09:16
9668,Modern,1,2026-01-19 08:09:16
9670,Masculine,8,2026-01-19 08:09:16
9670,Feminine,5,2026-01-19 08:09:16
9670,Classic,4,2026-01-19 08:09:16
9670,Modern,3,2026-01-19 08:09:16
9671,Feminine,24,2026-01-19 08:09:16
9671,Modern,18,2026-01-19 08:09:16
9671,Classic,9,2026-01-19 08:09:16
9672,Feminine,9,2026-01-19 08:09:16
9672,Classic,5,2026-01-19 08:09:16
9672,Modern,5,2026-01-19 08:09:16
9674,Feminine,23,2026-01-19 08:09:16
9674,Modern,14,2026-01-19 08:09:16
9674,Classic,2,2026-01-19 08:09:16
9675,Masculine,22,2026-01-19 08:09:16
9675,Feminine,20,2026-01-19 08:09:16
9675,Modern,12,2026-01-19 08:09:16
9675,Classic,9,2026-01-19 08:09:16
9676,Feminine,6,2026-01-19 08:09:16
9676,Modern,6,2026-01-19 08:09:16
9676,Classic,3,2026-01-19 08:09:16
9679,Feminine,16,2026-01-19 08:09:16
9679,Modern,9,2026-01-19 08:09:16
9679,Masculine,8,2026-01-19 08:09:16
9679,Classic,5,2026-01-19 08:09:16
9680,Feminine,7,2026-01-19 08:09:16
9680,Classic,3,2026-01-19 08:09:16
9680,Modern,3,2026-01-19 08:09:16
9682,Masculine,18,2026-01-19 08:09:16
9682,Modern,14,2026-01-19 08:09:16
9682,Feminine,3,2026-01-19 08:09:16
9682,Classic,2,2026-01-19 08:09:16
9683,Feminine,24,2026-01-19 08:09:16
9683,Modern,10,2026-01-19 08:09:16
9683,Classic,7,2026-01-19 08:09:16
9683,Masculine,5,2026-01-19 08:09:16
9684,Masculine,12,2026-01-19 08:09:16
9684,Classic,10,2026-01-19 08:09:16
9684,Modern,4,2026-01-19 08:09:16
9684,Feminine,2,2026-01-19 08:09:16
9686,Masculine,13,2026-01-19 08:09:16
9686,Modern,11,2026-01-19 08:09:16
9686,Classic,6,2026-01-19 08:09:16
9686,Feminine,5,2026-01-19 08:09:16
9687,Feminine,26,2026-01-19 08:09:16
9687,Modern,10,2026-01-19 08:09:16
9687,Classic,8,2026-01-19 08:09:16
9687,Masculine,7,2026-01-19 08:09:16
9688,Feminine,17,2026-01-19 08:09:16
9688,Modern,8,2026-01-19 08:09:16
9688,Classic,4,2026-01-19 08:09:16
9690,Masculine,9,2026-01-19 08:09:16
9690,Feminine,5,2026-01-19 08:09:16
9690,Modern,5,2026-01-19 08:09:16
9690,Classic,3,2026-01-19 08:09:16
9691,Feminine,26,2026-01-19 08:09:16
9691,Modern,15,2026-01-19 08:09:16
9691,Classic,10,2026-01-19 08:09:16
9691,Masculine,4,2026-01-19 08:09:16
9692,Feminine,8,2026-01-19 08:09:16
9692,Masculine,2,2026-01-19 08:09:16
9692,Classic,2,2026-01-19 08:09:16
9692,Modern,2,2026-01-19 08:09:16
9694,Feminine,19,2026-01-19 08:09:16
9694,Modern,15,2026-01-19 08:09:16
9694,Classic,6,2026-01-19 08:09:16
9695,Feminine,27,2026-01-19 08:09:16
9695,Modern,13,2026-01-19 08:09:16
9695,Masculine,12,2026-01-19 08:09:16
9695,Classic,11,2026-01-19 08:09:16
9696,Feminine,9,2026-01-19 08:09:16
9696,Classic,5,2026-01-19 08:09:16
9696,Modern,4,2026-01-19 08:09:16
9696,Masculine,2,2026-01-19 08:09:16
9698,Masculine,20,2026-01-19 08:09:16
9698,Modern,12,2026-01-19 08:09:16
9698,Classic,5,2026-01-19 08:09:16
9698,Feminine,2,2026-01-19 08:09:16
9699,Masculine,17,2026-01-19 08:09:16
9699,Feminine,15,2026-01-19 08:09:16
9699,Modern,15,2026-01-19 08:09:16
9699,Classic,4,2026-01-19 08:09:16
9700,Feminine,9,2026-01-19 08:09:16
9700,Modern,6,2026-01-19 08:09:16
9700,Classic,3,2026-01-19 08:09:16
9701,Feminine,2,2026-01-19 08:09:16
9702,Feminine,23,2026-01-19 08:09:16
9702,Masculine,18,2026-01-19 08:09:16
9702,Modern,12,2026-01-19 08:09:16
9702,Classic,10,2026-01-19 08:09:16
9703,Masculine,23,2026-01-19 08:09:16
9703,Modern,13,2026-01-19 08:09:16
9703,Feminine,4,2026-01-19 08:09:16
9703,Classic,4,2026-01-19 08:09:16
9704,Feminine,12,2026-01-19 08:09:16
9704,Modern,5,2026-01-19 08:09:16
9704,Classic,3,2026-01-19 08:09:16
9706,Feminine,20,2026-01-19 08:09:16
9706,Masculine,15,2026-01-19 08:09:16
9706,Classic,7,2026-01-19 08:09:16
9706,Modern,6,2026-01-19 08:09:16
9707,Feminine,17,2026-01-19 08:09:16
9707,Modern,7,2026-01-19 08:09:16
9707,Classic,6,2026-01-19 08:09:16
9708,Masculine,8,2026-01-19 08:09:16
9708,Modern,4,2026-01-19 08:09:16
9708,Classic,3,2026-01-19 08:09:16
9708,Feminine,2,2026-01-19 08:09:16
9710,Feminine,21,2026-01-19 08:09:16
9710,Modern,12,2026-01-19 08:09:16
9710,Classic,11,2026-01-19 08:09:16
9710,Masculine,4,2026-01-19 08:09:16
9711,Masculine,20,2026-01-19 08:09:16
9711,Feminine,20,2026-01-19 08:09:16
9711,Classic,8,2026-01-19 08:09:16
9711,Modern,8,2026-01-19 08:09:16
9712,Feminine,9,2026-01-19 08:09:16
9712,Classic,5,2026-01-19 08:09:16
9712,Modern,4,2026-01-19 08:09:16
9714,Feminine,17,2026-01-19 08:09:16
9714,Masculine,12,2026-01-19 08:09:16
9714,Classic,8,2026-01-19 08:09:16
9714,Modern,5,2026-01-19 08:09:16
9715,Feminine,20,2026-01-19 08:09:16
9715,Classic,10,2026-01-19 08:09:16
9715,Modern,5,2026-01-19 08:09:16
9715,Masculine,3,2026-01-19 08:09:16
9718,Masculine,10,2026-01-19 08:09:16
9718,Modern,5,2026-01-19 08:09:16
9718,Feminine,4,2026-01-19 08:09:16
9718,Classic,4,2026-01-19 08:09:16
9719,Feminine,29,2026-01-19 08:09:16
9719,Modern,18,2026-01-19 08:09:16
9719,Masculine,17,2026-01-19 08:09:16
9719,Classic,14,2026-01-19 08:09:16
9722,Feminine,21,2026-01-19 08:09:16
9722,Modern,14,2026-01-19 08:09:16
9722,Classic,7,2026-01-19 08:09:16
9725,Feminine,9,2026-01-19 08:09:16
9725,Modern,5,2026-01-19 08:09:16
9725,Classic,2,2026-01-19 08:09:16
9726,Masculine,22,2026-01-19 08:09:16
9726,Feminine,15,2026-01-19 08:09:16
9726,Classic,8,2026-01-19 08:09:16
9726,Modern,5,2026-01-19 08:09:16
9727,Feminine,11,2026-01-19 08:09:16
9727,Classic,8,2026-01-19 08:09:16
9727,Masculine,2,2026-01-19 08:09:16
9730,Feminine,10,2026-01-19 08:09:16
9730,Classic,5,2026-01-19 08:09:16
9730,Masculine,4,2026-01-19 08:09:16
9730,Modern,3,2026-01-19 08:09:16
9732,Masculine,12,2026-01-19 08:09:16
9732,Feminine,12,2026-01-19 08:09:16
9732,Classic,6,2026-01-19 08:09:16
9732,Modern,4,2026-01-19 08:09:16
9733,Feminine,8,2026-01-19 08:09:16
9733,Modern,6,2026-01-19 08:09:16
9733,Classic,2,2026-01-19 08:09:16
9734,Masculine,7,2026-01-19 08:09:16
9734,Classic,7,2026-01-19 08:09:16
9734,Feminine,6,2026-01-19 08:09:16
9734,Modern,4,2026-01-19 08:09:16
9736,Feminine,29,2026-01-19 08:09:16
9736,Masculine,24,2026-01-19 08:09:16
9736,Classic,13,2026-01-19 08:09:16
9736,Modern,13,2026-01-19 08:09:16
9737,Feminine,5,2026-01-19 08:09:16
9737,Classic,4,2026-01-19 08:09:16
9738,Feminine,15,2026-01-19 08:09:16
9738,Modern,6,2026-01-19 08:09:16
9738,Classic,2,2026-01-19 08:09:16
9739,Masculine,7,2026-01-19 08:09:16
9739,Modern,5,2026-01-19 08:09:16
9739,Classic,4,2026-01-19 08:09:16
9739,Feminine,2,2026-01-19 08:09:16
9740,Feminine,20,2026-01-19 08:09:16
9740,Masculine,19,2026-01-19 08:09:16
9740,Modern,11,2026-01-19 08:09:16
9740,Classic,9,2026-01-19 08:09:16
9741,Feminine,6,2026-01-19 08:09:16
9741,Modern,2,2026-01-19 08:09:16
9742,Feminine,15,2026-01-19 08:09:16
9742,Modern,9,2026-01-19 08:09:16
9742,Classic,3,2026-01-19 08:09:16
9743,Masculine,6,2026-01-19 08:09:16
9743,Modern,3,2026-01-19 08:09:16
9743,Classic,1,2026-01-19 08:09:16
9744,Feminine,14,2026-01-19 08:09:16
9744,Modern,8,2026-01-19 08:09:16
9744,Classic,6,2026-01-19 08:09:16
9744,Masculine,5,2026-01-19 08:09:16
9745,Feminine,3,2026-01-19 08:09:16
9745,Classic,1,2026-01-19 08:09:16
9745,Modern,1,2026-01-19 08:09:16
9746,Feminine,9,2026-01-19 08:09:16
9746,Modern,4,2026-01-19 08:09:16
9746,Classic,3,2026-01-19 08:09:16
9746,Masculine,1,2026-01-19 08:09:16
9747,Masculine,8,2026-01-19 08:09:16
9747,Modern,7,2026-01-19 08:09:16
9747,Classic,2,2026-01-19 08:09:16
9747,Feminine,1,2026-01-19 08:09:16
9748,Feminine,25,2026-01-19 08:09:16
9748,Modern,10,2026-01-19 08:09:16
9748,Classic,6,2026-01-19 08:09:16
9748,Masculine,4,2026-01-19 08:09:16
9750,Feminine,10,2026-01-19 08:09:16
9750,Modern,8,2026-01-19 08:09:16
9750,Classic,5,2026-01-19 08:09:16
9750,Masculine,3,2026-01-19 08:09:16
9751,Masculine,14,2026-01-19 08:09:16
9751,Feminine,12,2026-01-19 08:09:16
9751,Classic,9,2026-01-19 08:09:16
9751,Modern,7,2026-01-19 08:09:16
9752,Masculine,25,2026-01-19 08:09:16
9752,Feminine,23,2026-01-19 08:09:16
9752,Classic,13,2026-01-19 08:09:16
9752,Modern,12,2026-01-19 08:09:16
9755,Feminine,12,2026-01-19 08:09:16
9755,Modern,8,2026-01-19 08:09:16
9755,Classic,4,2026-01-19 08:09:16
9755,Masculine,2,2026-01-19 08:09:16
9756,Feminine,21,2026-01-19 08:09:16
9756,Masculine,18,2026-01-19 08:09:16
9756,Classic,10,2026-01-19 08:09:16
9756,Modern,8,2026-01-19 08:09:16
9757,Masculine,4,2026-01-19 08:09:16
9757,Classic,2,2026-01-19 08:09:16
9757,Modern,1,2026-01-19 08:09:16
9758,Modern,4,2026-01-19 08:09:16
9758,Feminine,3,2026-01-19 08:09:16
9758,Classic,2,2026-01-19 08:09:16
9759,Feminine,15,2026-01-19 08:09:16
9759,Modern,8,2026-01-19 08:09:16
9759,Classic,5,2026-01-19 08:09:16
9760,Masculine,22,2026-01-19 08:09:16
9760,Feminine,22,2026-01-19 08:09:16
9760,Classic,11,2026-01-19 08:09:16
9760,Modern,8,2026-01-19 08:09:16
9762,Feminine,6,2026-01-19 08:09:16
9762,Modern,4,2026-01-19 08:09:16
9762,Classic,3,2026-01-19 08:09:16
9763,Feminine,7,2026-01-19 08:09:16
9763,Classic,4,2026-01-19 08:09:16
9763,Masculine,3,2026-01-19 08:09:16
9763,Modern,3,2026-01-19 08:09:16
9764,Feminine,17,2026-01-19 08:09:16
9764,Masculine,15,2026-01-19 08:09:16
9764,Modern,6,2026-01-19 08:09:16
9764,Classic,4,2026-01-19 08:09:16
9765,Masculine,3,2026-01-19 08:09:16
9765,Classic,3,2026-01-19 08:09:16
9765,Modern,1,2026-01-19 08:09:16
9766,Masculine,20,2026-01-19 08:09:16
9766,Feminine,12,2026-01-19 08:09:16
9766,Classic,6,2026-01-19 08:09:16
9766,Modern,4,2026-01-19 08:09:16
9767,Feminine,12,2026-01-19 08:09:16
9767,Modern,8,2026-01-19 08:09:16
9767,Classic,3,2026-01-19 08:09:16
9768,Feminine,11,2026-01-19 08:09:16
9768,Masculine,6,2026-01-19 08:09:16
9768,Classic,4,2026-01-19 08:09:16
9768,Modern,2,2026-01-19 08:09:16
9770,Masculine,3,2026-01-19 08:09:16
9770,Feminine,3,2026-01-19 08:09:16
9770,Modern,2,2026-01-19 08:09:16
9770,Classic,1,2026-01-19 08:09:16
9771,Feminine,21,2026-01-19 08:09:16
9771,Classic,11,2026-01-19 08:09:16
9771,Modern,11,2026-01-19 08:09:16
9771,Masculine,6,2026-01-19 08:09:16
9772,Masculine,14,2026-01-19 08:09:16
9772,Feminine,13,2026-01-19 08:09:16
9772,Modern,6,2026-01-19 08:09:16
9772,Classic,5,2026-01-19 08:09:16
9774,Feminine,5,2026-01-19 08:09:16
9774,Modern,4,2026-01-19 08:09:16
9774,Masculine,2,2026-01-19 08:09:16
9774,Classic,1,2026-01-19 08:09:16
9775,Feminine,18,2026-01-19 08:09:16
9775,Masculine,12,2026-01-19 08:09:16
9775,Modern,9,2026-01-19 08:09:16
9775,Classic,6,2026-01-19 08:09:16
9776,Masculine,11,2026-01-19 08:09:16
9776,Feminine,7,2026-01-19 08:09:16
9776,Classic,2,2026-01-19 08:09:16
9776,Modern,1,2026-01-19 08:09:16
9778,Feminine,5,2026-01-19 08:09:16
9778,Masculine,1,2026-01-19 08:09:16
9778,Classic,1,2026-01-19 08:09:16
9778,Modern,1,2026-01-19 08:09:16
9779,Feminine,16,2026-01-19 08:09:16
9779,Classic,8,2026-01-19 08:09:16
9779,Modern,4,2026-01-19 08:09:16
9780,Feminine,14,2026-01-19 08:09:16
9780,Classic,5,2026-01-19 08:09:16
9780,Modern,4,2026-01-19 08:09:16
9780,Masculine,2,2026-01-19 08:09:16
9782,Feminine,2,2026-01-19 08:09:16
9782,Modern,1,2026-01-19 08:09:16
9783,Feminine,25,2026-01-19 08:09:16
9783,Modern,13,2026-01-19 08:09:16
9783,Classic,11,2026-01-19 08:09:16
9783,Masculine,4,2026-01-19 08:09:16
9784,Feminine,12,2026-01-19 08:09:16
9784,Modern,4,2026-01-19 08:09:16
9784,Classic,2,2026-01-19 08:09:16
9784,Masculine,1,2026-01-19 08:09:16
9787,Feminine,15,2026-01-19 08:09:16
9787,Modern,5,2026-01-19 08:09:16
9787,Classic,4,2026-01-19 08:09:16
9787,Masculine,2,2026-01-19 08:09:16
9788,Feminine,14,2026-01-19 08:09:16
9788,Modern,2,2026-01-19 08:09:16
9790,Feminine,2,2026-01-19 08:09:16
9790,Masculine,1,2026-01-19 08:09:16
9790,Modern,1,2026-01-19 08:09:16
9793,Masculine,2,2026-01-19 08:09:16
9793,Classic,2,2026-01-19 08:09:16
9793,Modern,2,2026-01-19 08:09:16
9794,Masculine,2,2026-01-19 08:09:16
9794,Feminine,1,2026-01-19 08:09:16
9794,Classic,1,2026-01-19 08:09:16
9794,Modern,1,2026-01-19 08:09:16
9795,Masculine,10,2026-01-19 08:09:16
9795,Modern,10,2026-01-19 08:09:16
9795,Feminine,9,2026-01-19 08:09:16
9795,Classic,2,2026-01-19 08:09:16
9796,Feminine,9,2026-01-19 08:09:16
9796,Modern,4,2026-01-19 08:09:16
9796,Classic,2,2026-01-19 08:09:16
9796,Masculine,1,2026-01-19 08:09:16
9798,Masculine,3,2026-01-19 08:09:16
9798,Feminine,3,2026-01-19 08:09:16
9798,Classic,1,2026-01-19 08:09:16
9798,Modern,1,2026-01-19 08:09:16
9799,Masculine,10,2026-01-19 08:09:16
9799,Feminine,10,2026-01-19 08:09:16
9799,Modern,8,2026-01-19 08:09:16
9800,Masculine,8,2026-01-19 08:09:16
9800,Feminine,7,2026-01-19 08:09:16
9800,Classic,2,2026-01-19 08:09:16
9800,Modern,2,2026-01-19 08:09:16
9801,Feminine,4,2026-01-19 08:09:16
9801,Modern,4,2026-01-19 08:09:16
9801,Classic,2,2026-01-19 08:09:16
9801,Masculine,1,2026-01-19 08:09:16
9802,Feminine,3,2026-01-19 08:09:16
9802,Masculine,1,2026-01-19 08:09:16
9802,Classic,1,2026-01-19 08:09:16
9802,Modern,1,2026-01-19 08:09:16
9803,Feminine,18,2026-01-19 08:09:16
9803,Masculine,12,2026-01-19 08:09:16
9803,Classic,7,2026-01-19 08:09:16
9803,Modern,6,2026-01-19 08:09:16
9804,Feminine,8,2026-01-19 08:09:16
9804,Modern,6,2026-01-19 08:09:16
9804,Classic,3,2026-01-19 08:09:16
9806,Feminine,3,2026-01-19 08:09:16
9806,Classic,2,2026-01-19 08:09:16
9806,Masculine,1,2026-01-19 08:09:16
9806,Modern,1,2026-01-19 08:09:16
9807,Feminine,18,2026-01-19 08:09:16
9807,Masculine,13,2026-01-19 08:09:16
9807,Modern,13,2026-01-19 08:09:16
9807,Classic,4,2026-01-19 08:09:16
9808,Masculine,4,2026-01-19 08:09:16
9808,Feminine,4,2026-01-19 08:09:16
9808,Classic,1,2026-01-19 08:09:16
9808,Modern,1,2026-01-19 08:09:16
9811,Feminine,17,2026-01-19 08:09:16
9811,Classic,10,2026-01-19 08:09:16
9811,Masculine,6,2026-01-19 08:09:16
9811,Modern,6,2026-01-19 08:09:16
9812,Masculine,13,2026-01-19 08:09:16
9812,Feminine,8,2026-01-19 08:09:16
9812,Classic,5,2026-01-19 08:09:16
9812,Modern,2,2026-01-19 08:09:16
9815,Feminine,8,2026-01-19 08:09:16
9815,Classic,4,2026-01-19 08:09:16
9815,Modern,4,2026-01-19 08:09:16
9816,Feminine,13,2026-01-19 08:09:16
9816,Masculine,12,2026-01-19 08:09:16
9816,Modern,9,2026-01-19 08:09:16
9816,Classic,5,2026-01-19 08:09:16
9818,Feminine,7,2026-01-19 08:09:16
9818,Classic,4,2026-01-19 08:09:16
9818,Modern,3,2026-01-19 08:09:16
9818,Masculine,1,2026-01-19 08:09:16
9820,Feminine,17,2026-01-19 08:09:16
9820,Classic,10,2026-01-19 08:09:16
9820,Modern,7,2026-01-19 08:09:16
9820,Masculine,5,2026-01-19 08:09:16
9821,Masculine,1,2026-01-19 08:09:16
9821,Classic,1,2026-01-19 08:09:16
9822,Feminine,4,2026-01-19 08:09:16
9822,Masculine,3,2026-01-19 08:09:16
9822,Classic,2,2026-01-19 08:09:16
9822,Modern,2,2026-01-19 08:09:16
9823,Feminine,7,2026-01-19 08:09:16
9823,Modern,5,2026-01-19 08:09:16
9823,Classic,1,2026-01-19 08:09:16
9824,Feminine,16,2026-01-19 08:09:16
9824,Modern,9,2026-01-19 08:09:16
9824,Classic,4,2026-01-19 08:09:16
9825,Feminine,1,2026-01-19 08:09:16
9825,Classic,1,2026-01-19 08:09:16
9826,Masculine,5,2026-01-19 08:09:16
9826,Feminine,4,2026-01-19 08:09:16
9826,Classic,1,2026-01-19 08:09:16
9826,Modern,1,2026-01-19 08:09:16
9827,Feminine,14,2026-01-19 08:09:16
9827,Classic,10,2026-01-19 08:09:16
9827,Masculine,9,2026-01-19 08:09:16
9827,Modern,6,2026-01-19 08:09:16
9828,Feminine,22,2026-01-19 08:09:16
9828,Masculine,11,2026-01-19 08:09:16
9828,Modern,10,2026-01-19 08:09:16
9828,Classic,6,2026-01-19 08:09:16
9829,Feminine,3,2026-01-19 08:09:16
9829,Classic,1,2026-01-19 08:09:16
9829,Modern,1,2026-01-19 08:09:16
9830,Feminine,3,2026-01-19 08:09:16
9830,Masculine,2,2026-01-19 08:09:16
9830,Classic,1,2026-01-19 08:09:16
9830,Modern,1,2026-01-19 08:09:16
9831,Feminine,11,2026-01-19 08:09:16
9831,Classic,6,2026-01-19 08:09:16
9831,Modern,4,2026-01-19 08:09:16
9831,Masculine,1,2026-01-19 08:09:16
9832,Masculine,15,2026-01-19 08:09:16
9832,Feminine,12,2026-01-19 08:09:16
9832,Classic,5,2026-01-19 08:09:16
9832,Modern,4,2026-01-19 08:09:16
9835,Feminine,11,2026-01-19 08:09:16
9835,Modern,7,2026-01-19 08:09:16
9835,Classic,5,2026-01-19 08:09:16
9835,Masculine,2,2026-01-19 08:09:16
9836,Feminine,13,2026-01-19 08:09:16
9836,Masculine,10,2026-01-19 08:09:16
9836,Modern,7,2026-01-19 08:09:16
9836,Classic,4,2026-01-19 08:09:16
9839,Feminine,16,2026-01-19 08:09:16
9839,Modern,6,2026-01-19 08:09:16
9839,Classic,4,2026-01-19 08:09:16
9840,Feminine,11,2026-01-19 08:09:16
9840,Classic,4,2026-01-19 08:09:16
9840,Modern,4,2026-01-19 08:09:16
9842,Masculine,3,2026-01-19 08:09:16
9842,Feminine,2,2026-01-19 08:09:16
9842,Classic,1,2026-01-19 08:09:16
9842,Modern,1,2026-01-19 08:09:16
9843,Feminine,15,2026-01-19 08:09:16
9843,Masculine,12,2026-01-19 08:09:16
9843,Modern,6,2026-01-19 08:09:16
9843,Classic,5,2026-01-19 08:09:16
9844,Masculine,5,2026-01-19 08:09:16
9844,Feminine,3,2026-01-19 08:09:16
9844,Classic,2,2026-01-19 08:09:16
9844,Modern,1,2026-01-19 08:09:16
9846,Modern,2,2026-01-19 08:09:16
9846,Feminine,1,2026-01-19 08:09:16
9847,Modern,11,2026-01-19 08:09:16
9847,Masculine,10,2026-01-19 08:09:16
9847,Feminine,9,2026-01-19 08:09:16
9847,Classic,3,2026-01-19 08:09:16
9848,Masculine,14,2026-01-19 08:09:16
9848,Classic,10,2026-01-19 08:09:16
9848,Modern,3,2026-01-19 08:09:16
9848,Feminine,2,2026-01-19 08:09:16
9850,Feminine,2,2026-01-19 08:09:16
9850,Modern,2,2026-01-19 08:09:16
9850,Masculine,1,2026-01-19 08:09:16
9850,Classic,1,2026-01-19 08:09:16
9851,Feminine,13,2026-01-19 08:09:16
9851,Masculine,12,2026-01-19 08:09:16
9851,Modern,9,2026-01-19 08:09:16
9851,Classic,5,2026-01-19 08:09:16
9852,Feminine,5,2026-01-19 08:09:16
9852,Masculine,2,2026-01-19 08:09:16
9852,Classic,1,2026-01-19 08:09:16
9852,Modern,1,2026-01-19 08:09:16
9854,Masculine,2,2026-01-19 08:09:16
9854,Feminine,2,2026-01-19 08:09:16
9854,Classic,1,2026-01-19 08:09:16
9855,Feminine,12,2026-01-19 08:09:16
9855,Masculine,11,2026-01-19 08:09:16
9855,Modern,5,2026-01-19 08:09:16
9855,Classic,2,2026-01-19 08:09:16
9856,Feminine,12,2026-01-19 08:09:16
9856,Modern,7,2026-01-19 08:09:16
9856,Classic,4,2026-01-19 08:09:16
9856,Masculine,1,2026-01-19 08:09:16
9858,Feminine,4,2026-01-19 08:09:16
9858,Masculine,3,2026-01-19 08:09:16
9858,Classic,3,2026-01-19 08:09:16
9858,Modern,2,2026-01-19 08:09:16
9859,Feminine,9,2026-01-19 08:09:16
9859,Classic,2,2026-01-19 08:09:16
9859,Modern,2,2026-01-19 08:09:16
9859,Masculine,1,2026-01-19 08:09:16
9860,Feminine,9,2026-01-19 08:09:16
9860,Classic,6,2026-01-19 08:09:16
9860,Masculine,1,2026-01-19 08:09:16
9860,Modern,1,2026-01-19 08:09:16
9863,Feminine,11,2026-01-19 08:09:16
9863,Masculine,7,2026-01-19 08:09:16
9863,Classic,7,2026-01-19 08:09:16
9863,Modern,4,2026-01-19 08:09:16
9866,Feminine,3,2026-01-19 08:09:16
9866,Masculine,2,2026-01-19 08:09:16
9866,Classic,1,2026-01-19 08:09:16
9866,Modern,1,2026-01-19 08:09:16
9867,Feminine,8,2026-01-19 08:09:16
9867,Modern,7,2026-01-19 08:09:16
9867,Masculine,6,2026-01-19 08:09:16
9867,Classic,2,2026-01-19 08:09:16
9868,Feminine,8,2026-01-19 08:09:16
9868,Modern,4,2026-01-19 08:09:16
9868,Classic,3,2026-01-19 08:09:16
9868,Masculine,1,2026-01-19 08:09:16
9870,Feminine,2,2026-01-19 08:09:16
9870,Masculine,1,2026-01-19 08:09:16
9870,Classic,1,2026-01-19 08:09:16
9870,Modern,1,2026-01-19 08:09:16
9871,Feminine,14,2026-01-19 08:09:16
9871,Modern,5,2026-01-19 08:09:16
9871,Classic,3,2026-01-19 08:09:16
9872,Feminine,14,2026-01-19 08:09:16
9872,Masculine,8,2026-01-19 08:09:16
9872,Modern,8,2026-01-19 08:09:16
9872,Classic,5,2026-01-19 08:09:16
9874,Masculine,7,2026-01-19 08:09:16
9874,Feminine,7,2026-01-19 08:09:16
9874,Modern,3,2026-01-19 08:09:16
9874,Classic,2,2026-01-19 08:09:16
9875,Feminine,17,2026-01-19 08:09:16
9875,Modern,5,2026-01-19 08:09:16
9875,Masculine,4,2026-01-19 08:09:16
9875,Classic,3,2026-01-19 08:09:16
9876,Feminine,9,2026-01-19 08:09:16
9876,Modern,8,2026-01-19 08:09:16
9876,Classic,4,2026-01-19 08:09:16
9878,Feminine,2,2026-01-19 08:09:16
9878,Masculine,1,2026-01-19 08:09:16
9878,Classic,1,2026-01-19 08:09:16
9878,Modern,1,2026-01-19 08:09:16
9880,Feminine,8,2026-01-19 08:09:16
9880,Classic,2,2026-01-19 08:09:16
9880,Modern,2,2026-01-19 08:09:16
9882,Feminine,3,2026-01-19 08:09:16
9882,Modern,2,2026-01-19 08:09:16
9882,Masculine,1,2026-01-19 08:09:16
9882,Classic,1,2026-01-19 08:09:16
9883,Masculine,13,2026-01-19 08:09:16
9883,Feminine,12,2026-01-19 08:09:16
9883,Modern,6,2026-01-19 08:09:16
9883,Classic,5,2026-01-19 08:09:16
9884,Feminine,9,2026-01-19 08:09:16
9884,Masculine,3,2026-01-19 08:09:16
9884,Classic,2,2026-01-19 08:09:16
9884,Modern,2,2026-01-19 08:09:16
9885,Masculine,1,2026-01-19 08:09:16
9887,Feminine,12,2026-01-19 08:09:16
9887,Masculine,6,2026-01-19 08:09:16
9887,Modern,3,2026-01-19 08:09:16
9887,Classic,2,2026-01-19 08:09:16
9888,Masculine,13,2026-01-19 08:09:16
9888,Feminine,11,2026-01-19 08:09:16
9888,Classic,5,2026-01-19 08:09:16
9888,Modern,4,2026-01-19 08:09:16
9890,Feminine,4,2026-01-19 08:09:16
9890,Modern,3,2026-01-19 08:09:16
9890,Masculine,2,2026-01-19 08:09:16
9890,Classic,1,2026-01-19 08:09:16
9891,Feminine,9,2026-01-19 08:09:16
9891,Masculine,8,2026-01-19 08:09:16
9891,Classic,2,2026-01-19 08:09:16
9891,Modern,1,2026-01-19 08:09:16
9892,Masculine,17,2026-01-19 08:09:16
9892,Feminine,11,2026-01-19 08:09:16
9892,Modern,6,2026-01-19 08:09:16
9892,Classic,5,2026-01-19 08:09:16
9893,Feminine,2,2026-01-19 08:09:16
9895,Feminine,14,2026-01-19 08:09:16
9895,Modern,4,2026-01-19 08:09:16
9895,Classic,3,2026-01-19 08:09:16
9895,Masculine,1,2026-01-19 08:09:16
9897,Feminine,7,2026-01-19 08:09:16
9897,Masculine,3,2026-01-19 08:09:16
9897,Classic,3,2026-01-19 08:09:16
9898,Feminine,3,2026-01-19 08:09:16
9898,Masculine,2,2026-01-19 08:09:16
9898,Modern,2,2026-01-19 08:09:16
9898,Classic,1,2026-01-19 08:09:16
9899,Feminine,12,2026-01-19 08:09:16
9899,Masculine,8,2026-01-19 08:09:16
9899,Modern,6,2026-01-19 08:09:16
9899,Classic,3,2026-01-19 08:09:16
9900,Feminine,13,2026-01-19 08:09:16
9900,Modern,7,2026-01-19 08:09:16
9900,Classic,5,2026-01-19 08:09:16
9902,Feminine,2,2026-01-19 08:09:16
9902,Masculine,1,2026-01-19 08:09:16
9902,Classic,1,2026-01-19 08:09:16
9902,Modern,1,2026-01-19 08:09:16
9903,Feminine,13,2026-01-19 08:09:16
9903,Modern,4,2026-01-19 08:09:16
9903,Masculine,3,2026-01-19 08:09:16
9903,Classic,3,2026-01-19 08:09:16
9904,Feminine,3,2026-01-19 08:09:16
9904,Classic,1,2026-01-19 08:09:16
9904,Modern,1,2026-01-19 08:09:16
9906,Feminine,3,2026-01-19 08:09:16
9906,Masculine,1,2026-01-19 08:09:16
9906,Classic,1,2026-01-19 08:09:16
9906,Modern,1,2026-01-19 08:09:16
9908,Masculine,12,2026-01-19 08:09:16
9908,Feminine,12,2026-01-19 08:09:16
9908,Modern,5,2026-01-19 08:09:16
9908,Classic,4,2026-01-19 08:09:16
9909,Feminine,11,2026-01-19 08:09:16
9909,Classic,2,2026-01-19 08:09:16
9909,Modern,2,2026-01-19 08:09:16
9909,Masculine,1,2026-01-19 08:09:16
9910,Feminine,4,2026-01-19 08:09:16
9910,Modern,2,2026-01-19 08:09:16
9910,Masculine,1,2026-01-19 08:09:16
9910,Classic,1,2026-01-19 08:09:16
9912,Feminine,12,2026-01-19 08:09:16
9912,Masculine,11,2026-01-19 08:09:16
9912,Classic,4,2026-01-19 08:09:16
9912,Modern,3,2026-01-19 08:09:16
9913,Feminine,11,2026-01-19 08:09:16
9913,Masculine,6,2026-01-19 08:09:16
9913,Classic,5,2026-01-19 08:09:16
9913,Modern,4,2026-01-19 08:09:16
9914,Feminine,2,2026-01-19 08:09:16
9914,Masculine,1,2026-01-19 08:09:16
9914,Classic,1,2026-01-19 08:09:16
9914,Modern,1,2026-01-19 08:09:16
9916,Feminine,10,2026-01-19 08:09:16
9916,Modern,3,2026-01-19 08:09:16
9916,Classic,2,2026-01-19 08:09:16
9916,Masculine,1,2026-01-19 08:09:16
9917,Feminine,9,2026-01-19 08:09:16
9917,Modern,7,2026-01-19 08:09:16
9917,Classic,1,2026-01-19 08:09:16
9918,Feminine,3,2026-01-19 08:09:16
9918,Classic,2,2026-01-19 08:09:16
9918,Masculine,1,2026-01-19 08:09:16
9918,Modern,1,2026-01-19 08:09:16
9919,Feminine,7,2026-01-19 08:09:16
9919,Masculine,6,2026-01-19 08:09:16
9919,Classic,4,2026-01-19 08:09:16
9919,Modern,1,2026-01-19 08:09:16
9921,Masculine,8,2026-01-19 08:09:16
9921,Feminine,8,2026-01-19 08:09:16
9921,Classic,1,2026-01-19 08:09:16
9922,Feminine,3,2026-01-19 08:09:16
9922,Masculine,1,2026-01-19 08:09:16
9922,Modern,1,2026-01-19 08:09:16
9923,Feminine,12,2026-01-19 08:09:16
9923,Modern,7,2026-01-19 08:09:16
9923,Classic,4,2026-01-19 08:09:16
9923,Masculine,3,2026-01-19 08:09:16
9924,Feminine,9,2026-01-19 08:09:16
9924,Classic,3,2026-01-19 08:09:16
9924,Modern,2,2026-01-19 08:09:16
9927,Feminine,10,2026-01-19 08:09:16
9927,Modern,6,2026-01-19 08:09:16
9927,Classic,5,2026-01-19 08:09:16
9927,Masculine,3,2026-01-19 08:09:16
9929,Masculine,12,2026-01-19 08:09:16
9929,Feminine,8,2026-01-19 08:09:16
9929,Modern,4,2026-01-19 08:09:16
9929,Classic,2,2026-01-19 08:09:16
9930,Feminine,1,2026-01-19 08:09:16
9930,Modern,1,2026-01-19 08:09:16
9931,Feminine,13,2026-01-19 08:09:16
9931,Masculine,9,2026-01-19 08:09:16
9931,Classic,6,2026-01-19 08:09:16
9931,Modern,6,2026-01-19 08:09:16
9933,Masculine,6,2026-01-19 08:09:16
9933,Classic,1,2026-01-19 08:09:16
9933,Modern,1,2026-01-19 08:09:16
9934,Masculine,1,2026-01-19 08:09:16
9934,Feminine,1,2026-01-19 08:09:16
9934,Classic,1,2026-01-19 08:09:16
9934,Modern,1,2026-01-19 08:09:16
9935,Feminine,9,2026-01-19 08:09:16
9935,Masculine,4,2026-01-19 08:09:16
9935,Modern,3,2026-01-19 08:09:16
9935,Classic,2,2026-01-19 08:09:16
9942,Feminine,2,2026-01-19 08:09:16
9942,Masculine,1,2026-01-19 08:09:16
9942,Classic,1,2026-01-19 08:09:16
9942,Modern,1,2026-01-19 08:09:16
9943,Feminine,9,2026-01-19 08:09:16
9943,Modern,5,2026-01-19 08:09:16
9943,Classic,3,2026-01-19 08:09:16
9943,Masculine,1,2026-01-19 08:09:16
9945,Feminine,10,2026-01-19 08:09:16
9945,Classic,6,2026-01-19 08:09:16
9945,Modern,4,2026-01-19 08:09:16
9945,Masculine,2,2026-01-19 08:09:16
9946,Feminine,3,2026-01-19 08:09:16
9946,Masculine,2,2026-01-19 08:09:16
9946,Modern,2,2026-01-19 08:09:16
9946,Classic,1,2026-01-19 08:09:16
9947,Feminine,9,2026-01-19 08:09:16
9947,Classic,4,2026-01-19 08:09:16
9947,Modern,4,2026-01-19 08:09:16
9947,Masculine,2,2026-01-19 08:09:16
9949,Feminine,8,2026-01-19 08:09:16
9949,Classic,5,2026-01-19 08:09:16
9949,Masculine,4,2026-01-19 08:09:16
9949,Modern,4,2026-01-19 08:09:16
9951,Modern,5,2026-01-19 08:09:16
9951,Feminine,4,2026-01-19 08:09:16
9951,Masculine,1,2026-01-19 08:09:16
9953,Masculine,3,2026-01-19 08:09:16
9953,Classic,2,2026-01-19 08:09:16
9953,Modern,1,2026-01-19 08:09:16
9954,Feminine,2,2026-01-19 08:09:16
9954,Masculine,1,2026-01-19 08:09:16
9954,Modern,1,2026-01-19 08:09:16
9955,Feminine,6,2026-01-19 08:09:16
9955,Modern,2,2026-01-19 08:09:16
9955,Masculine,1,2026-01-19 08:09:16
9955,Classic,1,2026-01-19 08:09:16
9956,Feminine,1,2026-01-19 08:09:16
9957,Feminine,6,2026-01-19 08:09:16
9958,Feminine,2,2026-01-19 08:09:16
9958,Masculine,1,2026-01-19 08:09:16
9958,Modern,1,2026-01-19 08:09:16
9959,Feminine,9,2026-01-19 08:09:16
9959,Masculine,6,2026-01-19 08:09:16
9959,Modern,6,2026-01-19 08:09:16
9959,Classic,5,2026-01-19 08:09:16
9960,Masculine,1,2026-01-19 08:09:16
9960,Classic,1,2026-01-19 08:09:16
9960,Modern,1,2026-01-19 08:09:16
9961,Feminine,9,2026-01-19 08:09:16
9961,Classic,3,2026-01-19 08:09:16
9961,Modern,3,2026-01-19 08:09:16
9962,Feminine,2,2026-01-19 08:09:16
9962,Masculine,1,2026-01-19 08:09:16
9962,Classic,1,2026-01-19 08:09:16
9962,Modern,1,2026-01-19 08:09:16
9963,Feminine,6,2026-01-19 08:09:16
9963,Masculine,4,2026-01-19 08:09:16
9963,Modern,4,2026-01-19 08:09:16
9963,Classic,3,2026-01-19 08:09:16
9965,Modern,6,2026-01-19 08:09:16
9965,Feminine,5,2026-01-19 08:09:16
9965,Masculine,4,2026-01-19 08:09:16
9965,Classic,1,2026-01-19 08:09:16
9967,Feminine,5,2026-01-19 08:09:16
9967,Classic,2,2026-01-19 08:09:16
9967,Modern,2,2026-01-19 08:09:16
9969,Feminine,7,2026-01-19 08:09:16
9971,Feminine,8,2026-01-19 08:09:16
9971,Classic,2,2026-01-19 08:09:16
9971,Modern,2,2026-01-19 08:09:16
9971,Masculine,1,2026-01-19 08:09:16
9972,Feminine,10,2026-01-19 08:09:16
9972,Classic,3,2026-01-19 08:09:16
9972,Modern,3,2026-01-19 08:09:16
9975,Feminine,6,2026-01-19 08:09:16
9975,Classic,4,2026-01-19 08:09:16
9975,Modern,4,2026-01-19 08:09:16
9975,Masculine,1,2026-01-19 08:09:16
9976,Feminine,8,2026-01-19 08:09:16
9976,Classic,5,2026-01-19 08:09:16
9976,Modern,4,2026-01-19 08:09:16
9979,Masculine,5,2026-01-19 08:09:16
9979,Feminine,4,2026-01-19 08:09:16
9979,Classic,4,2026-01-19 08:09:16
9979,Modern,4,2026-01-19 08:09:16
9980,Feminine,7,2026-01-19 08:09:16
9980,Masculine,1,2026-01-19 08:09:16
9980,Modern,1,2026-01-19 08:09:16
9982,Feminine,4,2026-01-19 08:09:16
9982,Modern,2,2026-01-19 08:09:16
9982,Masculine,1,2026-01-19 08:09:16
9982,Classic,1,2026-01-19 08:09:16
9983,Feminine,7,2026-01-19 08:09:16
9983,Modern,5,2026-01-19 08:09:16
9983,Classic,4,2026-01-19 08:09:16
9983,Masculine,1,2026-01-19 08:09:16
9985,Feminine,5,2026-01-19 08:09:16
9985,Modern,3,2026-01-19 08:09:16
9985,Classic,1,2026-01-19 08:09:16
9987,Feminine,7,2026-01-19 08:09:16
9987,Masculine,5,2026-01-19 08:09:16
9987,Classic,4,2026-01-19 08:09:16
9987,Modern,2,2026-01-19 08:09:16
9990,Masculine,6,2026-01-19 08:09:16
9990,Modern,5,2026-01-19 08:09:16
9990,Classic,1,2026-01-19 08:09:16
9993,Feminine,362,2026-01-19 08:09:16
9993,Masculine,312,2026-01-19 08:09:16
9993,Modern,235,2026-01-19 08:09:16
9993,Classic,143,2026-01-19 08:09:16
9995,Feminine,5,2026-01-19 08:09:16
9995,Classic,3,2026-01-19 08:09:16
9995,Modern,2,2026-01-19 08:09:16
9995,Masculine,1,2026-01-19 08:09:16
9998,Feminine,321,2026-01-19 08:09:16
9998,Modern,219,2026-01-19 08:09:16
9998,Masculine,188,2026-01-19 08:09:16
9998,Classic,114,2026-01-19 08:09:16
10002,Feminine,261,2026-01-19 08:09:16
10002,Masculine,215,2026-01-19 08:09:16
10002,Modern,163,2026-01-19 08:09:16
10002,Classic,99,2026-01-19 08:09:16
10004,Masculine,3,2026-01-19 08:09:16
10004,Feminine,3,2026-01-19 08:09:16
10004,Modern,2,2026-01-19 08:09:16
10004,Classic,1,2026-01-19 08:09:16
10005,Feminine,332,2026-01-19 08:09:16
10005,Masculine,206,2026-01-19 08:09:16
10005,Modern,169,2026-01-19 08:09:16
10005,Classic,136,2026-01-19 08:09:16
10006,Feminine,6,2026-01-19 08:09:16
10006,Modern,3,2026-01-19 08:09:16
10013,Feminine,248,2026-01-19 08:09:16
10013,Masculine,170,2026-01-19 08:09:16
10013,Modern,138,2026-01-19 08:09:16
10013,Classic,122,2026-01-19 08:09:16
10014,Feminine,5,2026-01-19 08:09:16
10014,Modern,2,2026-01-19 08:09:16
10017,Feminine,256,2026-01-19 08:09:16
10017,Masculine,177,2026-01-19 08:09:16
10017,Classic,117,2026-01-19 08:09:16
10017,Modern,111,2026-01-19 08:09:16
10018,Feminine,6,2026-01-19 08:09:16
10018,Modern,3,2026-01-19 08:09:16
10021,Feminine,5,2026-01-19 08:09:16
10021,Modern,3,2026-01-19 08:09:16
10021,Masculine,1,2026-01-19 08:09:16
10022,Masculine,222,2026-01-19 08:09:16
10022,Feminine,155,2026-01-19 08:09:16
10022,Modern,88,2026-01-19 08:09:16
10022,Classic,85,2026-01-19 08:09:16
10025,Feminine,2,2026-01-19 08:09:16
10026,Masculine,186,2026-01-19 08:09:16
10026,Feminine,126,2026-01-19 08:09:16
10026,Classic,92,2026-01-19 08:09:16
10026,Modern,72,2026-01-19 08:09:16
10029,Feminine,176,2026-01-19 08:09:16
10029,Classic,85,2026-01-19 08:09:16
10029,Modern,64,2026-01-19 08:09:16
10029,Masculine,34,2026-01-19 08:09:16
10030,Feminine,5,2026-01-19 08:09:16
10030,Classic,2,2026-01-19 08:09:16
10033,Masculine,169,2026-01-19 08:09:16
10033,Feminine,106,2026-01-19 08:09:16
10033,Classic,95,2026-01-19 08:09:16
10033,Modern,54,2026-01-19 08:09:16
10034,Feminine,8,2026-01-19 08:09:16
10034,Classic,4,2026-01-19 08:09:16
10034,Modern,4,2026-01-19 08:09:16
10034,Masculine,3,2026-01-19 08:09:16
10035,Feminine,1,2026-01-19 08:09:16
10035,Modern,1,2026-01-19 08:09:16
10037,Feminine,180,2026-01-19 08:09:16
10037,Masculine,113,2026-01-19 08:09:16
10037,Classic,76,2026-01-19 08:09:16
10037,Modern,60,2026-01-19 08:09:16
10038,Feminine,6,2026-01-19 08:09:16
10038,Classic,3,2026-01-19 08:09:16
10038,Modern,1,2026-01-19 08:09:16
10041,Masculine,3,2026-01-19 08:09:16
10041,Classic,2,2026-01-19 08:09:16
10041,Feminine,1,2026-01-19 08:09:16
10042,Masculine,165,2026-01-19 08:09:16
10042,Feminine,151,2026-01-19 08:09:16
10042,Classic,107,2026-01-19 08:09:16
10042,Modern,59,2026-01-19 08:09:16
10045,Feminine,155,2026-01-19 08:09:16
10045,Masculine,100,2026-01-19 08:09:16
10045,Classic,79,2026-01-19 08:09:16
10045,Modern,70,2026-01-19 08:09:16
10049,Feminine,105,2026-01-19 08:09:16
10049,Masculine,67,2026-01-19 08:09:16
10049,Classic,56,2026-01-19 08:09:16
10049,Modern,36,2026-01-19 08:09:16
10050,Masculine,8,2026-01-19 08:09:16
10050,Modern,6,2026-01-19 08:09:16
10050,Classic,3,2026-01-19 08:09:16
10053,Feminine,140,2026-01-19 08:09:16
10053,Classic,58,2026-01-19 08:09:16
10053,Modern,57,2026-01-19 08:09:16
10053,Masculine,20,2026-01-19 08:09:16
10054,Feminine,3,2026-01-19 08:09:16
10057,Feminine,118,2026-01-19 08:09:16
10057,Classic,50,2026-01-19 08:09:16
10057,Modern,44,2026-01-19 08:09:16
10057,Masculine,27,2026-01-19 08:09:16
10058,Feminine,5,2026-01-19 08:09:16
10058,Masculine,2,2026-01-19 08:09:16
10061,Masculine,132,2026-01-19 08:09:16
10061,Classic,59,2026-01-19 08:09:16
10061,Modern,46,2026-01-19 08:09:16
10061,Feminine,45,2026-01-19 08:09:16
10065,Feminine,118,2026-01-19 08:09:16
10065,Masculine,106,2026-01-19 08:09:16
10065,Classic,58,2026-01-19 08:09:16
10065,Modern,45,2026-01-19 08:09:16
10066,Feminine,3,2026-01-19 08:09:16
10066,Classic,2,2026-01-19 08:09:16
10066,Modern,2,2026-01-19 08:09:16
10067,Feminine,243,2026-01-19 08:09:16
10067,Classic,161,2026-01-19 08:09:16
10067,Masculine,123,2026-01-19 08:09:16
10067,Modern,28,2026-01-19 08:09:16
10069,Feminine,91,2026-01-19 08:09:16
10069,Modern,52,2026-01-19 08:09:16
10069,Masculine,50,2026-01-19 08:09:16
10069,Classic,23,2026-01-19 08:09:16
10070,Feminine,4,2026-01-19 08:09:16
10070,Classic,2,2026-01-19 08:09:16
10070,Modern,2,2026-01-19 08:09:16
10072,Masculine,122,2026-01-19 08:09:16
10072,Modern,90,2026-01-19 08:09:16
10072,Feminine,38,2026-01-19 08:09:16
10072,Classic,27,2026-01-19 08:09:16
10073,Masculine,76,2026-01-19 08:09:16
10073,Feminine,54,2026-01-19 08:09:16
10073,Classic,44,2026-01-19 08:09:16
10073,Modern,19,2026-01-19 08:09:16
10076,Feminine,141,2026-01-19 08:09:16
10076,Modern,76,2026-01-19 08:09:16
10076,Classic,41,2026-01-19 08:09:16
10076,Masculine,22,2026-01-19 08:09:16
10077,Masculine,101,2026-01-19 08:09:16
10077,Feminine,84,2026-01-19 08:09:16
10077,Classic,49,2026-01-19 08:09:16
10077,Modern,47,2026-01-19 08:09:16
10078,Feminine,5,2026-01-19 08:09:16
10078,Masculine,2,2026-01-19 08:09:16
10078,Modern,2,2026-01-19 08:09:16
10080,Feminine,86,2026-01-19 08:09:16
10080,Classic,35,2026-01-19 08:09:16
10080,Modern,29,2026-01-19 08:09:16
10080,Masculine,18,2026-01-19 08:09:16
10081,Feminine,103,2026-01-19 08:09:16
10081,Classic,45,2026-01-19 08:09:16
10081,Modern,43,2026-01-19 08:09:16
10081,Masculine,30,2026-01-19 08:09:16
10082,Feminine,3,2026-01-19 08:09:16
10082,Modern,2,2026-01-19 08:09:16
10082,Masculine,1,2026-01-19 08:09:16
10084,Feminine,57,2026-01-19 08:09:16
10084,Classic,28,2026-01-19 08:09:16
10084,Masculine,26,2026-01-19 08:09:16
10084,Modern,17,2026-01-19 08:09:16
10085,Feminine,92,2026-01-19 08:09:16
10085,Masculine,64,2026-01-19 08:09:16
10085,Classic,50,2026-01-19 08:09:16
10085,Modern,38,2026-01-19 08:09:16
10086,Masculine,2,2026-01-19 08:09:16
10086,Feminine,1,2026-01-19 08:09:16
10088,Feminine,79,2026-01-19 08:09:16
10088,Masculine,67,2026-01-19 08:09:16
10088,Modern,41,2026-01-19 08:09:16
10088,Classic,32,2026-01-19 08:09:16
10089,Feminine,54,2026-01-19 08:09:16
10089,Classic,29,2026-01-19 08:09:16
10089,Modern,17,2026-01-19 08:09:16
10089,Masculine,8,2026-01-19 08:09:16
10090,Masculine,1,2026-01-19 08:09:16
10090,Classic,1,2026-01-19 08:09:16
10093,Feminine,34,2026-01-19 08:09:16
10093,Modern,17,2026-01-19 08:09:16
10093,Classic,11,2026-01-19 08:09:16
10093,Masculine,5,2026-01-19 08:09:16
10094,Masculine,3,2026-01-19 08:09:16
10094,Modern,2,2026-01-19 08:09:16
10096,Masculine,82,2026-01-19 08:09:16
10096,Feminine,79,2026-01-19 08:09:16
10096,Classic,44,2026-01-19 08:09:16
10096,Modern,41,2026-01-19 08:09:16
10097,Feminine,44,2026-01-19 08:09:16
10097,Classic,23,2026-01-19 08:09:16
10097,Modern,21,2026-01-19 08:09:16
10097,Masculine,15,2026-01-19 08:09:16
10098,Feminine,6,2026-01-19 08:09:16
10098,Masculine,1,2026-01-19 08:09:16
10098,Classic,1,2026-01-19 08:09:16
10098,Modern,1,2026-01-19 08:09:16
10100,Feminine,87,2026-01-19 08:09:16
10100,Classic,52,2026-01-19 08:09:16
10100,Modern,31,2026-01-19 08:09:16
10100,Masculine,18,2026-01-19 08:09:16
10101,Feminine,3,2026-01-19 08:09:16
10101,Classic,2,2026-01-19 08:09:16
10101,Modern,2,2026-01-19 08:09:16
10102,Feminine,30,2026-01-19 08:09:16
10102,Masculine,14,2026-01-19 08:09:16
10102,Classic,14,2026-01-19 08:09:16
10102,Modern,12,2026-01-19 08:09:16
10106,Feminine,22,2026-01-19 08:09:16
10106,Modern,13,2026-01-19 08:09:16
10106,Classic,8,2026-01-19 08:09:16
10108,Feminine,72,2026-01-19 08:09:16
10108,Masculine,70,2026-01-19 08:09:16
10108,Classic,44,2026-01-19 08:09:16
10108,Modern,31,2026-01-19 08:09:16
10109,Feminine,3,2026-01-19 08:09:16
10109,Classic,2,2026-01-19 08:09:16
10109,Modern,2,2026-01-19 08:09:16
10110,Feminine,24,2026-01-19 08:09:16
10110,Classic,16,2026-01-19 08:09:16
10110,Masculine,10,2026-01-19 08:09:16
10110,Modern,7,2026-01-19 08:09:16
10112,Feminine,82,2026-01-19 08:09:16
10112,Modern,44,2026-01-19 08:09:16
10112,Masculine,34,2026-01-19 08:09:16
10112,Classic,34,2026-01-19 08:09:16
10114,Feminine,17,2026-01-19 08:09:16
10114,Classic,5,2026-01-19 08:09:16
10114,Modern,5,2026-01-19 08:09:16
10114,Masculine,4,2026-01-19 08:09:16
10116,Masculine,72,2026-01-19 08:09:16
10116,Feminine,67,2026-01-19 08:09:16
10116,Classic,31,2026-01-19 08:09:16
10116,Modern,23,2026-01-19 08:09:16
10117,Masculine,4,2026-01-19 08:09:16
10117,Modern,3,2026-01-19 08:09:16
10117,Feminine,1,2026-01-19 08:09:16
10117,Classic,1,2026-01-19 08:09:16
10118,Feminine,8,2026-01-19 08:09:16
10118,Modern,7,2026-01-19 08:09:16
10118,Classic,2,2026-01-19 08:09:16
10120,Masculine,64,2026-01-19 08:09:16
10120,Feminine,34,2026-01-19 08:09:16
10120,Classic,33,2026-01-19 08:09:16
10120,Modern,24,2026-01-19 08:09:16
10125,Feminine,63,2026-01-19 08:09:16
10125,Modern,44,2026-01-19 08:09:16
10125,Masculine,27,2026-01-19 08:09:16
10125,Classic,14,2026-01-19 08:09:16
10126,Feminine,7,2026-01-19 08:09:16
10126,Classic,3,2026-01-19 08:09:16
10126,Modern,3,2026-01-19 08:09:16
10126,Masculine,2,2026-01-19 08:09:16
10129,Feminine,72,2026-01-19 08:09:16
10129,Classic,40,2026-01-19 08:09:16
10129,Modern,23,2026-01-19 08:09:16
10129,Masculine,15,2026-01-19 08:09:16
10130,Masculine,8,2026-01-19 08:09:16
10130,Modern,4,2026-01-19 08:09:16
10130,Feminine,3,2026-01-19 08:09:16
10130,Classic,3,2026-01-19 08:09:16
10132,Feminine,2,2026-01-19 08:09:16
10132,Classic,2,2026-01-19 08:09:16
10133,Feminine,67,2026-01-19 08:09:16
10133,Masculine,56,2026-01-19 08:09:16
10133,Classic,26,2026-01-19 08:09:16
10133,Modern,24,2026-01-19 08:09:16
10134,Feminine,11,2026-01-19 08:09:16
10134,Modern,6,2026-01-19 08:09:16
10134,Classic,4,2026-01-19 08:09:16
10134,Masculine,2,2026-01-19 08:09:16
10137,Feminine,61,2026-01-19 08:09:16
10137,Masculine,46,2026-01-19 08:09:16
10137,Modern,27,2026-01-19 08:09:16
10137,Classic,22,2026-01-19 08:09:16
10138,Feminine,8,2026-01-19 08:09:16
10138,Masculine,4,2026-01-19 08:09:16
10138,Classic,4,2026-01-19 08:09:16
10138,Modern,3,2026-01-19 08:09:16
10140,Feminine,2,2026-01-19 08:09:16
10140,Classic,1,2026-01-19 08:09:16
10140,Modern,1,2026-01-19 08:09:16
10141,Feminine,54,2026-01-19 08:09:16
10141,Masculine,51,2026-01-19 08:09:16
10141,Classic,23,2026-01-19 08:09:16
10141,Modern,15,2026-01-19 08:09:16
10142,Feminine,4,2026-01-19 08:09:16
10142,Masculine,2,2026-01-19 08:09:16
10142,Modern,2,2026-01-19 08:09:16
10142,Classic,1,2026-01-19 08:09:16
10145,Masculine,35,2026-01-19 08:09:16
10145,Feminine,26,2026-01-19 08:09:16
10145,Classic,17,2026-01-19 08:09:16
10145,Modern,17,2026-01-19 08:09:16
10146,Feminine,5,2026-01-19 08:09:16
10146,Modern,4,2026-01-19 08:09:16
10146,Classic,2,2026-01-19 08:09:16
10153,Masculine,2,2026-01-19 08:09:16
10153,Feminine,2,2026-01-19 08:09:16
10153,Classic,1,2026-01-19 08:09:16
10153,Modern,1,2026-01-19 08:09:16
10154,Feminine,2,2026-01-19 08:09:16
10154,Classic,1,2026-01-19 08:09:16
10156,Feminine,4,2026-01-19 08:09:16
10156,Modern,3,2026-01-19 08:09:16
10156,Classic,1,2026-01-19 08:09:16
10158,Modern,1,2026-01-19 08:09:16
10161,Feminine,2,2026-01-19 08:09:16
10161,Masculine,1,2026-01-19 08:09:16
10164,Masculine,4,2026-01-19 08:09:16
10164,Modern,3,2026-01-19 08:09:16
10164,Classic,2,2026-01-19 08:09:16
10168,Feminine,4,2026-01-19 08:09:16
10168,Modern,3,2026-01-19 08:09:16
10168,Classic,2,2026-01-19 08:09:16
10168,Masculine,1,2026-01-19 08:09:16
10169,Masculine,3,2026-01-19 08:09:16
10169,Feminine,1,2026-01-19 08:09:16
10170,Modern,2,2026-01-19 08:09:16
10170,Feminine,1,2026-01-19 08:09:16
10174,Feminine,3,2026-01-19 08:09:16
10174,Classic,2,2026-01-19 08:09:16
10174,Modern,2,2026-01-19 08:09:16
10176,Feminine,3,2026-01-19 08:09:16
10176,Modern,2,2026-01-19 08:09:16
10177,Feminine,2,2026-01-19 08:09:16
10177,Masculine,1,2026-01-19 08:09:16
10177,Classic,1,2026-01-19 08:09:16
10177,Modern,1,2026-01-19 08:09:16
10180,Masculine,3,2026-01-19 08:09:16
10180,Classic,2,2026-01-19 08:09:16
10181,Masculine,2,2026-01-19 08:09:16
10181,Feminine,2,2026-01-19 08:09:16
10181,Classic,1,2026-01-19 08:09:16
10181,Modern,1,2026-01-19 08:09:16
10185,Feminine,3,2026-01-19 08:09:16
10185,Masculine,2,2026-01-19 08:09:16
10185,Modern,2,2026-01-19 08:09:16
10185,Classic,1,2026-01-19 08:09:16
10186,Masculine,2,2026-01-19 08:09:16
10186,Feminine,2,2026-01-19 08:09:16
10186,Classic,2,2026-01-19 08:09:16
10186,Modern,2,2026-01-19 08:09:16
10192,Feminine,4,2026-01-19 08:09:16
10192,Modern,3,2026-01-19 08:09:16
10193,Feminine,2,2026-01-19 08:09:16
10193,Masculine,1,2026-01-19 08:09:16
10196,Masculine,5,2026-01-19 08:09:16
10196,Modern,4,2026-01-19 08:09:16
10196,Classic,3,2026-01-19 08:09:16
10196,Feminine,1,2026-01-19 08:09:16
10197,Modern,2,2026-01-19 08:09:16
10204,Feminine,4,2026-01-19 08:09:16
10204,Modern,2,2026-01-19 08:09:16
10204,Classic,1,2026-01-19 08:09:16
10208,Feminine,3,2026-01-19 08:09:16
10208,Classic,2,2026-01-19 08:09:16
10208,Modern,1,2026-01-19 08:09:16
10209,Classic,1,2026-01-19 08:09:16
10209,Modern,1,2026-01-19 08:09:16
10216,Feminine,2,2026-01-19 08:09:16
10217,Masculine,1,2026-01-19 08:09:16
10217,Feminine,1,2026-01-19 08:09:16
10217,Classic,1,2026-01-19 08:09:16
10217,Modern,1,2026-01-19 08:09:16
10220,Feminine,3,2026-01-19 08:09:16
10220,Classic,1,2026-01-19 08:09:16
10220,Modern,1,2026-01-19 08:09:16
10228,Feminine,2,2026-01-19 08:09:16
10228,Classic,1,2026-01-19 08:09:16
10228,Modern,1,2026-01-19 08:09:16
10229,Feminine,3,2026-01-19 08:09:16
10229,Classic,3,2026-01-19 08:09:16
10229,Modern,2,2026-01-19 08:09:16
10229,Masculine,1,2026-01-19 08:09:16
10232,Classic,2,2026-01-19 08:09:16
10232,Masculine,1,2026-01-19 08:09:16
10234,Feminine,44,2026-01-19 08:09:16
10234,Masculine,39,2026-01-19 08:09:16
10234,Classic,25,2026-01-19 08:09:16
10234,Modern,21,2026-01-19 08:09:16
10238,Feminine,45,2026-01-19 08:09:16
10238,Masculine,32,2026-01-19 08:09:16
10238,Modern,28,2026-01-19 08:09:16
10238,Classic,20,2026-01-19 08:09:16
10242,Masculine,43,2026-01-19 08:09:16
10242,Feminine,40,2026-01-19 08:09:16
10242,Classic,24,2026-01-19 08:09:16
10242,Modern,14,2026-01-19 08:09:16
10244,Masculine,5,2026-01-19 08:09:16
10244,Modern,5,2026-01-19 08:09:16
10244,Classic,2,2026-01-19 08:09:16
10246,Masculine,34,2026-01-19 08:09:16
10246,Feminine,30,2026-01-19 08:09:16
10246,Modern,20,2026-01-19 08:09:16
10246,Classic,9,2026-01-19 08:09:16
10254,Masculine,30,2026-01-19 08:09:16
10254,Feminine,19,2026-01-19 08:09:16
10254,Classic,13,2026-01-19 08:09:16
10254,Modern,12,2026-01-19 08:09:16
10258,Masculine,43,2026-01-19 08:09:16
10258,Feminine,41,2026-01-19 08:09:16
10258,Classic,21,2026-01-19 08:09:16
10258,Modern,16,2026-01-19 08:09:16
10259,Feminine,4,2026-01-19 08:09:16
10259,Modern,2,2026-01-19 08:09:16
10262,Masculine,41,2026-01-19 08:09:16
10262,Feminine,23,2026-01-19 08:09:16
10262,Classic,18,2026-01-19 08:09:16
10262,Modern,5,2026-01-19 08:09:16
10266,Feminine,27,2026-01-19 08:09:16
10266,Masculine,25,2026-01-19 08:09:16
10266,Modern,19,2026-01-19 08:09:16
10266,Classic,8,2026-01-19 08:09:16
10268,Feminine,1,2026-01-19 08:09:16
10268,Modern,1,2026-01-19 08:09:16
10270,Feminine,25,2026-01-19 08:09:16
10270,Modern,14,2026-01-19 08:09:16
10270,Masculine,8,2026-01-19 08:09:16
10270,Classic,5,2026-01-19 08:09:16
10272,Feminine,2,2026-01-19 08:09:16
10272,Modern,1,2026-01-19 08:09:16
10274,Feminine,33,2026-01-19 08:09:16
10274,Masculine,32,2026-01-19 08:09:16
10274,Modern,17,2026-01-19 08:09:16
10274,Classic,16,2026-01-19 08:09:16
10276,Masculine,2,2026-01-19 08:09:16
10276,Modern,2,2026-01-19 08:09:16
10276,Classic,1,2026-01-19 08:09:16
10279,Feminine,27,2026-01-19 08:09:16
10279,Masculine,19,2026-01-19 08:09:16
10279,Classic,11,2026-01-19 08:09:16
10279,Modern,11,2026-01-19 08:09:16
10284,Feminine,15,2026-01-19 08:09:16
10284,Modern,11,2026-01-19 08:09:16
10284,Masculine,8,2026-01-19 08:09:16
10284,Classic,3,2026-01-19 08:09:16
10288,Feminine,39,2026-01-19 08:09:16
10288,Classic,19,2026-01-19 08:09:16
10288,Modern,18,2026-01-19 08:09:16
10288,Masculine,17,2026-01-19 08:09:16
10290,Feminine,2,2026-01-19 08:09:16
10290,Masculine,1,2026-01-19 08:09:16
10290,Classic,1,2026-01-19 08:09:16
10290,Modern,1,2026-01-19 08:09:16
10292,Masculine,22,2026-01-19 08:09:16
10292,Feminine,15,2026-01-19 08:09:16
10292,Classic,9,2026-01-19 08:09:16
10292,Modern,7,2026-01-19 08:09:16
10295,Feminine,626,2026-01-19 08:09:16
10295,Modern,371,2026-01-19 08:09:16
10295,Classic,196,2026-01-19 08:09:16
10296,Feminine,19,2026-01-19 08:09:16
10296,Masculine,14,2026-01-19 08:09:16
10296,Modern,12,2026-01-19 08:09:16
10296,Classic,4,2026-01-19 08:09:16
10299,Feminine,295,2026-01-19 08:09:16
10299,Modern,162,2026-01-19 08:09:16
10299,Classic,85,2026-01-19 08:09:16
10300,Feminine,18,2026-01-19 08:09:16
10300,Masculine,12,2026-01-19 08:09:16
10300,Modern,9,2026-01-19 08:09:16
10300,Classic,5,2026-01-19 08:09:16
10303,Masculine,23,2026-01-19 08:09:16
10303,Feminine,17,2026-01-19 08:09:16
10303,Classic,10,2026-01-19 08:09:16
10303,Modern,8,2026-01-19 08:09:16
10304,Feminine,279,2026-01-19 08:09:16
10304,Modern,144,2026-01-19 08:09:16
10304,Classic,99,2026-01-19 08:09:16
10305,Masculine,53,2026-01-19 08:09:16
10305,Modern,28,2026-01-19 08:09:16
10305,Classic,10,2026-01-19 08:09:16
10305,Feminine,8,2026-01-19 08:09:16
10307,Feminine,22,2026-01-19 08:09:16
10307,Classic,11,2026-01-19 08:09:16
10307,Modern,10,2026-01-19 08:09:16
10307,Masculine,9,2026-01-19 08:09:16
10308,Feminine,263,2026-01-19 08:09:16
10308,Classic,171,2026-01-19 08:09:16
10308,Modern,75,2026-01-19 08:09:16
10309,Masculine,37,2026-01-19 08:09:16
10309,Modern,29,2026-01-19 08:09:16
10309,Classic,11,2026-01-19 08:09:16
10309,Feminine,5,2026-01-19 08:09:16
10311,Masculine,21,2026-01-19 08:09:16
10311,Feminine,21,2026-01-19 08:09:16
10311,Modern,10,2026-01-19 08:09:16
10311,Classic,8,2026-01-19 08:09:16
10312,Feminine,182,2026-01-19 08:09:16
10312,Modern,109,2026-01-19 08:09:16
10312,Classic,61,2026-01-19 08:09:16
10315,Feminine,2,2026-01-19 08:09:16
10315,Masculine,1,2026-01-19 08:09:16
10315,Classic,1,2026-01-19 08:09:16
10315,Modern,1,2026-01-19 08:09:16
10316,Feminine,219,2026-01-19 08:09:16
10316,Modern,102,2026-01-19 08:09:16
10316,Classic,78,2026-01-19 08:09:16
10317,Feminine,35,2026-01-19 08:09:16
10317,Modern,22,2026-01-19 08:09:16
10317,Classic,9,2026-01-19 08:09:16
10319,Feminine,3,2026-01-19 08:09:16
10319,Masculine,1,2026-01-19 08:09:16
10319,Classic,1,2026-01-19 08:09:16
10319,Modern,1,2026-01-19 08:09:16
10320,Feminine,229,2026-01-19 08:09:16
10320,Classic,132,2026-01-19 08:09:16
10320,Modern,50,2026-01-19 08:09:16
10321,Feminine,31,2026-01-19 08:09:16
10321,Modern,24,2026-01-19 08:09:16
10321,Classic,6,2026-01-19 08:09:16
10322,Feminine,2,2026-01-19 08:09:16
10323,Feminine,3,2026-01-19 08:09:16
10323,Masculine,1,2026-01-19 08:09:16
10323,Classic,1,2026-01-19 08:09:16
10323,Modern,1,2026-01-19 08:09:16
10324,Feminine,185,2026-01-19 08:09:16
10324,Classic,89,2026-01-19 08:09:16
10324,Masculine,82,2026-01-19 08:09:16
10324,Modern,63,2026-01-19 08:09:16
10325,Feminine,25,2026-01-19 08:09:16
10325,Modern,14,2026-01-19 08:09:16
10325,Classic,3,2026-01-19 08:09:16
10327,Feminine,3,2026-01-19 08:09:16
10327,Masculine,1,2026-01-19 08:09:16
10327,Classic,1,2026-01-19 08:09:16
10327,Modern,1,2026-01-19 08:09:16
10328,Feminine,180,2026-01-19 08:09:16
10328,Modern,109,2026-01-19 08:09:16
10328,Classic,48,2026-01-19 08:09:16
10329,Feminine,21,2026-01-19 08:09:16
10329,Modern,16,2026-01-19 08:09:16
10329,Classic,3,2026-01-19 08:09:16
10330,Feminine,1,2026-01-19 08:09:16
10330,Classic,1,2026-01-19 08:09:16
10331,Feminine,2,2026-01-19 08:09:16
10331,Classic,2,2026-01-19 08:09:16
10331,Modern,2,2026-01-19 08:09:16
10331,Masculine,1,2026-01-19 08:09:16
10332,Feminine,203,2026-01-19 08:09:16
10332,Modern,99,2026-01-19 08:09:16
10332,Classic,60,2026-01-19 08:09:16
10333,Feminine,26,2026-01-19 08:09:16
10333,Modern,19,2026-01-19 08:09:16
10333,Classic,2,2026-01-19 08:09:16
10335,Feminine,2,2026-01-19 08:09:16
10335,Masculine,1,2026-01-19 08:09:16
10335,Classic,1,2026-01-19 08:09:16
10335,Modern,1,2026-01-19 08:09:16
10336,Masculine,157,2026-01-19 08:09:16
10336,Modern,70,2026-01-19 08:09:16
10336,Classic,68,2026-01-19 08:09:16
10336,Feminine,23,2026-01-19 08:09:16
10337,Feminine,21,2026-01-19 08:09:16
10337,Modern,11,2026-01-19 08:09:16
10337,Classic,4,2026-01-19 08:09:16
10337,Masculine,3,2026-01-19 08:09:16
10340,Feminine,166,2026-01-19 08:09:16
10340,Modern,76,2026-01-19 08:09:16
10340,Classic,75,2026-01-19 08:09:16
10341,Masculine,17,2026-01-19 08:09:16
10341,Modern,12,2026-01-19 08:09:16
10341,Classic,5,2026-01-19 08:09:16
10341,Feminine,3,2026-01-19 08:09:16
10344,Feminine,158,2026-01-19 08:09:16
10344,Classic,105,2026-01-19 08:09:16
10344,Masculine,47,2026-01-19 08:09:16
10344,Modern,34,2026-01-19 08:09:16
10345,Feminine,15,2026-01-19 08:09:16
10345,Modern,8,2026-01-19 08:09:16
10345,Classic,1,2026-01-19 08:09:16
10347,Masculine,2,2026-01-19 08:09:16
10347,Feminine,2,2026-01-19 08:09:16
10347,Classic,1,2026-01-19 08:09:16
10347,Modern,1,2026-01-19 08:09:16
10348,Feminine,120,2026-01-19 08:09:16
10348,Modern,68,2026-01-19 08:09:16
10348,Classic,29,2026-01-19 08:09:16
10349,Masculine,7,2026-01-19 08:09:16
10349,Modern,6,2026-01-19 08:09:16
10349,Classic,1,2026-01-19 08:09:16
10351,Masculine,2,2026-01-19 08:09:16
10351,Feminine,2,2026-01-19 08:09:16
10351,Classic,1,2026-01-19 08:09:16
10351,Modern,1,2026-01-19 08:09:16
10352,Feminine,136,2026-01-19 08:09:16
10352,Modern,93,2026-01-19 08:09:16
10352,Classic,30,2026-01-19 08:09:16
10356,Feminine,102,2026-01-19 08:09:16
10356,Modern,49,2026-01-19 08:09:16
10356,Classic,20,2026-01-19 08:09:16
10357,Feminine,4,2026-01-19 08:09:16
10357,Modern,4,2026-01-19 08:09:16
10358,Feminine,2,2026-01-19 08:09:16
10360,Feminine,115,2026-01-19 08:09:16
10360,Modern,64,2026-01-19 08:09:16
10360,Classic,33,2026-01-19 08:09:16
10362,Feminine,3,2026-01-19 08:09:16
10362,Modern,2,2026-01-19 08:09:16
10363,Feminine,2,2026-01-19 08:09:16
10363,Masculine,1,2026-01-19 08:09:16
10363,Modern,1,2026-01-19 08:09:16
10364,Feminine,135,2026-01-19 08:09:16
10364,Classic,77,2026-01-19 08:09:16
10364,Masculine,68,2026-01-19 08:09:16
10364,Modern,47,2026-01-19 08:09:16
10365,Feminine,6,2026-01-19 08:09:16
10365,Modern,2,2026-01-19 08:09:16
10365,Classic,1,2026-01-19 08:09:16
10368,Feminine,101,2026-01-19 08:09:16
10368,Modern,46,2026-01-19 08:09:16
10368,Classic,36,2026-01-19 08:09:16
10369,Feminine,4,2026-01-19 08:09:16
10369,Classic,3,2026-01-19 08:09:16
10369,Modern,3,2026-01-19 08:09:16
10369,Masculine,1,2026-01-19 08:09:16
10372,Feminine,3,2026-01-19 08:09:16
10372,Modern,2,2026-01-19 08:09:16
10372,Classic,1,2026-01-19 08:09:16
10373,Feminine,99,2026-01-19 08:09:16
10373,Modern,58,2026-01-19 08:09:16
10373,Classic,22,2026-01-19 08:09:16
10376,Feminine,91,2026-01-19 08:09:16
10376,Modern,52,2026-01-19 08:09:16
10376,Classic,19,2026-01-19 08:09:16
10377,Feminine,3,2026-01-19 08:09:16
10377,Classic,1,2026-01-19 08:09:16
10377,Modern,1,2026-01-19 08:09:16
10381,Feminine,2,2026-01-19 08:09:16
10381,Modern,1,2026-01-19 08:09:16
10384,Feminine,84,2026-01-19 08:09:16
10384,Classic,38,2026-01-19 08:09:16
10384,Modern,38,2026-01-19 08:09:16
10384,Masculine,37,2026-01-19 08:09:16
10385,Feminine,3,2026-01-19 08:09:16
10385,Modern,3,2026-01-19 08:09:16
10385,Classic,2,2026-01-19 08:09:16
10387,Masculine,2,2026-01-19 08:09:16
10387,Feminine,2,2026-01-19 08:09:16
10387,Modern,2,2026-01-19 08:09:16
10387,Classic,1,2026-01-19 08:09:16
10388,Feminine,88,2026-01-19 08:09:16
10388,Classic,39,2026-01-19 08:09:16
10388,Modern,34,2026-01-19 08:09:16
10388,Masculine,19,2026-01-19 08:09:16
10392,Feminine,2,2026-01-19 08:09:16
10392,Classic,2,2026-01-19 08:09:16
10392,Modern,1,2026-01-19 08:09:16
10399,Feminine,16,2026-01-19 08:09:16
10399,Masculine,14,2026-01-19 08:09:16
10399,Classic,7,2026-01-19 08:09:16
10399,Modern,6,2026-01-19 08:09:16
10400,Feminine,78,2026-01-19 08:09:16
10400,Modern,37,2026-01-19 08:09:16
10400,Classic,36,2026-01-19 08:09:16
10400,Masculine,34,2026-01-19 08:09:16
10402,Masculine,3,2026-01-19 08:09:16
10402,Feminine,1,2026-01-19 08:09:16
10402,Classic,1,2026-01-19 08:09:16
10402,Modern,1,2026-01-19 08:09:16
10403,Feminine,16,2026-01-19 08:09:16
10403,Masculine,8,2026-01-19 08:09:16
10403,Classic,8,2026-01-19 08:09:16
10403,Modern,7,2026-01-19 08:09:16
10404,Feminine,78,2026-01-19 08:09:16
10404,Modern,44,2026-01-19 08:09:16
10404,Classic,24,2026-01-19 08:09:16
10407,Feminine,10,2026-01-19 08:09:16
10407,Masculine,9,2026-01-19 08:09:16
10407,Classic,5,2026-01-19 08:09:16
10407,Modern,3,2026-01-19 08:09:16
10409,Masculine,1,2026-01-19 08:09:16
10409,Feminine,1,2026-01-19 08:09:16
10410,Feminine,57,2026-01-19 08:09:16
10410,Modern,31,2026-01-19 08:09:16
10410,Classic,9,2026-01-19 08:09:16
10411,Feminine,9,2026-01-19 08:09:16
10411,Classic,5,2026-01-19 08:09:16
10411,Modern,4,2026-01-19 08:09:16
10411,Masculine,3,2026-01-19 08:09:16
10414,Feminine,72,2026-01-19 08:09:16
10414,Modern,44,2026-01-19 08:09:16
10414,Classic,25,2026-01-19 08:09:16
10418,Feminine,78,2026-01-19 08:09:16
10418,Masculine,44,2026-01-19 08:09:16
10418,Classic,31,2026-01-19 08:09:16
10418,Modern,14,2026-01-19 08:09:16
10422,Feminine,69,2026-01-19 08:09:16
10422,Modern,31,2026-01-19 08:09:16
10422,Classic,23,2026-01-19 08:09:16
10423,Masculine,10,2026-01-19 08:09:16
10423,Feminine,9,2026-01-19 08:09:16
10423,Modern,4,2026-01-19 08:09:16
10423,Classic,2,2026-01-19 08:09:16
10424,Feminine,1,2026-01-19 08:09:16
10425,Feminine,7,2026-01-19 08:09:16
10425,Modern,4,2026-01-19 08:09:16
10425,Masculine,3,2026-01-19 08:09:16
10430,Feminine,9,2026-01-19 08:09:16
10430,Masculine,8,2026-01-19 08:09:16
10430,Modern,4,2026-01-19 08:09:16
10430,Classic,3,2026-01-19 08:09:16
10431,Feminine,80,2026-01-19 08:09:16
10431,Modern,37,2026-01-19 08:09:16
10431,Classic,28,2026-01-19 08:09:16
10431,Masculine,15,2026-01-19 08:09:16
10434,Feminine,68,2026-01-19 08:09:16
10434,Modern,28,2026-01-19 08:09:16
10434,Classic,17,2026-01-19 08:09:16
10435,Masculine,8,2026-01-19 08:09:16
10435,Feminine,5,2026-01-19 08:09:16
10435,Modern,5,2026-01-19 08:09:16
10435,Classic,4,2026-01-19 08:09:16
10438,Feminine,68,2026-01-19 08:09:16
10438,Classic,35,2026-01-19 08:09:16
10438,Modern,29,2026-01-19 08:09:16
10438,Masculine,10,2026-01-19 08:09:16
10442,Feminine,47,2026-01-19 08:09:16
10442,Modern,22,2026-01-19 08:09:16
10442,Classic,16,2026-01-19 08:09:16
10446,Feminine,59,2026-01-19 08:09:16
10446,Modern,34,2026-01-19 08:09:16
10446,Classic,13,2026-01-19 08:09:16
10447,Feminine,4,2026-01-19 08:09:16
10447,Masculine,3,2026-01-19 08:09:16
10447,Modern,3,2026-01-19 08:09:16
10447,Classic,2,2026-01-19 08:09:16
10450,Feminine,57,2026-01-19 08:09:16
10450,Classic,24,2026-01-19 08:09:16
10450,Modern,17,2026-01-19 08:09:16
10450,Masculine,9,2026-01-19 08:09:16
10451,Feminine,6,2026-01-19 08:09:16
10451,Masculine,5,2026-01-19 08:09:16
10451,Classic,5,2026-01-19 08:09:16
10451,Modern,5,2026-01-19 08:09:16
10455,Feminine,1,2026-01-19 08:09:16
10455,Modern,1,2026-01-19 08:09:16
10458,Feminine,51,2026-01-19 08:09:16
10458,Modern,31,2026-01-19 08:09:16
10458,Classic,17,2026-01-19 08:09:16
10459,Feminine,5,2026-01-19 08:09:16
10459,Masculine,3,2026-01-19 08:09:16
10459,Classic,3,2026-01-19 08:09:16
10459,Modern,3,2026-01-19 08:09:16
10462,Feminine,59,2026-01-19 08:09:16
10462,Masculine,42,2026-01-19 08:09:16
10462,Classic,25,2026-01-19 08:09:16
10462,Modern,18,2026-01-19 08:09:16
10463,Feminine,4,2026-01-19 08:09:16
10463,Masculine,3,2026-01-19 08:09:16
10463,Modern,3,2026-01-19 08:09:16
10463,Classic,2,2026-01-19 08:09:16
10464,Feminine,199,2026-01-19 08:09:16
10464,Masculine,165,2026-01-19 08:09:16
10464,Modern,82,2026-01-19 08:09:16
10464,Classic,71,2026-01-19 08:09:16
10466,Feminine,48,2026-01-19 08:09:16
10466,Classic,20,2026-01-19 08:09:16
10466,Modern,20,2026-01-19 08:09:16
10467,Feminine,4,2026-01-19 08:09:16
10467,Masculine,3,2026-01-19 08:09:16
10467,Classic,3,2026-01-19 08:09:16
10467,Modern,3,2026-01-19 08:09:16
10469,Masculine,178,2026-01-19 08:09:16
10469,Feminine,177,2026-01-19 08:09:16
10469,Classic,118,2026-01-19 08:09:16
10469,Modern,50,2026-01-19 08:09:16
10470,Feminine,44,2026-01-19 08:09:16
10470,Modern,28,2026-01-19 08:09:16
10470,Classic,18,2026-01-19 08:09:16
10471,Feminine,5,2026-01-19 08:09:16
10471,Classic,2,2026-01-19 08:09:16
10471,Modern,1,2026-01-19 08:09:16
10473,Feminine,39,2026-01-19 08:09:16
10473,Modern,25,2026-01-19 08:09:16
10473,Classic,7,2026-01-19 08:09:16
10473,Masculine,5,2026-01-19 08:09:16
10474,Feminine,176,2026-01-19 08:09:16
10474,Masculine,157,2026-01-19 08:09:16
10474,Modern,86,2026-01-19 08:09:16
10474,Classic,78,2026-01-19 08:09:16
10476,Masculine,417,2026-01-19 08:09:16
10476,Classic,197,2026-01-19 08:09:16
10476,Modern,151,2026-01-19 08:09:16
10476,Feminine,36,2026-01-19 08:09:16
10477,Feminine,49,2026-01-19 08:09:16
10477,Masculine,39,2026-01-19 08:09:16
10477,Classic,23,2026-01-19 08:09:16
10477,Modern,13,2026-01-19 08:09:16
10478,Feminine,172,2026-01-19 08:09:16
10478,Modern,63,2026-01-19 08:09:16
10478,Classic,61,2026-01-19 08:09:16
10478,Masculine,25,2026-01-19 08:09:16
10480,Masculine,333,2026-01-19 08:09:16
10480,Modern,188,2026-01-19 08:09:16
10480,Classic,112,2026-01-19 08:09:16
10480,Feminine,51,2026-01-19 08:09:16
10481,Feminine,55,2026-01-19 08:09:16
10481,Modern,24,2026-01-19 08:09:16
10481,Classic,12,2026-01-19 08:09:16
10482,Masculine,137,2026-01-19 08:09:16
10482,Feminine,110,2026-01-19 08:09:16
10482,Classic,59,2026-01-19 08:09:16
10482,Modern,37,2026-01-19 08:09:16
10484,Masculine,181,2026-01-19 08:09:16
10484,Modern,119,2026-01-19 08:09:16
10484,Classic,62,2026-01-19 08:09:16
10484,Feminine,51,2026-01-19 08:09:16
10485,Feminine,49,2026-01-19 08:09:16
10485,Modern,33,2026-01-19 08:09:16
10485,Classic,14,2026-01-19 08:09:16
10486,Masculine,128,2026-01-19 08:09:16
10486,Feminine,122,2026-01-19 08:09:16
10486,Classic,69,2026-01-19 08:09:16
10486,Modern,38,2026-01-19 08:09:16
10487,Feminine,2,2026-01-19 08:09:16
10487,Masculine,1,2026-01-19 08:09:16
10487,Classic,1,2026-01-19 08:09:16
10487,Modern,1,2026-01-19 08:09:16
10488,Feminine,293,2026-01-19 08:09:16
10488,Modern,147,2026-01-19 08:09:16
10488,Classic,90,2026-01-19 08:09:16
10488,Masculine,27,2026-01-19 08:09:16
10489,Feminine,53,2026-01-19 08:09:16
10489,Modern,22,2026-01-19 08:09:16
10489,Classic,20,2026-01-19 08:09:16
10489,Masculine,4,2026-01-19 08:09:16
10490,Feminine,147,2026-01-19 08:09:16
10490,Modern,101,2026-01-19 08:09:16
10490,Classic,32,2026-01-19 08:09:16
10492,Feminine,43,2026-01-19 08:09:16
10492,Classic,15,2026-01-19 08:09:16
10492,Modern,15,2026-01-19 08:09:16
10493,Masculine,171,2026-01-19 08:09:16
10493,Modern,90,2026-01-19 08:09:16
10493,Classic,56,2026-01-19 08:09:16
10493,Feminine,16,2026-01-19 08:09:16
10494,Feminine,124,2026-01-19 08:09:16
10494,Masculine,96,2026-01-19 08:09:16
10494,Classic,40,2026-01-19 08:09:16
10494,Modern,37,2026-01-19 08:09:16
10496,Masculine,152,2026-01-19 08:09:16
10496,Modern,89,2026-01-19 08:09:16
10496,Classic,53,2026-01-19 08:09:16
10497,Masculine,127,2026-01-19 08:09:16
10497,Feminine,80,2026-01-19 08:09:16
10497,Classic,66,2026-01-19 08:09:16
10497,Modern,28,2026-01-19 08:09:16
10498,Masculine,47,2026-01-19 08:09:16
10498,Classic,30,2026-01-19 08:09:16
10498,Feminine,14,2026-01-19 08:09:16
10498,Modern,13,2026-01-19 08:09:16
10499,Feminine,3,2026-01-19 08:09:16
10499,Masculine,1,2026-01-19 08:09:16
10499,Classic,1,2026-01-19 08:09:16
10499,Modern,1,2026-01-19 08:09:16
10500,Masculine,185,2026-01-19 08:09:16
10500,Feminine,115,2026-01-19 08:09:16
10500,Modern,93,2026-01-19 08:09:16
10500,Classic,75,2026-01-19 08:09:16
10501,Feminine,130,2026-01-19 08:09:16
10501,Classic,55,2026-01-19 08:09:16
10501,Modern,38,2026-01-19 08:09:16
10502,Feminine,40,2026-01-19 08:09:16
10502,Masculine,33,2026-01-19 08:09:16
10502,Classic,18,2026-01-19 08:09:16
10502,Modern,13,2026-01-19 08:09:16
10503,Masculine,2,2026-01-19 08:09:16
10503,Feminine,2,2026-01-19 08:09:16
10503,Modern,1,2026-01-19 08:09:16
10504,Feminine,35,2026-01-19 08:09:16
10504,Modern,24,2026-01-19 08:09:16
10504,Classic,9,2026-01-19 08:09:16
10505,Feminine,115,2026-01-19 08:09:16
10505,Masculine,86,2026-01-19 08:09:16
10505,Classic,51,2026-01-19 08:09:16
10505,Modern,44,2026-01-19 08:09:16
10506,Feminine,217,2026-01-19 08:09:16
10506,Classic,103,2026-01-19 08:09:16
10506,Modern,55,2026-01-19 08:09:16
10508,Feminine,41,2026-01-19 08:09:16
10508,Classic,34,2026-01-19 08:09:16
10508,Modern,7,2026-01-19 08:09:16
10508,Masculine,5,2026-01-19 08:09:16
10509,Feminine,110,2026-01-19 08:09:16
10509,Modern,44,2026-01-19 08:09:16
10509,Classic,39,2026-01-19 08:09:16
10509,Masculine,25,2026-01-19 08:09:16
10510,Masculine,145,2026-01-19 08:09:16
10510,Modern,103,2026-01-19 08:09:16
10510,Classic,41,2026-01-19 08:09:16
10510,Feminine,27,2026-01-19 08:09:16
10512,Feminine,33,2026-01-19 08:09:16
10512,Classic,15,2026-01-19 08:09:16
10512,Modern,12,2026-01-19 08:09:16
10512,Masculine,3,2026-01-19 08:09:16
10514,Masculine,124,2026-01-19 08:09:16
10514,Modern,64,2026-01-19 08:09:16
10514,Classic,52,2026-01-19 08:09:16
10514,Feminine,22,2026-01-19 08:09:16
10515,Feminine,104,2026-01-19 08:09:16
10515,Classic,49,2026-01-19 08:09:16
10515,Modern,37,2026-01-19 08:09:16
10517,Feminine,41,2026-01-19 08:09:16
10517,Classic,20,2026-01-19 08:09:16
10517,Modern,14,2026-01-19 08:09:16
10517,Masculine,5,2026-01-19 08:09:16
10518,Feminine,2,2026-01-19 08:09:16
10518,Masculine,1,2026-01-19 08:09:16
10518,Classic,1,2026-01-19 08:09:16
10518,Modern,1,2026-01-19 08:09:16
10519,Masculine,97,2026-01-19 08:09:16
10519,Modern,69,2026-01-19 08:09:16
10519,Classic,25,2026-01-19 08:09:16
10520,Feminine,36,2026-01-19 08:09:16
10520,Modern,18,2026-01-19 08:09:16
10520,Classic,14,2026-01-19 08:09:16
10520,Masculine,11,2026-01-19 08:09:16
10521,Feminine,170,2026-01-19 08:09:16
10521,Modern,98,2026-01-19 08:09:16
10521,Classic,36,2026-01-19 08:09:16
10522,Feminine,86,2026-01-19 08:09:16
10522,Classic,38,2026-01-19 08:09:16
10522,Modern,37,2026-01-19 08:09:16
10522,Masculine,10,2026-01-19 08:09:16
10525,Feminine,148,2026-01-19 08:09:16
10525,Modern,70,2026-01-19 08:09:16
10525,Classic,41,2026-01-19 08:09:16
10526,Feminine,90,2026-01-19 08:09:16
10526,Classic,42,2026-01-19 08:09:16
10526,Modern,21,2026-01-19 08:09:16
10526,Masculine,11,2026-01-19 08:09:16
10527,Feminine,2,2026-01-19 08:09:16
10527,Masculine,1,2026-01-19 08:09:16
10527,Classic,1,2026-01-19 08:09:16
10527,Modern,1,2026-01-19 08:09:16
10528,Feminine,133,2026-01-19 08:09:16
10528,Masculine,77,2026-01-19 08:09:16
10528,Modern,56,2026-01-19 08:09:16
10528,Classic,45,2026-01-19 08:09:16
10529,Feminine,34,2026-01-19 08:09:16
10529,Modern,17,2026-01-19 08:09:16
10529,Classic,16,2026-01-19 08:09:16
10530,Masculine,83,2026-01-19 08:09:16
10530,Feminine,81,2026-01-19 08:09:16
10530,Classic,41,2026-01-19 08:09:16
10530,Modern,24,2026-01-19 08:09:16
10532,Feminine,69,2026-01-19 08:09:16
10532,Masculine,62,2026-01-19 08:09:16
10532,Classic,32,2026-01-19 08:09:16
10532,Modern,21,2026-01-19 08:09:16
10533,Masculine,113,2026-01-19 08:09:16
10533,Classic,48,2026-01-19 08:09:16
10533,Modern,47,2026-01-19 08:09:16
10533,Feminine,9,2026-01-19 08:09:16
10535,Feminine,24,2026-01-19 08:09:16
10535,Classic,7,2026-01-19 08:09:16
10535,Modern,7,2026-01-19 08:09:16
10536,Masculine,108,2026-01-19 08:09:16
10536,Classic,55,2026-01-19 08:09:16
10536,Modern,44,2026-01-19 08:09:16
10536,Feminine,19,2026-01-19 08:09:16
10537,Feminine,81,2026-01-19 08:09:16
10537,Masculine,74,2026-01-19 08:09:16
10537,Classic,40,2026-01-19 08:09:16
10537,Modern,32,2026-01-19 08:09:16
10539,Feminine,34,2026-01-19 08:09:16
10539,Modern,15,2026-01-19 08:09:16
10539,Classic,14,2026-01-19 08:09:16
10540,Feminine,130,2026-01-19 08:09:16
10540,Modern,77,2026-01-19 08:09:16
10540,Classic,39,2026-01-19 08:09:16
10540,Masculine,21,2026-01-19 08:09:16
10542,Feminine,94,2026-01-19 08:09:16
10542,Modern,35,2026-01-19 08:09:16
10542,Classic,29,2026-01-19 08:09:16
10542,Masculine,19,2026-01-19 08:09:16
10543,Feminine,24,2026-01-19 08:09:16
10543,Modern,17,2026-01-19 08:09:16
10543,Classic,10,2026-01-19 08:09:16
10544,Masculine,104,2026-01-19 08:09:16
10544,Classic,51,2026-01-19 08:09:16
10544,Modern,22,2026-01-19 08:09:16
10544,Feminine,11,2026-01-19 08:09:16
10547,Feminine,28,2026-01-19 08:09:16
10547,Modern,12,2026-01-19 08:09:16
10547,Classic,11,2026-01-19 08:09:16
10549,Feminine,128,2026-01-19 08:09:16
10549,Masculine,63,2026-01-19 08:09:16
10549,Modern,59,2026-01-19 08:09:16
10549,Classic,55,2026-01-19 08:09:16
10551,Feminine,34,2026-01-19 08:09:16
10551,Modern,18,2026-01-19 08:09:16
10551,Classic,11,2026-01-19 08:09:16
10551,Masculine,3,2026-01-19 08:09:16
10554,Feminine,139,2026-01-19 08:09:16
10554,Classic,49,2026-01-19 08:09:16
10554,Modern,40,2026-01-19 08:09:16
10555,Feminine,28,2026-01-19 08:09:16
10555,Modern,11,2026-01-19 08:09:16
10555,Classic,6,2026-01-19 08:09:16
10555,Masculine,3,2026-01-19 08:09:16
10558,Feminine,123,2026-01-19 08:09:16
10558,Modern,53,2026-01-19 08:09:16
10558,Classic,45,2026-01-19 08:09:16
10559,Feminine,32,2026-01-19 08:09:16
10559,Classic,16,2026-01-19 08:09:16
10559,Modern,16,2026-01-19 08:09:16
10559,Masculine,15,2026-01-19 08:09:16
10562,Masculine,101,2026-01-19 08:09:16
10562,Modern,55,2026-01-19 08:09:16
10562,Classic,38,2026-01-19 08:09:16
10563,Feminine,39,2026-01-19 08:09:16
10563,Modern,16,2026-01-19 08:09:16
10563,Classic,14,2026-01-19 08:09:16
10563,Masculine,4,2026-01-19 08:09:16
10566,Feminine,113,2026-01-19 08:09:16
10566,Classic,41,2026-01-19 08:09:16
10566,Modern,30,2026-01-19 08:09:16
10566,Masculine,25,2026-01-19 08:09:16
10567,Feminine,35,2026-01-19 08:09:16
10567,Classic,13,2026-01-19 08:09:16
10567,Modern,12,2026-01-19 08:09:16
10567,Masculine,3,2026-01-19 08:09:16
10570,Masculine,80,2026-01-19 08:09:16
10570,Classic,41,2026-01-19 08:09:16
10570,Modern,34,2026-01-19 08:09:16
10570,Feminine,11,2026-01-19 08:09:16
10572,Feminine,1,2026-01-19 08:09:16
10572,Classic,1,2026-01-19 08:09:16
10574,Masculine,62,2026-01-19 08:09:16
10574,Classic,33,2026-01-19 08:09:16
10574,Modern,24,2026-01-19 08:09:16
10574,Feminine,22,2026-01-19 08:09:16
10575,Feminine,26,2026-01-19 08:09:16
10575,Classic,8,2026-01-19 08:09:16
10575,Modern,6,2026-01-19 08:09:16
10575,Masculine,4,2026-01-19 08:09:16
10578,Feminine,95,2026-01-19 08:09:16
10578,Masculine,67,2026-01-19 08:09:16
10578,Modern,41,2026-01-19 08:09:16
10578,Classic,33,2026-01-19 08:09:16
10579,Feminine,34,2026-01-19 08:09:16
10579,Classic,13,2026-01-19 08:09:16
10579,Modern,12,2026-01-19 08:09:16
10579,Masculine,5,2026-01-19 08:09:16
10582,Feminine,106,2026-01-19 08:09:16
10582,Modern,50,2026-01-19 08:09:16
10582,Classic,29,2026-01-19 08:09:16
10583,Feminine,20,2026-01-19 08:09:16
10583,Modern,7,2026-01-19 08:09:16
10583,Classic,4,2026-01-19 08:09:16
10586,Masculine,62,2026-01-19 08:09:16
10586,Modern,40,2026-01-19 08:09:16
10586,Classic,16,2026-01-19 08:09:16
10587,Feminine,31,2026-01-19 08:09:16
10587,Modern,20,2026-01-19 08:09:16
10587,Classic,10,2026-01-19 08:09:16
10591,Feminine,79,2026-01-19 08:09:16
10591,Modern,40,2026-01-19 08:09:16
10591,Classic,36,2026-01-19 08:09:16
10593,Feminine,25,2026-01-19 08:09:16
10593,Modern,16,2026-01-19 08:09:16
10593,Classic,5,2026-01-19 08:09:16
10594,Feminine,91,2026-01-19 08:09:16
10594,Classic,37,2026-01-19 08:09:16
10594,Modern,32,2026-01-19 08:09:16
10598,Feminine,24,2026-01-19 08:09:16
10598,Modern,15,2026-01-19 08:09:16
10598,Classic,5,2026-01-19 08:09:16
10599,Feminine,2,2026-01-19 08:09:16
10599,Modern,1,2026-01-19 08:09:16
10601,Feminine,74,2026-01-19 08:09:16
10601,Modern,34,2026-01-19 08:09:16
10601,Classic,24,2026-01-19 08:09:16
10602,Feminine,19,2026-01-19 08:09:16
10602,Modern,15,2026-01-19 08:09:16
10602,Masculine,11,2026-01-19 08:09:16
10602,Classic,3,2026-01-19 08:09:16
10605,Feminine,28,2026-01-19 08:09:16
10605,Modern,8,2026-01-19 08:09:16
10605,Classic,7,2026-01-19 08:09:16
10605,Masculine,3,2026-01-19 08:09:16
10607,Masculine,66,2026-01-19 08:09:16
10607,Classic,31,2026-01-19 08:09:16
10607,Modern,27,2026-01-19 08:09:16
10607,Feminine,7,2026-01-19 08:09:16
10611,Feminine,81,2026-01-19 08:09:16
10611,Modern,43,2026-01-19 08:09:16
10611,Classic,29,2026-01-19 08:09:16
10613,Feminine,25,2026-01-19 08:09:16
10613,Modern,9,2026-01-19 08:09:16
10613,Classic,6,2026-01-19 08:09:16
10614,Feminine,3,2026-01-19 08:09:16
10614,Modern,3,2026-01-19 08:09:16
10614,Classic,2,2026-01-19 08:09:16
10615,Feminine,73,2026-01-19 08:09:16
10615,Modern,30,2026-01-19 08:09:16
10615,Classic,28,2026-01-19 08:09:16
10615,Masculine,18,2026-01-19 08:09:16
10618,Masculine,29,2026-01-19 08:09:16
10618,Classic,16,2026-01-19 08:09:16
10618,Modern,10,2026-01-19 08:09:16
10618,Feminine,8,2026-01-19 08:09:16
10619,Masculine,56,2026-01-19 08:09:16
10619,Feminine,33,2026-01-19 08:09:16
10619,Classic,24,2026-01-19 08:09:16
10619,Modern,19,2026-01-19 08:09:16
10622,Feminine,25,2026-01-19 08:09:16
10622,Classic,7,2026-01-19 08:09:16
10622,Modern,5,2026-01-19 08:09:16
10622,Masculine,2,2026-01-19 08:09:16
10623,Feminine,87,2026-01-19 08:09:16
10623,Modern,33,2026-01-19 08:09:16
10623,Classic,30,2026-01-19 08:09:16
10625,Masculine,89,2026-01-19 08:09:16
10625,Feminine,54,2026-01-19 08:09:16
10625,Classic,36,2026-01-19 08:09:16
10625,Modern,27,2026-01-19 08:09:16
10626,Feminine,25,2026-01-19 08:09:16
10626,Modern,11,2026-01-19 08:09:16
10626,Classic,10,2026-01-19 08:09:16
10626,Masculine,2,2026-01-19 08:09:16
10627,Masculine,43,2026-01-19 08:09:16
10627,Modern,32,2026-01-19 08:09:16
10627,Classic,13,2026-01-19 08:09:16
10627,Feminine,7,2026-01-19 08:09:16
10629,Feminine,19,2026-01-19 08:09:16
10629,Classic,16,2026-01-19 08:09:16
10629,Masculine,4,2026-01-19 08:09:16
10629,Modern,4,2026-01-19 08:09:16
10630,Masculine,79,2026-01-19 08:09:16
10630,Feminine,78,2026-01-19 08:09:16
10630,Classic,31,2026-01-19 08:09:16
10630,Modern,23,2026-01-19 08:09:16
10631,Feminine,71,2026-01-19 08:09:16
10631,Modern,33,2026-01-19 08:09:16
10631,Classic,27,2026-01-19 08:09:16
10633,Masculine,20,2026-01-19 08:09:16
10633,Classic,8,2026-01-19 08:09:16
10633,Modern,7,2026-01-19 08:09:16
10633,Feminine,2,2026-01-19 08:09:16
10634,Feminine,84,2026-01-19 08:09:16
10634,Modern,42,2026-01-19 08:09:16
10634,Classic,27,2026-01-19 08:09:16
10635,Feminine,73,2026-01-19 08:09:16
10635,Classic,36,2026-01-19 08:09:16
10635,Modern,28,2026-01-19 08:09:16
10636,Masculine,4,2026-01-19 08:09:16
10636,Feminine,4,2026-01-19 08:09:16
10636,Modern,3,2026-01-19 08:09:16
10636,Classic,2,2026-01-19 08:09:16
10637,Feminine,21,2026-01-19 08:09:16
10637,Classic,14,2026-01-19 08:09:16
10637,Masculine,7,2026-01-19 08:09:16
10637,Modern,7,2026-01-19 08:09:16
10638,Masculine,66,2026-01-19 08:09:16
10638,Feminine,58,2026-01-19 08:09:16
10638,Classic,33,2026-01-19 08:09:16
10638,Modern,21,2026-01-19 08:09:16
10639,Masculine,55,2026-01-19 08:09:16
10639,Classic,34,2026-01-19 08:09:16
10639,Modern,23,2026-01-19 08:09:16
10639,Feminine,12,2026-01-19 08:09:16
10642,Feminine,85,2026-01-19 08:09:16
10642,Modern,30,2026-01-19 08:09:16
10642,Classic,26,2026-01-19 08:09:16
10642,Masculine,20,2026-01-19 08:09:16
10643,Feminine,80,2026-01-19 08:09:16
10643,Modern,45,2026-01-19 08:09:16
10643,Classic,13,2026-01-19 08:09:16
10644,Masculine,4,2026-01-19 08:09:16
10644,Feminine,4,2026-01-19 08:09:16
10644,Classic,4,2026-01-19 08:09:16
10644,Modern,1,2026-01-19 08:09:16
10645,Feminine,21,2026-01-19 08:09:16
10645,Modern,14,2026-01-19 08:09:16
10645,Masculine,4,2026-01-19 08:09:16
10645,Classic,4,2026-01-19 08:09:16
10646,Feminine,82,2026-01-19 08:09:16
10646,Modern,31,2026-01-19 08:09:16
10646,Classic,28,2026-01-19 08:09:16
10646,Masculine,7,2026-01-19 08:09:16
10647,Masculine,52,2026-01-19 08:09:16
10647,Classic,26,2026-01-19 08:09:16
10647,Feminine,23,2026-01-19 08:09:16
10647,Modern,15,2026-01-19 08:09:16
10649,Feminine,19,2026-01-19 08:09:16
10649,Modern,12,2026-01-19 08:09:16
10649,Classic,3,2026-01-19 08:09:16
10649,Masculine,2,2026-01-19 08:09:16
10650,Feminine,63,2026-01-19 08:09:16
10650,Masculine,41,2026-01-19 08:09:16
10650,Modern,23,2026-01-19 08:09:16
10650,Classic,19,2026-01-19 08:09:16
10651,Masculine,49,2026-01-19 08:09:16
10651,Feminine,21,2026-01-19 08:09:16
10651,Modern,20,2026-01-19 08:09:16
10651,Classic,17,2026-01-19 08:09:16
10652,Classic,5,2026-01-19 08:09:16
10652,Masculine,4,2026-01-19 08:09:16
10652,Feminine,3,2026-01-19 08:09:16
10652,Modern,2,2026-01-19 08:09:16
10653,Feminine,16,2026-01-19 08:09:16
10653,Modern,8,2026-01-19 08:09:16
10653,Classic,4,2026-01-19 08:09:16
10653,Masculine,3,2026-01-19 08:09:16
10654,Feminine,69,2026-01-19 08:09:16
10654,Modern,38,2026-01-19 08:09:16
10654,Classic,18,2026-01-19 08:09:16
10655,Masculine,57,2026-01-19 08:09:16
10655,Modern,24,2026-01-19 08:09:16
10655,Classic,19,2026-01-19 08:09:16
10655,Feminine,10,2026-01-19 08:09:16
10657,Feminine,20,2026-01-19 08:09:16
10657,Modern,10,2026-01-19 08:09:16
10657,Classic,7,2026-01-19 08:09:16
10657,Masculine,2,2026-01-19 08:09:16
10658,Feminine,58,2026-01-19 08:09:16
10658,Masculine,44,2026-01-19 08:09:16
10658,Classic,25,2026-01-19 08:09:16
10658,Modern,25,2026-01-19 08:09:16
10659,Feminine,63,2026-01-19 08:09:16
10659,Classic,24,2026-01-19 08:09:16
10659,Modern,20,2026-01-19 08:09:16
10659,Masculine,18,2026-01-19 08:09:16
10661,Feminine,15,2026-01-19 08:09:16
10661,Modern,9,2026-01-19 08:09:16
10661,Classic,7,2026-01-19 08:09:16
10661,Masculine,3,2026-01-19 08:09:16
10663,Feminine,74,2026-01-19 08:09:16
10663,Classic,29,2026-01-19 08:09:16
10663,Modern,21,2026-01-19 08:09:16
10664,Masculine,4,2026-01-19 08:09:16
10664,Feminine,4,2026-01-19 08:09:16
10664,Classic,3,2026-01-19 08:09:16
10664,Modern,3,2026-01-19 08:09:16
10665,Feminine,14,2026-01-19 08:09:16
10665,Modern,8,2026-01-19 08:09:16
10665,Classic,7,2026-01-19 08:09:16
10666,Feminine,58,2026-01-19 08:09:16
10666,Modern,23,2026-01-19 08:09:16
10666,Classic,16,2026-01-19 08:09:16
10668,Masculine,4,2026-01-19 08:09:16
10668,Feminine,4,2026-01-19 08:09:16
10668,Classic,3,2026-01-19 08:09:16
10668,Modern,2,2026-01-19 08:09:16
10669,Feminine,16,2026-01-19 08:09:16
10669,Modern,8,2026-01-19 08:09:16
10669,Classic,3,2026-01-19 08:09:16
10669,Masculine,2,2026-01-19 08:09:16
10670,Feminine,46,2026-01-19 08:09:16
10670,Masculine,18,2026-01-19 08:09:16
10670,Classic,15,2026-01-19 08:09:16
10670,Modern,15,2026-01-19 08:09:16
10671,Masculine,46,2026-01-19 08:09:16
10671,Modern,27,2026-01-19 08:09:16
10671,Classic,22,2026-01-19 08:09:16
10671,Feminine,10,2026-01-19 08:09:16
10673,Masculine,13,2026-01-19 08:09:16
10673,Modern,7,2026-01-19 08:09:16
10673,Feminine,4,2026-01-19 08:09:16
10673,Classic,4,2026-01-19 08:09:16
10674,Feminine,63,2026-01-19 08:09:16
10674,Modern,30,2026-01-19 08:09:16
10674,Classic,21,2026-01-19 08:09:16
10675,Feminine,65,2026-01-19 08:09:16
10675,Classic,29,2026-01-19 08:09:16
10675,Modern,24,2026-01-19 08:09:16
10676,Feminine,1,2026-01-19 08:09:16
10676,Classic,1,2026-01-19 08:09:16
10677,Masculine,22,2026-01-19 08:09:16
10677,Classic,17,2026-01-19 08:09:16
10677,Modern,4,2026-01-19 08:09:16
10678,Masculine,50,2026-01-19 08:09:16
10678,Feminine,45,2026-01-19 08:09:16
10678,Classic,25,2026-01-19 08:09:16
10678,Modern,12,2026-01-19 08:09:16
10682,Masculine,56,2026-01-19 08:09:16
10682,Classic,25,2026-01-19 08:09:16
10682,Feminine,20,2026-01-19 08:09:16
10682,Modern,11,2026-01-19 08:09:16
10683,Feminine,2,2026-01-19 08:09:16
10683,Classic,1,2026-01-19 08:09:16
10683,Modern,1,2026-01-19 08:09:16
10684,Feminine,66,2026-01-19 08:09:16
10684,Classic,35,2026-01-19 08:09:16
10684,Modern,30,2026-01-19 08:09:16
10685,Feminine,12,2026-01-19 08:09:16
10685,Classic,6,2026-01-19 08:09:16
10685,Modern,5,2026-01-19 08:09:16
10685,Masculine,3,2026-01-19 08:09:16
10686,Feminine,49,2026-01-19 08:09:16
10686,Classic,22,2026-01-19 08:09:16
10686,Masculine,19,2026-01-19 08:09:16
10686,Modern,11,2026-01-19 08:09:16
10688,Masculine,49,2026-01-19 08:09:16
10688,Modern,29,2026-01-19 08:09:16
10688,Classic,11,2026-01-19 08:09:16
10688,Feminine,4,2026-01-19 08:09:16
10689,Feminine,5,2026-01-19 08:09:16
10689,Modern,3,2026-01-19 08:09:16
10689,Masculine,2,2026-01-19 08:09:16
10689,Classic,2,2026-01-19 08:09:16
10690,Masculine,55,2026-01-19 08:09:16
10690,Feminine,39,2026-01-19 08:09:16
10690,Classic,22,2026-01-19 08:09:16
10690,Modern,19,2026-01-19 08:09:16
10692,Feminine,66,2026-01-19 08:09:16
10692,Modern,35,2026-01-19 08:09:16
10692,Classic,20,2026-01-19 08:09:16
10695,Feminine,46,2026-01-19 08:09:16
10695,Classic,21,2026-01-19 08:09:16
10695,Modern,11,2026-01-19 08:09:16
10695,Masculine,6,2026-01-19 08:09:16
10696,Feminine,59,2026-01-19 08:09:16
10696,Classic,28,2026-01-19 08:09:16
10696,Modern,25,2026-01-19 08:09:16
10696,Masculine,10,2026-01-19 08:09:16
10697,Feminine,8,2026-01-19 08:09:16
10697,Modern,6,2026-01-19 08:09:16
10697,Classic,4,2026-01-19 08:09:16
10699,Feminine,46,2026-01-19 08:09:16
10699,Modern,20,2026-01-19 08:09:16
10699,Classic,18,2026-01-19 08:09:16
10699,Masculine,11,2026-01-19 08:09:16
10700,Feminine,54,2026-01-19 08:09:16
10700,Modern,25,2026-01-19 08:09:16
10700,Classic,24,2026-01-19 08:09:16
10700,Masculine,20,2026-01-19 08:09:16
10701,Feminine,12,2026-01-19 08:09:16
10701,Modern,8,2026-01-19 08:09:16
10701,Masculine,6,2026-01-19 08:09:16
10703,Feminine,39,2026-01-19 08:09:16
10703,Classic,22,2026-01-19 08:09:16
10703,Modern,14,2026-01-19 08:09:16
10703,Masculine,7,2026-01-19 08:09:16
10704,Feminine,43,2026-01-19 08:09:16
10704,Classic,20,2026-01-19 08:09:16
10704,Modern,18,2026-01-19 08:09:16
10705,Feminine,11,2026-01-19 08:09:16
10705,Modern,3,2026-01-19 08:09:16
10705,Classic,2,2026-01-19 08:09:16
10708,Feminine,58,2026-01-19 08:09:16
10708,Classic,29,2026-01-19 08:09:16
10708,Modern,24,2026-01-19 08:09:16
10708,Masculine,12,2026-01-19 08:09:16
10709,Feminine,9,2026-01-19 08:09:16
10709,Modern,3,2026-01-19 08:09:16
10709,Masculine,2,2026-01-19 08:09:16
10709,Classic,2,2026-01-19 08:09:16
10712,Feminine,52,2026-01-19 08:09:16
10712,Masculine,49,2026-01-19 08:09:16
10712,Classic,28,2026-01-19 08:09:16
10712,Modern,18,2026-01-19 08:09:16
10713,Feminine,12,2026-01-19 08:09:16
10713,Modern,7,2026-01-19 08:09:16
10713,Masculine,3,2026-01-19 08:09:16
10713,Classic,1,2026-01-19 08:09:16
10716,Feminine,57,2026-01-19 08:09:16
10716,Modern,23,2026-01-19 08:09:16
10716,Classic,15,2026-01-19 08:09:16
10716,Masculine,10,2026-01-19 08:09:16
10717,Feminine,10,2026-01-19 08:09:16
10717,Classic,6,2026-01-19 08:09:16
10717,Masculine,3,2026-01-19 08:09:16
10720,Feminine,56,2026-01-19 08:09:16
10720,Classic,25,2026-01-19 08:09:16
10720,Modern,22,2026-01-19 08:09:16
10720,Masculine,11,2026-01-19 08:09:16
10721,Feminine,13,2026-01-19 08:09:16
10721,Classic,6,2026-01-19 08:09:16
10721,Masculine,5,2026-01-19 08:09:16
10721,Modern,3,2026-01-19 08:09:16
10723,Masculine,1,2026-01-19 08:09:16
10723,Classic,1,2026-01-19 08:09:16
10723,Modern,1,2026-01-19 08:09:16
10724,Feminine,49,2026-01-19 08:09:16
10724,Modern,29,2026-01-19 08:09:16
10724,Classic,10,2026-01-19 08:09:16
10725,Feminine,10,2026-01-19 08:09:16
10725,Modern,6,2026-01-19 08:09:16
10725,Classic,3,2026-01-19 08:09:16
10725,Masculine,2,2026-01-19 08:09:16
10728,Masculine,35,2026-01-19 08:09:16
10728,Classic,17,2026-01-19 08:09:16
10728,Modern,9,2026-01-19 08:09:16
10728,Feminine,5,2026-01-19 08:09:16
10729,Feminine,9,2026-01-19 08:09:16
10729,Modern,6,2026-01-19 08:09:16
10729,Masculine,3,2026-01-19 08:09:16
10729,Classic,1,2026-01-19 08:09:16
10731,Feminine,1,2026-01-19 08:09:16
10731,Classic,1,2026-01-19 08:09:16
10731,Modern,1,2026-01-19 08:09:16
10732,Feminine,52,2026-01-19 08:09:16
10732,Classic,25,2026-01-19 08:09:16
10732,Modern,15,2026-01-19 08:09:16
10732,Masculine,4,2026-01-19 08:09:16
10733,Feminine,7,2026-01-19 08:09:16
10733,Modern,5,2026-01-19 08:09:16
10733,Masculine,2,2026-01-19 08:09:16
10733,Classic,1,2026-01-19 08:09:16
10735,Feminine,1,2026-01-19 08:09:16
10735,Classic,1,2026-01-19 08:09:16
10735,Modern,1,2026-01-19 08:09:16
10736,Feminine,59,2026-01-19 08:09:16
10736,Masculine,44,2026-01-19 08:09:16
10736,Modern,25,2026-01-19 08:09:16
10736,Classic,20,2026-01-19 08:09:16
10737,Feminine,9,2026-01-19 08:09:16
10737,Modern,6,2026-01-19 08:09:16
10737,Classic,3,2026-01-19 08:09:16
10740,Masculine,23,2026-01-19 08:09:16
10740,Classic,11,2026-01-19 08:09:16
10740,Modern,7,2026-01-19 08:09:16
10740,Feminine,2,2026-01-19 08:09:16
10741,Feminine,7,2026-01-19 08:09:16
10741,Classic,6,2026-01-19 08:09:16
10741,Masculine,4,2026-01-19 08:09:16
10741,Modern,2,2026-01-19 08:09:16
10743,Feminine,2,2026-01-19 08:09:16
10743,Classic,2,2026-01-19 08:09:16
10743,Masculine,1,2026-01-19 08:09:16
10743,Modern,1,2026-01-19 08:09:16
10744,Masculine,41,2026-01-19 08:09:16
10744,Classic,22,2026-01-19 08:09:16
10744,Feminine,19,2026-01-19 08:09:16
10744,Modern,11,2026-01-19 08:09:16
10745,Feminine,10,2026-01-19 08:09:16
10745,Classic,4,2026-01-19 08:09:16
10745,Modern,2,2026-01-19 08:09:16
10748,Feminine,48,2026-01-19 08:09:16
10748,Modern,26,2026-01-19 08:09:16
10748,Classic,16,2026-01-19 08:09:16
10748,Masculine,5,2026-01-19 08:09:16
10749,Feminine,7,2026-01-19 08:09:16
10749,Modern,5,2026-01-19 08:09:16
10749,Masculine,3,2026-01-19 08:09:16
10752,Feminine,44,2026-01-19 08:09:16
10752,Classic,24,2026-01-19 08:09:16
10752,Modern,18,2026-01-19 08:09:16
10752,Masculine,5,2026-01-19 08:09:16
10753,Feminine,9,2026-01-19 08:09:16
10753,Modern,5,2026-01-19 08:09:16
10753,Classic,4,2026-01-19 08:09:16
10756,Feminine,42,2026-01-19 08:09:16
10756,Modern,20,2026-01-19 08:09:16
10756,Classic,16,2026-01-19 08:09:16
10758,Feminine,7,2026-01-19 08:09:16
10758,Modern,5,2026-01-19 08:09:16
10758,Classic,4,2026-01-19 08:09:16
10760,Feminine,26,2026-01-19 08:09:16
10760,Modern,15,2026-01-19 08:09:16
10760,Classic,9,2026-01-19 08:09:16
10762,Feminine,6,2026-01-19 08:09:16
10762,Modern,3,2026-01-19 08:09:16
10762,Masculine,1,2026-01-19 08:09:16
10762,Classic,1,2026-01-19 08:09:16
10765,Masculine,35,2026-01-19 08:09:16
10765,Classic,17,2026-01-19 08:09:16
10765,Modern,13,2026-01-19 08:09:16
10765,Feminine,11,2026-01-19 08:09:16
10766,Feminine,9,2026-01-19 08:09:16
10766,Modern,5,2026-01-19 08:09:16
10766,Classic,4,2026-01-19 08:09:16
10766,Masculine,2,2026-01-19 08:09:16
10768,Feminine,33,2026-01-19 08:09:16
10768,Masculine,15,2026-01-19 08:09:16
10768,Modern,15,2026-01-19 08:09:16
10768,Classic,14,2026-01-19 08:09:16
10772,Masculine,25,2026-01-19 08:09:16
10772,Feminine,22,2026-01-19 08:09:16
10772,Classic,16,2026-01-19 08:09:16
10772,Modern,13,2026-01-19 08:09:16
10773,Feminine,5,2026-01-19 08:09:16
10773,Classic,2,2026-01-19 08:09:16
10773,Modern,2,2026-01-19 08:09:16
10776,Masculine,27,2026-01-19 08:09:16
10776,Feminine,26,2026-01-19 08:09:16
10776,Modern,15,2026-01-19 08:09:16
10776,Classic,14,2026-01-19 08:09:16
10781,Feminine,7,2026-01-19 08:09:16
10781,Classic,4,2026-01-19 08:09:16
10781,Modern,4,2026-01-19 08:09:16
10785,Feminine,7,2026-01-19 08:09:16
10785,Modern,6,2026-01-19 08:09:16
10785,Classic,3,2026-01-19 08:09:16
10786,Feminine,37,2026-01-19 08:09:16
10786,Classic,19,2026-01-19 08:09:16
10786,Modern,12,2026-01-19 08:09:16
10788,Feminine,32,2026-01-19 08:09:16
10788,Modern,14,2026-01-19 08:09:16
10788,Classic,11,2026-01-19 08:09:16
10789,Feminine,5,2026-01-19 08:09:16
10789,Classic,2,2026-01-19 08:09:16
10789,Modern,2,2026-01-19 08:09:16
10790,Feminine,34,2026-01-19 08:09:16
10790,Classic,15,2026-01-19 08:09:16
10790,Modern,14,2026-01-19 08:09:16
10790,Masculine,12,2026-01-19 08:09:16
10792,Feminine,27,2026-01-19 08:09:16
10792,Classic,12,2026-01-19 08:09:16
10792,Modern,11,2026-01-19 08:09:16
10792,Masculine,3,2026-01-19 08:09:16
10793,Feminine,6,2026-01-19 08:09:16
10793,Modern,5,2026-01-19 08:09:16
10793,Classic,2,2026-01-19 08:09:16
10794,Masculine,30,2026-01-19 08:09:16
10794,Classic,13,2026-01-19 08:09:16
10794,Feminine,10,2026-01-19 08:09:16
10794,Modern,7,2026-01-19 08:09:16
10796,Feminine,32,2026-01-19 08:09:16
10796,Classic,15,2026-01-19 08:09:16
10796,Modern,13,2026-01-19 08:09:16
10796,Masculine,4,2026-01-19 08:09:16
10797,Feminine,29,2026-01-19 08:09:16
10797,Classic,16,2026-01-19 08:09:16
10797,Masculine,11,2026-01-19 08:09:16
10797,Modern,9,2026-01-19 08:09:16
10798,Feminine,8,2026-01-19 08:09:16
10798,Modern,6,2026-01-19 08:09:16
10798,Classic,5,2026-01-19 08:09:16
10800,Feminine,35,2026-01-19 08:09:16
10800,Classic,19,2026-01-19 08:09:16
10800,Modern,8,2026-01-19 08:09:16
10800,Masculine,3,2026-01-19 08:09:16
10801,Masculine,21,2026-01-19 08:09:16
10801,Feminine,10,2026-01-19 08:09:16
10801,Modern,7,2026-01-19 08:09:16
10801,Classic,6,2026-01-19 08:09:16
10803,Feminine,6,2026-01-19 08:09:16
10803,Classic,4,2026-01-19 08:09:16
10803,Modern,3,2026-01-19 08:09:16
10805,Masculine,8,2026-01-19 08:09:16
10805,Modern,6,2026-01-19 08:09:16
10805,Classic,3,2026-01-19 08:09:16
10806,Feminine,25,2026-01-19 08:09:16
10806,Classic,11,2026-01-19 08:09:16
10806,Modern,9,2026-01-19 08:09:16
10806,Masculine,6,2026-01-19 08:09:16
10807,Feminine,36,2026-01-19 08:09:16
10807,Masculine,17,2026-01-19 08:09:16
10807,Classic,15,2026-01-19 08:09:16
10807,Modern,10,2026-01-19 08:09:16
10808,Feminine,6,2026-01-19 08:09:16
10808,Modern,6,2026-01-19 08:09:16
10810,Feminine,26,2026-01-19 08:09:16
10810,Masculine,23,2026-01-19 08:09:16
10810,Classic,10,2026-01-19 08:09:16
10810,Modern,7,2026-01-19 08:09:16
10812,Feminine,10,2026-01-19 08:09:16
10812,Modern,7,2026-01-19 08:09:16
10812,Classic,3,2026-01-19 08:09:16
10814,Masculine,17,2026-01-19 08:09:16
10814,Classic,9,2026-01-19 08:09:16
10814,Feminine,6,2026-01-19 08:09:16
10814,Modern,6,2026-01-19 08:09:16
10815,Feminine,26,2026-01-19 08:09:16
10815,Classic,14,2026-01-19 08:09:16
10815,Modern,10,2026-01-19 08:09:16
10816,Feminine,10,2026-01-19 08:09:16
10816,Masculine,9,2026-01-19 08:09:16
10816,Modern,6,2026-01-19 08:09:16
10816,Classic,5,2026-01-19 08:09:16
10817,Feminine,8,2026-01-19 08:09:16
10817,Modern,5,2026-01-19 08:09:16
10817,Classic,4,2026-01-19 08:09:16
10817,Masculine,1,2026-01-19 08:09:16
10819,Feminine,28,2026-01-19 08:09:16
10819,Classic,15,2026-01-19 08:09:16
10819,Modern,15,2026-01-19 08:09:16
10822,Feminine,22,2026-01-19 08:09:16
10822,Masculine,12,2026-01-19 08:09:16
10822,Classic,8,2026-01-19 08:09:16
10822,Modern,7,2026-01-19 08:09:16
10823,Masculine,28,2026-01-19 08:09:16
10823,Feminine,28,2026-01-19 08:09:16
10823,Modern,12,2026-01-19 08:09:16
10823,Classic,11,2026-01-19 08:09:16
10824,Masculine,3,2026-01-19 08:09:16
10824,Feminine,3,2026-01-19 08:09:16
10824,Classic,3,2026-01-19 08:09:16
10824,Modern,1,2026-01-19 08:09:16
10826,Feminine,22,2026-01-19 08:09:16
10826,Classic,6,2026-01-19 08:09:16
10826,Modern,2,2026-01-19 08:09:16
10827,Masculine,23,2026-01-19 08:09:16
10827,Feminine,20,2026-01-19 08:09:16
10827,Classic,11,2026-01-19 08:09:16
10827,Modern,3,2026-01-19 08:09:16
10828,Feminine,19,2026-01-19 08:09:16
10828,Classic,9,2026-01-19 08:09:16
10828,Modern,6,2026-01-19 08:09:16
10828,Masculine,4,2026-01-19 08:09:16
10830,Masculine,3,2026-01-19 08:09:16
10830,Classic,3,2026-01-19 08:09:16
10830,Modern,2,2026-01-19 08:09:16
10831,Feminine,31,2026-01-19 08:09:16
10831,Modern,13,2026-01-19 08:09:16
10831,Classic,8,2026-01-19 08:09:16
10831,Masculine,5,2026-01-19 08:09:16
10832,Feminine,17,2026-01-19 08:09:16
10832,Classic,6,2026-01-19 08:09:16
10832,Modern,4,2026-01-19 08:09:16
10834,Feminine,4,2026-01-19 08:09:16
10834,Classic,2,2026-01-19 08:09:16
10834,Modern,2,2026-01-19 08:09:16
10835,Feminine,28,2026-01-19 08:09:16
10835,Modern,16,2026-01-19 08:09:16
10835,Classic,14,2026-01-19 08:09:16
10838,Feminine,4,2026-01-19 08:09:16
10838,Modern,3,2026-01-19 08:09:16
10838,Classic,2,2026-01-19 08:09:16
10838,Masculine,1,2026-01-19 08:09:16
10841,Feminine,21,2026-01-19 08:09:16
10841,Classic,8,2026-01-19 08:09:16
10841,Modern,7,2026-01-19 08:09:16
10842,Masculine,4,2026-01-19 08:09:16
10842,Modern,3,2026-01-19 08:09:16
10842,Classic,2,2026-01-19 08:09:16
10842,Feminine,1,2026-01-19 08:09:16
10843,Feminine,23,2026-01-19 08:09:16
10843,Classic,10,2026-01-19 08:09:16
10843,Modern,7,2026-01-19 08:09:16
10843,Masculine,5,2026-01-19 08:09:16
10845,Feminine,13,2026-01-19 08:09:16
10845,Masculine,8,2026-01-19 08:09:16
10845,Classic,7,2026-01-19 08:09:16
10845,Modern,6,2026-01-19 08:09:16
10846,Masculine,9,2026-01-19 08:09:16
10846,Classic,7,2026-01-19 08:09:16
10846,Modern,3,2026-01-19 08:09:16
10846,Feminine,1,2026-01-19 08:09:16
10847,Feminine,27,2026-01-19 08:09:16
10847,Modern,11,2026-01-19 08:09:16
10847,Classic,10,2026-01-19 08:09:16
10849,Feminine,21,2026-01-19 08:09:16
10849,Classic,10,2026-01-19 08:09:16
10849,Modern,10,2026-01-19 08:09:16
10849,Masculine,4,2026-01-19 08:09:16
10850,Feminine,4,2026-01-19 08:09:16
10850,Modern,2,2026-01-19 08:09:16
10850,Classic,1,2026-01-19 08:09:16
10851,Feminine,21,2026-01-19 08:09:16
10851,Classic,10,2026-01-19 08:09:16
10851,Modern,10,2026-01-19 08:09:16
10851,Masculine,4,2026-01-19 08:09:16
10853,Feminine,21,2026-01-19 08:09:16
10853,Classic,12,2026-01-19 08:09:16
10853,Modern,8,2026-01-19 08:09:16
10853,Masculine,6,2026-01-19 08:09:16
10854,Feminine,6,2026-01-19 08:09:16
10854,Classic,2,2026-01-19 08:09:16
10854,Modern,2,2026-01-19 08:09:16
10855,Feminine,11,2026-01-19 08:09:16
10855,Classic,7,2026-01-19 08:09:16
10855,Modern,4,2026-01-19 08:09:16
10855,Masculine,2,2026-01-19 08:09:16
10857,Feminine,11,2026-01-19 08:09:16
10857,Modern,8,2026-01-19 08:09:16
10857,Classic,2,2026-01-19 08:09:16
10857,Masculine,1,2026-01-19 08:09:16
10858,Feminine,7,2026-01-19 08:09:16
10858,Classic,5,2026-01-19 08:09:16
10858,Modern,5,2026-01-19 08:09:16
10858,Masculine,1,2026-01-19 08:09:16
10861,Feminine,18,2026-01-19 08:09:16
10861,Modern,6,2026-01-19 08:09:16
10861,Classic,4,2026-01-19 08:09:16
10862,Feminine,6,2026-01-19 08:09:16
10862,Modern,4,2026-01-19 08:09:16
10862,Classic,3,2026-01-19 08:09:16
10862,Masculine,1,2026-01-19 08:09:16
10863,Masculine,14,2026-01-19 08:09:16
10863,Classic,8,2026-01-19 08:09:16
10863,Modern,4,2026-01-19 08:09:16
10863,Feminine,3,2026-01-19 08:09:16
10865,Feminine,15,2026-01-19 08:09:16
10865,Modern,6,2026-01-19 08:09:16
10865,Classic,4,2026-01-19 08:09:16
10866,Feminine,6,2026-01-19 08:09:16
10869,Feminine,15,2026-01-19 08:09:16
10869,Classic,8,2026-01-19 08:09:16
10869,Masculine,5,2026-01-19 08:09:16
10869,Modern,5,2026-01-19 08:09:16
10873,Feminine,5,2026-01-19 08:09:16
10873,Classic,2,2026-01-19 08:09:16
10873,Modern,1,2026-01-19 08:09:16
10874,Masculine,13,2026-01-19 08:09:16
10874,Modern,11,2026-01-19 08:09:16
10874,Classic,3,2026-01-19 08:09:16
10877,Feminine,2,2026-01-19 08:09:16
10879,Feminine,11,2026-01-19 08:09:16
10879,Modern,8,2026-01-19 08:09:16
10879,Masculine,6,2026-01-19 08:09:16
10879,Classic,4,2026-01-19 08:09:16
10881,Feminine,3,2026-01-19 08:09:16
10881,Classic,2,2026-01-19 08:09:16
10881,Modern,2,2026-01-19 08:09:16
10882,Feminine,586,2026-01-19 08:09:16
10882,Modern,259,2026-01-19 08:09:16
10882,Classic,215,2026-01-19 08:09:16
10885,Feminine,6,2026-01-19 08:09:16
10885,Modern,4,2026-01-19 08:09:16
10885,Classic,3,2026-01-19 08:09:16
10886,Feminine,383,2026-01-19 08:09:16
10886,Modern,185,2026-01-19 08:09:16
10886,Classic,144,2026-01-19 08:09:16
10886,Masculine,62,2026-01-19 08:09:16
10890,Feminine,233,2026-01-19 08:09:16
10890,Modern,96,2026-01-19 08:09:16
10890,Classic,89,2026-01-19 08:09:16
10893,Masculine,10,2026-01-19 08:09:16
10893,Feminine,6,2026-01-19 08:09:16
10893,Classic,4,2026-01-19 08:09:16
10893,Modern,1,2026-01-19 08:09:16
10894,Feminine,3,2026-01-19 08:09:16
10894,Classic,2,2026-01-19 08:09:16
10894,Modern,2,2026-01-19 08:09:16
10895,Feminine,153,2026-01-19 08:09:16
10895,Modern,81,2026-01-19 08:09:16
10895,Classic,48,2026-01-19 08:09:16
10895,Masculine,14,2026-01-19 08:09:16
10899,Feminine,131,2026-01-19 08:09:16
10899,Modern,62,2026-01-19 08:09:16
10899,Classic,38,2026-01-19 08:09:16
10902,Feminine,15,2026-01-19 08:09:16
10902,Masculine,7,2026-01-19 08:09:16
10902,Classic,5,2026-01-19 08:09:16
10902,Modern,4,2026-01-19 08:09:16
10903,Feminine,158,2026-01-19 08:09:16
10903,Modern,74,2026-01-19 08:09:16
10903,Classic,54,2026-01-19 08:09:16
10903,Masculine,13,2026-01-19 08:09:16
10905,Feminine,13,2026-01-19 08:09:16
10905,Classic,5,2026-01-19 08:09:16
10905,Modern,3,2026-01-19 08:09:16
10907,Feminine,3,2026-01-19 08:09:16
10907,Modern,2,2026-01-19 08:09:16
10907,Classic,1,2026-01-19 08:09:16
10909,Feminine,10,2026-01-19 08:09:16
10909,Modern,5,2026-01-19 08:09:16
10909,Classic,4,2026-01-19 08:09:16
10910,Feminine,3,2026-01-19 08:09:16
10910,Classic,2,2026-01-19 08:09:16
10911,Feminine,87,2026-01-19 08:09:16
10911,Masculine,60,2026-01-19 08:09:16
10911,Modern,55,2026-01-19 08:09:16
10911,Classic,31,2026-01-19 08:09:16
10913,Masculine,5,2026-01-19 08:09:16
10913,Modern,3,2026-01-19 08:09:16
10913,Feminine,2,2026-01-19 08:09:16
10913,Classic,1,2026-01-19 08:09:16
10914,Feminine,140,2026-01-19 08:09:16
10914,Classic,92,2026-01-19 08:09:16
10914,Modern,36,2026-01-19 08:09:16
10915,Feminine,6,2026-01-19 08:09:16
10915,Classic,5,2026-01-19 08:09:16
10915,Modern,4,2026-01-19 08:09:16
10917,Feminine,117,2026-01-19 08:09:16
10917,Classic,53,2026-01-19 08:09:16
10917,Modern,44,2026-01-19 08:09:16
10918,Feminine,5,2026-01-19 08:09:16
10918,Classic,3,2026-01-19 08:09:16
10918,Modern,2,2026-01-19 08:09:16
10919,Feminine,9,2026-01-19 08:09:16
10919,Masculine,7,2026-01-19 08:09:16
10919,Classic,5,2026-01-19 08:09:16
10919,Modern,3,2026-01-19 08:09:16
10921,Feminine,103,2026-01-19 08:09:16
10921,Classic,60,2026-01-19 08:09:16
10921,Modern,30,2026-01-19 08:09:16
10925,Feminine,5,2026-01-19 08:09:16
10925,Classic,2,2026-01-19 08:09:16
10925,Modern,2,2026-01-19 08:09:16
10927,Feminine,82,2026-01-19 08:09:16
10927,Classic,40,2026-01-19 08:09:16
10927,Modern,34,2026-01-19 08:09:16
10927,Masculine,14,2026-01-19 08:09:16
10929,Feminine,6,2026-01-19 08:09:16
10929,Classic,5,2026-01-19 08:09:16
10929,Masculine,2,2026-01-19 08:09:16
10929,Modern,2,2026-01-19 08:09:16
10930,Feminine,87,2026-01-19 08:09:16
10930,Modern,44,2026-01-19 08:09:16
10930,Classic,32,2026-01-19 08:09:16
10931,Feminine,4,2026-01-19 08:09:16
10931,Masculine,3,2026-01-19 08:09:16
10931,Classic,2,2026-01-19 08:09:16
10931,Modern,2,2026-01-19 08:09:16
10933,Feminine,5,2026-01-19 08:09:16
10933,Modern,4,2026-01-19 08:09:16
10933,Classic,3,2026-01-19 08:09:16
10934,Masculine,10,2026-01-19 08:09:16
10934,Feminine,9,2026-01-19 08:09:16
10934,Classic,6,2026-01-19 08:09:16
10934,Modern,6,2026-01-19 08:09:16
10935,Feminine,87,2026-01-19 08:09:16
10935,Modern,57,2026-01-19 08:09:16
10935,Classic,22,2026-01-19 08:09:16
10937,Feminine,4,2026-01-19 08:09:16
10937,Classic,2,2026-01-19 08:09:16
10937,Modern,2,2026-01-19 08:09:16
10938,Feminine,76,2026-01-19 08:09:16
10938,Modern,45,2026-01-19 08:09:16
10938,Classic,22,2026-01-19 08:09:16
10938,Masculine,9,2026-01-19 08:09:16
10939,Feminine,3,2026-01-19 08:09:16
10939,Classic,2,2026-01-19 08:09:16
10939,Modern,2,2026-01-19 08:09:16
10939,Masculine,1,2026-01-19 08:09:16
10942,Feminine,71,2026-01-19 08:09:16
10942,Modern,37,2026-01-19 08:09:16
10942,Classic,18,2026-01-19 08:09:16
10943,Feminine,2,2026-01-19 08:09:16
10943,Classic,1,2026-01-19 08:09:16
10943,Modern,1,2026-01-19 08:09:16
10945,Feminine,2,2026-01-19 08:09:16
10945,Classic,2,2026-01-19 08:09:16
10945,Modern,2,2026-01-19 08:09:16
10946,Feminine,58,2026-01-19 08:09:16
10946,Modern,30,2026-01-19 08:09:16
10946,Classic,22,2026-01-19 08:09:16
10946,Masculine,9,2026-01-19 08:09:16
10947,Feminine,3,2026-01-19 08:09:16
10947,Masculine,2,2026-01-19 08:09:16
10947,Classic,1,2026-01-19 08:09:16
10950,Feminine,4,2026-01-19 08:09:16
10950,Classic,2,2026-01-19 08:09:16
10950,Modern,1,2026-01-19 08:09:16
10951,Feminine,43,2026-01-19 08:09:16
10951,Modern,21,2026-01-19 08:09:16
10951,Classic,13,2026-01-19 08:09:16
10953,Feminine,2,2026-01-19 08:09:16
10953,Classic,2,2026-01-19 08:09:16
10953,Modern,2,2026-01-19 08:09:16
10954,Feminine,57,2026-01-19 08:09:16
10954,Modern,30,2026-01-19 08:09:16
10954,Classic,16,2026-01-19 08:09:16
10955,Masculine,2,2026-01-19 08:09:16
10955,Feminine,2,2026-01-19 08:09:16
10955,Classic,1,2026-01-19 08:09:16
10955,Modern,1,2026-01-19 08:09:16
10957,Feminine,2,2026-01-19 08:09:16
10957,Classic,1,2026-01-19 08:09:16
10957,Modern,1,2026-01-19 08:09:16
10958,Feminine,70,2026-01-19 08:09:16
10958,Modern,30,2026-01-19 08:09:16
10958,Classic,17,2026-01-19 08:09:16
10966,Feminine,12,2026-01-19 08:09:16
10966,Modern,5,2026-01-19 08:09:16
10966,Masculine,4,2026-01-19 08:09:16
10966,Classic,1,2026-01-19 08:09:16
10970,Feminine,10,2026-01-19 08:09:16
10970,Masculine,5,2026-01-19 08:09:16
10970,Modern,4,2026-01-19 08:09:16
10970,Classic,2,2026-01-19 08:09:16
10972,Masculine,2,2026-01-19 08:09:16
10972,Feminine,2,2026-01-19 08:09:16
10972,Modern,2,2026-01-19 08:09:16
10972,Classic,1,2026-01-19 08:09:16
10974,Feminine,11,2026-01-19 08:09:16
10974,Modern,6,2026-01-19 08:09:16
10974,Classic,2,2026-01-19 08:09:16
10977,Masculine,2,2026-01-19 08:09:16
10977,Classic,1,2026-01-19 08:09:16
10978,Feminine,11,2026-01-19 08:09:16
10978,Modern,6,2026-01-19 08:09:16
10978,Classic,4,2026-01-19 08:09:16
10978,Masculine,1,2026-01-19 08:09:16
10982,Feminine,13,2026-01-19 08:09:16
10982,Modern,5,2026-01-19 08:09:16
10982,Masculine,3,2026-01-19 08:09:16
10982,Classic,2,2026-01-19 08:09:16
10987,Feminine,15,2026-01-19 08:09:16
10987,Modern,7,2026-01-19 08:09:16
10987,Classic,4,2026-01-19 08:09:16
10987,Masculine,2,2026-01-19 08:09:16
10991,Feminine,13,2026-01-19 08:09:16
10991,Modern,8,2026-01-19 08:09:16
10991,Classic,7,2026-01-19 08:09:16
10991,Masculine,2,2026-01-19 08:09:16
10993,Masculine,4,2026-01-19 08:09:16
10993,Classic,3,2026-01-19 08:09:16
10993,Modern,3,2026-01-19 08:09:16
10995,Feminine,4,2026-01-19 08:09:16
10995,Modern,2,2026-01-19 08:09:16
10995,Masculine,1,2026-01-19 08:09:16
10995,Classic,1,2026-01-19 08:09:16
10999,Feminine,10,2026-01-19 08:09:16
10999,Classic,6,2026-01-19 08:09:16
10999,Modern,5,2026-01-19 08:09:16
10999,Masculine,3,2026-01-19 08:09:16
11000,Feminine,2,2026-01-19 08:09:16
11000,Masculine,1,2026-01-19 08:09:16
11000,Modern,1,2026-01-19 08:09:16
11003,Masculine,7,2026-01-19 08:09:16
11003,Modern,4,2026-01-19 08:09:16
11003,Classic,2,2026-01-19 08:09:16
11007,Feminine,10,2026-01-19 08:09:16
11007,Modern,5,2026-01-19 08:09:16
11007,Classic,4,2026-01-19 08:09:16
11007,Masculine,3,2026-01-19 08:09:16
11011,Feminine,9,2026-01-19 08:09:16
11011,Modern,3,2026-01-19 08:09:16
11011,Masculine,1,2026-01-19 08:09:16
11011,Classic,1,2026-01-19 08:09:16
11013,Masculine,1,2026-01-19 08:09:16
11013,Feminine,1,2026-01-19 08:09:16
11016,Feminine,8,2026-01-19 08:09:16
11016,Modern,4,2026-01-19 08:09:16
11016,Classic,3,2026-01-19 08:09:16
11020,Feminine,6,2026-01-19 08:09:16
11020,Modern,4,2026-01-19 08:09:16
11020,Classic,2,2026-01-19 08:09:16
11020,Masculine,1,2026-01-19 08:09:16
11028,Feminine,5,2026-01-19 08:09:16
11028,Classic,2,2026-01-19 08:09:16
11028,Modern,2,2026-01-19 08:09:16
11028,Masculine,1,2026-01-19 08:09:16
11032,Feminine,2,2026-01-19 08:09:16
11032,Modern,2,2026-01-19 08:09:16
11032,Masculine,1,2026-01-19 08:09:16
11032,Classic,1,2026-01-19 08:09:16
11036,Feminine,2,2026-01-19 08:09:16
11039,Masculine,5,2026-01-19 08:09:16
11039,Feminine,5,2026-01-19 08:09:16
11039,Classic,1,2026-01-19 08:09:16
11039,Modern,1,2026-01-19 08:09:16
11045,Feminine,4,2026-01-19 08:09:16
11045,Classic,2,2026-01-19 08:09:16
11045,Modern,2,2026-01-19 08:09:16
11048,Feminine,5,2026-01-19 08:09:16
11048,Modern,2,2026-01-19 08:09:16
11048,Masculine,1,2026-01-19 08:09:16
11048,Classic,1,2026-01-19 08:09:16
11060,Feminine,5,2026-01-19 08:09:16
11060,Masculine,1,2026-01-19 08:09:16
11060,Classic,1,2026-01-19 08:09:16
11060,Modern,1,2026-01-19 08:09:16
11079,Feminine,2,2026-01-19 08:09:16
11084,Feminine,2,2026-01-19 08:09:16
11084,Masculine,1,2026-01-19 08:09:16
11084,Classic,1,2026-01-19 08:09:16
11084,Modern,1,2026-01-19 08:09:16
11087,Masculine,2,2026-01-19 08:09:16
11087,Classic,2,2026-01-19 08:09:16
11087,Modern,2,2026-01-19 08:09:16
11103,Feminine,3,2026-01-19 08:09:16
11106,Feminine,25,2026-01-19 08:09:16
11106,Modern,19,2026-01-19 08:09:16
11106,Masculine,16,2026-01-19 08:09:16
11106,Classic,8,2026-01-19 08:09:16
11108,Masculine,2,2026-01-19 08:09:16
11108,Feminine,2,2026-01-19 08:09:16
11110,Feminine,22,2026-01-19 08:09:16
11110,Masculine,19,2026-01-19 08:09:16
11110,Classic,13,2026-01-19 08:09:16
11110,Modern,12,2026-01-19 08:09:16
11122,Modern,7,2026-01-19 08:09:16
11122,Feminine,5,2026-01-19 08:09:16
11122,Classic,2,2026-01-19 08:09:16
11125,Feminine,64,2026-01-19 08:09:16
11125,Modern,26,2026-01-19 08:09:16
11125,Classic,23,2026-01-19 08:09:16
11126,Feminine,8,2026-01-19 08:09:16
11126,Masculine,4,2026-01-19 08:09:16
11126,Modern,4,2026-01-19 08:09:16
11126,Classic,1,2026-01-19 08:09:16
11128,Feminine,2,2026-01-19 08:09:16
11128,Masculine,1,2026-01-19 08:09:16
11128,Modern,1,2026-01-19 08:09:16
11129,Feminine,61,2026-01-19 08:09:16
11129,Modern,29,2026-01-19 08:09:16
11129,Classic,12,2026-01-19 08:09:16
11133,Feminine,57,2026-01-19 08:09:16
11133,Classic,21,2026-01-19 08:09:16
11133,Modern,14,2026-01-19 08:09:16
11137,Feminine,56,2026-01-19 08:09:16
11137,Modern,30,2026-01-19 08:09:16
11137,Classic,18,2026-01-19 08:09:16
11137,Masculine,7,2026-01-19 08:09:16
11138,Feminine,9,2026-01-19 08:09:16
11138,Masculine,5,2026-01-19 08:09:16
11138,Classic,3,2026-01-19 08:09:16
11138,Modern,3,2026-01-19 08:09:16
11145,Feminine,51,2026-01-19 08:09:16
11145,Modern,34,2026-01-19 08:09:16
11145,Classic,19,2026-01-19 08:09:16
11149,Feminine,39,2026-01-19 08:09:16
11149,Classic,20,2026-01-19 08:09:16
11149,Modern,20,2026-01-19 08:09:16
11150,Feminine,10,2026-01-19 08:09:16
11150,Masculine,8,2026-01-19 08:09:16
11150,Modern,8,2026-01-19 08:09:16
11150,Classic,2,2026-01-19 08:09:16
11153,Feminine,34,2026-01-19 08:09:16
11153,Modern,22,2026-01-19 08:09:16
11153,Classic,8,2026-01-19 08:09:16
11153,Masculine,5,2026-01-19 08:09:16
11154,Feminine,8,2026-01-19 08:09:16
11154,Modern,6,2026-01-19 08:09:16
11154,Classic,1,2026-01-19 08:09:16
11157,Feminine,37,2026-01-19 08:09:16
11157,Modern,19,2026-01-19 08:09:16
11157,Classic,14,2026-01-19 08:09:16
11157,Masculine,4,2026-01-19 08:09:16
11162,Feminine,7,2026-01-19 08:09:16
11162,Masculine,6,2026-01-19 08:09:16
11162,Classic,3,2026-01-19 08:09:16
11162,Modern,2,2026-01-19 08:09:16
11165,Feminine,37,2026-01-19 08:09:16
11165,Modern,19,2026-01-19 08:09:16
11165,Classic,14,2026-01-19 08:09:16
11165,Masculine,4,2026-01-19 08:09:16
11166,Feminine,7,2026-01-19 08:09:16
11166,Masculine,5,2026-01-19 08:09:16
11166,Modern,4,2026-01-19 08:09:16
11166,Classic,1,2026-01-19 08:09:16
11169,Feminine,46,2026-01-19 08:09:16
11169,Modern,32,2026-01-19 08:09:16
11169,Classic,14,2026-01-19 08:09:16
11170,Modern,3,2026-01-19 08:09:16
11170,Feminine,2,2026-01-19 08:09:16
11173,Feminine,35,2026-01-19 08:09:16
11173,Modern,17,2026-01-19 08:09:16
11173,Classic,10,2026-01-19 08:09:16
11173,Masculine,9,2026-01-19 08:09:16
11177,Feminine,38,2026-01-19 08:09:16
11177,Modern,14,2026-01-19 08:09:16
11177,Classic,13,2026-01-19 08:09:16
11178,Modern,5,2026-01-19 08:09:16
11178,Feminine,4,2026-01-19 08:09:16
11181,Feminine,40,2026-01-19 08:09:16
11181,Modern,22,2026-01-19 08:09:16
11181,Classic,20,2026-01-19 08:09:16
11185,Feminine,30,2026-01-19 08:09:16
11185,Modern,18,2026-01-19 08:09:16
11185,Classic,11,2026-01-19 08:09:16
11186,Masculine,2,2026-01-19 08:09:16
11186,Feminine,2,2026-01-19 08:09:16
11186,Modern,1,2026-01-19 08:09:16
11190,Feminine,7,2026-01-19 08:09:16
11190,Modern,5,2026-01-19 08:09:16
11190,Classic,1,2026-01-19 08:09:16
11193,Feminine,2,2026-01-19 08:09:16
11193,Classic,2,2026-01-19 08:09:16
11193,Masculine,1,2026-01-19 08:09:16
11194,Feminine,25,2026-01-19 08:09:16
11194,Modern,13,2026-01-19 08:09:16
11194,Classic,9,2026-01-19 08:09:16
11194,Masculine,3,2026-01-19 08:09:16
11197,Feminine,4,2026-01-19 08:09:16
11197,Classic,2,2026-01-19 08:09:16
11197,Modern,2,2026-01-19 08:09:16
11197,Masculine,1,2026-01-19 08:09:16
11198,Feminine,27,2026-01-19 08:09:16
11198,Modern,14,2026-01-19 08:09:16
11198,Classic,12,2026-01-19 08:09:16
11198,Masculine,11,2026-01-19 08:09:16
11202,Feminine,22,2026-01-19 08:09:16
11202,Modern,12,2026-01-19 08:09:16
11202,Classic,9,2026-01-19 08:09:16
11202,Masculine,2,2026-01-19 08:09:16
11205,Modern,3,2026-01-19 08:09:16
11205,Feminine,2,2026-01-19 08:09:16
11205,Classic,1,2026-01-19 08:09:16
11206,Masculine,1,2026-01-19 08:09:16
11206,Classic,1,2026-01-19 08:09:16
11206,Modern,1,2026-01-19 08:09:16
11209,Feminine,2,2026-01-19 08:09:16
11209,Classic,1,2026-01-19 08:09:16
11209,Modern,1,2026-01-19 08:09:16
11217,Feminine,1,2026-01-19 08:09:16
11221,Feminine,2,2026-01-19 08:09:16
11221,Modern,2,2026-01-19 08:09:16
11221,Classic,1,2026-01-19 08:09:16
11231,Feminine,3,2026-01-19 08:09:16
11231,Classic,2,2026-01-19 08:09:16
11231,Modern,2,2026-01-19 08:09:16
11231,Masculine,1,2026-01-19 08:09:16
11243,Feminine,4,2026-01-19 08:09:16
11243,Modern,2,2026-01-19 08:09:16
11243,Masculine,1,2026-01-19 08:09:16
11247,Feminine,2,2026-01-19 08:09:16
11247,Modern,2,2026-01-19 08:09:16
11247,Classic,1,2026-01-19 08:09:16
11252,Feminine,3,2026-01-19 08:09:16
11252,Modern,3,2026-01-19 08:09:16
11252,Classic,1,2026-01-19 08:09:16
11263,Feminine,3,2026-01-19 08:09:16
11263,Classic,1,2026-01-19 08:09:16
11263,Modern,1,2026-01-19 08:09:16
11267,Feminine,4,2026-01-19 08:09:16
11267,Modern,4,2026-01-19 08:09:16
11267,Classic,2,2026-01-19 08:09:16
11272,Feminine,3,2026-01-19 08:09:16
11272,Masculine,2,2026-01-19 08:09:16
11272,Classic,2,2026-01-19 08:09:16
11272,Modern,1,2026-01-19 08:09:16
11280,Feminine,3,2026-01-19 08:09:16
11280,Modern,1,2026-01-19 08:09:16
11286,Feminine,3,2026-01-19 08:09:16
11286,Modern,1,2026-01-19 08:09:16
11287,Feminine,28,2026-01-19 08:09:16
11287,Modern,16,2026-01-19 08:09:16
11287,Classic,11,2026-01-19 08:09:16
11287,Masculine,9,2026-01-19 08:09:16
11288,Masculine,1024,2026-01-19 08:09:16
11288,Modern,669,2026-01-19 08:09:16
11288,Classic,355,2026-01-19 08:09:16
11288,Feminine,140,2026-01-19 08:09:16
11290,Feminine,3,2026-01-19 08:09:16
11290,Masculine,2,2026-01-19 08:09:16
11290,Classic,2,2026-01-19 08:09:16
11291,Feminine,17,2026-01-19 08:09:16
11291,Classic,7,2026-01-19 08:09:16
11291,Modern,5,2026-01-19 08:09:16
11291,Masculine,2,2026-01-19 08:09:16
11292,Masculine,713,2026-01-19 08:09:16
11292,Modern,626,2026-01-19 08:09:16
11292,Feminine,118,2026-01-19 08:09:16
11292,Classic,66,2026-01-19 08:09:16
11294,Feminine,25,2026-01-19 08:09:16
11294,Modern,11,2026-01-19 08:09:16
11294,Masculine,9,2026-01-19 08:09:16
11294,Classic,9,2026-01-19 08:09:16
11296,Masculine,612,2026-01-19 08:09:16
11296,Modern,466,2026-01-19 08:09:16
11296,Classic,122,2026-01-19 08:09:16
11296,Feminine,96,2026-01-19 08:09:16
11299,Feminine,24,2026-01-19 08:09:16
11299,Modern,13,2026-01-19 08:09:16
11299,Masculine,11,2026-01-19 08:09:16
11299,Classic,6,2026-01-19 08:09:16
11300,Masculine,339,2026-01-19 08:09:16
11300,Modern,289,2026-01-19 08:09:16
11300,Feminine,46,2026-01-19 08:09:16
11300,Classic,37,2026-01-19 08:09:16
11303,Feminine,25,2026-01-19 08:09:16
11303,Modern,12,2026-01-19 08:09:16
11303,Classic,6,2026-01-19 08:09:16
11304,Masculine,268,2026-01-19 08:09:16
11304,Modern,243,2026-01-19 08:09:16
11304,Feminine,58,2026-01-19 08:09:16
11304,Classic,36,2026-01-19 08:09:16
11306,Feminine,3,2026-01-19 08:09:16
11306,Masculine,2,2026-01-19 08:09:16
11306,Classic,1,2026-01-19 08:09:16
11307,Feminine,16,2026-01-19 08:09:16
11307,Modern,7,2026-01-19 08:09:16
11307,Masculine,4,2026-01-19 08:09:16
11307,Classic,4,2026-01-19 08:09:16
11308,Masculine,289,2026-01-19 08:09:16
11308,Modern,259,2026-01-19 08:09:16
11308,Feminine,44,2026-01-19 08:09:16
11308,Classic,37,2026-01-19 08:09:16
11310,Masculine,50,2026-01-19 08:09:16
11310,Modern,43,2026-01-19 08:09:16
11310,Classic,8,2026-01-19 08:09:16
11311,Feminine,17,2026-01-19 08:09:16
11311,Modern,11,2026-01-19 08:09:16
11311,Classic,6,2026-01-19 08:09:16
11311,Masculine,2,2026-01-19 08:09:16
11312,Feminine,401,2026-01-19 08:09:16
11312,Modern,232,2026-01-19 08:09:16
11312,Classic,100,2026-01-19 08:09:16
11314,Feminine,52,2026-01-19 08:09:16
11314,Modern,30,2026-01-19 08:09:16
11314,Masculine,7,2026-01-19 08:09:16
11314,Classic,6,2026-01-19 08:09:16
11315,Feminine,17,2026-01-19 08:09:16
11315,Modern,15,2026-01-19 08:09:16
11315,Masculine,9,2026-01-19 08:09:16
11315,Classic,5,2026-01-19 08:09:16
11316,Masculine,315,2026-01-19 08:09:16
11316,Feminine,292,2026-01-19 08:09:16
11316,Modern,169,2026-01-19 08:09:16
11316,Classic,98,2026-01-19 08:09:16
11320,Masculine,228,2026-01-19 08:09:16
11320,Modern,189,2026-01-19 08:09:16
11320,Feminine,51,2026-01-19 08:09:16
11320,Classic,21,2026-01-19 08:09:16
11322,Masculine,30,2026-01-19 08:09:16
11322,Modern,16,2026-01-19 08:09:16
11322,Classic,5,2026-01-19 08:09:16
11323,Feminine,22,2026-01-19 08:09:16
11323,Classic,9,2026-01-19 08:09:16
11323,Modern,9,2026-01-19 08:09:16
11323,Masculine,5,2026-01-19 08:09:16
11324,Feminine,402,2026-01-19 08:09:16
11324,Classic,188,2026-01-19 08:09:16
11324,Modern,145,2026-01-19 08:09:16
11326,Masculine,44,2026-01-19 08:09:16
11326,Classic,23,2026-01-19 08:09:16
11326,Modern,13,2026-01-19 08:09:16
11327,Feminine,20,2026-01-19 08:09:16
11327,Modern,9,2026-01-19 08:09:16
11327,Classic,5,2026-01-19 08:09:16
11327,Masculine,2,2026-01-19 08:09:16
11328,Feminine,288,2026-01-19 08:09:16
11328,Modern,135,2026-01-19 08:09:16
11328,Classic,78,2026-01-19 08:09:16
11330,Feminine,41,2026-01-19 08:09:16
11330,Modern,26,2026-01-19 08:09:16
11330,Classic,10,2026-01-19 08:09:16
11331,Feminine,16,2026-01-19 08:09:16
11331,Masculine,9,2026-01-19 08:09:16
11331,Modern,8,2026-01-19 08:09:16
11331,Classic,6,2026-01-19 08:09:16
11332,Feminine,294,2026-01-19 08:09:16
11332,Modern,181,2026-01-19 08:09:16
11332,Classic,56,2026-01-19 08:09:16
11335,Feminine,17,2026-01-19 08:09:16
11335,Classic,7,2026-01-19 08:09:16
11335,Modern,5,2026-01-19 08:09:16
11335,Masculine,4,2026-01-19 08:09:16
11336,Masculine,128,2026-01-19 08:09:16
11336,Modern,102,2026-01-19 08:09:16
11336,Classic,31,2026-01-19 08:09:16
11336,Feminine,16,2026-01-19 08:09:16
11338,Feminine,12,2026-01-19 08:09:16
11338,Modern,7,2026-01-19 08:09:16
11338,Masculine,4,2026-01-19 08:09:16
11338,Classic,4,2026-01-19 08:09:16
11339,Feminine,43,2026-01-19 08:09:16
11339,Modern,19,2026-01-19 08:09:16
11339,Classic,11,2026-01-19 08:09:16
11339,Masculine,5,2026-01-19 08:09:16
11340,Masculine,165,2026-01-19 08:09:16
11340,Modern,86,2026-01-19 08:09:16
11340,Classic,61,2026-01-19 08:09:16
11340,Feminine,19,2026-01-19 08:09:16
11342,Feminine,10,2026-01-19 08:09:16
11342,Classic,6,2026-01-19 08:09:16
11342,Modern,6,2026-01-19 08:09:16
11342,Masculine,4,2026-01-19 08:09:16
11343,Masculine,26,2026-01-19 08:09:16
11343,Modern,15,2026-01-19 08:09:16
11343,Classic,7,2026-01-19 08:09:16
11344,Masculine,136,2026-01-19 08:09:16
11344,Feminine,120,2026-01-19 08:09:16
11344,Modern,88,2026-01-19 08:09:16
11344,Classic,62,2026-01-19 08:09:16
11346,Feminine,16,2026-01-19 08:09:16
11346,Classic,7,2026-01-19 08:09:16
11346,Modern,7,2026-01-19 08:09:16
11346,Masculine,6,2026-01-19 08:09:16
11347,Feminine,33,2026-01-19 08:09:16
11347,Modern,27,2026-01-19 08:09:16
11347,Classic,6,2026-01-19 08:09:16
11348,Masculine,111,2026-01-19 08:09:16
11348,Modern,90,2026-01-19 08:09:16
11348,Classic,16,2026-01-19 08:09:16
11348,Feminine,15,2026-01-19 08:09:16
11351,Feminine,38,2026-01-19 08:09:16
11351,Modern,22,2026-01-19 08:09:16
11351,Classic,9,2026-01-19 08:09:16
11351,Masculine,3,2026-01-19 08:09:16
11352,Feminine,158,2026-01-19 08:09:16
11352,Modern,94,2026-01-19 08:09:16
11352,Classic,33,2026-01-19 08:09:16
11354,Feminine,8,2026-01-19 08:09:16
11354,Classic,5,2026-01-19 08:09:16
11354,Modern,5,2026-01-19 08:09:16
11354,Masculine,3,2026-01-19 08:09:16
11355,Masculine,19,2026-01-19 08:09:16
11355,Classic,9,2026-01-19 08:09:16
11355,Modern,7,2026-01-19 08:09:16
11355,Feminine,2,2026-01-19 08:09:16
11356,Masculine,150,2026-01-19 08:09:16
11356,Feminine,98,2026-01-19 08:09:16
11356,Modern,87,2026-01-19 08:09:16
11356,Classic,32,2026-01-19 08:09:16
11358,Feminine,15,2026-01-19 08:09:16
11358,Modern,7,2026-01-19 08:09:16
11358,Classic,5,2026-01-19 08:09:16
11358,Masculine,4,2026-01-19 08:09:16
11359,Feminine,36,2026-01-19 08:09:16
11359,Modern,23,2026-01-19 08:09:16
11359,Classic,10,2026-01-19 08:09:16
11360,Masculine,115,2026-01-19 08:09:16
11360,Modern,88,2026-01-19 08:09:16
11360,Feminine,69,2026-01-19 08:09:16
11360,Classic,31,2026-01-19 08:09:16
11362,Feminine,11,2026-01-19 08:09:16
11362,Classic,6,2026-01-19 08:09:16
11362,Modern,2,2026-01-19 08:09:16
11363,Feminine,35,2026-01-19 08:09:16
11363,Modern,17,2026-01-19 08:09:16
11363,Classic,6,2026-01-19 08:09:16
11364,Masculine,111,2026-01-19 08:09:16
11364,Modern,79,2026-01-19 08:09:16
11364,Feminine,31,2026-01-19 08:09:16
11364,Classic,15,2026-01-19 08:09:16
11367,Feminine,31,2026-01-19 08:09:16
11367,Modern,16,2026-01-19 08:09:16
11367,Classic,9,2026-01-19 08:09:16
11367,Masculine,3,2026-01-19 08:09:16
11368,Feminine,130,2026-01-19 08:09:16
11368,Modern,69,2026-01-19 08:09:16
11368,Classic,30,2026-01-19 08:09:16
11371,Masculine,20,2026-01-19 08:09:16
11371,Modern,16,2026-01-19 08:09:16
11371,Classic,4,2026-01-19 08:09:16
11371,Feminine,2,2026-01-19 08:09:16
11372,Masculine,133,2026-01-19 08:09:16
11372,Modern,64,2026-01-19 08:09:16
11372,Classic,34,2026-01-19 08:09:16
11372,Feminine,27,2026-01-19 08:09:16
11375,Masculine,28,2026-01-19 08:09:16
11375,Classic,13,2026-01-19 08:09:16
11375,Modern,7,2026-01-19 08:09:16
11376,Feminine,144,2026-01-19 08:09:16
11376,Classic,58,2026-01-19 08:09:16
11376,Modern,47,2026-01-19 08:09:16
11379,Feminine,41,2026-01-19 08:09:16
11379,Modern,21,2026-01-19 08:09:16
11379,Classic,7,2026-01-19 08:09:16
11379,Masculine,6,2026-01-19 08:09:16
11383,Feminine,31,2026-01-19 08:09:16
11383,Modern,17,2026-01-19 08:09:16
11383,Classic,4,2026-01-19 08:09:16
11384,Feminine,119,2026-01-19 08:09:16
11384,Modern,74,2026-01-19 08:09:16
11384,Classic,21,2026-01-19 08:09:16
11387,Masculine,26,2026-01-19 08:09:16
11387,Modern,19,2026-01-19 08:09:16
11387,Classic,8,2026-01-19 08:09:16
11387,Feminine,3,2026-01-19 08:09:16
11388,Masculine,74,2026-01-19 08:09:16
11388,Modern,63,2026-01-19 08:09:16
11388,Feminine,10,2026-01-19 08:09:16
11388,Classic,7,2026-01-19 08:09:16
11391,Masculine,11,2026-01-19 08:09:16
11391,Modern,6,2026-01-19 08:09:16
11391,Classic,4,2026-01-19 08:09:16
11391,Feminine,2,2026-01-19 08:09:16
11392,Feminine,104,2026-01-19 08:09:16
11392,Modern,64,2026-01-19 08:09:16
11392,Classic,26,2026-01-19 08:09:16
11394,Feminine,12,2026-01-19 08:09:16
11394,Classic,6,2026-01-19 08:09:16
11394,Modern,4,2026-01-19 08:09:16
11394,Masculine,1,2026-01-19 08:09:16
11395,Masculine,25,2026-01-19 08:09:16
11395,Modern,11,2026-01-19 08:09:16
11395,Classic,5,2026-01-19 08:09:16
11395,Feminine,4,2026-01-19 08:09:16
11398,Feminine,8,2026-01-19 08:09:16
11398,Modern,3,2026-01-19 08:09:16
11398,Classic,2,2026-01-19 08:09:16
11398,Masculine,1,2026-01-19 08:09:16
11399,Feminine,35,2026-01-19 08:09:16
11399,Modern,18,2026-01-19 08:09:16
11399,Classic,10,2026-01-19 08:09:16
11400,Feminine,99,2026-01-19 08:09:16
11400,Modern,65,2026-01-19 08:09:16
11400,Classic,11,2026-01-19 08:09:16
11404,Masculine,71,2026-01-19 08:09:16
11404,Modern,50,2026-01-19 08:09:16
11404,Classic,17,2026-01-19 08:09:16
11404,Feminine,8,2026-01-19 08:09:16
11407,Masculine,17,2026-01-19 08:09:16
11407,Modern,9,2026-01-19 08:09:16
11407,Classic,4,2026-01-19 08:09:16
11407,Feminine,2,2026-01-19 08:09:16
11408,Masculine,76,2026-01-19 08:09:16
11408,Modern,59,2026-01-19 08:09:16
11408,Classic,14,2026-01-19 08:09:16
11408,Feminine,12,2026-01-19 08:09:16
11410,Feminine,6,2026-01-19 08:09:16
11410,Classic,2,2026-01-19 08:09:16
11410,Modern,2,2026-01-19 08:09:16
11410,Masculine,1,2026-01-19 08:09:16
11411,Masculine,12,2026-01-19 08:09:16
11411,Modern,9,2026-01-19 08:09:16
11411,Feminine,3,2026-01-19 08:09:16
11411,Classic,3,2026-01-19 08:09:16
11414,Feminine,6,2026-01-19 08:09:16
11414,Classic,2,2026-01-19 08:09:16
11414,Masculine,1,2026-01-19 08:09:16
11414,Modern,1,2026-01-19 08:09:16
11415,Feminine,27,2026-01-19 08:09:16
11415,Modern,15,2026-01-19 08:09:16
11415,Classic,8,2026-01-19 08:09:16
11417,Masculine,31,2026-01-19 08:09:16
11417,Modern,22,2026-01-19 08:09:16
11417,Classic,8,2026-01-19 08:09:16
11417,Feminine,5,2026-01-19 08:09:16
11418,Feminine,2,2026-01-19 08:09:16
11418,Classic,2,2026-01-19 08:09:16
11418,Modern,2,2026-01-19 08:09:16
11418,Masculine,1,2026-01-19 08:09:16
11419,Masculine,31,2026-01-19 08:09:16
11419,Classic,16,2026-01-19 08:09:16
11419,Modern,5,2026-01-19 08:09:16
11421,Feminine,62,2026-01-19 08:09:16
11421,Modern,31,2026-01-19 08:09:16
11421,Classic,10,2026-01-19 08:09:16
11422,Feminine,4,2026-01-19 08:09:16
11422,Classic,2,2026-01-19 08:09:16
11422,Modern,2,2026-01-19 08:09:16
11422,Masculine,1,2026-01-19 08:09:16
11423,Masculine,19,2026-01-19 08:09:16
11423,Classic,8,2026-01-19 08:09:16
11423,Modern,5,2026-01-19 08:09:16
11425,Feminine,54,2026-01-19 08:09:16
11425,Classic,28,2026-01-19 08:09:16
11425,Modern,13,2026-01-19 08:09:16
11425,Masculine,4,2026-01-19 08:09:16
11428,Masculine,19,2026-01-19 08:09:16
11428,Modern,14,2026-01-19 08:09:16
11428,Classic,6,2026-01-19 08:09:16
11429,Feminine,46,2026-01-19 08:09:16
11429,Modern,31,2026-01-19 08:09:16
11429,Classic,6,2026-01-19 08:09:16
11429,Masculine,4,2026-01-19 08:09:16
11432,Masculine,23,2026-01-19 08:09:16
11432,Modern,16,2026-01-19 08:09:16
11432,Classic,6,2026-01-19 08:09:16
11433,Feminine,52,2026-01-19 08:09:16
11433,Masculine,30,2026-01-19 08:09:16
11433,Modern,28,2026-01-19 08:09:16
11433,Classic,16,2026-01-19 08:09:16
11436,Feminine,21,2026-01-19 08:09:16
11436,Classic,9,2026-01-19 08:09:16
11436,Modern,9,2026-01-19 08:09:16
11437,Feminine,50,2026-01-19 08:09:16
11437,Modern,24,2026-01-19 08:09:16
11437,Classic,18,2026-01-19 08:09:16
11440,Masculine,13,2026-01-19 08:09:16
11440,Modern,6,2026-01-19 08:09:16
11440,Feminine,2,2026-01-19 08:09:16
11441,Feminine,45,2026-01-19 08:09:16
11441,Modern,16,2026-01-19 08:09:16
11441,Classic,8,2026-01-19 08:09:16
11441,Masculine,3,2026-01-19 08:09:16
11445,Feminine,42,2026-01-19 08:09:16
11445,Modern,26,2026-01-19 08:09:16
11448,Feminine,21,2026-01-19 08:09:16
11448,Modern,8,2026-01-19 08:09:16
11448,Classic,5,2026-01-19 08:09:16
11448,Masculine,4,2026-01-19 08:09:16
11449,Feminine,32,2026-01-19 08:09:16
11449,Modern,20,2026-01-19 08:09:16
11449,Classic,6,2026-01-19 08:09:16
11449,Masculine,3,2026-01-19 08:09:16
11451,Masculine,20,2026-01-19 08:09:16
11451,Modern,16,2026-01-19 08:09:16
11451,Classic,6,2026-01-19 08:09:16
11453,Masculine,29,2026-01-19 08:09:16
11453,Modern,17,2026-01-19 08:09:16
11453,Feminine,5,2026-01-19 08:09:16
11453,Classic,4,2026-01-19 08:09:16
11454,Feminine,705,2026-01-19 08:09:16
11454,Modern,401,2026-01-19 08:09:16
11454,Masculine,310,2026-01-19 08:09:16
11454,Classic,192,2026-01-19 08:09:16
11455,Masculine,20,2026-01-19 08:09:16
11455,Modern,14,2026-01-19 08:09:16
11455,Classic,8,2026-01-19 08:09:16
11457,Feminine,39,2026-01-19 08:09:16
11457,Modern,22,2026-01-19 08:09:16
11457,Classic,14,2026-01-19 08:09:16
11458,Feminine,359,2026-01-19 08:09:16
11458,Masculine,306,2026-01-19 08:09:16
11458,Modern,205,2026-01-19 08:09:16
11458,Classic,106,2026-01-19 08:09:16
11459,Masculine,6,2026-01-19 08:09:16
11459,Modern,4,2026-01-19 08:09:16
11459,Feminine,1,2026-01-19 08:09:16
11459,Classic,1,2026-01-19 08:09:16
11461,Masculine,21,2026-01-19 08:09:16
11461,Modern,13,2026-01-19 08:09:16
11461,Classic,4,2026-01-19 08:09:16
11462,Masculine,11,2026-01-19 08:09:16
11462,Feminine,10,2026-01-19 08:09:16
11462,Classic,5,2026-01-19 08:09:16
11462,Modern,5,2026-01-19 08:09:16
11464,Feminine,329,2026-01-19 08:09:16
11464,Modern,205,2026-01-19 08:09:16
11464,Masculine,130,2026-01-19 08:09:16
11464,Classic,82,2026-01-19 08:09:16
11465,Masculine,38,2026-01-19 08:09:16
11465,Modern,23,2026-01-19 08:09:16
11465,Classic,10,2026-01-19 08:09:16
11465,Feminine,8,2026-01-19 08:09:16
11467,Feminine,18,2026-01-19 08:09:16
11467,Modern,12,2026-01-19 08:09:16
11467,Classic,2,2026-01-19 08:09:16
11468,Feminine,306,2026-01-19 08:09:16
11468,Modern,175,2026-01-19 08:09:16
11468,Classic,114,2026-01-19 08:09:16
11468,Masculine,113,2026-01-19 08:09:16
11469,Feminine,38,2026-01-19 08:09:16
11469,Modern,17,2026-01-19 08:09:16
11469,Classic,15,2026-01-19 08:09:16
11471,Feminine,19,2026-01-19 08:09:16
11471,Modern,9,2026-01-19 08:09:16
11471,Classic,5,2026-01-19 08:09:16
11472,Feminine,174,2026-01-19 08:09:16
11472,Masculine,109,2026-01-19 08:09:16
11472,Classic,80,2026-01-19 08:09:16
11472,Modern,76,2026-01-19 08:09:16
11473,Feminine,28,2026-01-19 08:09:16
11473,Modern,15,2026-01-19 08:09:16
11473,Classic,8,2026-01-19 08:09:16
11475,Masculine,17,2026-01-19 08:09:16
11475,Modern,6,2026-01-19 08:09:16
11475,Feminine,5,2026-01-19 08:09:16
11475,Classic,3,2026-01-19 08:09:16
11476,Feminine,171,2026-01-19 08:09:16
11476,Masculine,166,2026-01-19 08:09:16
11476,Modern,84,2026-01-19 08:09:16
11476,Classic,64,2026-01-19 08:09:16
11479,Masculine,14,2026-01-19 08:09:16
11479,Modern,7,2026-01-19 08:09:16
11479,Classic,4,2026-01-19 08:09:16
11480,Feminine,240,2026-01-19 08:09:16
11480,Modern,120,2026-01-19 08:09:16
11480,Classic,83,2026-01-19 08:09:16
11480,Masculine,24,2026-01-19 08:09:16
11481,Feminine,36,2026-01-19 08:09:16
11481,Modern,20,2026-01-19 08:09:16
11481,Classic,10,2026-01-19 08:09:16
11483,Feminine,18,2026-01-19 08:09:16
11483,Modern,13,2026-01-19 08:09:16
11483,Classic,7,2026-01-19 08:09:16
11484,Feminine,183,2026-01-19 08:09:16
11484,Classic,83,2026-01-19 08:09:16
11484,Modern,82,2026-01-19 08:09:16
11484,Masculine,52,2026-01-19 08:09:16
11485,Feminine,27,2026-01-19 08:09:16
11485,Modern,12,2026-01-19 08:09:16
11485,Classic,6,2026-01-19 08:09:16
11488,Feminine,150,2026-01-19 08:09:16
11488,Modern,81,2026-01-19 08:09:16
11488,Masculine,76,2026-01-19 08:09:16
11488,Classic,35,2026-01-19 08:09:16
11489,Masculine,14,2026-01-19 08:09:16
11489,Modern,14,2026-01-19 08:09:16
11489,Feminine,2,2026-01-19 08:09:16
11491,Masculine,16,2026-01-19 08:09:16
11491,Classic,7,2026-01-19 08:09:16
11491,Modern,6,2026-01-19 08:09:16
11491,Feminine,2,2026-01-19 08:09:16
11492,Masculine,122,2026-01-19 08:09:16
11492,Feminine,103,2026-01-19 08:09:16
11492,Classic,67,2026-01-19 08:09:16
11492,Modern,26,2026-01-19 08:09:16
11493,Feminine,19,2026-01-19 08:09:16
11493,Modern,7,2026-01-19 08:09:16
11493,Classic,4,2026-01-19 08:09:16
11496,Masculine,122,2026-01-19 08:09:16
11496,Feminine,73,2026-01-19 08:09:16
11496,Classic,48,2026-01-19 08:09:16
11496,Modern,38,2026-01-19 08:09:16
11497,Masculine,16,2026-01-19 08:09:16
11497,Modern,14,2026-01-19 08:09:16
11497,Classic,4,2026-01-19 08:09:16
11499,Masculine,12,2026-01-19 08:09:16
11499,Classic,5,2026-01-19 08:09:16
11499,Feminine,4,2026-01-19 08:09:16
11499,Modern,1,2026-01-19 08:09:16
11500,Feminine,95,2026-01-19 08:09:16
11500,Masculine,82,2026-01-19 08:09:16
11500,Modern,59,2026-01-19 08:09:16
11500,Classic,30,2026-01-19 08:09:16
11501,Feminine,18,2026-01-19 08:09:16
11501,Masculine,15,2026-01-19 08:09:16
11501,Modern,10,2026-01-19 08:09:16
11501,Classic,4,2026-01-19 08:09:16
11503,Masculine,13,2026-01-19 08:09:16
11503,Modern,5,2026-01-19 08:09:16
11503,Classic,4,2026-01-19 08:09:16
11503,Feminine,2,2026-01-19 08:09:16
11504,Feminine,120,2026-01-19 08:09:16
11504,Modern,65,2026-01-19 08:09:16
11504,Masculine,56,2026-01-19 08:09:16
11504,Classic,27,2026-01-19 08:09:16
11507,Masculine,9,2026-01-19 08:09:16
11507,Modern,6,2026-01-19 08:09:16
11507,Classic,4,2026-01-19 08:09:16
11508,Feminine,93,2026-01-19 08:09:16
11508,Masculine,77,2026-01-19 08:09:16
11508,Modern,70,2026-01-19 08:09:16
11508,Classic,30,2026-01-19 08:09:16
11510,Feminine,16,2026-01-19 08:09:16
11510,Modern,9,2026-01-19 08:09:16
11510,Classic,5,2026-01-19 08:09:16
11512,Masculine,126,2026-01-19 08:09:16
11512,Feminine,85,2026-01-19 08:09:16
11512,Modern,41,2026-01-19 08:09:16
11512,Classic,38,2026-01-19 08:09:16
11513,Masculine,23,2026-01-19 08:09:16
11513,Modern,12,2026-01-19 08:09:16
11513,Classic,10,2026-01-19 08:09:16
11513,Feminine,5,2026-01-19 08:09:16
11515,Feminine,13,2026-01-19 08:09:16
11515,Modern,5,2026-01-19 08:09:16
11515,Classic,4,2026-01-19 08:09:16
11515,Masculine,1,2026-01-19 08:09:16
11516,Masculine,79,2026-01-19 08:09:16
11516,Feminine,69,2026-01-19 08:09:16
11516,Modern,54,2026-01-19 08:09:16
11516,Classic,31,2026-01-19 08:09:16
11517,Feminine,18,2026-01-19 08:09:16
11517,Modern,9,2026-01-19 08:09:16
11517,Classic,4,2026-01-19 08:09:16
11518,Masculine,9,2026-01-19 08:09:16
11518,Classic,5,2026-01-19 08:09:16
11518,Modern,3,2026-01-19 08:09:16
11520,Feminine,109,2026-01-19 08:09:16
11520,Modern,48,2026-01-19 08:09:16
11520,Masculine,43,2026-01-19 08:09:16
11520,Classic,34,2026-01-19 08:09:16
11521,Feminine,15,2026-01-19 08:09:16
11521,Modern,8,2026-01-19 08:09:16
11521,Classic,5,2026-01-19 08:09:16
11521,Masculine,2,2026-01-19 08:09:16
11523,Masculine,10,2026-01-19 08:09:16
11523,Modern,5,2026-01-19 08:09:16
11523,Classic,2,2026-01-19 08:09:16
11523,Feminine,1,2026-01-19 08:09:16
11524,Masculine,82,2026-01-19 08:09:16
11524,Feminine,58,2026-01-19 08:09:16
11524,Modern,38,2026-01-19 08:09:16
11524,Classic,26,2026-01-19 08:09:16
11525,Feminine,16,2026-01-19 08:09:16
11525,Classic,5,2026-01-19 08:09:16
11525,Modern,4,2026-01-19 08:09:16
11527,Masculine,12,2026-01-19 08:09:16
11527,Modern,11,2026-01-19 08:09:16
11527,Classic,2,2026-01-19 08:09:16
11528,Feminine,130,2026-01-19 08:09:16
11528,Modern,62,2026-01-19 08:09:16
11528,Classic,40,2026-01-19 08:09:16
11528,Masculine,20,2026-01-19 08:09:16
11529,Masculine,10,2026-01-19 08:09:16
11529,Modern,7,2026-01-19 08:09:16
11529,Feminine,3,2026-01-19 08:09:16
11531,Feminine,14,2026-01-19 08:09:16
11531,Modern,7,2026-01-19 08:09:16
11531,Classic,5,2026-01-19 08:09:16
11531,Masculine,2,2026-01-19 08:09:16
11532,Feminine,103,2026-01-19 08:09:16
11532,Masculine,70,2026-01-19 08:09:16
11532,Classic,48,2026-01-19 08:09:16
11532,Modern,42,2026-01-19 08:09:16
11533,Masculine,12,2026-01-19 08:09:16
11533,Modern,12,2026-01-19 08:09:16
11533,Classic,2,2026-01-19 08:09:16
11535,Masculine,13,2026-01-19 08:09:16
11535,Feminine,9,2026-01-19 08:09:16
11535,Classic,3,2026-01-19 08:09:16
11535,Modern,3,2026-01-19 08:09:16
11536,Feminine,55,2026-01-19 08:09:16
11536,Masculine,54,2026-01-19 08:09:16
11536,Classic,38,2026-01-19 08:09:16
11536,Modern,25,2026-01-19 08:09:16
11537,Feminine,10,2026-01-19 08:09:16
11537,Modern,5,2026-01-19 08:09:16
11537,Classic,1,2026-01-19 08:09:16
11539,Masculine,6,2026-01-19 08:09:16
11539,Feminine,3,2026-01-19 08:09:16
11539,Classic,2,2026-01-19 08:09:16
11539,Modern,1,2026-01-19 08:09:16
11540,Masculine,93,2026-01-19 08:09:16
11540,Feminine,88,2026-01-19 08:09:16
11540,Modern,53,2026-01-19 08:09:16
11540,Classic,37,2026-01-19 08:09:16
11541,Masculine,11,2026-01-19 08:09:16
11541,Modern,4,2026-01-19 08:09:16
11541,Feminine,2,2026-01-19 08:09:16
11543,Masculine,9,2026-01-19 08:09:16
11543,Classic,4,2026-01-19 08:09:16
11543,Modern,4,2026-01-19 08:09:16
11544,Masculine,105,2026-01-19 08:09:16
11544,Feminine,50,2026-01-19 08:09:16
11544,Classic,42,2026-01-19 08:09:16
11544,Modern,26,2026-01-19 08:09:16
11545,Feminine,10,2026-01-19 08:09:16
11545,Modern,4,2026-01-19 08:09:16
11545,Classic,2,2026-01-19 08:09:16
11548,Masculine,71,2026-01-19 08:09:16
11548,Feminine,45,2026-01-19 08:09:16
11548,Classic,31,2026-01-19 08:09:16
11548,Modern,25,2026-01-19 08:09:16
11549,Feminine,11,2026-01-19 08:09:16
11549,Masculine,5,2026-01-19 08:09:16
11549,Classic,4,2026-01-19 08:09:16
11549,Modern,3,2026-01-19 08:09:16
11552,Feminine,74,2026-01-19 08:09:16
11552,Modern,44,2026-01-19 08:09:16
11552,Classic,18,2026-01-19 08:09:16
11552,Masculine,13,2026-01-19 08:09:16
11553,Feminine,14,2026-01-19 08:09:16
11553,Modern,5,2026-01-19 08:09:16
11553,Masculine,1,2026-01-19 08:09:16
11555,Masculine,7,2026-01-19 08:09:16
11555,Modern,4,2026-01-19 08:09:16
11555,Feminine,3,2026-01-19 08:09:16
11555,Classic,3,2026-01-19 08:09:16
11556,Feminine,93,2026-01-19 08:09:16
11556,Masculine,46,2026-01-19 08:09:16
11556,Classic,36,2026-01-19 08:09:16
11556,Modern,34,2026-01-19 08:09:16
11557,Modern,8,2026-01-19 08:09:16
11557,Masculine,6,2026-01-19 08:09:16
11557,Classic,2,2026-01-19 08:09:16
11559,Feminine,15,2026-01-19 08:09:16
11559,Modern,9,2026-01-19 08:09:16
11559,Classic,7,2026-01-19 08:09:16
11560,Masculine,93,2026-01-19 08:09:16
11560,Feminine,44,2026-01-19 08:09:16
11560,Modern,34,2026-01-19 08:09:16
11560,Classic,32,2026-01-19 08:09:16
11563,Feminine,14,2026-01-19 08:09:16
11563,Modern,7,2026-01-19 08:09:16
11563,Classic,3,2026-01-19 08:09:16
11564,Masculine,69,2026-01-19 08:09:16
11564,Feminine,63,2026-01-19 08:09:16
11564,Classic,36,2026-01-19 08:09:16
11564,Modern,33,2026-01-19 08:09:16
11567,Masculine,6,2026-01-19 08:09:16
11567,Modern,3,2026-01-19 08:09:16
11567,Classic,1,2026-01-19 08:09:16
11568,Masculine,71,2026-01-19 08:09:16
11568,Feminine,51,2026-01-19 08:09:16
11568,Classic,29,2026-01-19 08:09:16
11568,Modern,22,2026-01-19 08:09:16
11571,Masculine,11,2026-01-19 08:09:16
11571,Classic,6,2026-01-19 08:09:16
11571,Modern,3,2026-01-19 08:09:16
11572,Feminine,37,2026-01-19 08:09:16
11572,Modern,34,2026-01-19 08:09:16
11572,Masculine,29,2026-01-19 08:09:16
11575,Masculine,6,2026-01-19 08:09:16
11575,Classic,3,2026-01-19 08:09:16
11575,Feminine,1,2026-01-19 08:09:16
11575,Modern,1,2026-01-19 08:09:16
11576,Feminine,61,2026-01-19 08:09:16
11576,Classic,29,2026-01-19 08:09:16
11576,Modern,28,2026-01-19 08:09:16
11576,Masculine,8,2026-01-19 08:09:16
11579,Feminine,9,2026-01-19 08:09:16
11579,Modern,4,2026-01-19 08:09:16
11579,Classic,3,2026-01-19 08:09:16
11583,Masculine,6,2026-01-19 08:09:16
11583,Feminine,2,2026-01-19 08:09:16
11583,Classic,2,2026-01-19 08:09:16
11583,Modern,1,2026-01-19 08:09:16
11584,Feminine,42,2026-01-19 08:09:16
11584,Masculine,35,2026-01-19 08:09:16
11584,Modern,21,2026-01-19 08:09:16
11584,Classic,14,2026-01-19 08:09:16
11587,Masculine,9,2026-01-19 08:09:16
11587,Classic,5,2026-01-19 08:09:16
11587,Modern,5,2026-01-19 08:09:16
11587,Feminine,2,2026-01-19 08:09:16
11588,Feminine,67,2026-01-19 08:09:16
11588,Modern,27,2026-01-19 08:09:16
11588,Classic,22,2026-01-19 08:09:16
11588,Masculine,11,2026-01-19 08:09:16
11589,Masculine,294,2026-01-19 08:09:16
11589,Feminine,149,2026-01-19 08:09:16
11589,Classic,147,2026-01-19 08:09:16
11589,Modern,108,2026-01-19 08:09:16
11591,Masculine,9,2026-01-19 08:09:16
11591,Classic,5,2026-01-19 08:09:16
11591,Feminine,1,2026-01-19 08:09:16
11592,Feminine,48,2026-01-19 08:09:16
11592,Masculine,29,2026-01-19 08:09:16
11592,Classic,17,2026-01-19 08:09:16
11592,Modern,15,2026-01-19 08:09:16
11593,Masculine,114,2026-01-19 08:09:16
11593,Classic,53,2026-01-19 08:09:16
11593,Feminine,42,2026-01-19 08:09:16
11593,Modern,31,2026-01-19 08:09:16
11595,Masculine,7,2026-01-19 08:09:16
11595,Modern,5,2026-01-19 08:09:16
11595,Feminine,1,2026-01-19 08:09:16
11595,Classic,1,2026-01-19 08:09:16
11596,Masculine,45,2026-01-19 08:09:16
11596,Feminine,31,2026-01-19 08:09:16
11596,Classic,21,2026-01-19 08:09:16
11596,Modern,18,2026-01-19 08:09:16
11597,Feminine,90,2026-01-19 08:09:16
11597,Masculine,63,2026-01-19 08:09:16
11597,Classic,42,2026-01-19 08:09:16
11597,Modern,24,2026-01-19 08:09:16
11599,Feminine,57,2026-01-19 08:09:16
11599,Masculine,47,2026-01-19 08:09:16
11599,Modern,25,2026-01-19 08:09:16
11599,Classic,16,2026-01-19 08:09:16
11600,Masculine,4,2026-01-19 08:09:16
11600,Feminine,3,2026-01-19 08:09:16
11600,Classic,2,2026-01-19 08:09:16
11600,Modern,1,2026-01-19 08:09:16
11601,Feminine,103,2026-01-19 08:09:16
11601,Masculine,97,2026-01-19 08:09:16
11601,Modern,57,2026-01-19 08:09:16
11601,Classic,54,2026-01-19 08:09:16
11603,Feminine,34,2026-01-19 08:09:16
11603,Modern,29,2026-01-19 08:09:16
11603,Masculine,23,2026-01-19 08:09:16
11605,Feminine,79,2026-01-19 08:09:16
11605,Modern,49,2026-01-19 08:09:16
11605,Classic,18,2026-01-19 08:09:16
11607,Feminine,51,2026-01-19 08:09:16
11607,Modern,23,2026-01-19 08:09:16
11607,Masculine,16,2026-01-19 08:09:16
11607,Classic,14,2026-01-19 08:09:16
11608,Masculine,4,2026-01-19 08:09:16
11608,Modern,1,2026-01-19 08:09:16
11609,Feminine,68,2026-01-19 08:09:16
11609,Masculine,51,2026-01-19 08:09:16
11609,Modern,34,2026-01-19 08:09:16
11609,Classic,27,2026-01-19 08:09:16
11611,Masculine,51,2026-01-19 08:09:16
11611,Feminine,46,2026-01-19 08:09:16
11611,Classic,15,2026-01-19 08:09:16
11611,Modern,12,2026-01-19 08:09:16
11612,Masculine,3,2026-01-19 08:09:16
11612,Modern,2,2026-01-19 08:09:16
11613,Masculine,58,2026-01-19 08:09:16
11613,Classic,28,2026-01-19 08:09:16
11613,Modern,16,2026-01-19 08:09:16
11613,Feminine,7,2026-01-19 08:09:16
11615,Feminine,56,2026-01-19 08:09:16
11615,Masculine,19,2026-01-19 08:09:16
11615,Classic,16,2026-01-19 08:09:16
11615,Modern,14,2026-01-19 08:09:16
11618,Feminine,60,2026-01-19 08:09:16
11618,Modern,28,2026-01-19 08:09:16
11618,Classic,21,2026-01-19 08:09:16
11620,Masculine,3,2026-01-19 08:09:16
11620,Modern,2,2026-01-19 08:09:16
11620,Feminine,1,2026-01-19 08:09:16
11620,Classic,1,2026-01-19 08:09:16
11622,Feminine,56,2026-01-19 08:09:16
11622,Modern,22,2026-01-19 08:09:16
11622,Classic,17,2026-01-19 08:09:16
11622,Masculine,7,2026-01-19 08:09:16
11623,Feminine,34,2026-01-19 08:09:16
11623,Masculine,31,2026-01-19 08:09:16
11623,Modern,31,2026-01-19 08:09:16
11624,Masculine,4,2026-01-19 08:09:16
11624,Classic,1,2026-01-19 08:09:16
11624,Modern,1,2026-01-19 08:09:16
11625,Masculine,3,2026-01-19 08:09:16
11625,Feminine,3,2026-01-19 08:09:16
11625,Classic,2,2026-01-19 08:09:16
11625,Modern,2,2026-01-19 08:09:16
11627,Masculine,50,2026-01-19 08:09:16
11627,Feminine,44,2026-01-19 08:09:16
11627,Modern,19,2026-01-19 08:09:16
11627,Classic,13,2026-01-19 08:09:16
11628,Masculine,2,2026-01-19 08:09:16
11628,Feminine,2,2026-01-19 08:09:16
11628,Classic,1,2026-01-19 08:09:16
11628,Modern,1,2026-01-19 08:09:16
11629,Feminine,2,2026-01-19 08:09:16
11629,Masculine,1,2026-01-19 08:09:16
11630,Feminine,51,2026-01-19 08:09:16
11630,Masculine,38,2026-01-19 08:09:16
11630,Classic,21,2026-01-19 08:09:16
11630,Modern,18,2026-01-19 08:09:16
11631,Masculine,3,2026-01-19 08:09:16
11632,Masculine,52,2026-01-19 08:09:16
11632,Feminine,43,2026-01-19 08:09:16
11632,Modern,36,2026-01-19 08:09:16
11632,Classic,15,2026-01-19 08:09:16
11633,Masculine,2,2026-01-19 08:09:16
11633,Feminine,2,2026-01-19 08:09:16
11633,Classic,1,2026-01-19 08:09:16
11633,Modern,1,2026-01-19 08:09:16
11634,Feminine,67,2026-01-19 08:09:16
11634,Masculine,33,2026-01-19 08:09:16
11634,Modern,33,2026-01-19 08:09:16
11634,Classic,17,2026-01-19 08:09:16
11635,Masculine,2,2026-01-19 08:09:16
11635,Classic,1,2026-01-19 08:09:16
11636,Masculine,39,2026-01-19 08:09:16
11636,Feminine,22,2026-01-19 08:09:16
11636,Modern,14,2026-01-19 08:09:16
11636,Classic,11,2026-01-19 08:09:16
11638,Feminine,43,2026-01-19 08:09:16
11638,Masculine,31,2026-01-19 08:09:16
11638,Classic,18,2026-01-19 08:09:16
11638,Modern,18,2026-01-19 08:09:16
11639,Masculine,5,2026-01-19 08:09:16
11639,Classic,2,2026-01-19 08:09:16
11639,Modern,2,2026-01-19 08:09:16
11639,Feminine,1,2026-01-19 08:09:16
11640,Feminine,24,2026-01-19 08:09:16
11640,Modern,22,2026-01-19 08:09:16
11640,Masculine,19,2026-01-19 08:09:16
11640,Classic,3,2026-01-19 08:09:16
11641,Masculine,1,2026-01-19 08:09:16
11641,Feminine,1,2026-01-19 08:09:16
11643,Feminine,43,2026-01-19 08:09:16
11643,Classic,13,2026-01-19 08:09:16
11643,Modern,13,2026-01-19 08:09:16
11644,Feminine,36,2026-01-19 08:09:16
11644,Masculine,22,2026-01-19 08:09:16
11644,Modern,10,2026-01-19 08:09:16
11644,Classic,9,2026-01-19 08:09:16
11646,Masculine,2,2026-01-19 08:09:16
11647,Feminine,33,2026-01-19 08:09:16
11647,Masculine,32,2026-01-19 08:09:16
11647,Modern,16,2026-01-19 08:09:16
11647,Classic,11,2026-01-19 08:09:16
11648,Masculine,32,2026-01-19 08:09:16
11648,Feminine,15,2026-01-19 08:09:16
11648,Modern,14,2026-01-19 08:09:16
11648,Classic,13,2026-01-19 08:09:16
11650,Masculine,35,2026-01-19 08:09:16
11650,Feminine,25,2026-01-19 08:09:16
11650,Modern,16,2026-01-19 08:09:16
11650,Classic,10,2026-01-19 08:09:16
11651,Masculine,7,2026-01-19 08:09:16
11651,Classic,3,2026-01-19 08:09:16
11651,Feminine,1,2026-01-19 08:09:16
11658,Feminine,29,2026-01-19 08:09:16
11658,Modern,12,2026-01-19 08:09:16
11658,Classic,10,2026-01-19 08:09:16
11658,Masculine,9,2026-01-19 08:09:16
11659,Masculine,100,2026-01-19 08:09:16
11659,Modern,62,2026-01-19 08:09:16
11659,Feminine,61,2026-01-19 08:09:16
11659,Classic,40,2026-01-19 08:09:16
11661,Feminine,1,2026-01-19 08:09:16
11661,Modern,1,2026-01-19 08:09:16
11662,Feminine,34,2026-01-19 08:09:16
11662,Classic,12,2026-01-19 08:09:16
11662,Modern,12,2026-01-19 08:09:16
11662,Masculine,5,2026-01-19 08:09:16
11663,Masculine,94,2026-01-19 08:09:16
11663,Classic,45,2026-01-19 08:09:16
11663,Modern,29,2026-01-19 08:09:16
11663,Feminine,14,2026-01-19 08:09:16
11665,Feminine,2,2026-01-19 08:09:16
11665,Modern,1,2026-01-19 08:09:16
11666,Feminine,38,2026-01-19 08:09:16
11666,Masculine,30,2026-01-19 08:09:16
11666,Modern,18,2026-01-19 08:09:16
11666,Classic,13,2026-01-19 08:09:16
11668,Masculine,3,2026-01-19 08:09:16
11668,Feminine,1,2026-01-19 08:09:16
11668,Classic,1,2026-01-19 08:09:16
11668,Modern,1,2026-01-19 08:09:16
11669,Feminine,3,2026-01-19 08:09:16
11669,Masculine,1,2026-01-19 08:09:16
11669,Modern,1,2026-01-19 08:09:16
11670,Feminine,27,2026-01-19 08:09:16
11670,Masculine,20,2026-01-19 08:09:16
11670,Classic,14,2026-01-19 08:09:16
11670,Modern,12,2026-01-19 08:09:16
11671,Feminine,118,2026-01-19 08:09:16
11671,Modern,57,2026-01-19 08:09:16
11671,Classic,35,2026-01-19 08:09:16
11671,Masculine,32,2026-01-19 08:09:16
11672,Masculine,1,2026-01-19 08:09:16
11672,Modern,1,2026-01-19 08:09:16
11673,Masculine,1,2026-01-19 08:09:16
11673,Feminine,1,2026-01-19 08:09:16
11673,Modern,1,2026-01-19 08:09:16
11674,Feminine,28,2026-01-19 08:09:16
11674,Masculine,23,2026-01-19 08:09:16
11674,Classic,11,2026-01-19 08:09:16
11674,Modern,7,2026-01-19 08:09:16
11675,Masculine,81,2026-01-19 08:09:16
11675,Modern,57,2026-01-19 08:09:16
11675,Classic,35,2026-01-19 08:09:16
11675,Feminine,16,2026-01-19 08:09:16
11677,Modern,2,2026-01-19 08:09:16
11677,Feminine,1,2026-01-19 08:09:16
11678,Feminine,29,2026-01-19 08:09:16
11678,Masculine,26,2026-01-19 08:09:16
11678,Modern,15,2026-01-19 08:09:16
11678,Classic,14,2026-01-19 08:09:16
11679,Masculine,69,2026-01-19 08:09:16
11679,Classic,36,2026-01-19 08:09:16
11679,Modern,34,2026-01-19 08:09:16
11679,Feminine,28,2026-01-19 08:09:16
11681,Feminine,1,2026-01-19 08:09:16
11681,Modern,1,2026-01-19 08:09:16
11685,Feminine,2,2026-01-19 08:09:16
11685,Classic,1,2026-01-19 08:09:16
11685,Modern,1,2026-01-19 08:09:16
11686,Feminine,32,2026-01-19 08:09:16
11686,Masculine,16,2026-01-19 08:09:16
11686,Modern,12,2026-01-19 08:09:16
11686,Classic,11,2026-01-19 08:09:16
11687,Feminine,4,2026-01-19 08:09:16
11687,Classic,3,2026-01-19 08:09:16
11687,Modern,1,2026-01-19 08:09:16
11688,Feminine,31,2026-01-19 08:09:16
11688,Masculine,23,2026-01-19 08:09:16
11688,Classic,13,2026-01-19 08:09:16
11688,Modern,12,2026-01-19 08:09:16
11689,Modern,3,2026-01-19 08:09:16
11689,Feminine,1,2026-01-19 08:09:16
11690,Masculine,58,2026-01-19 08:09:16
11690,Feminine,29,2026-01-19 08:09:16
11690,Classic,28,2026-01-19 08:09:16
11690,Modern,20,2026-01-19 08:09:16
11692,Feminine,19,2026-01-19 08:09:16
11692,Modern,12,2026-01-19 08:09:16
11692,Masculine,6,2026-01-19 08:09:16
11692,Classic,6,2026-01-19 08:09:16
11693,Feminine,1,2026-01-19 08:09:16
11693,Modern,1,2026-01-19 08:09:16
11694,Masculine,84,2026-01-19 08:09:16
11694,Classic,45,2026-01-19 08:09:16
11694,Feminine,32,2026-01-19 08:09:16
11694,Modern,24,2026-01-19 08:09:16
11696,Masculine,34,2026-01-19 08:09:16
11696,Feminine,30,2026-01-19 08:09:16
11696,Modern,17,2026-01-19 08:09:16
11696,Classic,15,2026-01-19 08:09:16
11698,Feminine,80,2026-01-19 08:09:16
11698,Classic,36,2026-01-19 08:09:16
11698,Masculine,35,2026-01-19 08:09:16
11698,Modern,29,2026-01-19 08:09:16
11699,Masculine,2,2026-01-19 08:09:16
11699,Modern,2,2026-01-19 08:09:16
11699,Classic,1,2026-01-19 08:09:16
11700,Feminine,22,2026-01-19 08:09:16
11700,Masculine,16,2026-01-19 08:09:16
11700,Modern,12,2026-01-19 08:09:16
11700,Classic,7,2026-01-19 08:09:16
11701,Feminine,2,2026-01-19 08:09:16
11701,Modern,1,2026-01-19 08:09:16
11702,Masculine,63,2026-01-19 08:09:16
11702,Feminine,47,2026-01-19 08:09:16
11702,Classic,33,2026-01-19 08:09:16
11702,Modern,23,2026-01-19 08:09:16
11704,Feminine,27,2026-01-19 08:09:16
11704,Modern,13,2026-01-19 08:09:16
11704,Classic,12,2026-01-19 08:09:16
11704,Masculine,11,2026-01-19 08:09:16
11705,Feminine,1,2026-01-19 08:09:16
11705,Modern,1,2026-01-19 08:09:16
11706,Masculine,61,2026-01-19 08:09:16
11706,Classic,33,2026-01-19 08:09:16
11706,Feminine,20,2026-01-19 08:09:16
11706,Modern,17,2026-01-19 08:09:16
11707,Feminine,3,2026-01-19 08:09:16
11707,Modern,2,2026-01-19 08:09:16
11708,Feminine,28,2026-01-19 08:09:16
11708,Masculine,17,2026-01-19 08:09:16
11708,Classic,13,2026-01-19 08:09:16
11708,Modern,11,2026-01-19 08:09:16
11709,Feminine,2,2026-01-19 08:09:16
11709,Modern,2,2026-01-19 08:09:16
11709,Masculine,1,2026-01-19 08:09:16
11710,Masculine,81,2026-01-19 08:09:16
11710,Feminine,47,2026-01-19 08:09:16
11710,Classic,43,2026-01-19 08:09:16
11710,Modern,24,2026-01-19 08:09:16
11712,Feminine,26,2026-01-19 08:09:16
11712,Masculine,20,2026-01-19 08:09:16
11712,Classic,9,2026-01-19 08:09:16
11712,Modern,5,2026-01-19 08:09:16
11713,Masculine,1,2026-01-19 08:09:16
11713,Feminine,1,2026-01-19 08:09:16
11713,Classic,1,2026-01-19 08:09:16
11713,Modern,1,2026-01-19 08:09:16
11714,Feminine,68,2026-01-19 08:09:16
11714,Classic,35,2026-01-19 08:09:16
11714,Modern,28,2026-01-19 08:09:16
11714,Masculine,8,2026-01-19 08:09:16
11715,Modern,2,2026-01-19 08:09:16
11715,Masculine,1,2026-01-19 08:09:16
11716,Feminine,34,2026-01-19 08:09:16
11716,Masculine,23,2026-01-19 08:09:16
11716,Modern,17,2026-01-19 08:09:16
11716,Classic,9,2026-01-19 08:09:16
11717,Feminine,3,2026-01-19 08:09:16
11717,Modern,1,2026-01-19 08:09:16
11718,Masculine,48,2026-01-19 08:09:16
11718,Classic,24,2026-01-19 08:09:16
11718,Feminine,23,2026-01-19 08:09:16
11718,Modern,18,2026-01-19 08:09:16
11720,Feminine,29,2026-01-19 08:09:16
11720,Masculine,20,2026-01-19 08:09:16
11720,Modern,14,2026-01-19 08:09:16
11720,Classic,9,2026-01-19 08:09:16
11721,Feminine,1,2026-01-19 08:09:16
11721,Classic,1,2026-01-19 08:09:16
11723,Masculine,51,2026-01-19 08:09:16
11723,Feminine,37,2026-01-19 08:09:16
11723,Classic,27,2026-01-19 08:09:16
11723,Modern,27,2026-01-19 08:09:16
11726,Feminine,2,2026-01-19 08:09:16
11726,Classic,1,2026-01-19 08:09:16
11726,Modern,1,2026-01-19 08:09:16
11727,Feminine,59,2026-01-19 08:09:16
11727,Modern,33,2026-01-19 08:09:16
11727,Masculine,20,2026-01-19 08:09:16
11727,Classic,14,2026-01-19 08:09:16
11728,Feminine,22,2026-01-19 08:09:16
11728,Masculine,10,2026-01-19 08:09:16
11728,Classic,10,2026-01-19 08:09:16
11728,Modern,9,2026-01-19 08:09:16
11729,Feminine,3,2026-01-19 08:09:16
11729,Classic,2,2026-01-19 08:09:16
11729,Modern,2,2026-01-19 08:09:16
11731,Feminine,53,2026-01-19 08:09:16
11731,Modern,30,2026-01-19 08:09:16
11731,Masculine,26,2026-01-19 08:09:16
11731,Classic,22,2026-01-19 08:09:16
11732,Masculine,24,2026-01-19 08:09:16
11732,Feminine,21,2026-01-19 08:09:16
11732,Classic,10,2026-01-19 08:09:16
11732,Modern,10,2026-01-19 08:09:16
11733,Feminine,2,2026-01-19 08:09:16
11733,Modern,2,2026-01-19 08:09:16
11733,Classic,1,2026-01-19 08:09:16
11736,Feminine,19,2026-01-19 08:09:16
11736,Classic,13,2026-01-19 08:09:16
11736,Masculine,12,2026-01-19 08:09:16
11736,Modern,10,2026-01-19 08:09:16
11737,Feminine,1,2026-01-19 08:09:16
11737,Modern,1,2026-01-19 08:09:16
11739,Feminine,38,2026-01-19 08:09:16
11739,Modern,24,2026-01-19 08:09:16
11739,Masculine,23,2026-01-19 08:09:16
11739,Classic,12,2026-01-19 08:09:16
11740,Feminine,1,2026-01-19 08:09:16
11740,Modern,1,2026-01-19 08:09:16
11741,Feminine,20,2026-01-19 08:09:16
11741,Modern,11,2026-01-19 08:09:16
11741,Masculine,10,2026-01-19 08:09:16
11741,Classic,7,2026-01-19 08:09:16
11743,Masculine,40,2026-01-19 08:09:16
11743,Classic,24,2026-01-19 08:09:16
11743,Feminine,23,2026-01-19 08:09:16
11743,Modern,9,2026-01-19 08:09:16
11746,Masculine,19,2026-01-19 08:09:16
11746,Feminine,12,2026-01-19 08:09:16
11746,Classic,6,2026-01-19 08:09:16
11746,Modern,4,2026-01-19 08:09:16
11747,Feminine,36,2026-01-19 08:09:16
11747,Modern,28,2026-01-19 08:09:16
11747,Masculine,8,2026-01-19 08:09:16
11747,Classic,7,2026-01-19 08:09:16
11748,Feminine,1,2026-01-19 08:09:16
11750,Masculine,22,2026-01-19 08:09:16
11750,Feminine,14,2026-01-19 08:09:16
11750,Classic,8,2026-01-19 08:09:16
11750,Modern,6,2026-01-19 08:09:16
11751,Masculine,25,2026-01-19 08:09:16
11751,Modern,14,2026-01-19 08:09:16
11751,Feminine,10,2026-01-19 08:09:16
11751,Classic,8,2026-01-19 08:09:16
11752,Feminine,1,2026-01-19 08:09:16
11752,Modern,1,2026-01-19 08:09:16
11753,Feminine,1,2026-01-19 08:09:16
11753,Modern,1,2026-01-19 08:09:16
11754,Feminine,13,2026-01-19 08:09:16
11754,Masculine,12,2026-01-19 08:09:16
11754,Modern,7,2026-01-19 08:09:16
11754,Classic,5,2026-01-19 08:09:16
11755,Modern,18,2026-01-19 08:09:16
11755,Masculine,16,2026-01-19 08:09:16
11755,Feminine,12,2026-01-19 08:09:16
11755,Classic,2,2026-01-19 08:09:16
11756,Feminine,3,2026-01-19 08:09:16
11756,Modern,3,2026-01-19 08:09:16
11756,Masculine,1,2026-01-19 08:09:16
11756,Classic,1,2026-01-19 08:09:16
11758,Masculine,18,2026-01-19 08:09:16
11758,Feminine,14,2026-01-19 08:09:16
11758,Classic,7,2026-01-19 08:09:16
11758,Modern,6,2026-01-19 08:09:16
11759,Masculine,14,2026-01-19 08:09:16
11759,Feminine,13,2026-01-19 08:09:16
11759,Modern,12,2026-01-19 08:09:16
11759,Classic,9,2026-01-19 08:09:16
11762,Feminine,20,2026-01-19 08:09:16
11762,Masculine,19,2026-01-19 08:09:16
11762,Classic,11,2026-01-19 08:09:16
11762,Modern,10,2026-01-19 08:09:16
11764,Feminine,4,2026-01-19 08:09:16
11765,Feminine,13,2026-01-19 08:09:16
11765,Classic,7,2026-01-19 08:09:16
11765,Modern,4,2026-01-19 08:09:16
11765,Masculine,2,2026-01-19 08:09:16
11768,Feminine,4,2026-01-19 08:09:16
11768,Classic,1,2026-01-19 08:09:16
11768,Modern,1,2026-01-19 08:09:16
11769,Feminine,21,2026-01-19 08:09:16
11769,Masculine,13,2026-01-19 08:09:16
11769,Modern,12,2026-01-19 08:09:16
11769,Classic,9,2026-01-19 08:09:16
11771,Feminine,1,2026-01-19 08:09:16
11771,Modern,1,2026-01-19 08:09:16
11773,Masculine,18,2026-01-19 08:09:16
11773,Feminine,11,2026-01-19 08:09:16
11773,Classic,8,2026-01-19 08:09:16
11773,Modern,5,2026-01-19 08:09:16
11775,Feminine,3,2026-01-19 08:09:16
11775,Modern,3,2026-01-19 08:09:16
11775,Classic,1,2026-01-19 08:09:16
11776,Feminine,1,2026-01-19 08:09:16
11776,Modern,1,2026-01-19 08:09:16
11777,Masculine,19,2026-01-19 08:09:16
11777,Feminine,12,2026-01-19 08:09:16
11777,Classic,9,2026-01-19 08:09:16
11777,Modern,7,2026-01-19 08:09:16
11780,Feminine,1,2026-01-19 08:09:16
11780,Modern,1,2026-01-19 08:09:16
11781,Masculine,14,2026-01-19 08:09:16
11781,Feminine,10,2026-01-19 08:09:16
11781,Modern,7,2026-01-19 08:09:16
11781,Classic,5,2026-01-19 08:09:16
11784,Feminine,1,2026-01-19 08:09:16
11784,Modern,1,2026-01-19 08:09:16
11785,Feminine,17,2026-01-19 08:09:16
11785,Modern,8,2026-01-19 08:09:16
11785,Masculine,7,2026-01-19 08:09:16
11785,Classic,4,2026-01-19 08:09:16
11787,Feminine,3,2026-01-19 08:09:16
11787,Modern,3,2026-01-19 08:09:16
11787,Classic,1,2026-01-19 08:09:16
11789,Masculine,8,2026-01-19 08:09:16
11789,Feminine,5,2026-01-19 08:09:16
11789,Modern,5,2026-01-19 08:09:16
11791,Feminine,2,2026-01-19 08:09:16
11791,Modern,1,2026-01-19 08:09:16
11792,Masculine,1,2026-01-19 08:09:16
11792,Modern,1,2026-01-19 08:09:16
11793,Feminine,16,2026-01-19 08:09:16
11793,Classic,7,2026-01-19 08:09:16
11793,Modern,7,2026-01-19 08:09:16
11793,Masculine,5,2026-01-19 08:09:16
11796,Masculine,7,2026-01-19 08:09:16
11796,Feminine,4,2026-01-19 08:09:16
11796,Modern,3,2026-01-19 08:09:16
11796,Classic,2,2026-01-19 08:09:16
11800,Feminine,10,2026-01-19 08:09:16
11800,Classic,8,2026-01-19 08:09:16
11800,Masculine,7,2026-01-19 08:09:16
11800,Modern,5,2026-01-19 08:09:16
11802,Feminine,1,2026-01-19 08:09:16
11803,Feminine,2,2026-01-19 08:09:16
11803,Modern,1,2026-01-19 08:09:16
11804,Feminine,9,2026-01-19 08:09:16
11804,Classic,7,2026-01-19 08:09:16
11804,Modern,5,2026-01-19 08:09:16
11804,Masculine,2,2026-01-19 08:09:16
11806,Feminine,1,2026-01-19 08:09:16
11806,Modern,1,2026-01-19 08:09:16
11808,Masculine,9,2026-01-19 08:09:16
11808,Modern,6,2026-01-19 08:09:16
11808,Feminine,5,2026-01-19 08:09:16
11808,Classic,1,2026-01-19 08:09:16
11810,Feminine,4,2026-01-19 08:09:16
11810,Classic,2,2026-01-19 08:09:16
11810,Modern,2,2026-01-19 08:09:16
11811,Masculine,1,2026-01-19 08:09:16
11811,Feminine,1,2026-01-19 08:09:16
11811,Modern,1,2026-01-19 08:09:16
11812,Feminine,15,2026-01-19 08:09:16
11812,Modern,7,2026-01-19 08:09:16
11812,Masculine,4,2026-01-19 08:09:16
11812,Classic,4,2026-01-19 08:09:16
11816,Feminine,4,2026-01-19 08:09:16
11816,Masculine,3,2026-01-19 08:09:16
11816,Classic,1,2026-01-19 08:09:16
11818,Feminine,1,2026-01-19 08:09:16
11818,Modern,1,2026-01-19 08:09:16
11819,Masculine,1,2026-01-19 08:09:16
11819,Feminine,1,2026-01-19 08:09:16
11819,Modern,1,2026-01-19 08:09:16
11820,Feminine,2,2026-01-19 08:09:16
11820,Masculine,1,2026-01-19 08:09:16
11820,Classic,1,2026-01-19 08:09:16
11820,Modern,1,2026-01-19 08:09:16
11822,Feminine,4,2026-01-19 08:09:16
11822,Classic,2,2026-01-19 08:09:16
11822,Modern,2,2026-01-19 08:09:16
11823,Feminine,1,2026-01-19 08:09:16
11823,Modern,1,2026-01-19 08:09:16
11826,Feminine,2,2026-01-19 08:09:16
11826,Modern,2,2026-01-19 08:09:16
11826,Classic,1,2026-01-19 08:09:16
11830,Feminine,1,2026-01-19 08:09:16
11830,Classic,1,2026-01-19 08:09:16
11830,Modern,1,2026-01-19 08:09:16
11831,Feminine,1,2026-01-19 08:09:16
11831,Modern,1,2026-01-19 08:09:16
11834,Feminine,4,2026-01-19 08:09:16
11834,Classic,1,2026-01-19 08:09:16
11834,Modern,1,2026-01-19 08:09:16
11838,Feminine,2,2026-01-19 08:09:16
11838,Modern,1,2026-01-19 08:09:16
11842,Feminine,3,2026-01-19 08:09:16
11842,Modern,3,2026-01-19 08:09:16
11844,Classic,1,2026-01-19 08:09:16
11844,Modern,1,2026-01-19 08:09:16
11846,Feminine,3,2026-01-19 08:09:16
11846,Modern,1,2026-01-19 08:09:16
11850,Modern,2,2026-01-19 08:09:16
11850,Masculine,1,2026-01-19 08:09:16
11850,Feminine,1,2026-01-19 08:09:16
11853,Feminine,14,2026-01-19 08:09:16
11853,Masculine,10,2026-01-19 08:09:16
11853,Modern,4,2026-01-19 08:09:16
11853,Classic,3,2026-01-19 08:09:16
11854,Feminine,1,2026-01-19 08:09:16
11854,Modern,1,2026-01-19 08:09:16
11856,Masculine,2,2026-01-19 08:09:16
11856,Feminine,2,2026-01-19 08:09:16
11856,Classic,1,2026-01-19 08:09:16
11856,Modern,1,2026-01-19 08:09:16
11857,Feminine,14,2026-01-19 08:09:16
11857,Classic,7,2026-01-19 08:09:16
11857,Modern,7,2026-01-19 08:09:16
11857,Masculine,4,2026-01-19 08:09:16
11860,Classic,2,2026-01-19 08:09:16
11860,Feminine,1,2026-01-19 08:09:16
11860,Modern,1,2026-01-19 08:09:16
11861,Feminine,19,2026-01-19 08:09:16
11861,Classic,7,2026-01-19 08:09:16
11861,Modern,7,2026-01-19 08:09:16
11861,Masculine,4,2026-01-19 08:09:16
11862,Feminine,1,2026-01-19 08:09:16
11862,Modern,1,2026-01-19 08:09:16
11865,Modern,5,2026-01-19 08:09:16
11865,Masculine,4,2026-01-19 08:09:16
11865,Feminine,4,2026-01-19 08:09:16
11869,Feminine,14,2026-01-19 08:09:16
11869,Modern,7,2026-01-19 08:09:16
11869,Masculine,4,2026-01-19 08:09:16
11869,Classic,4,2026-01-19 08:09:16
11870,Feminine,1,2026-01-19 08:09:16
11872,Feminine,9,2026-01-19 08:09:16
11872,Classic,4,2026-01-19 08:09:16
11872,Modern,2,2026-01-19 08:09:16
11872,Masculine,1,2026-01-19 08:09:16
11877,Masculine,14,2026-01-19 08:09:16
11877,Feminine,12,2026-01-19 08:09:16
11877,Modern,6,2026-01-19 08:09:16
11877,Classic,4,2026-01-19 08:09:16
11878,Feminine,2,2026-01-19 08:09:16
11878,Modern,1,2026-01-19 08:09:16
11879,Masculine,1,2026-01-19 08:09:16
11879,Feminine,1,2026-01-19 08:09:16
11879,Modern,1,2026-01-19 08:09:16
11881,Feminine,10,2026-01-19 08:09:16
11881,Modern,8,2026-01-19 08:09:16
11881,Masculine,6,2026-01-19 08:09:16
11881,Classic,4,2026-01-19 08:09:16
11882,Feminine,2,2026-01-19 08:09:16
11882,Modern,2,2026-01-19 08:09:16
11882,Classic,1,2026-01-19 08:09:16
11883,Masculine,1363,2026-01-19 08:09:16
11883,Classic,767,2026-01-19 08:09:16
11883,Modern,513,2026-01-19 08:09:16
11883,Feminine,219,2026-01-19 08:09:16
11885,Feminine,9,2026-01-19 08:09:16
11885,Classic,4,2026-01-19 08:09:16
11885,Modern,4,2026-01-19 08:09:16
11885,Masculine,2,2026-01-19 08:09:16
11886,Feminine,1,2026-01-19 08:09:16
11887,Masculine,1317,2026-01-19 08:09:16
11887,Classic,673,2026-01-19 08:09:16
11887,Feminine,606,2026-01-19 08:09:16
11887,Modern,436,2026-01-19 08:09:16
11889,Feminine,14,2026-01-19 08:09:16
11889,Masculine,13,2026-01-19 08:09:16
11889,Classic,9,2026-01-19 08:09:16
11889,Modern,7,2026-01-19 08:09:16
11890,Modern,2,2026-01-19 08:09:16
11891,Masculine,967,2026-01-19 08:09:16
11891,Modern,500,2026-01-19 08:09:16
11891,Classic,396,2026-01-19 08:09:16
11891,Feminine,319,2026-01-19 08:09:16
11893,Feminine,6,2026-01-19 08:09:16
11893,Masculine,5,2026-01-19 08:09:16
11893,Classic,4,2026-01-19 08:09:16
11893,Modern,2,2026-01-19 08:09:16
11894,Masculine,1,2026-01-19 08:09:16
11894,Feminine,1,2026-01-19 08:09:16
11894,Modern,1,2026-01-19 08:09:16
11895,Feminine,794,2026-01-19 08:09:16
11895,Masculine,514,2026-01-19 08:09:16
11895,Modern,481,2026-01-19 08:09:16
11895,Classic,244,2026-01-19 08:09:16
11897,Feminine,16,2026-01-19 08:09:16
11897,Classic,6,2026-01-19 08:09:16
11897,Modern,5,2026-01-19 08:09:16
11897,Masculine,3,2026-01-19 08:09:16
11898,Feminine,2,2026-01-19 08:09:16
11898,Masculine,1,2026-01-19 08:09:16
11898,Modern,1,2026-01-19 08:09:16
11900,Masculine,7,2026-01-19 08:09:16
11900,Feminine,6,2026-01-19 08:09:16
11900,Classic,2,2026-01-19 08:09:16
11900,Modern,1,2026-01-19 08:09:16
11901,Feminine,2,2026-01-19 08:09:16
11901,Modern,2,2026-01-19 08:09:16
11901,Masculine,1,2026-01-19 08:09:16
11901,Classic,1,2026-01-19 08:09:16
11902,Masculine,851,2026-01-19 08:09:16
11902,Classic,427,2026-01-19 08:09:16
11902,Modern,337,2026-01-19 08:09:16
11902,Feminine,168,2026-01-19 08:09:16
11904,Masculine,8,2026-01-19 08:09:16
11904,Classic,4,2026-01-19 08:09:16
11904,Feminine,2,2026-01-19 08:09:16
11904,Modern,2,2026-01-19 08:09:16
11906,Masculine,756,2026-01-19 08:09:16
11906,Modern,407,2026-01-19 08:09:16
11906,Feminine,304,2026-01-19 08:09:16
11906,Classic,240,2026-01-19 08:09:16
11907,Masculine,4,2026-01-19 08:09:16
11907,Feminine,4,2026-01-19 08:09:16
11907,Classic,3,2026-01-19 08:09:16
11907,Modern,1,2026-01-19 08:09:16
11908,Feminine,3,2026-01-19 08:09:16
11908,Modern,3,2026-01-19 08:09:16
11908,Masculine,1,2026-01-19 08:09:16
11908,Classic,1,2026-01-19 08:09:16
11909,Modern,1,2026-01-19 08:09:16
11910,Feminine,714,2026-01-19 08:09:16
11910,Masculine,439,2026-01-19 08:09:16
11910,Classic,362,2026-01-19 08:09:16
11910,Modern,246,2026-01-19 08:09:16
11914,Masculine,651,2026-01-19 08:09:16
11914,Classic,345,2026-01-19 08:09:16
11914,Modern,183,2026-01-19 08:09:16
11914,Feminine,159,2026-01-19 08:09:16
11915,Feminine,8,2026-01-19 08:09:16
11915,Classic,3,2026-01-19 08:09:16
11915,Modern,2,2026-01-19 08:09:16
11915,Masculine,1,2026-01-19 08:09:16
11917,Feminine,1,2026-01-19 08:09:16
11918,Feminine,439,2026-01-19 08:09:16
11918,Modern,245,2026-01-19 08:09:16
11918,Masculine,231,2026-01-19 08:09:16
11918,Classic,139,2026-01-19 08:09:16
11920,Masculine,9,2026-01-19 08:09:16
11920,Feminine,8,2026-01-19 08:09:16
11920,Classic,4,2026-01-19 08:09:16
11922,Masculine,447,2026-01-19 08:09:16
11922,Classic,305,2026-01-19 08:09:16
11922,Modern,96,2026-01-19 08:09:16
11922,Feminine,39,2026-01-19 08:09:16
11924,Feminine,11,2026-01-19 08:09:16
11924,Classic,5,2026-01-19 08:09:16
11924,Modern,3,2026-01-19 08:09:16
11924,Masculine,1,2026-01-19 08:09:16
11925,Feminine,2,2026-01-19 08:09:16
11925,Modern,1,2026-01-19 08:09:16
11926,Masculine,388,2026-01-19 08:09:16
11926,Feminine,380,2026-01-19 08:09:16
11926,Classic,220,2026-01-19 08:09:16
11926,Modern,150,2026-01-19 08:09:16
11928,Masculine,5,2026-01-19 08:09:16
11928,Feminine,5,2026-01-19 08:09:16
11928,Modern,1,2026-01-19 08:09:16
11931,Masculine,390,2026-01-19 08:09:16
11931,Feminine,268,2026-01-19 08:09:16
11931,Modern,222,2026-01-19 08:09:16
11931,Classic,132,2026-01-19 08:09:16
11932,Feminine,6,2026-01-19 08:09:16
11932,Classic,3,2026-01-19 08:09:16
11932,Modern,3,2026-01-19 08:09:16
11932,Masculine,1,2026-01-19 08:09:16
11933,Feminine,3,2026-01-19 08:09:16
11933,Modern,3,2026-01-19 08:09:16
11935,Modern,4,2026-01-19 08:09:16
11935,Feminine,3,2026-01-19 08:09:16
11935,Masculine,2,2026-01-19 08:09:16
11935,Classic,1,2026-01-19 08:09:16
11936,Feminine,1,2026-01-19 08:09:16
11936,Classic,1,2026-01-19 08:09:16
11937,Feminine,365,2026-01-19 08:09:16
11937,Modern,238,2026-01-19 08:09:16
11937,Masculine,233,2026-01-19 08:09:16
11937,Classic,118,2026-01-19 08:09:16
11939,Feminine,8,2026-01-19 08:09:16
11939,Masculine,4,2026-01-19 08:09:16
11939,Classic,3,2026-01-19 08:09:16
11939,Modern,3,2026-01-19 08:09:16
11940,Feminine,2,2026-01-19 08:09:16
11940,Modern,1,2026-01-19 08:09:16
11941,Masculine,393,2026-01-19 08:09:16
11941,Classic,229,2026-01-19 08:09:16
11941,Modern,131,2026-01-19 08:09:16
11941,Feminine,53,2026-01-19 08:09:16
11943,Feminine,5,2026-01-19 08:09:16
11943,Classic,4,2026-01-19 08:09:16
11943,Modern,3,2026-01-19 08:09:16
11943,Masculine,1,2026-01-19 08:09:16
11945,Masculine,274,2026-01-19 08:09:16
11945,Feminine,186,2026-01-19 08:09:16
11945,Modern,134,2026-01-19 08:09:16
11945,Classic,127,2026-01-19 08:09:16
11948,Masculine,5,2026-01-19 08:09:16
11948,Feminine,4,2026-01-19 08:09:16
11948,Classic,1,2026-01-19 08:09:16
11948,Modern,1,2026-01-19 08:09:16
11949,Feminine,253,2026-01-19 08:09:16
11949,Modern,182,2026-01-19 08:09:16
11949,Masculine,180,2026-01-19 08:09:16
11949,Classic,64,2026-01-19 08:09:16
11952,Feminine,5,2026-01-19 08:09:16
11952,Masculine,4,2026-01-19 08:09:16
11953,Masculine,295,2026-01-19 08:09:16
11953,Classic,201,2026-01-19 08:09:16
11953,Modern,69,2026-01-19 08:09:16
11953,Feminine,47,2026-01-19 08:09:16
11954,Feminine,2,2026-01-19 08:09:16
11954,Modern,2,2026-01-19 08:09:16
11954,Classic,1,2026-01-19 08:09:16
11955,Masculine,3,2026-01-19 08:09:16
11955,Feminine,1,2026-01-19 08:09:16
11955,Classic,1,2026-01-19 08:09:16
11956,Masculine,407,2026-01-19 08:09:16
11956,Classic,243,2026-01-19 08:09:16
11956,Modern,98,2026-01-19 08:09:16
11956,Feminine,74,2026-01-19 08:09:16
11957,Masculine,308,2026-01-19 08:09:16
11957,Classic,136,2026-01-19 08:09:16
11957,Modern,134,2026-01-19 08:09:16
11957,Feminine,69,2026-01-19 08:09:16
11958,Feminine,2,2026-01-19 08:09:16
11958,Classic,2,2026-01-19 08:09:16
11958,Modern,1,2026-01-19 08:09:16
11959,Masculine,7,2026-01-19 08:09:16
11959,Feminine,6,2026-01-19 08:09:16
11959,Classic,4,2026-01-19 08:09:16
11959,Modern,4,2026-01-19 08:09:16
11960,Masculine,300,2026-01-19 08:09:16
11960,Classic,173,2026-01-19 08:09:16
11960,Feminine,127,2026-01-19 08:09:16
11960,Modern,87,2026-01-19 08:09:16
11965,Masculine,250,2026-01-19 08:09:16
11965,Classic,161,2026-01-19 08:09:16
11965,Feminine,54,2026-01-19 08:09:16
11965,Modern,54,2026-01-19 08:09:16
11967,Feminine,3,2026-01-19 08:09:16
11967,Classic,1,2026-01-19 08:09:16
11967,Modern,1,2026-01-19 08:09:16
11968,Masculine,244,2026-01-19 08:09:16
11968,Modern,121,2026-01-19 08:09:16
11968,Classic,100,2026-01-19 08:09:16
11968,Feminine,92,2026-01-19 08:09:16
11969,Masculine,190,2026-01-19 08:09:16
11969,Modern,85,2026-01-19 08:09:16
11969,Classic,82,2026-01-19 08:09:16
11969,Feminine,42,2026-01-19 08:09:16
11970,Feminine,2,2026-01-19 08:09:16
11970,Modern,1,2026-01-19 08:09:16
11971,Feminine,4,2026-01-19 08:09:16
11971,Classic,3,2026-01-19 08:09:16
11971,Masculine,2,2026-01-19 08:09:16
11971,Modern,2,2026-01-19 08:09:16
11972,Feminine,2,2026-01-19 08:09:16
11972,Modern,2,2026-01-19 08:09:16
11972,Classic,1,2026-01-19 08:09:16
11973,Masculine,219,2026-01-19 08:09:16
11973,Classic,97,2026-01-19 08:09:16
11973,Modern,97,2026-01-19 08:09:16
11973,Feminine,48,2026-01-19 08:09:16
11974,Feminine,172,2026-01-19 08:09:16
11974,Masculine,78,2026-01-19 08:09:16
11974,Modern,78,2026-01-19 08:09:16
11974,Classic,68,2026-01-19 08:09:16
11975,Masculine,3,2026-01-19 08:09:16
11975,Feminine,3,2026-01-19 08:09:16
11976,Feminine,3,2026-01-19 08:09:16
11976,Modern,2,2026-01-19 08:09:16
11977,Feminine,250,2026-01-19 08:09:16
11977,Classic,112,2026-01-19 08:09:16
11977,Modern,92,2026-01-19 08:09:16
11977,Masculine,73,2026-01-19 08:09:16
11978,Feminine,217,2026-01-19 08:09:16
11978,Modern,96,2026-01-19 08:09:16
11978,Classic,87,2026-01-19 08:09:16
11978,Masculine,75,2026-01-19 08:09:16
11981,Feminine,122,2026-01-19 08:09:16
11981,Masculine,63,2026-01-19 08:09:16
11981,Modern,63,2026-01-19 08:09:16
11981,Classic,34,2026-01-19 08:09:16
11982,Masculine,173,2026-01-19 08:09:16
11982,Classic,101,2026-01-19 08:09:16
11982,Feminine,70,2026-01-19 08:09:16
11982,Modern,34,2026-01-19 08:09:16
11984,Feminine,231,2026-01-19 08:09:16
11984,Classic,100,2026-01-19 08:09:16
11984,Modern,62,2026-01-19 08:09:16
11984,Masculine,48,2026-01-19 08:09:16
11986,Feminine,203,2026-01-19 08:09:16
11986,Classic,91,2026-01-19 08:09:16
11986,Modern,63,2026-01-19 08:09:16
11986,Masculine,31,2026-01-19 08:09:16
11989,Masculine,149,2026-01-19 08:09:16
11989,Classic,80,2026-01-19 08:09:16
11989,Modern,50,2026-01-19 08:09:16
11989,Feminine,42,2026-01-19 08:09:16
11990,Feminine,1,2026-01-19 08:09:16
11990,Classic,1,2026-01-19 08:09:16
11991,Masculine,152,2026-01-19 08:09:16
11991,Feminine,99,2026-01-19 08:09:16
11991,Classic,60,2026-01-19 08:09:16
11991,Modern,51,2026-01-19 08:09:16
11993,Feminine,2,2026-01-19 08:09:16
11993,Modern,1,2026-01-19 08:09:16
11995,Masculine,131,2026-01-19 08:09:16
11995,Classic,53,2026-01-19 08:09:16
11995,Feminine,49,2026-01-19 08:09:16
11995,Modern,46,2026-01-19 08:09:16
11996,Feminine,2,2026-01-19 08:09:16
11996,Modern,2,2026-01-19 08:09:16
11997,Feminine,143,2026-01-19 08:09:16
11997,Masculine,123,2026-01-19 08:09:16
11997,Modern,73,2026-01-19 08:09:16
11997,Classic,61,2026-01-19 08:09:16
11999,Feminine,158,2026-01-19 08:09:16
11999,Masculine,77,2026-01-19 08:09:16
11999,Classic,76,2026-01-19 08:09:16
11999,Modern,66,2026-01-19 08:09:16
12000,Feminine,138,2026-01-19 08:09:16
12000,Masculine,137,2026-01-19 08:09:16
12000,Classic,76,2026-01-19 08:09:16
12000,Modern,54,2026-01-19 08:09:16
12002,Feminine,2,2026-01-19 08:09:16
12003,Masculine,134,2026-01-19 08:09:16
12003,Classic,68,2026-01-19 08:09:16
12003,Feminine,60,2026-01-19 08:09:16
12003,Modern,47,2026-01-19 08:09:16
12006,Feminine,149,2026-01-19 08:09:16
12006,Modern,76,2026-01-19 08:09:16
12006,Masculine,68,2026-01-19 08:09:16
12006,Classic,49,2026-01-19 08:09:16
12007,Masculine,100,2026-01-19 08:09:16
12007,Feminine,84,2026-01-19 08:09:16
12007,Modern,53,2026-01-19 08:09:16
12007,Classic,51,2026-01-19 08:09:16
12010,Masculine,106,2026-01-19 08:09:16
12010,Feminine,97,2026-01-19 08:09:16
12010,Modern,67,2026-01-19 08:09:16
12010,Classic,45,2026-01-19 08:09:16
12011,Feminine,169,2026-01-19 08:09:16
12011,Masculine,66,2026-01-19 08:09:16
12011,Classic,64,2026-01-19 08:09:16
12011,Modern,60,2026-01-19 08:09:16
12012,Masculine,1,2026-01-19 08:09:16
12012,Feminine,1,2026-01-19 08:09:16
12012,Classic,1,2026-01-19 08:09:16
12012,Modern,1,2026-01-19 08:09:16
12014,Feminine,162,2026-01-19 08:09:16
12014,Masculine,89,2026-01-19 08:09:16
12014,Modern,76,2026-01-19 08:09:16
12014,Classic,61,2026-01-19 08:09:16
12015,Feminine,123,2026-01-19 08:09:16
12015,Classic,49,2026-01-19 08:09:16
12015,Modern,39,2026-01-19 08:09:16
12015,Masculine,19,2026-01-19 08:09:16
12016,Modern,1,2026-01-19 08:09:16
12018,Feminine,135,2026-01-19 08:09:16
12018,Masculine,116,2026-01-19 08:09:16
12018,Classic,69,2026-01-19 08:09:16
12018,Modern,42,2026-01-19 08:09:16
12019,Masculine,78,2026-01-19 08:09:16
12019,Feminine,55,2026-01-19 08:09:16
12019,Modern,37,2026-01-19 08:09:16
12019,Classic,30,2026-01-19 08:09:16
12020,Feminine,1,2026-01-19 08:09:16
12022,Feminine,154,2026-01-19 08:09:16
12022,Classic,60,2026-01-19 08:09:16
12022,Modern,50,2026-01-19 08:09:16
12022,Masculine,37,2026-01-19 08:09:16
12023,Masculine,88,2026-01-19 08:09:16
12023,Feminine,63,2026-01-19 08:09:16
12023,Classic,39,2026-01-19 08:09:16
12023,Modern,35,2026-01-19 08:09:16
12027,Masculine,104,2026-01-19 08:09:16
12027,Classic,50,2026-01-19 08:09:16
12027,Modern,42,2026-01-19 08:09:16
12027,Feminine,16,2026-01-19 08:09:16
12030,Masculine,114,2026-01-19 08:09:16
12030,Feminine,84,2026-01-19 08:09:16
12030,Modern,59,2026-01-19 08:09:16
12030,Classic,46,2026-01-19 08:09:16
12033,Feminine,133,2026-01-19 08:09:16
12033,Masculine,115,2026-01-19 08:09:16
12033,Classic,66,2026-01-19 08:09:16
12033,Modern,59,2026-01-19 08:09:16
12035,Feminine,1,2026-01-19 08:09:16
12035,Modern,1,2026-01-19 08:09:16
12036,Feminine,102,2026-01-19 08:09:16
12036,Classic,52,2026-01-19 08:09:16
12036,Modern,33,2026-01-19 08:09:16
12036,Masculine,17,2026-01-19 08:09:16
12038,Feminine,114,2026-01-19 08:09:16
12038,Masculine,50,2026-01-19 08:09:16
12038,Modern,48,2026-01-19 08:09:16
12038,Classic,46,2026-01-19 08:09:16
12041,Masculine,99,2026-01-19 08:09:16
12041,Feminine,62,2026-01-19 08:09:16
12041,Classic,44,2026-01-19 08:09:16
12041,Modern,36,2026-01-19 08:09:16
12042,Masculine,137,2026-01-19 08:09:16
12042,Classic,73,2026-01-19 08:09:16
12042,Modern,49,2026-01-19 08:09:16
12042,Feminine,12,2026-01-19 08:09:16
12043,Feminine,3,2026-01-19 08:09:16
12043,Modern,3,2026-01-19 08:09:16
12043,Classic,1,2026-01-19 08:09:16
12045,Masculine,88,2026-01-19 08:09:16
12045,Classic,46,2026-01-19 08:09:16
12045,Modern,24,2026-01-19 08:09:16
12045,Feminine,21,2026-01-19 08:09:16
12046,Masculine,156,2026-01-19 08:09:16
12046,Feminine,86,2026-01-19 08:09:16
12046,Classic,74,2026-01-19 08:09:16
12046,Modern,42,2026-01-19 08:09:16
12047,Feminine,2,2026-01-19 08:09:16
12047,Classic,1,2026-01-19 08:09:16
12049,Masculine,73,2026-01-19 08:09:16
12049,Classic,46,2026-01-19 08:09:16
12049,Feminine,29,2026-01-19 08:09:16
12049,Modern,14,2026-01-19 08:09:16
12050,Masculine,157,2026-01-19 08:09:16
12050,Classic,110,2026-01-19 08:09:16
12050,Modern,34,2026-01-19 08:09:16
12050,Feminine,18,2026-01-19 08:09:16
12051,Feminine,1,2026-01-19 08:09:16
12051,Modern,1,2026-01-19 08:09:16
12053,Masculine,116,2026-01-19 08:09:16
12053,Classic,75,2026-01-19 08:09:16
12053,Modern,21,2026-01-19 08:09:16
12053,Feminine,15,2026-01-19 08:09:16
12054,Masculine,95,2026-01-19 08:09:16
12054,Feminine,44,2026-01-19 08:09:16
12054,Classic,42,2026-01-19 08:09:16
12054,Modern,32,2026-01-19 08:09:16
12057,Masculine,120,2026-01-19 08:09:16
12057,Classic,71,2026-01-19 08:09:16
12057,Modern,58,2026-01-19 08:09:16
12057,Feminine,28,2026-01-19 08:09:16
12058,Feminine,1,2026-01-19 08:09:16
12058,Modern,1,2026-01-19 08:09:16
12060,Feminine,138,2026-01-19 08:09:16
12060,Masculine,69,2026-01-19 08:09:16
12060,Classic,67,2026-01-19 08:09:16
12060,Modern,43,2026-01-19 08:09:16
12061,Feminine,101,2026-01-19 08:09:16
12061,Masculine,39,2026-01-19 08:09:16
12061,Classic,39,2026-01-19 08:09:16
12061,Modern,36,2026-01-19 08:09:16
12064,Feminine,92,2026-01-19 08:09:16
12064,Classic,45,2026-01-19 08:09:16
12064,Modern,38,2026-01-19 08:09:16
12064,Masculine,35,2026-01-19 08:09:16
12065,Feminine,86,2026-01-19 08:09:16
12065,Modern,36,2026-01-19 08:09:16
12065,Classic,29,2026-01-19 08:09:16
12065,Masculine,24,2026-01-19 08:09:16
12066,Feminine,3,2026-01-19 08:09:16
12066,Modern,2,2026-01-19 08:09:16
12068,Masculine,99,2026-01-19 08:09:16
12068,Classic,59,2026-01-19 08:09:16
12068,Modern,33,2026-01-19 08:09:16
12068,Feminine,27,2026-01-19 08:09:16
12069,Masculine,105,2026-01-19 08:09:16
12069,Classic,52,2026-01-19 08:09:16
12069,Feminine,26,2026-01-19 08:09:16
12069,Modern,24,2026-01-19 08:09:16
12070,Feminine,1,2026-01-19 08:09:16
12070,Classic,1,2026-01-19 08:09:16
12070,Modern,1,2026-01-19 08:09:16
12071,Masculine,1022,2026-01-19 08:09:16
12071,Classic,564,2026-01-19 08:09:16
12071,Modern,284,2026-01-19 08:09:16
12071,Feminine,182,2026-01-19 08:09:16
12072,Masculine,101,2026-01-19 08:09:16
12072,Feminine,86,2026-01-19 08:09:16
12072,Classic,47,2026-01-19 08:09:16
12072,Modern,43,2026-01-19 08:09:16
12073,Feminine,106,2026-01-19 08:09:16
12073,Classic,52,2026-01-19 08:09:16
12073,Modern,39,2026-01-19 08:09:16
12073,Masculine,38,2026-01-19 08:09:16
12074,Feminine,1,2026-01-19 08:09:16
12074,Modern,1,2026-01-19 08:09:16
12075,Masculine,355,2026-01-19 08:09:16
12075,Classic,232,2026-01-19 08:09:16
12075,Modern,81,2026-01-19 08:09:16
12075,Feminine,48,2026-01-19 08:09:16
12076,Masculine,90,2026-01-19 08:09:16
12076,Feminine,43,2026-01-19 08:09:16
12076,Classic,40,2026-01-19 08:09:16
12076,Modern,22,2026-01-19 08:09:16
12077,Feminine,98,2026-01-19 08:09:16
12077,Classic,43,2026-01-19 08:09:16
12077,Modern,42,2026-01-19 08:09:16
12077,Masculine,13,2026-01-19 08:09:16
12078,Modern,2,2026-01-19 08:09:16
12078,Feminine,1,2026-01-19 08:09:16
12079,Masculine,92,2026-01-19 08:09:16
12079,Classic,50,2026-01-19 08:09:16
12079,Modern,19,2026-01-19 08:09:16
12079,Feminine,18,2026-01-19 08:09:16
12080,Masculine,365,2026-01-19 08:09:16
12080,Classic,183,2026-01-19 08:09:16
12080,Modern,157,2026-01-19 08:09:16
12080,Feminine,32,2026-01-19 08:09:16
12082,Feminine,2,2026-01-19 08:09:16
12082,Modern,1,2026-01-19 08:09:16
12083,Feminine,131,2026-01-19 08:09:16
12083,Classic,48,2026-01-19 08:09:16
12083,Modern,29,2026-01-19 08:09:16
12083,Masculine,25,2026-01-19 08:09:16
12084,Feminine,335,2026-01-19 08:09:16
12084,Classic,147,2026-01-19 08:09:16
12084,Modern,108,2026-01-19 08:09:16
12084,Masculine,42,2026-01-19 08:09:16
12087,Masculine,100,2026-01-19 08:09:16
12087,Classic,57,2026-01-19 08:09:16
12087,Modern,31,2026-01-19 08:09:16
12087,Feminine,16,2026-01-19 08:09:16
12088,Masculine,283,2026-01-19 08:09:16
12088,Modern,145,2026-01-19 08:09:16
12088,Classic,114,2026-01-19 08:09:16
12088,Feminine,91,2026-01-19 08:09:16
12089,Feminine,76,2026-01-19 08:09:16
12089,Classic,37,2026-01-19 08:09:16
12089,Modern,27,2026-01-19 08:09:16
12091,Masculine,92,2026-01-19 08:09:16
12091,Feminine,55,2026-01-19 08:09:16
12091,Classic,44,2026-01-19 08:09:16
12091,Modern,16,2026-01-19 08:09:16
12092,Feminine,337,2026-01-19 08:09:16
12092,Classic,158,2026-01-19 08:09:16
12092,Masculine,156,2026-01-19 08:09:16
12092,Modern,125,2026-01-19 08:09:16
12093,Feminine,80,2026-01-19 08:09:16
12093,Classic,37,2026-01-19 08:09:16
12093,Modern,35,2026-01-19 08:09:16
12093,Masculine,13,2026-01-19 08:09:16
12095,Masculine,93,2026-01-19 08:09:16
12095,Modern,48,2026-01-19 08:09:16
12095,Feminine,22,2026-01-19 08:09:16
12095,Classic,20,2026-01-19 08:09:16
12096,Feminine,2,2026-01-19 08:09:16
12096,Modern,2,2026-01-19 08:09:16
12097,Feminine,84,2026-01-19 08:09:16
12097,Classic,41,2026-01-19 08:09:16
12097,Modern,15,2026-01-19 08:09:16
12098,Feminine,297,2026-01-19 08:09:16
12098,Modern,160,2026-01-19 08:09:16
12098,Classic,95,2026-01-19 08:09:16
12099,Masculine,107,2026-01-19 08:09:16
12099,Feminine,100,2026-01-19 08:09:16
12099,Classic,55,2026-01-19 08:09:16
12099,Modern,28,2026-01-19 08:09:16
12100,Feminine,1,2026-01-19 08:09:16
12100,Modern,1,2026-01-19 08:09:16
12101,Feminine,88,2026-01-19 08:09:16
12101,Classic,43,2026-01-19 08:09:16
12101,Modern,31,2026-01-19 08:09:16
12101,Masculine,16,2026-01-19 08:09:16
12102,Feminine,211,2026-01-19 08:09:16
12102,Classic,96,2026-01-19 08:09:16
12102,Modern,95,2026-01-19 08:09:16
12103,Masculine,89,2026-01-19 08:09:16
12103,Modern,49,2026-01-19 08:09:16
12103,Classic,37,2026-01-19 08:09:16
12103,Feminine,22,2026-01-19 08:09:16
12105,Masculine,60,2026-01-19 08:09:16
12105,Classic,33,2026-01-19 08:09:16
12105,Modern,30,2026-01-19 08:09:16
12105,Feminine,23,2026-01-19 08:09:16
12106,Masculine,148,2026-01-19 08:09:16
12106,Classic,102,2026-01-19 08:09:16
12106,Modern,32,2026-01-19 08:09:16
12106,Feminine,20,2026-01-19 08:09:16
12107,Feminine,84,2026-01-19 08:09:16
12107,Masculine,52,2026-01-19 08:09:16
12107,Classic,35,2026-01-19 08:09:16
12107,Modern,21,2026-01-19 08:09:16
12108,Feminine,2,2026-01-19 08:09:16
12108,Modern,2,2026-01-19 08:09:16
12109,Masculine,76,2026-01-19 08:09:16
12109,Classic,37,2026-01-19 08:09:16
12109,Feminine,21,2026-01-19 08:09:16
12109,Modern,21,2026-01-19 08:09:16
12110,Masculine,143,2026-01-19 08:09:16
12110,Classic,72,2026-01-19 08:09:16
12110,Modern,47,2026-01-19 08:09:16
12110,Feminine,29,2026-01-19 08:09:16
12111,Masculine,71,2026-01-19 08:09:16
12111,Feminine,60,2026-01-19 08:09:16
12111,Modern,32,2026-01-19 08:09:16
12111,Classic,29,2026-01-19 08:09:16
12112,Feminine,2,2026-01-19 08:09:16
12113,Masculine,49,2026-01-19 08:09:16
12113,Classic,23,2026-01-19 08:09:16
12113,Feminine,12,2026-01-19 08:09:16
12113,Modern,10,2026-01-19 08:09:16
12115,Feminine,57,2026-01-19 08:09:16
12115,Modern,33,2026-01-19 08:09:16
12115,Masculine,26,2026-01-19 08:09:16
12115,Classic,14,2026-01-19 08:09:16
12116,Feminine,1,2026-01-19 08:09:16
12117,Masculine,68,2026-01-19 08:09:16
12117,Feminine,51,2026-01-19 08:09:16
12117,Classic,29,2026-01-19 08:09:16
12117,Modern,14,2026-01-19 08:09:16
12118,Masculine,94,2026-01-19 08:09:16
12118,Classic,50,2026-01-19 08:09:16
12118,Modern,24,2026-01-19 08:09:16
12118,Feminine,17,2026-01-19 08:09:16
12119,Masculine,84,2026-01-19 08:09:16
12119,Classic,47,2026-01-19 08:09:16
12119,Feminine,37,2026-01-19 08:09:16
12119,Modern,21,2026-01-19 08:09:16
12120,Feminine,1,2026-01-19 08:09:16
12120,Classic,1,2026-01-19 08:09:16
12121,Masculine,53,2026-01-19 08:09:16
12121,Feminine,46,2026-01-19 08:09:16
12121,Classic,22,2026-01-19 08:09:16
12121,Modern,20,2026-01-19 08:09:16
12123,Feminine,92,2026-01-19 08:09:16
12123,Classic,44,2026-01-19 08:09:16
12123,Masculine,37,2026-01-19 08:09:16
12123,Modern,33,2026-01-19 08:09:16
12124,Feminine,126,2026-01-19 08:09:16
12124,Modern,49,2026-01-19 08:09:16
12124,Classic,46,2026-01-19 08:09:16
12124,Masculine,15,2026-01-19 08:09:16
12125,Masculine,42,2026-01-19 08:09:16
12125,Classic,23,2026-01-19 08:09:16
12125,Feminine,14,2026-01-19 08:09:16
12125,Modern,13,2026-01-19 08:09:16
12126,Feminine,1,2026-01-19 08:09:16
12127,Masculine,74,2026-01-19 08:09:16
12127,Classic,38,2026-01-19 08:09:16
12127,Modern,14,2026-01-19 08:09:16
12127,Feminine,13,2026-01-19 08:09:16
12128,Masculine,106,2026-01-19 08:09:16
12128,Classic,65,2026-01-19 08:09:16
12128,Feminine,24,2026-01-19 08:09:16
12128,Modern,24,2026-01-19 08:09:16
12129,Feminine,58,2026-01-19 08:09:16
12129,Masculine,47,2026-01-19 08:09:16
12129,Classic,33,2026-01-19 08:09:16
12129,Modern,30,2026-01-19 08:09:16
12131,Feminine,85,2026-01-19 08:09:16
12131,Classic,28,2026-01-19 08:09:16
12131,Modern,28,2026-01-19 08:09:16
12131,Masculine,7,2026-01-19 08:09:16
12132,Feminine,97,2026-01-19 08:09:16
12132,Modern,49,2026-01-19 08:09:16
12132,Classic,26,2026-01-19 08:09:16
12133,Feminine,82,2026-01-19 08:09:16
12133,Classic,31,2026-01-19 08:09:16
12133,Modern,28,2026-01-19 08:09:16
12134,Feminine,1,2026-01-19 08:09:16
12134,Modern,1,2026-01-19 08:09:16
12135,Masculine,67,2026-01-19 08:09:16
12135,Classic,37,2026-01-19 08:09:16
12135,Modern,18,2026-01-19 08:09:16
12135,Feminine,17,2026-01-19 08:09:16
12136,Feminine,103,2026-01-19 08:09:16
12136,Classic,49,2026-01-19 08:09:16
12136,Modern,26,2026-01-19 08:09:16
12137,Masculine,58,2026-01-19 08:09:16
12137,Feminine,40,2026-01-19 08:09:16
12137,Classic,40,2026-01-19 08:09:16
12137,Modern,10,2026-01-19 08:09:16
12138,Feminine,1,2026-01-19 08:09:16
12138,Modern,1,2026-01-19 08:09:16
12139,Masculine,85,2026-01-19 08:09:16
12139,Classic,55,2026-01-19 08:09:16
12139,Modern,41,2026-01-19 08:09:16
12139,Feminine,10,2026-01-19 08:09:16
12141,Feminine,58,2026-01-19 08:09:16
12141,Masculine,53,2026-01-19 08:09:16
12141,Classic,29,2026-01-19 08:09:16
12141,Modern,19,2026-01-19 08:09:16
12144,Feminine,64,2026-01-19 08:09:16
12144,Masculine,32,2026-01-19 08:09:16
12144,Classic,26,2026-01-19 08:09:16
12144,Modern,20,2026-01-19 08:09:16
12145,Feminine,56,2026-01-19 08:09:16
12145,Masculine,43,2026-01-19 08:09:16
12145,Classic,31,2026-01-19 08:09:16
12145,Modern,20,2026-01-19 08:09:16
12146,Feminine,2,2026-01-19 08:09:16
12147,Masculine,73,2026-01-19 08:09:16
12147,Feminine,71,2026-01-19 08:09:16
12147,Classic,31,2026-01-19 08:09:16
12147,Modern,26,2026-01-19 08:09:16
12148,Masculine,55,2026-01-19 08:09:16
12148,Feminine,26,2026-01-19 08:09:16
12148,Classic,25,2026-01-19 08:09:16
12148,Modern,15,2026-01-19 08:09:16
12149,Masculine,44,2026-01-19 08:09:16
12149,Classic,23,2026-01-19 08:09:16
12149,Feminine,22,2026-01-19 08:09:16
12149,Modern,18,2026-01-19 08:09:16
12150,Feminine,1,2026-01-19 08:09:16
12150,Modern,1,2026-01-19 08:09:16
12151,Masculine,68,2026-01-19 08:09:16
12151,Classic,31,2026-01-19 08:09:16
12151,Modern,26,2026-01-19 08:09:16
12151,Feminine,15,2026-01-19 08:09:16
12152,Feminine,60,2026-01-19 08:09:16
12152,Masculine,52,2026-01-19 08:09:16
12152,Modern,32,2026-01-19 08:09:16
12152,Classic,25,2026-01-19 08:09:16
12153,Feminine,47,2026-01-19 08:09:16
12153,Masculine,44,2026-01-19 08:09:16
12153,Classic,28,2026-01-19 08:09:16
12153,Modern,12,2026-01-19 08:09:16
12154,Feminine,1,2026-01-19 08:09:16
12154,Modern,1,2026-01-19 08:09:16
12155,Masculine,50,2026-01-19 08:09:16
12155,Classic,26,2026-01-19 08:09:16
12155,Modern,15,2026-01-19 08:09:16
12155,Feminine,4,2026-01-19 08:09:16
12156,Masculine,59,2026-01-19 08:09:16
12156,Feminine,51,2026-01-19 08:09:16
12156,Modern,24,2026-01-19 08:09:16
12156,Classic,23,2026-01-19 08:09:16
12157,Masculine,34,2026-01-19 08:09:16
12157,Modern,26,2026-01-19 08:09:16
12157,Feminine,16,2026-01-19 08:09:16
12157,Classic,5,2026-01-19 08:09:16
12158,Feminine,1,2026-01-19 08:09:16
12158,Classic,1,2026-01-19 08:09:16
12158,Modern,1,2026-01-19 08:09:16
12159,Feminine,55,2026-01-19 08:09:16
12159,Masculine,50,2026-01-19 08:09:16
12159,Classic,25,2026-01-19 08:09:16
12159,Modern,16,2026-01-19 08:09:16
12160,Masculine,40,2026-01-19 08:09:16
12160,Feminine,40,2026-01-19 08:09:16
12160,Classic,23,2026-01-19 08:09:16
12160,Modern,14,2026-01-19 08:09:16
12161,Feminine,67,2026-01-19 08:09:16
12161,Classic,19,2026-01-19 08:09:16
12161,Modern,17,2026-01-19 08:09:16
12161,Masculine,15,2026-01-19 08:09:16
12163,Masculine,47,2026-01-19 08:09:16
12163,Feminine,45,2026-01-19 08:09:16
12163,Modern,25,2026-01-19 08:09:16
12163,Classic,22,2026-01-19 08:09:16
12165,Feminine,65,2026-01-19 08:09:16
12165,Classic,31,2026-01-19 08:09:16
12165,Masculine,19,2026-01-19 08:09:16
12165,Modern,19,2026-01-19 08:09:16
12166,Feminine,2,2026-01-19 08:09:16
12166,Modern,1,2026-01-19 08:09:16
12167,Masculine,51,2026-01-19 08:09:16
12167,Feminine,51,2026-01-19 08:09:16
12167,Modern,26,2026-01-19 08:09:16
12167,Classic,23,2026-01-19 08:09:16
12168,Masculine,56,2026-01-19 08:09:16
12168,Feminine,37,2026-01-19 08:09:16
12168,Classic,29,2026-01-19 08:09:16
12168,Modern,23,2026-01-19 08:09:16
12169,Masculine,32,2026-01-19 08:09:16
12169,Feminine,28,2026-01-19 08:09:16
12169,Modern,15,2026-01-19 08:09:16
12169,Classic,13,2026-01-19 08:09:16
12170,Masculine,1,2026-01-19 08:09:16
12170,Feminine,1,2026-01-19 08:09:16
12170,Modern,1,2026-01-19 08:09:16
12171,Masculine,37,2026-01-19 08:09:16
12171,Classic,23,2026-01-19 08:09:16
12171,Modern,20,2026-01-19 08:09:16
12171,Feminine,7,2026-01-19 08:09:16
12172,Masculine,28,2026-01-19 08:09:16
12172,Modern,23,2026-01-19 08:09:16
12172,Classic,9,2026-01-19 08:09:16
12172,Feminine,3,2026-01-19 08:09:16
12175,Feminine,57,2026-01-19 08:09:16
12175,Masculine,32,2026-01-19 08:09:16
12175,Modern,24,2026-01-19 08:09:16
12175,Classic,16,2026-01-19 08:09:16
12176,Masculine,44,2026-01-19 08:09:16
12176,Modern,25,2026-01-19 08:09:16
12176,Classic,22,2026-01-19 08:09:16
12176,Feminine,13,2026-01-19 08:09:16
12177,Masculine,50,2026-01-19 08:09:16
12177,Feminine,27,2026-01-19 08:09:16
12177,Classic,25,2026-01-19 08:09:16
12177,Modern,15,2026-01-19 08:09:16
12178,Masculine,1,2026-01-19 08:09:16
12178,Feminine,1,2026-01-19 08:09:16
12178,Modern,1,2026-01-19 08:09:16
12179,Masculine,51,2026-01-19 08:09:16
12179,Classic,35,2026-01-19 08:09:16
12179,Modern,8,2026-01-19 08:09:16
12179,Feminine,6,2026-01-19 08:09:16
12180,Feminine,41,2026-01-19 08:09:16
12180,Masculine,27,2026-01-19 08:09:16
12180,Classic,24,2026-01-19 08:09:16
12180,Modern,20,2026-01-19 08:09:16
12182,Masculine,80,2026-01-19 08:09:16
12182,Feminine,43,2026-01-19 08:09:16
12182,Classic,40,2026-01-19 08:09:16
12182,Modern,20,2026-01-19 08:09:16
12183,Feminine,44,2026-01-19 08:09:16
12183,Masculine,39,2026-01-19 08:09:16
12183,Classic,23,2026-01-19 08:09:16
12183,Modern,16,2026-01-19 08:09:16
12184,Masculine,25,2026-01-19 08:09:16
12184,Feminine,19,2026-01-19 08:09:16
12184,Classic,12,2026-01-19 08:09:16
12184,Modern,9,2026-01-19 08:09:16
12186,Feminine,72,2026-01-19 08:09:16
12186,Masculine,45,2026-01-19 08:09:16
12186,Modern,33,2026-01-19 08:09:16
12186,Classic,31,2026-01-19 08:09:16
12188,Masculine,14,2026-01-19 08:09:16
12188,Feminine,7,2026-01-19 08:09:16
12188,Classic,6,2026-01-19 08:09:16
12188,Modern,3,2026-01-19 08:09:16
12190,Feminine,44,2026-01-19 08:09:16
12190,Masculine,34,2026-01-19 08:09:16
12190,Modern,21,2026-01-19 08:09:16
12190,Classic,20,2026-01-19 08:09:16
12191,Masculine,46,2026-01-19 08:09:16
12191,Feminine,45,2026-01-19 08:09:16
12191,Classic,25,2026-01-19 08:09:16
12191,Modern,16,2026-01-19 08:09:16
12192,Masculine,27,2026-01-19 08:09:16
12192,Feminine,18,2026-01-19 08:09:16
12192,Classic,9,2026-01-19 08:09:16
12192,Modern,5,2026-01-19 08:09:16
12193,Feminine,1,2026-01-19 08:09:16
12193,Modern,1,2026-01-19 08:09:16
12194,Masculine,46,2026-01-19 08:09:16
12194,Feminine,27,2026-01-19 08:09:16
12194,Modern,25,2026-01-19 08:09:16
12194,Classic,13,2026-01-19 08:09:16
12195,Feminine,48,2026-01-19 08:09:16
12195,Modern,21,2026-01-19 08:09:16
12195,Classic,13,2026-01-19 08:09:16
12195,Masculine,12,2026-01-19 08:09:16
12196,Masculine,20,2026-01-19 08:09:16
12196,Feminine,16,2026-01-19 08:09:16
12196,Classic,4,2026-01-19 08:09:16
12196,Modern,4,2026-01-19 08:09:16
12197,Feminine,1,2026-01-19 08:09:16
12197,Classic,1,2026-01-19 08:09:16
12197,Modern,1,2026-01-19 08:09:16
12198,Masculine,60,2026-01-19 08:09:16
12198,Feminine,33,2026-01-19 08:09:16
12198,Classic,29,2026-01-19 08:09:16
12198,Modern,9,2026-01-19 08:09:16
12199,Feminine,50,2026-01-19 08:09:16
12199,Modern,22,2026-01-19 08:09:16
12199,Classic,12,2026-01-19 08:09:16
12200,Feminine,21,2026-01-19 08:09:16
12200,Classic,13,2026-01-19 08:09:16
12200,Masculine,12,2026-01-19 08:09:16
12200,Modern,2,2026-01-19 08:09:16
12202,Feminine,53,2026-01-19 08:09:16
12202,Masculine,42,2026-01-19 08:09:16
12202,Modern,31,2026-01-19 08:09:16
12202,Classic,24,2026-01-19 08:09:16
12203,Feminine,39,2026-01-19 08:09:16
12203,Masculine,17,2026-01-19 08:09:16
12203,Classic,15,2026-01-19 08:09:16
12203,Modern,10,2026-01-19 08:09:16
12204,Feminine,2,2026-01-19 08:09:16
12204,Modern,1,2026-01-19 08:09:16
12205,Masculine,7,2026-01-19 08:09:16
12205,Feminine,6,2026-01-19 08:09:16
12205,Modern,3,2026-01-19 08:09:16
12205,Classic,2,2026-01-19 08:09:16
12206,Masculine,52,2026-01-19 08:09:16
12206,Classic,22,2026-01-19 08:09:16
12206,Feminine,19,2026-01-19 08:09:16
12206,Modern,14,2026-01-19 08:09:16
12207,Feminine,34,2026-01-19 08:09:16
12207,Modern,11,2026-01-19 08:09:16
12207,Classic,8,2026-01-19 08:09:16
12209,Feminine,43,2026-01-19 08:09:16
12209,Modern,22,2026-01-19 08:09:16
12209,Classic,15,2026-01-19 08:09:16
12209,Masculine,7,2026-01-19 08:09:16
12210,Masculine,9,2026-01-19 08:09:16
12210,Feminine,8,2026-01-19 08:09:16
12210,Classic,3,2026-01-19 08:09:16
12210,Modern,3,2026-01-19 08:09:16
12211,Feminine,46,2026-01-19 08:09:16
12211,Modern,18,2026-01-19 08:09:16
12211,Classic,13,2026-01-19 08:09:16
12213,Masculine,43,2026-01-19 08:09:16
12213,Feminine,34,2026-01-19 08:09:16
12213,Classic,29,2026-01-19 08:09:16
12213,Modern,23,2026-01-19 08:09:16
12214,Masculine,10,2026-01-19 08:09:16
12214,Classic,6,2026-01-19 08:09:16
12214,Feminine,3,2026-01-19 08:09:16
12215,Masculine,30,2026-01-19 08:09:16
12215,Feminine,30,2026-01-19 08:09:16
12215,Classic,16,2026-01-19 08:09:16
12215,Modern,15,2026-01-19 08:09:16
12216,Feminine,2,2026-01-19 08:09:16
12216,Modern,2,2026-01-19 08:09:16
12217,Masculine,54,2026-01-19 08:09:16
12217,Feminine,38,2026-01-19 08:09:16
12217,Classic,26,2026-01-19 08:09:16
12217,Modern,18,2026-01-19 08:09:16
12218,Feminine,19,2026-01-19 08:09:16
12218,Classic,12,2026-01-19 08:09:16
12218,Masculine,3,2026-01-19 08:09:16
12218,Modern,3,2026-01-19 08:09:16
12219,Feminine,1,2026-01-19 08:09:16
12220,Feminine,32,2026-01-19 08:09:16
12220,Masculine,31,2026-01-19 08:09:16
12220,Classic,20,2026-01-19 08:09:16
12220,Modern,18,2026-01-19 08:09:16
12221,Feminine,42,2026-01-19 08:09:16
12221,Modern,17,2026-01-19 08:09:16
12221,Classic,16,2026-01-19 08:09:16
12221,Masculine,11,2026-01-19 08:09:16
12223,Feminine,14,2026-01-19 08:09:16
12223,Modern,6,2026-01-19 08:09:16
12223,Classic,3,2026-01-19 08:09:16
12224,Masculine,28,2026-01-19 08:09:16
12224,Feminine,26,2026-01-19 08:09:16
12224,Modern,15,2026-01-19 08:09:16
12224,Classic,11,2026-01-19 08:09:16
12225,Masculine,34,2026-01-19 08:09:16
12225,Feminine,31,2026-01-19 08:09:16
12225,Modern,27,2026-01-19 08:09:16
12225,Classic,20,2026-01-19 08:09:16
12228,Feminine,31,2026-01-19 08:09:16
12228,Modern,14,2026-01-19 08:09:16
12228,Classic,12,2026-01-19 08:09:16
12229,Masculine,33,2026-01-19 08:09:16
12229,Classic,17,2026-01-19 08:09:16
12229,Feminine,8,2026-01-19 08:09:16
12229,Modern,6,2026-01-19 08:09:16
12231,Masculine,5,2026-01-19 08:09:16
12231,Classic,4,2026-01-19 08:09:16
12231,Feminine,1,2026-01-19 08:09:16
12232,Feminine,26,2026-01-19 08:09:16
12232,Classic,13,2026-01-19 08:09:16
12232,Modern,13,2026-01-19 08:09:16
12232,Masculine,8,2026-01-19 08:09:16
12233,Feminine,55,2026-01-19 08:09:16
12233,Classic,26,2026-01-19 08:09:16
12233,Modern,14,2026-01-19 08:09:16
12233,Masculine,9,2026-01-19 08:09:16
12236,Feminine,32,2026-01-19 08:09:16
12236,Modern,18,2026-01-19 08:09:16
12236,Classic,8,2026-01-19 08:09:16
12237,Feminine,50,2026-01-19 08:09:16
12237,Masculine,32,2026-01-19 08:09:16
12237,Classic,20,2026-01-19 08:09:16
12237,Modern,20,2026-01-19 08:09:16
12238,Masculine,4,2026-01-19 08:09:16
12238,Feminine,2,2026-01-19 08:09:16
12238,Classic,1,2026-01-19 08:09:16
12238,Modern,1,2026-01-19 08:09:16
12241,Masculine,17,2026-01-19 08:09:16
12241,Feminine,17,2026-01-19 08:09:16
12241,Modern,14,2026-01-19 08:09:16
12241,Classic,3,2026-01-19 08:09:16
12242,Masculine,5,2026-01-19 08:09:16
12242,Feminine,5,2026-01-19 08:09:16
12242,Modern,2,2026-01-19 08:09:16
12242,Classic,1,2026-01-19 08:09:16
12243,Masculine,17,2026-01-19 08:09:16
12243,Feminine,10,2026-01-19 08:09:16
12243,Modern,9,2026-01-19 08:09:16
12243,Classic,6,2026-01-19 08:09:16
12245,Masculine,53,2026-01-19 08:09:16
12245,Feminine,27,2026-01-19 08:09:16
12245,Classic,27,2026-01-19 08:09:16
12245,Modern,12,2026-01-19 08:09:16
12247,Masculine,26,2026-01-19 08:09:16
12247,Feminine,21,2026-01-19 08:09:16
12247,Classic,11,2026-01-19 08:09:16
12247,Modern,11,2026-01-19 08:09:16
12248,Classic,1,2026-01-19 08:09:16
12248,Modern,1,2026-01-19 08:09:16
12249,Feminine,38,2026-01-19 08:09:16
12249,Masculine,32,2026-01-19 08:09:16
12249,Classic,23,2026-01-19 08:09:16
12249,Modern,13,2026-01-19 08:09:16
12251,Feminine,27,2026-01-19 08:09:16
12251,Modern,11,2026-01-19 08:09:16
12251,Classic,7,2026-01-19 08:09:16
12251,Masculine,3,2026-01-19 08:09:16
12253,Masculine,35,2026-01-19 08:09:16
12253,Feminine,14,2026-01-19 08:09:16
12253,Classic,14,2026-01-19 08:09:16
12253,Modern,4,2026-01-19 08:09:16
12257,Feminine,43,2026-01-19 08:09:16
12257,Masculine,35,2026-01-19 08:09:16
12257,Classic,16,2026-01-19 08:09:16
12257,Modern,11,2026-01-19 08:09:16
12261,Masculine,40,2026-01-19 08:09:16
12261,Classic,23,2026-01-19 08:09:16
12261,Modern,12,2026-01-19 08:09:16
12261,Feminine,9,2026-01-19 08:09:16
12264,Feminine,24,2026-01-19 08:09:16
12264,Modern,8,2026-01-19 08:09:16
12264,Classic,7,2026-01-19 08:09:16
12265,Feminine,17,2026-01-19 08:09:16
12265,Masculine,15,2026-01-19 08:09:16
12265,Modern,11,2026-01-19 08:09:16
12265,Classic,4,2026-01-19 08:09:16
12267,Modern,1,2026-01-19 08:09:16
12268,Masculine,18,2026-01-19 08:09:16
12268,Feminine,13,2026-01-19 08:09:16
12268,Classic,11,2026-01-19 08:09:16
12268,Modern,10,2026-01-19 08:09:16
12269,Masculine,24,2026-01-19 08:09:16
12269,Feminine,18,2026-01-19 08:09:16
12269,Classic,12,2026-01-19 08:09:16
12269,Modern,11,2026-01-19 08:09:16
12271,Modern,2,2026-01-19 08:09:16
12274,Feminine,36,2026-01-19 08:09:16
12274,Masculine,18,2026-01-19 08:09:16
12274,Classic,15,2026-01-19 08:09:16
12274,Modern,13,2026-01-19 08:09:16
12276,Masculine,18,2026-01-19 08:09:16
12276,Classic,10,2026-01-19 08:09:16
12276,Modern,10,2026-01-19 08:09:16
12276,Feminine,6,2026-01-19 08:09:16
12278,Feminine,29,2026-01-19 08:09:16
12278,Classic,11,2026-01-19 08:09:16
12278,Modern,7,2026-01-19 08:09:16
12278,Masculine,6,2026-01-19 08:09:16
12280,Masculine,10,2026-01-19 08:09:16
12280,Modern,9,2026-01-19 08:09:16
12280,Classic,5,2026-01-19 08:09:16
12280,Feminine,2,2026-01-19 08:09:16
12282,Feminine,28,2026-01-19 08:09:16
12282,Classic,14,2026-01-19 08:09:16
12282,Modern,11,2026-01-19 08:09:16
12282,Masculine,9,2026-01-19 08:09:16
12284,Feminine,15,2026-01-19 08:09:16
12284,Classic,8,2026-01-19 08:09:16
12284,Modern,4,2026-01-19 08:09:16
12286,Feminine,31,2026-01-19 08:09:16
12286,Modern,13,2026-01-19 08:09:16
12286,Classic,10,2026-01-19 08:09:16
12286,Masculine,9,2026-01-19 08:09:16
12287,Modern,2,2026-01-19 08:09:16
12287,Feminine,1,2026-01-19 08:09:16
12288,Feminine,12,2026-01-19 08:09:16
12288,Modern,8,2026-01-19 08:09:16
12288,Classic,6,2026-01-19 08:09:16
12290,Feminine,40,2026-01-19 08:09:16
12290,Classic,18,2026-01-19 08:09:16
12290,Masculine,13,2026-01-19 08:09:16
12290,Modern,13,2026-01-19 08:09:16
12292,Feminine,13,2026-01-19 08:09:16
12292,Classic,6,2026-01-19 08:09:16
12292,Modern,3,2026-01-19 08:09:16
12292,Masculine,1,2026-01-19 08:09:16
12295,Feminine,1,2026-01-19 08:09:16
12295,Classic,1,2026-01-19 08:09:16
12295,Modern,1,2026-01-19 08:09:16
12296,Feminine,16,2026-01-19 08:09:16
12296,Classic,6,2026-01-19 08:09:16
12296,Modern,5,2026-01-19 08:09:16
12298,Masculine,13,2026-01-19 08:09:16
12298,Feminine,12,2026-01-19 08:09:16
12298,Modern,9,2026-01-19 08:09:16
12298,Classic,8,2026-01-19 08:09:16
12300,Feminine,11,2026-01-19 08:09:16
12300,Classic,3,2026-01-19 08:09:16
12300,Modern,1,2026-01-19 08:09:16
12302,Feminine,27,2026-01-19 08:09:16
12302,Masculine,10,2026-01-19 08:09:16
12302,Classic,10,2026-01-19 08:09:16
12302,Modern,6,2026-01-19 08:09:16
12303,Feminine,3,2026-01-19 08:09:16
12303,Modern,1,2026-01-19 08:09:16
12304,Feminine,12,2026-01-19 08:09:16
12304,Masculine,5,2026-01-19 08:09:16
12304,Classic,5,2026-01-19 08:09:16
12304,Modern,3,2026-01-19 08:09:16
12306,Masculine,26,2026-01-19 08:09:16
12306,Feminine,21,2026-01-19 08:09:16
12306,Classic,10,2026-01-19 08:09:16
12306,Modern,8,2026-01-19 08:09:16
12308,Feminine,14,2026-01-19 08:09:16
12308,Masculine,9,2026-01-19 08:09:16
12308,Classic,8,2026-01-19 08:09:16
12308,Modern,7,2026-01-19 08:09:16
12309,Masculine,22,2026-01-19 08:09:16
12309,Classic,10,2026-01-19 08:09:16
12309,Feminine,8,2026-01-19 08:09:16
12309,Modern,4,2026-01-19 08:09:16
12310,Masculine,1679,2026-01-19 08:09:16
12310,Modern,1017,2026-01-19 08:09:16
12310,Classic,681,2026-01-19 08:09:16
12310,Feminine,266,2026-01-19 08:09:16
12311,Feminine,1,2026-01-19 08:09:16
12312,Feminine,11,2026-01-19 08:09:16
12312,Modern,5,2026-01-19 08:09:16
12312,Classic,3,2026-01-19 08:09:16
12315,Masculine,740,2026-01-19 08:09:16
12315,Modern,427,2026-01-19 08:09:16
12315,Classic,237,2026-01-19 08:09:16
12315,Feminine,154,2026-01-19 08:09:16
12316,Feminine,10,2026-01-19 08:09:16
12316,Modern,7,2026-01-19 08:09:16
12316,Classic,5,2026-01-19 08:09:16
12316,Masculine,1,2026-01-19 08:09:16
12317,Feminine,21,2026-01-19 08:09:16
12317,Classic,14,2026-01-19 08:09:16
12317,Masculine,12,2026-01-19 08:09:16
12317,Modern,9,2026-01-19 08:09:16
12318,Feminine,1,2026-01-19 08:09:16
12318,Modern,1,2026-01-19 08:09:16
12319,Masculine,551,2026-01-19 08:09:16
12319,Modern,276,2026-01-19 08:09:16
12319,Classic,222,2026-01-19 08:09:16
12319,Feminine,96,2026-01-19 08:09:16
12320,Masculine,9,2026-01-19 08:09:16
12320,Feminine,8,2026-01-19 08:09:16
12320,Classic,4,2026-01-19 08:09:16
12320,Modern,3,2026-01-19 08:09:16
12321,Feminine,20,2026-01-19 08:09:16
12321,Masculine,11,2026-01-19 08:09:16
12321,Classic,7,2026-01-19 08:09:16
12321,Modern,7,2026-01-19 08:09:16
12323,Masculine,372,2026-01-19 08:09:16
12323,Modern,266,2026-01-19 08:09:16
12323,Classic,125,2026-01-19 08:09:16
12324,Feminine,10,2026-01-19 08:09:16
12324,Masculine,4,2026-01-19 08:09:16
12324,Modern,4,2026-01-19 08:09:16
12324,Classic,2,2026-01-19 08:09:16
12325,Feminine,11,2026-01-19 08:09:16
12325,Masculine,9,2026-01-19 08:09:16
12325,Modern,8,2026-01-19 08:09:16
12325,Classic,2,2026-01-19 08:09:16
12326,Feminine,2,2026-01-19 08:09:16
12326,Modern,2,2026-01-19 08:09:16
12326,Classic,1,2026-01-19 08:09:16
12327,Feminine,335,2026-01-19 08:09:16
12327,Modern,215,2026-01-19 08:09:16
12327,Classic,71,2026-01-19 08:09:16
12328,Feminine,11,2026-01-19 08:09:16
12328,Modern,7,2026-01-19 08:09:16
12328,Masculine,4,2026-01-19 08:09:16
12328,Classic,4,2026-01-19 08:09:16
12329,Masculine,11,2026-01-19 08:09:16
12329,Modern,9,2026-01-19 08:09:16
12329,Feminine,7,2026-01-19 08:09:16
12329,Classic,2,2026-01-19 08:09:16
12330,Feminine,1,2026-01-19 08:09:16
12330,Modern,1,2026-01-19 08:09:16
12331,Masculine,363,2026-01-19 08:09:16
12331,Classic,177,2026-01-19 08:09:16
12331,Modern,176,2026-01-19 08:09:16
12331,Feminine,104,2026-01-19 08:09:16
12332,Feminine,10,2026-01-19 08:09:16
12332,Modern,5,2026-01-19 08:09:16
12332,Classic,4,2026-01-19 08:09:16
12334,Feminine,13,2026-01-19 08:09:16
12334,Classic,7,2026-01-19 08:09:16
12334,Modern,4,2026-01-19 08:09:16
12335,Masculine,8,2026-01-19 08:09:16
12335,Modern,5,2026-01-19 08:09:16
12335,Feminine,4,2026-01-19 08:09:16
12335,Classic,4,2026-01-19 08:09:16
12336,Masculine,278,2026-01-19 08:09:16
12336,Modern,193,2026-01-19 08:09:16
12336,Classic,63,2026-01-19 08:09:16
12338,Feminine,12,2026-01-19 08:09:16
12338,Masculine,8,2026-01-19 08:09:16
12338,Modern,8,2026-01-19 08:09:16
12338,Classic,5,2026-01-19 08:09:16
12339,Feminine,380,2026-01-19 08:09:16
12339,Modern,214,2026-01-19 08:09:16
12339,Classic,78,2026-01-19 08:09:16
12340,Feminine,6,2026-01-19 08:09:16
12340,Modern,4,2026-01-19 08:09:16
12340,Classic,3,2026-01-19 08:09:16
12340,Masculine,1,2026-01-19 08:09:16
12342,Feminine,4,2026-01-19 08:09:16
12342,Modern,4,2026-01-19 08:09:16
12342,Masculine,2,2026-01-19 08:09:16
12343,Feminine,4,2026-01-19 08:09:16
12343,Modern,3,2026-01-19 08:09:16
12343,Classic,1,2026-01-19 08:09:16
12344,Masculine,243,2026-01-19 08:09:16
12344,Modern,154,2026-01-19 08:09:16
12344,Classic,74,2026-01-19 08:09:16
12344,Feminine,71,2026-01-19 08:09:16
12346,Feminine,10,2026-01-19 08:09:16
12346,Classic,5,2026-01-19 08:09:16
12346,Modern,3,2026-01-19 08:09:16
12346,Masculine,1,2026-01-19 08:09:16
12347,Feminine,376,2026-01-19 08:09:16
12347,Classic,175,2026-01-19 08:09:16
12347,Modern,149,2026-01-19 08:09:16
12347,Masculine,111,2026-01-19 08:09:16
12348,Feminine,19,2026-01-19 08:09:16
12348,Masculine,11,2026-01-19 08:09:16
12348,Modern,6,2026-01-19 08:09:16
12348,Classic,4,2026-01-19 08:09:16
12350,Masculine,13,2026-01-19 08:09:16
12350,Modern,8,2026-01-19 08:09:16
12350,Classic,6,2026-01-19 08:09:16
12350,Feminine,5,2026-01-19 08:09:16
12352,Masculine,249,2026-01-19 08:09:16
12352,Modern,159,2026-01-19 08:09:16
12352,Classic,84,2026-01-19 08:09:16
12352,Feminine,34,2026-01-19 08:09:16
12353,Feminine,2,2026-01-19 08:09:16
12353,Modern,2,2026-01-19 08:09:16
12353,Classic,1,2026-01-19 08:09:16
12354,Feminine,14,2026-01-19 08:09:16
12354,Masculine,8,2026-01-19 08:09:16
12354,Classic,3,2026-01-19 08:09:16
12354,Modern,3,2026-01-19 08:09:16
12355,Feminine,4,2026-01-19 08:09:16
12355,Classic,3,2026-01-19 08:09:16
12355,Modern,2,2026-01-19 08:09:16
12356,Masculine,204,2026-01-19 08:09:16
12356,Modern,148,2026-01-19 08:09:16
12356,Classic,52,2026-01-19 08:09:16
12356,Feminine,33,2026-01-19 08:09:16
12358,Masculine,5,2026-01-19 08:09:16
12358,Classic,3,2026-01-19 08:09:16
12358,Feminine,2,2026-01-19 08:09:16
12359,Masculine,15,2026-01-19 08:09:16
12359,Feminine,10,2026-01-19 08:09:16
12359,Classic,4,2026-01-19 08:09:16
12359,Modern,3,2026-01-19 08:09:16
12360,Masculine,173,2026-01-19 08:09:16
12360,Modern,114,2026-01-19 08:09:16
12360,Classic,37,2026-01-19 08:09:16
12360,Feminine,14,2026-01-19 08:09:16
12361,Feminine,1,2026-01-19 08:09:16
12361,Modern,1,2026-01-19 08:09:16
12362,Feminine,2,2026-01-19 08:09:16
12362,Modern,1,2026-01-19 08:09:16
12363,Masculine,14,2026-01-19 08:09:16
12363,Classic,8,2026-01-19 08:09:16
12363,Feminine,7,2026-01-19 08:09:16
12363,Modern,6,2026-01-19 08:09:16
12364,Masculine,230,2026-01-19 08:09:16
12364,Feminine,108,2026-01-19 08:09:16
12364,Modern,107,2026-01-19 08:09:16
12364,Classic,80,2026-01-19 08:09:16
12365,Feminine,1,2026-01-19 08:09:16
12366,Masculine,8,2026-01-19 08:09:16
12366,Feminine,5,2026-01-19 08:09:16
12366,Classic,5,2026-01-19 08:09:16
12366,Modern,4,2026-01-19 08:09:16
12368,Feminine,210,2026-01-19 08:09:16
12368,Classic,91,2026-01-19 08:09:16
12368,Modern,89,2026-01-19 08:09:16
12369,Feminine,4,2026-01-19 08:09:16
12369,Modern,2,2026-01-19 08:09:16
12369,Masculine,1,2026-01-19 08:09:16
12369,Classic,1,2026-01-19 08:09:16
12370,Masculine,4,2026-01-19 08:09:16
12370,Feminine,4,2026-01-19 08:09:16
12370,Classic,3,2026-01-19 08:09:16
12370,Modern,1,2026-01-19 08:09:16
12372,Feminine,217,2026-01-19 08:09:16
12372,Classic,130,2026-01-19 08:09:16
12372,Modern,93,2026-01-19 08:09:16
12372,Masculine,78,2026-01-19 08:09:16
12373,Masculine,10,2026-01-19 08:09:16
12373,Feminine,9,2026-01-19 08:09:16
12373,Modern,5,2026-01-19 08:09:16
12373,Classic,4,2026-01-19 08:09:16
12375,Feminine,2,2026-01-19 08:09:16
12375,Classic,1,2026-01-19 08:09:16
12375,Modern,1,2026-01-19 08:09:16
12376,Masculine,156,2026-01-19 08:09:16
12376,Feminine,145,2026-01-19 08:09:16
12376,Modern,95,2026-01-19 08:09:16
12376,Classic,85,2026-01-19 08:09:16
12378,Feminine,4,2026-01-19 08:09:16
12378,Masculine,3,2026-01-19 08:09:16
12378,Modern,2,2026-01-19 08:09:16
12378,Classic,1,2026-01-19 08:09:16
12379,Feminine,2,2026-01-19 08:09:16
12379,Classic,1,2026-01-19 08:09:16
12380,Masculine,141,2026-01-19 08:09:16
12380,Feminine,137,2026-01-19 08:09:16
12380,Modern,95,2026-01-19 08:09:16
12380,Classic,57,2026-01-19 08:09:16
12381,Feminine,1,2026-01-19 08:09:16
12381,Classic,1,2026-01-19 08:09:16
12381,Modern,1,2026-01-19 08:09:16
12382,Feminine,3,2026-01-19 08:09:16
12382,Modern,3,2026-01-19 08:09:16
12382,Masculine,2,2026-01-19 08:09:16
12382,Classic,2,2026-01-19 08:09:16
12383,Feminine,3,2026-01-19 08:09:16
12383,Modern,2,2026-01-19 08:09:16
12383,Masculine,1,2026-01-19 08:09:16
12384,Feminine,197,2026-01-19 08:09:16
12384,Modern,86,2026-01-19 08:09:16
12384,Classic,77,2026-01-19 08:09:16
12384,Masculine,58,2026-01-19 08:09:16
12386,Masculine,8,2026-01-19 08:09:16
12386,Modern,5,2026-01-19 08:09:16
12386,Feminine,4,2026-01-19 08:09:16
12386,Classic,1,2026-01-19 08:09:16
12388,Feminine,186,2026-01-19 08:09:16
12388,Classic,71,2026-01-19 08:09:16
12388,Masculine,54,2026-01-19 08:09:16
12388,Modern,39,2026-01-19 08:09:16
12390,Masculine,8,2026-01-19 08:09:16
12390,Classic,7,2026-01-19 08:09:16
12390,Modern,5,2026-01-19 08:09:16
12390,Feminine,1,2026-01-19 08:09:16
12392,Masculine,82,2026-01-19 08:09:16
12392,Modern,65,2026-01-19 08:09:16
12392,Feminine,18,2026-01-19 08:09:16
12392,Classic,13,2026-01-19 08:09:16
12394,Masculine,2,2026-01-19 08:09:16
12394,Feminine,2,2026-01-19 08:09:16
12394,Classic,1,2026-01-19 08:09:16
12394,Modern,1,2026-01-19 08:09:16
12396,Feminine,98,2026-01-19 08:09:16
12396,Modern,59,2026-01-19 08:09:16
12396,Classic,22,2026-01-19 08:09:16
12398,Masculine,5,2026-01-19 08:09:16
12398,Classic,3,2026-01-19 08:09:16
12398,Feminine,2,2026-01-19 08:09:16
12398,Modern,2,2026-01-19 08:09:16
12399,Feminine,1,2026-01-19 08:09:16
12399,Modern,1,2026-01-19 08:09:16
12400,Masculine,119,2026-01-19 08:09:16
12400,Modern,78,2026-01-19 08:09:16
12400,Classic,56,2026-01-19 08:09:16
12400,Feminine,11,2026-01-19 08:09:16
12402,Masculine,3,2026-01-19 08:09:16
12402,Feminine,3,2026-01-19 08:09:16
12404,Masculine,88,2026-01-19 08:09:16
12404,Modern,59,2026-01-19 08:09:16
12404,Classic,12,2026-01-19 08:09:16
12404,Feminine,9,2026-01-19 08:09:16
12406,Masculine,4,2026-01-19 08:09:16
12406,Classic,4,2026-01-19 08:09:16
12406,Modern,1,2026-01-19 08:09:16
12407,Feminine,1,2026-01-19 08:09:16
12407,Classic,1,2026-01-19 08:09:16
12407,Modern,1,2026-01-19 08:09:16
12408,Feminine,136,2026-01-19 08:09:16
12408,Classic,61,2026-01-19 08:09:16
12408,Modern,57,2026-01-19 08:09:16
12408,Masculine,39,2026-01-19 08:09:16
12412,Feminine,137,2026-01-19 08:09:16
12412,Classic,65,2026-01-19 08:09:16
12412,Modern,49,2026-01-19 08:09:16
12412,Masculine,31,2026-01-19 08:09:16
12415,Masculine,2,2026-01-19 08:09:16
12415,Feminine,2,2026-01-19 08:09:16
12415,Classic,1,2026-01-19 08:09:16
12415,Modern,1,2026-01-19 08:09:16
12416,Masculine,88,2026-01-19 08:09:16
12416,Classic,43,2026-01-19 08:09:16
12416,Modern,36,2026-01-19 08:09:16
12416,Feminine,25,2026-01-19 08:09:16
12418,Feminine,3,2026-01-19 08:09:16
12418,Modern,2,2026-01-19 08:09:16
12418,Masculine,1,2026-01-19 08:09:16
12418,Classic,1,2026-01-19 08:09:16
12420,Feminine,141,2026-01-19 08:09:16
12420,Classic,57,2026-01-19 08:09:16
12420,Modern,41,2026-01-19 08:09:16
12420,Masculine,32,2026-01-19 08:09:16
12423,Modern,1,2026-01-19 08:09:16
12424,Masculine,64,2026-01-19 08:09:16
12424,Modern,43,2026-01-19 08:09:16
12424,Classic,28,2026-01-19 08:09:16
12424,Feminine,14,2026-01-19 08:09:16
12426,Feminine,1,2026-01-19 08:09:16
12426,Modern,1,2026-01-19 08:09:16
12429,Feminine,101,2026-01-19 08:09:16
12429,Classic,42,2026-01-19 08:09:16
12429,Modern,39,2026-01-19 08:09:16
12429,Masculine,29,2026-01-19 08:09:16
12431,Feminine,1,2026-01-19 08:09:16
12433,Feminine,89,2026-01-19 08:09:16
12433,Modern,64,2026-01-19 08:09:16
12433,Classic,22,2026-01-19 08:09:16
12434,Feminine,1,2026-01-19 08:09:16
12434,Modern,1,2026-01-19 08:09:16
12436,Feminine,74,2026-01-19 08:09:16
12436,Modern,48,2026-01-19 08:09:16
12436,Classic,6,2026-01-19 08:09:16
12442,Feminine,1,2026-01-19 08:09:16
12442,Modern,1,2026-01-19 08:09:16
12445,Masculine,92,2026-01-19 08:09:16
12445,Classic,37,2026-01-19 08:09:16
12445,Modern,37,2026-01-19 08:09:16
12445,Feminine,36,2026-01-19 08:09:16
12446,Feminine,1,2026-01-19 08:09:16
12446,Modern,1,2026-01-19 08:09:16
12450,Feminine,80,2026-01-19 08:09:16
12450,Modern,51,2026-01-19 08:09:16
12450,Classic,19,2026-01-19 08:09:16
12454,Feminine,91,2026-01-19 08:09:16
12454,Modern,60,2026-01-19 08:09:16
12454,Classic,21,2026-01-19 08:09:16
12458,Feminine,78,2026-01-19 08:09:16
12458,Modern,57,2026-01-19 08:09:16
12458,Classic,16,2026-01-19 08:09:16
12461,Feminine,1,2026-01-19 08:09:16
12462,Feminine,74,2026-01-19 08:09:16
12462,Masculine,53,2026-01-19 08:09:16
12462,Classic,41,2026-01-19 08:09:16
12462,Modern,19,2026-01-19 08:09:16
12466,Feminine,86,2026-01-19 08:09:16
12466,Classic,31,2026-01-19 08:09:16
12466,Modern,30,2026-01-19 08:09:16
12466,Masculine,9,2026-01-19 08:09:16
12470,Feminine,71,2026-01-19 08:09:16
12470,Masculine,35,2026-01-19 08:09:16
12470,Classic,34,2026-01-19 08:09:16
12470,Modern,33,2026-01-19 08:09:16
12471,Feminine,2,2026-01-19 08:09:16
12471,Masculine,1,2026-01-19 08:09:16
12471,Classic,1,2026-01-19 08:09:16
12471,Modern,1,2026-01-19 08:09:16
12474,Feminine,75,2026-01-19 08:09:16
12474,Modern,37,2026-01-19 08:09:16
12474,Classic,31,2026-01-19 08:09:16
12474,Masculine,30,2026-01-19 08:09:16
12477,Feminine,1,2026-01-19 08:09:16
12477,Classic,1,2026-01-19 08:09:16
12477,Modern,1,2026-01-19 08:09:16
12478,Feminine,72,2026-01-19 08:09:16
12478,Modern,32,2026-01-19 08:09:16
12478,Classic,28,2026-01-19 08:09:16
12478,Masculine,17,2026-01-19 08:09:16
12482,Feminine,55,2026-01-19 08:09:16
12482,Masculine,33,2026-01-19 08:09:16
12482,Classic,27,2026-01-19 08:09:16
12482,Modern,24,2026-01-19 08:09:16
12483,Feminine,630,2026-01-19 08:09:16
12483,Masculine,496,2026-01-19 08:09:16
12483,Modern,485,2026-01-19 08:09:16
12483,Classic,149,2026-01-19 08:09:16
12486,Masculine,233,2026-01-19 08:09:16
12486,Modern,159,2026-01-19 08:09:16
12486,Feminine,153,2026-01-19 08:09:16
12486,Classic,74,2026-01-19 08:09:16
12487,Feminine,59,2026-01-19 08:09:16
12487,Modern,31,2026-01-19 08:09:16
12487,Classic,20,2026-01-19 08:09:16
12490,Masculine,195,2026-01-19 08:09:16
12490,Modern,102,2026-01-19 08:09:16
12490,Classic,89,2026-01-19 08:09:16
12490,Feminine,65,2026-01-19 08:09:16
12491,Feminine,52,2026-01-19 08:09:16
12491,Modern,28,2026-01-19 08:09:16
12491,Classic,27,2026-01-19 08:09:16
12491,Masculine,23,2026-01-19 08:09:16
12493,Feminine,1,2026-01-19 08:09:16
12494,Masculine,138,2026-01-19 08:09:16
12494,Feminine,105,2026-01-19 08:09:16
12494,Modern,65,2026-01-19 08:09:16
12494,Classic,59,2026-01-19 08:09:16
12495,Feminine,55,2026-01-19 08:09:16
12495,Classic,28,2026-01-19 08:09:16
12495,Modern,22,2026-01-19 08:09:16
12495,Masculine,7,2026-01-19 08:09:16
12498,Feminine,193,2026-01-19 08:09:16
12498,Modern,109,2026-01-19 08:09:16
12498,Classic,51,2026-01-19 08:09:16
12498,Masculine,36,2026-01-19 08:09:16
12499,Masculine,44,2026-01-19 08:09:16
12499,Feminine,40,2026-01-19 08:09:16
12499,Classic,26,2026-01-19 08:09:16
12499,Modern,21,2026-01-19 08:09:16
12502,Masculine,168,2026-01-19 08:09:16
12502,Classic,79,2026-01-19 08:09:16
12502,Feminine,70,2026-01-19 08:09:16
12502,Modern,41,2026-01-19 08:09:16
12503,Feminine,49,2026-01-19 08:09:16
12503,Classic,21,2026-01-19 08:09:16
12503,Modern,21,2026-01-19 08:09:16
12503,Masculine,5,2026-01-19 08:09:16
12506,Masculine,155,2026-01-19 08:09:16
12506,Feminine,146,2026-01-19 08:09:16
12506,Classic,77,2026-01-19 08:09:16
12506,Modern,49,2026-01-19 08:09:16
12507,Masculine,46,2026-01-19 08:09:16
12507,Feminine,27,2026-01-19 08:09:16
12507,Modern,19,2026-01-19 08:09:16
12507,Classic,16,2026-01-19 08:09:16
12510,Feminine,95,2026-01-19 08:09:16
12510,Masculine,53,2026-01-19 08:09:16
12510,Modern,53,2026-01-19 08:09:16
12510,Classic,32,2026-01-19 08:09:16
12514,Masculine,98,2026-01-19 08:09:16
12514,Modern,60,2026-01-19 08:09:16
12514,Classic,46,2026-01-19 08:09:16
12514,Feminine,23,2026-01-19 08:09:16
12515,Feminine,48,2026-01-19 08:09:16
12515,Modern,24,2026-01-19 08:09:16
12515,Classic,23,2026-01-19 08:09:16
12515,Masculine,11,2026-01-19 08:09:16
12518,Masculine,108,2026-01-19 08:09:16
12518,Feminine,77,2026-01-19 08:09:16
12518,Classic,50,2026-01-19 08:09:16
12518,Modern,38,2026-01-19 08:09:16
12519,Feminine,24,2026-01-19 08:09:16
12519,Modern,19,2026-01-19 08:09:16
12519,Classic,3,2026-01-19 08:09:16
12519,Masculine,2,2026-01-19 08:09:16
12522,Masculine,65,2026-01-19 08:09:16
12522,Modern,31,2026-01-19 08:09:16
12522,Classic,26,2026-01-19 08:09:16
12522,Feminine,24,2026-01-19 08:09:16
12523,Feminine,43,2026-01-19 08:09:16
12523,Modern,31,2026-01-19 08:09:16
12523,Masculine,9,2026-01-19 08:09:16
12523,Classic,5,2026-01-19 08:09:16
12526,Feminine,84,2026-01-19 08:09:16
12526,Masculine,50,2026-01-19 08:09:16
12526,Modern,43,2026-01-19 08:09:16
12526,Classic,31,2026-01-19 08:09:16
12527,Feminine,49,2026-01-19 08:09:16
12527,Masculine,32,2026-01-19 08:09:16
12527,Classic,24,2026-01-19 08:09:16
12527,Modern,22,2026-01-19 08:09:16
12530,Feminine,79,2026-01-19 08:09:16
12530,Masculine,70,2026-01-19 08:09:16
12530,Classic,45,2026-01-19 08:09:16
12530,Modern,28,2026-01-19 08:09:16
12531,Feminine,55,2026-01-19 08:09:16
12531,Modern,26,2026-01-19 08:09:16
12531,Classic,14,2026-01-19 08:09:16
12531,Masculine,13,2026-01-19 08:09:16
12534,Feminine,76,2026-01-19 08:09:16
12534,Modern,39,2026-01-19 08:09:16
12534,Masculine,36,2026-01-19 08:09:16
12534,Classic,21,2026-01-19 08:09:16
12535,Masculine,29,2026-01-19 08:09:16
12535,Modern,24,2026-01-19 08:09:16
12535,Classic,10,2026-01-19 08:09:16
12535,Feminine,7,2026-01-19 08:09:16
12537,Feminine,1,2026-01-19 08:09:16
12537,Modern,1,2026-01-19 08:09:16
12538,Masculine,78,2026-01-19 08:09:16
12538,Feminine,37,2026-01-19 08:09:16
12538,Classic,28,2026-01-19 08:09:16
12538,Modern,16,2026-01-19 08:09:16
12539,Feminine,43,2026-01-19 08:09:16
12539,Masculine,32,2026-01-19 08:09:16
12539,Classic,18,2026-01-19 08:09:16
12539,Modern,15,2026-01-19 08:09:16
12542,Masculine,64,2026-01-19 08:09:16
12542,Classic,36,2026-01-19 08:09:16
12542,Modern,22,2026-01-19 08:09:16
12542,Feminine,13,2026-01-19 08:09:16
12544,Feminine,43,2026-01-19 08:09:16
12544,Modern,16,2026-01-19 08:09:16
12544,Classic,13,2026-01-19 08:09:16
12544,Masculine,4,2026-01-19 08:09:16
12545,Feminine,1,2026-01-19 08:09:16
12545,Modern,1,2026-01-19 08:09:16
12547,Feminine,67,2026-01-19 08:09:16
12547,Masculine,39,2026-01-19 08:09:16
12547,Modern,38,2026-01-19 08:09:16
12547,Classic,16,2026-01-19 08:09:16
12548,Masculine,20,2026-01-19 08:09:16
12548,Modern,9,2026-01-19 08:09:16
12548,Classic,6,2026-01-19 08:09:16
12548,Feminine,4,2026-01-19 08:09:16
12549,Feminine,1,2026-01-19 08:09:16
12549,Modern,1,2026-01-19 08:09:16
12551,Feminine,84,2026-01-19 08:09:16
12551,Modern,47,2026-01-19 08:09:16
12551,Classic,32,2026-01-19 08:09:16
12551,Masculine,31,2026-01-19 08:09:16
12552,Masculine,36,2026-01-19 08:09:16
12552,Feminine,32,2026-01-19 08:09:16
12552,Classic,19,2026-01-19 08:09:16
12552,Modern,15,2026-01-19 08:09:16
12553,Feminine,2,2026-01-19 08:09:16
12553,Modern,1,2026-01-19 08:09:16
12555,Masculine,58,2026-01-19 08:09:16
12555,Feminine,38,2026-01-19 08:09:16
12555,Modern,32,2026-01-19 08:09:16
12555,Classic,24,2026-01-19 08:09:16
12556,Feminine,1,2026-01-19 08:09:16
12556,Modern,1,2026-01-19 08:09:16
12557,Feminine,34,2026-01-19 08:09:16
12557,Modern,19,2026-01-19 08:09:16
12557,Classic,9,2026-01-19 08:09:16
12558,Masculine,65,2026-01-19 08:09:16
12558,Feminine,51,2026-01-19 08:09:16
12558,Classic,27,2026-01-19 08:09:16
12558,Modern,27,2026-01-19 08:09:16
12561,Feminine,34,2026-01-19 08:09:16
12561,Modern,19,2026-01-19 08:09:16
12561,Classic,11,2026-01-19 08:09:16
12561,Masculine,4,2026-01-19 08:09:16
12562,Feminine,71,2026-01-19 08:09:16
12562,Classic,29,2026-01-19 08:09:16
12562,Modern,22,2026-01-19 08:09:16
12562,Masculine,20,2026-01-19 08:09:16
12565,Masculine,33,2026-01-19 08:09:16
12565,Feminine,24,2026-01-19 08:09:16
12565,Classic,17,2026-01-19 08:09:16
12565,Modern,11,2026-01-19 08:09:16
12566,Feminine,66,2026-01-19 08:09:16
12566,Masculine,40,2026-01-19 08:09:16
12566,Classic,31,2026-01-19 08:09:16
12566,Modern,25,2026-01-19 08:09:16
12569,Feminine,29,2026-01-19 08:09:16
12569,Masculine,20,2026-01-19 08:09:16
12569,Modern,16,2026-01-19 08:09:16
12569,Classic,14,2026-01-19 08:09:16
12570,Masculine,64,2026-01-19 08:09:16
12570,Feminine,47,2026-01-19 08:09:16
12570,Classic,27,2026-01-19 08:09:16
12570,Modern,23,2026-01-19 08:09:16
12573,Feminine,36,2026-01-19 08:09:16
12573,Masculine,13,2026-01-19 08:09:16
12573,Modern,13,2026-01-19 08:09:16
12573,Classic,12,2026-01-19 08:09:16
12574,Masculine,61,2026-01-19 08:09:16
12574,Feminine,47,2026-01-19 08:09:16
12574,Classic,30,2026-01-19 08:09:16
12574,Modern,24,2026-01-19 08:09:16
12576,Feminine,1,2026-01-19 08:09:16
12577,Feminine,31,2026-01-19 08:09:16
12577,Masculine,23,2026-01-19 08:09:16
12577,Classic,17,2026-01-19 08:09:16
12577,Modern,12,2026-01-19 08:09:16
12578,Feminine,47,2026-01-19 08:09:16
12578,Masculine,35,2026-01-19 08:09:16
12578,Modern,25,2026-01-19 08:09:16
12578,Classic,18,2026-01-19 08:09:16
12581,Feminine,39,2026-01-19 08:09:16
12581,Classic,18,2026-01-19 08:09:16
12581,Modern,17,2026-01-19 08:09:16
12581,Masculine,4,2026-01-19 08:09:16
12582,Feminine,61,2026-01-19 08:09:16
12582,Classic,29,2026-01-19 08:09:16
12582,Modern,25,2026-01-19 08:09:16
12582,Masculine,12,2026-01-19 08:09:16
12585,Feminine,31,2026-01-19 08:09:16
12585,Modern,17,2026-01-19 08:09:16
12585,Classic,9,2026-01-19 08:09:16
12585,Masculine,6,2026-01-19 08:09:16
12586,Feminine,55,2026-01-19 08:09:16
12586,Modern,29,2026-01-19 08:09:16
12586,Classic,21,2026-01-19 08:09:16
12586,Masculine,12,2026-01-19 08:09:16
12588,Modern,1,2026-01-19 08:09:16
12589,Masculine,26,2026-01-19 08:09:16
12589,Feminine,20,2026-01-19 08:09:16
12589,Classic,13,2026-01-19 08:09:16
12589,Modern,10,2026-01-19 08:09:16
12590,Feminine,51,2026-01-19 08:09:16
12590,Modern,17,2026-01-19 08:09:16
12590,Classic,11,2026-01-19 08:09:16
12590,Masculine,10,2026-01-19 08:09:16
12592,Feminine,1,2026-01-19 08:09:16
12592,Modern,1,2026-01-19 08:09:16
12593,Feminine,24,2026-01-19 08:09:16
12593,Modern,9,2026-01-19 08:09:16
12593,Classic,8,2026-01-19 08:09:16
12593,Masculine,7,2026-01-19 08:09:16
12594,Feminine,41,2026-01-19 08:09:16
12594,Modern,20,2026-01-19 08:09:16
12594,Classic,14,2026-01-19 08:09:16
12594,Masculine,11,2026-01-19 08:09:16
12596,Feminine,1,2026-01-19 08:09:16
12596,Modern,1,2026-01-19 08:09:16
12597,Feminine,28,2026-01-19 08:09:16
12597,Masculine,18,2026-01-19 08:09:16
12597,Classic,13,2026-01-19 08:09:16
12597,Modern,9,2026-01-19 08:09:16
12598,Feminine,48,2026-01-19 08:09:16
12598,Modern,27,2026-01-19 08:09:16
12598,Masculine,23,2026-01-19 08:09:16
12598,Classic,20,2026-01-19 08:09:16
12600,Feminine,2,2026-01-19 08:09:16
12601,Feminine,24,2026-01-19 08:09:16
12601,Masculine,13,2026-01-19 08:09:16
12601,Modern,10,2026-01-19 08:09:16
12601,Classic,7,2026-01-19 08:09:16
12602,Feminine,35,2026-01-19 08:09:16
12602,Masculine,21,2026-01-19 08:09:16
12602,Classic,15,2026-01-19 08:09:16
12602,Modern,15,2026-01-19 08:09:16
12605,Feminine,16,2026-01-19 08:09:16
12605,Classic,9,2026-01-19 08:09:16
12605,Masculine,7,2026-01-19 08:09:16
12605,Modern,5,2026-01-19 08:09:16
12606,Feminine,41,2026-01-19 08:09:16
12606,Masculine,23,2026-01-19 08:09:16
12606,Modern,17,2026-01-19 08:09:16
12606,Classic,15,2026-01-19 08:09:16
12609,Masculine,13,2026-01-19 08:09:16
12609,Feminine,12,2026-01-19 08:09:16
12609,Classic,8,2026-01-19 08:09:16
12609,Modern,5,2026-01-19 08:09:16
12610,Feminine,39,2026-01-19 08:09:16
12610,Classic,19,2026-01-19 08:09:16
12610,Masculine,18,2026-01-19 08:09:16
12610,Modern,16,2026-01-19 08:09:16
12613,Feminine,17,2026-01-19 08:09:16
12613,Modern,12,2026-01-19 08:09:16
12613,Classic,7,2026-01-19 08:09:16
12616,Feminine,1,2026-01-19 08:09:16
12617,Masculine,15,2026-01-19 08:09:16
12617,Feminine,9,2026-01-19 08:09:16
12617,Classic,9,2026-01-19 08:09:16
12617,Modern,5,2026-01-19 08:09:16
12618,Masculine,44,2026-01-19 08:09:16
12618,Feminine,38,2026-01-19 08:09:16
12618,Classic,29,2026-01-19 08:09:16
12618,Modern,19,2026-01-19 08:09:16
12621,Masculine,13,2026-01-19 08:09:16
12621,Feminine,11,2026-01-19 08:09:16
12621,Classic,6,2026-01-19 08:09:16
12621,Modern,4,2026-01-19 08:09:16
12622,Feminine,37,2026-01-19 08:09:16
12622,Masculine,24,2026-01-19 08:09:16
12622,Classic,16,2026-01-19 08:09:16
12622,Modern,14,2026-01-19 08:09:16
12624,Feminine,1,2026-01-19 08:09:16
12624,Classic,1,2026-01-19 08:09:16
12625,Feminine,20,2026-01-19 08:09:16
12625,Classic,17,2026-01-19 08:09:16
12625,Masculine,11,2026-01-19 08:09:16
12625,Modern,7,2026-01-19 08:09:16
12629,Masculine,18,2026-01-19 08:09:16
12629,Feminine,15,2026-01-19 08:09:16
12629,Classic,9,2026-01-19 08:09:16
12629,Modern,6,2026-01-19 08:09:16
12631,Feminine,39,2026-01-19 08:09:16
12631,Masculine,34,2026-01-19 08:09:16
12631,Modern,18,2026-01-19 08:09:16
12631,Classic,14,2026-01-19 08:09:16
12633,Feminine,15,2026-01-19 08:09:16
12633,Masculine,13,2026-01-19 08:09:16
12633,Classic,7,2026-01-19 08:09:16
12633,Modern,7,2026-01-19 08:09:16
12634,Feminine,46,2026-01-19 08:09:16
12634,Classic,17,2026-01-19 08:09:16
12634,Modern,17,2026-01-19 08:09:16
12634,Masculine,16,2026-01-19 08:09:16
12635,Masculine,1013,2026-01-19 08:09:16
12635,Feminine,818,2026-01-19 08:09:16
12635,Modern,531,2026-01-19 08:09:16
12635,Classic,474,2026-01-19 08:09:16
12637,Feminine,15,2026-01-19 08:09:16
12637,Classic,11,2026-01-19 08:09:16
12637,Modern,9,2026-01-19 08:09:16
12638,Feminine,480,2026-01-19 08:09:16
12638,Modern,262,2026-01-19 08:09:16
12638,Classic,95,2026-01-19 08:09:16
12638,Masculine,61,2026-01-19 08:09:16
12639,Feminine,26,2026-01-19 08:09:16
12639,Masculine,25,2026-01-19 08:09:16
12639,Modern,16,2026-01-19 08:09:16
12639,Classic,10,2026-01-19 08:09:16
12641,Feminine,11,2026-01-19 08:09:16
12641,Modern,5,2026-01-19 08:09:16
12641,Masculine,3,2026-01-19 08:09:16
12641,Classic,3,2026-01-19 08:09:16
12642,Feminine,24,2026-01-19 08:09:16
12642,Masculine,13,2026-01-19 08:09:16
12642,Modern,11,2026-01-19 08:09:16
12642,Classic,9,2026-01-19 08:09:16
12644,Masculine,411,2026-01-19 08:09:16
12644,Feminine,217,2026-01-19 08:09:16
12644,Modern,181,2026-01-19 08:09:16
12644,Classic,162,2026-01-19 08:09:16
12645,Feminine,8,2026-01-19 08:09:16
12645,Masculine,3,2026-01-19 08:09:16
12645,Classic,3,2026-01-19 08:09:16
12645,Modern,3,2026-01-19 08:09:16
12646,Feminine,34,2026-01-19 08:09:16
12646,Masculine,23,2026-01-19 08:09:16
12646,Modern,15,2026-01-19 08:09:16
12646,Classic,12,2026-01-19 08:09:16
12647,Modern,1,2026-01-19 08:09:16
12648,Masculine,377,2026-01-19 08:09:16
12648,Classic,154,2026-01-19 08:09:16
12648,Feminine,147,2026-01-19 08:09:16
12648,Modern,145,2026-01-19 08:09:16
12649,Feminine,8,2026-01-19 08:09:16
12649,Masculine,5,2026-01-19 08:09:16
12649,Classic,4,2026-01-19 08:09:16
12649,Modern,3,2026-01-19 08:09:16
12650,Feminine,313,2026-01-19 08:09:16
12650,Masculine,312,2026-01-19 08:09:16
12650,Modern,146,2026-01-19 08:09:16
12650,Classic,145,2026-01-19 08:09:16
12652,Masculine,26,2026-01-19 08:09:16
12652,Classic,15,2026-01-19 08:09:16
12652,Feminine,13,2026-01-19 08:09:16
12652,Modern,10,2026-01-19 08:09:16
12653,Masculine,9,2026-01-19 08:09:16
12653,Feminine,8,2026-01-19 08:09:16
12653,Classic,6,2026-01-19 08:09:16
12653,Modern,5,2026-01-19 08:09:16
12655,Masculine,284,2026-01-19 08:09:16
12655,Classic,132,2026-01-19 08:09:16
12655,Feminine,100,2026-01-19 08:09:16
12655,Modern,90,2026-01-19 08:09:16
12656,Feminine,29,2026-01-19 08:09:16
12656,Masculine,28,2026-01-19 08:09:16
12656,Modern,19,2026-01-19 08:09:16
12656,Classic,15,2026-01-19 08:09:16
12660,Masculine,154,2026-01-19 08:09:16
12660,Feminine,93,2026-01-19 08:09:16
12660,Modern,87,2026-01-19 08:09:16
12660,Classic,62,2026-01-19 08:09:16
12665,Feminine,2,2026-01-19 08:09:16
12665,Modern,2,2026-01-19 08:09:16
12666,Masculine,21,2026-01-19 08:09:16
12666,Modern,16,2026-01-19 08:09:16
12666,Classic,8,2026-01-19 08:09:16
12666,Feminine,6,2026-01-19 08:09:16
12667,Masculine,8,2026-01-19 08:09:16
12667,Feminine,7,2026-01-19 08:09:16
12667,Classic,3,2026-01-19 08:09:16
12667,Modern,3,2026-01-19 08:09:16
12671,Masculine,3,2026-01-19 08:09:16
12671,Classic,3,2026-01-19 08:09:16
12671,Modern,3,2026-01-19 08:09:16
12674,Feminine,17,2026-01-19 08:09:16
12674,Modern,11,2026-01-19 08:09:16
12674,Masculine,9,2026-01-19 08:09:16
12675,Feminine,6,2026-01-19 08:09:16
12675,Masculine,2,2026-01-19 08:09:16
12675,Classic,2,2026-01-19 08:09:16
12675,Modern,2,2026-01-19 08:09:16
12676,Feminine,159,2026-01-19 08:09:16
12676,Modern,106,2026-01-19 08:09:16
12676,Classic,22,2026-01-19 08:09:16
12676,Masculine,16,2026-01-19 08:09:16
12679,Feminine,19,2026-01-19 08:09:16
12679,Masculine,10,2026-01-19 08:09:16
12679,Classic,8,2026-01-19 08:09:16
12679,Modern,4,2026-01-19 08:09:16
12680,Masculine,115,2026-01-19 08:09:16
12680,Modern,78,2026-01-19 08:09:16
12680,Feminine,51,2026-01-19 08:09:16
12680,Classic,30,2026-01-19 08:09:16
12681,Feminine,1,2026-01-19 08:09:16
12681,Modern,1,2026-01-19 08:09:16
12683,Masculine,25,2026-01-19 08:09:16
12683,Feminine,15,2026-01-19 08:09:16
12683,Classic,12,2026-01-19 08:09:16
12683,Modern,10,2026-01-19 08:09:16
12687,Feminine,18,2026-01-19 08:09:16
12687,Modern,15,2026-01-19 08:09:16
12687,Masculine,11,2026-01-19 08:09:16
12687,Classic,8,2026-01-19 08:09:16
12688,Masculine,144,2026-01-19 08:09:16
12688,Feminine,110,2026-01-19 08:09:16
12688,Classic,63,2026-01-19 08:09:16
12688,Modern,48,2026-01-19 08:09:16
12691,Masculine,12,2026-01-19 08:09:16
12691,Feminine,12,2026-01-19 08:09:16
12691,Classic,7,2026-01-19 08:09:16
12691,Modern,7,2026-01-19 08:09:16
12692,Masculine,68,2026-01-19 08:09:16
12692,Modern,55,2026-01-19 08:09:16
12692,Feminine,42,2026-01-19 08:09:16
12692,Classic,10,2026-01-19 08:09:16
12696,Masculine,85,2026-01-19 08:09:16
12696,Feminine,46,2026-01-19 08:09:16
12696,Modern,33,2026-01-19 08:09:16
12696,Classic,28,2026-01-19 08:09:16
12698,Feminine,16,2026-01-19 08:09:16
12698,Masculine,7,2026-01-19 08:09:16
12698,Classic,6,2026-01-19 08:09:16
12698,Modern,6,2026-01-19 08:09:16
12700,Feminine,95,2026-01-19 08:09:16
12700,Masculine,79,2026-01-19 08:09:16
12700,Modern,47,2026-01-19 08:09:16
12700,Classic,37,2026-01-19 08:09:16
12704,Masculine,92,2026-01-19 08:09:16
12704,Modern,46,2026-01-19 08:09:16
12704,Feminine,37,2026-01-19 08:09:16
12704,Classic,28,2026-01-19 08:09:16
12707,Masculine,16,2026-01-19 08:09:16
12707,Feminine,11,2026-01-19 08:09:16
12707,Classic,7,2026-01-19 08:09:16
12707,Modern,7,2026-01-19 08:09:16
12711,Feminine,15,2026-01-19 08:09:16
12711,Masculine,9,2026-01-19 08:09:16
12711,Modern,7,2026-01-19 08:09:16
12711,Classic,5,2026-01-19 08:09:16
12712,Masculine,113,2026-01-19 08:09:16
12712,Feminine,64,2026-01-19 08:09:16
12712,Classic,50,2026-01-19 08:09:16
12712,Modern,40,2026-01-19 08:09:16
12719,Masculine,15,2026-01-19 08:09:16
12719,Feminine,14,2026-01-19 08:09:16
12719,Classic,5,2026-01-19 08:09:16
12719,Modern,5,2026-01-19 08:09:16
12720,Masculine,77,2026-01-19 08:09:16
12720,Classic,45,2026-01-19 08:09:16
12720,Modern,22,2026-01-19 08:09:16
12720,Feminine,16,2026-01-19 08:09:16
12722,Masculine,13,2026-01-19 08:09:16
12722,Feminine,12,2026-01-19 08:09:16
12722,Classic,8,2026-01-19 08:09:16
12722,Modern,3,2026-01-19 08:09:16
12724,Feminine,81,2026-01-19 08:09:16
12724,Classic,34,2026-01-19 08:09:16
12724,Modern,26,2026-01-19 08:09:16
12725,Feminine,1,2026-01-19 08:09:16
12725,Modern,1,2026-01-19 08:09:16
12728,Feminine,79,2026-01-19 08:09:16
12728,Masculine,71,2026-01-19 08:09:16
12728,Modern,38,2026-01-19 08:09:16
12728,Classic,29,2026-01-19 08:09:16
12730,Masculine,7,2026-01-19 08:09:16
12730,Feminine,5,2026-01-19 08:09:16
12730,Classic,4,2026-01-19 08:09:16
12730,Modern,2,2026-01-19 08:09:16
12732,Feminine,85,2026-01-19 08:09:16
12732,Masculine,66,2026-01-19 08:09:16
12732,Classic,40,2026-01-19 08:09:16
12732,Modern,34,2026-01-19 08:09:16
12734,Feminine,10,2026-01-19 08:09:16
12734,Masculine,6,2026-01-19 08:09:16
12734,Classic,5,2026-01-19 08:09:16
12734,Modern,5,2026-01-19 08:09:16
12736,Masculine,57,2026-01-19 08:09:16
12736,Modern,31,2026-01-19 08:09:16
12736,Feminine,20,2026-01-19 08:09:16
12736,Classic,15,2026-01-19 08:09:16
12738,Masculine,10,2026-01-19 08:09:16
12738,Feminine,5,2026-01-19 08:09:16
12738,Classic,4,2026-01-19 08:09:16
12740,Masculine,86,2026-01-19 08:09:16
12740,Feminine,64,2026-01-19 08:09:16
12740,Classic,42,2026-01-19 08:09:16
12740,Modern,33,2026-01-19 08:09:16
12744,Masculine,84,2026-01-19 08:09:16
12744,Feminine,69,2026-01-19 08:09:16
12744,Classic,34,2026-01-19 08:09:16
12744,Modern,31,2026-01-19 08:09:16
12747,Feminine,8,2026-01-19 08:09:16
12747,Modern,7,2026-01-19 08:09:16
12747,Classic,4,2026-01-19 08:09:16
12747,Masculine,3,2026-01-19 08:09:16
12748,Masculine,1,2026-01-19 08:09:16
12748,Feminine,1,2026-01-19 08:09:16
12748,Modern,1,2026-01-19 08:09:16
12749,Masculine,70,2026-01-19 08:09:16
12749,Classic,34,2026-01-19 08:09:16
12749,Feminine,32,2026-01-19 08:09:16
12749,Modern,24,2026-01-19 08:09:16
12750,Feminine,8,2026-01-19 08:09:16
12750,Modern,5,2026-01-19 08:09:16
12750,Masculine,2,2026-01-19 08:09:16
12752,Masculine,635,2026-01-19 08:09:16
12752,Modern,388,2026-01-19 08:09:16
12752,Classic,268,2026-01-19 08:09:16
12752,Feminine,91,2026-01-19 08:09:16
12753,Feminine,95,2026-01-19 08:09:16
12753,Masculine,47,2026-01-19 08:09:16
12753,Modern,39,2026-01-19 08:09:16
12753,Classic,34,2026-01-19 08:09:16
12754,Masculine,17,2026-01-19 08:09:16
12754,Classic,10,2026-01-19 08:09:16
12754,Feminine,5,2026-01-19 08:09:16
12754,Modern,4,2026-01-19 08:09:16
12756,Masculine,414,2026-01-19 08:09:16
12756,Feminine,237,2026-01-19 08:09:16
12756,Classic,227,2026-01-19 08:09:16
12756,Modern,163,2026-01-19 08:09:16
12757,Masculine,58,2026-01-19 08:09:16
12757,Classic,23,2026-01-19 08:09:16
12757,Feminine,20,2026-01-19 08:09:16
12757,Modern,13,2026-01-19 08:09:16
12758,Masculine,11,2026-01-19 08:09:16
12758,Feminine,9,2026-01-19 08:09:16
12758,Classic,5,2026-01-19 08:09:16
12758,Modern,3,2026-01-19 08:09:16
12760,Masculine,51,2026-01-19 08:09:16
12760,Feminine,30,2026-01-19 08:09:16
12760,Modern,24,2026-01-19 08:09:16
12760,Classic,22,2026-01-19 08:09:16
12761,Masculine,368,2026-01-19 08:09:16
12761,Feminine,281,2026-01-19 08:09:16
12761,Classic,242,2026-01-19 08:09:16
12761,Modern,99,2026-01-19 08:09:16
12762,Masculine,2,2026-01-19 08:09:16
12764,Feminine,76,2026-01-19 08:09:16
12764,Modern,38,2026-01-19 08:09:16
12764,Classic,23,2026-01-19 08:09:16
12764,Masculine,7,2026-01-19 08:09:16
12765,Masculine,319,2026-01-19 08:09:16
12765,Classic,162,2026-01-19 08:09:16
12765,Modern,144,2026-01-19 08:09:16
12765,Feminine,72,2026-01-19 08:09:16
12766,Masculine,12,2026-01-19 08:09:16
12766,Feminine,8,2026-01-19 08:09:16
12766,Modern,5,2026-01-19 08:09:16
12766,Classic,4,2026-01-19 08:09:16
12767,Feminine,1,2026-01-19 08:09:16
12767,Modern,1,2026-01-19 08:09:16
12768,Feminine,58,2026-01-19 08:09:16
12768,Modern,33,2026-01-19 08:09:16
12768,Classic,18,2026-01-19 08:09:16
12768,Masculine,7,2026-01-19 08:09:16
12769,Masculine,322,2026-01-19 08:09:16
12769,Classic,160,2026-01-19 08:09:16
12769,Modern,156,2026-01-19 08:09:16
12769,Feminine,48,2026-01-19 08:09:16
12770,Feminine,8,2026-01-19 08:09:16
12770,Masculine,5,2026-01-19 08:09:16
12770,Classic,2,2026-01-19 08:09:16
12772,Masculine,69,2026-01-19 08:09:16
12772,Feminine,45,2026-01-19 08:09:16
12772,Classic,33,2026-01-19 08:09:16
12772,Modern,27,2026-01-19 08:09:16
12773,Masculine,342,2026-01-19 08:09:16
12773,Modern,202,2026-01-19 08:09:16
12773,Feminine,184,2026-01-19 08:09:16
12773,Classic,129,2026-01-19 08:09:16
12774,Feminine,4,2026-01-19 08:09:16
12774,Modern,4,2026-01-19 08:09:16
12774,Masculine,3,2026-01-19 08:09:16
12776,Feminine,73,2026-01-19 08:09:16
12776,Modern,35,2026-01-19 08:09:16
12776,Classic,25,2026-01-19 08:09:16
12776,Masculine,21,2026-01-19 08:09:16
12777,Masculine,300,2026-01-19 08:09:16
12777,Classic,173,2026-01-19 08:09:16
12777,Modern,128,2026-01-19 08:09:16
12777,Feminine,64,2026-01-19 08:09:16
12778,Feminine,8,2026-01-19 08:09:16
12778,Classic,6,2026-01-19 08:09:16
12778,Modern,6,2026-01-19 08:09:16
12778,Masculine,3,2026-01-19 08:09:16
12779,Feminine,1,2026-01-19 08:09:16
12779,Modern,1,2026-01-19 08:09:16
12780,Feminine,52,2026-01-19 08:09:16
12780,Modern,27,2026-01-19 08:09:16
12780,Classic,18,2026-01-19 08:09:16
12780,Masculine,10,2026-01-19 08:09:16
12781,Masculine,237,2026-01-19 08:09:16
12781,Classic,136,2026-01-19 08:09:16
12781,Modern,66,2026-01-19 08:09:16
12781,Feminine,57,2026-01-19 08:09:16
12782,Masculine,6,2026-01-19 08:09:16
12782,Feminine,5,2026-01-19 08:09:16
12782,Modern,3,2026-01-19 08:09:16
12782,Classic,1,2026-01-19 08:09:16
12784,Masculine,58,2026-01-19 08:09:16
12784,Classic,31,2026-01-19 08:09:16
12784,Feminine,24,2026-01-19 08:09:16
12784,Modern,19,2026-01-19 08:09:16
12785,Masculine,245,2026-01-19 08:09:16
12785,Classic,197,2026-01-19 08:09:16
12785,Feminine,138,2026-01-19 08:09:16
12785,Modern,31,2026-01-19 08:09:16
12786,Masculine,13,2026-01-19 08:09:16
12786,Feminine,11,2026-01-19 08:09:16
12786,Classic,4,2026-01-19 08:09:16
12786,Modern,4,2026-01-19 08:09:16
12789,Masculine,154,2026-01-19 08:09:16
12789,Classic,83,2026-01-19 08:09:16
12789,Feminine,57,2026-01-19 08:09:16
12789,Modern,44,2026-01-19 08:09:16
12790,Masculine,10,2026-01-19 08:09:16
12790,Feminine,6,2026-01-19 08:09:16
12790,Modern,4,2026-01-19 08:09:16
12790,Classic,3,2026-01-19 08:09:16
12792,Masculine,47,2026-01-19 08:09:16
12792,Modern,38,2026-01-19 08:09:16
12792,Feminine,13,2026-01-19 08:09:16
12792,Classic,8,2026-01-19 08:09:16
12793,Masculine,195,2026-01-19 08:09:16
12793,Feminine,119,2026-01-19 08:09:16
12793,Classic,97,2026-01-19 08:09:16
12793,Modern,89,2026-01-19 08:09:16
12794,Masculine,4,2026-01-19 08:09:16
12794,Feminine,3,2026-01-19 08:09:16
12794,Modern,2,2026-01-19 08:09:16
12794,Classic,1,2026-01-19 08:09:16
12796,Masculine,150,2026-01-19 08:09:16
12796,Feminine,145,2026-01-19 08:09:16
12796,Classic,86,2026-01-19 08:09:16
12796,Modern,66,2026-01-19 08:09:16
12798,Masculine,6,2026-01-19 08:09:16
12798,Classic,4,2026-01-19 08:09:16
12798,Modern,3,2026-01-19 08:09:16
12799,Masculine,153,2026-01-19 08:09:16
12799,Modern,72,2026-01-19 08:09:16
12799,Classic,70,2026-01-19 08:09:16
12799,Feminine,20,2026-01-19 08:09:16
12800,Masculine,168,2026-01-19 08:09:16
12800,Classic,113,2026-01-19 08:09:16
12800,Modern,51,2026-01-19 08:09:16
12802,Masculine,1087,2026-01-19 08:09:16
12802,Modern,637,2026-01-19 08:09:16
12802,Classic,379,2026-01-19 08:09:16
12802,Feminine,105,2026-01-19 08:09:16
12803,Masculine,112,2026-01-19 08:09:16
12803,Classic,53,2026-01-19 08:09:16
12803,Modern,43,2026-01-19 08:09:16
12803,Feminine,19,2026-01-19 08:09:16
12804,Masculine,128,2026-01-19 08:09:16
12804,Classic,76,2026-01-19 08:09:16
12804,Modern,42,2026-01-19 08:09:16
12804,Feminine,21,2026-01-19 08:09:16
12806,Masculine,742,2026-01-19 08:09:16
12806,Modern,640,2026-01-19 08:09:16
12806,Classic,151,2026-01-19 08:09:16
12807,Masculine,112,2026-01-19 08:09:16
12807,Classic,74,2026-01-19 08:09:16
12807,Modern,18,2026-01-19 08:09:16
12807,Feminine,11,2026-01-19 08:09:16
12808,Masculine,111,2026-01-19 08:09:16
12808,Modern,65,2026-01-19 08:09:16
12808,Classic,52,2026-01-19 08:09:16
12808,Feminine,18,2026-01-19 08:09:16
12810,Masculine,458,2026-01-19 08:09:16
12810,Modern,318,2026-01-19 08:09:16
12810,Classic,154,2026-01-19 08:09:16
12811,Masculine,96,2026-01-19 08:09:16
12811,Classic,56,2026-01-19 08:09:16
12811,Modern,14,2026-01-19 08:09:16
12811,Feminine,8,2026-01-19 08:09:16
12812,Masculine,126,2026-01-19 08:09:16
12812,Feminine,86,2026-01-19 08:09:16
12812,Classic,81,2026-01-19 08:09:16
12812,Modern,33,2026-01-19 08:09:16
12814,Feminine,591,2026-01-19 08:09:16
12814,Modern,324,2026-01-19 08:09:16
12814,Classic,174,2026-01-19 08:09:16
12815,Masculine,85,2026-01-19 08:09:16
12815,Modern,55,2026-01-19 08:09:16
12815,Classic,39,2026-01-19 08:09:16
12815,Feminine,8,2026-01-19 08:09:16
12816,Masculine,102,2026-01-19 08:09:16
12816,Feminine,62,2026-01-19 08:09:16
12816,Classic,59,2026-01-19 08:09:16
12816,Modern,26,2026-01-19 08:09:16
12818,Masculine,79,2026-01-19 08:09:16
12818,Classic,33,2026-01-19 08:09:16
12818,Modern,30,2026-01-19 08:09:16
12818,Feminine,14,2026-01-19 08:09:16
12819,Feminine,558,2026-01-19 08:09:16
12819,Modern,274,2026-01-19 08:09:16
12819,Classic,214,2026-01-19 08:09:16
12819,Masculine,79,2026-01-19 08:09:16
12820,Masculine,97,2026-01-19 08:09:16
12820,Classic,45,2026-01-19 08:09:16
12820,Feminine,44,2026-01-19 08:09:16
12820,Modern,24,2026-01-19 08:09:16
12822,Masculine,66,2026-01-19 08:09:16
12822,Modern,40,2026-01-19 08:09:16
12822,Classic,34,2026-01-19 08:09:16
12822,Feminine,15,2026-01-19 08:09:16
12823,Feminine,342,2026-01-19 08:09:16
12823,Masculine,330,2026-01-19 08:09:16
12823,Modern,180,2026-01-19 08:09:16
12823,Classic,166,2026-01-19 08:09:16
12824,Feminine,127,2026-01-19 08:09:16
12824,Masculine,67,2026-01-19 08:09:16
12824,Classic,67,2026-01-19 08:09:16
12824,Modern,45,2026-01-19 08:09:16
12826,Masculine,66,2026-01-19 08:09:16
12826,Feminine,31,2026-01-19 08:09:16
12826,Classic,27,2026-01-19 08:09:16
12826,Modern,25,2026-01-19 08:09:16
12827,Masculine,349,2026-01-19 08:09:16
12827,Modern,303,2026-01-19 08:09:16
12827,Classic,79,2026-01-19 08:09:16
12827,Feminine,71,2026-01-19 08:09:16
12828,Masculine,113,2026-01-19 08:09:16
12828,Classic,68,2026-01-19 08:09:16
12828,Feminine,23,2026-01-19 08:09:16
12828,Modern,22,2026-01-19 08:09:16
12830,Masculine,59,2026-01-19 08:09:16
12830,Classic,24,2026-01-19 08:09:16
12830,Modern,21,2026-01-19 08:09:16
12830,Feminine,10,2026-01-19 08:09:16
12831,Masculine,367,2026-01-19 08:09:16
12831,Modern,217,2026-01-19 08:09:16
12831,Classic,121,2026-01-19 08:09:16
12831,Feminine,41,2026-01-19 08:09:16
12832,Masculine,107,2026-01-19 08:09:16
12832,Classic,74,2026-01-19 08:09:16
12832,Modern,21,2026-01-19 08:09:16
12832,Feminine,18,2026-01-19 08:09:16
12834,Feminine,48,2026-01-19 08:09:16
12834,Masculine,36,2026-01-19 08:09:16
12834,Modern,35,2026-01-19 08:09:16
12834,Classic,14,2026-01-19 08:09:16
12835,Masculine,327,2026-01-19 08:09:16
12835,Classic,166,2026-01-19 08:09:16
12835,Modern,124,2026-01-19 08:09:16
12835,Feminine,114,2026-01-19 08:09:16
12836,Masculine,95,2026-01-19 08:09:16
12836,Feminine,61,2026-01-19 08:09:16
12836,Classic,58,2026-01-19 08:09:16
12836,Modern,23,2026-01-19 08:09:16
12837,Feminine,1,2026-01-19 08:09:16
12837,Modern,1,2026-01-19 08:09:16
12838,Feminine,53,2026-01-19 08:09:16
12838,Modern,33,2026-01-19 08:09:16
12838,Classic,13,2026-01-19 08:09:16
12839,Masculine,372,2026-01-19 08:09:16
12839,Classic,241,2026-01-19 08:09:16
12839,Modern,69,2026-01-19 08:09:16
12839,Feminine,34,2026-01-19 08:09:16
12842,Masculine,33,2026-01-19 08:09:16
12842,Modern,20,2026-01-19 08:09:16
12842,Classic,16,2026-01-19 08:09:16
12842,Feminine,4,2026-01-19 08:09:16
12843,Feminine,339,2026-01-19 08:09:16
12843,Modern,175,2026-01-19 08:09:16
12843,Classic,130,2026-01-19 08:09:16
12843,Masculine,46,2026-01-19 08:09:16
12844,Masculine,91,2026-01-19 08:09:16
12844,Classic,45,2026-01-19 08:09:16
12844,Modern,24,2026-01-19 08:09:16
12844,Feminine,21,2026-01-19 08:09:16
12846,Feminine,56,2026-01-19 08:09:16
12846,Modern,25,2026-01-19 08:09:16
12846,Classic,16,2026-01-19 08:09:16
12846,Masculine,6,2026-01-19 08:09:16
12847,Feminine,399,2026-01-19 08:09:16
12847,Classic,181,2026-01-19 08:09:16
12847,Modern,132,2026-01-19 08:09:16
12849,Masculine,82,2026-01-19 08:09:16
12849,Feminine,71,2026-01-19 08:09:16
12849,Classic,52,2026-01-19 08:09:16
12849,Modern,29,2026-01-19 08:09:16
12850,Feminine,37,2026-01-19 08:09:16
12850,Modern,21,2026-01-19 08:09:16
12850,Classic,15,2026-01-19 08:09:16
12850,Masculine,7,2026-01-19 08:09:16
12851,Masculine,310,2026-01-19 08:09:16
12851,Classic,175,2026-01-19 08:09:16
12851,Modern,88,2026-01-19 08:09:16
12851,Feminine,67,2026-01-19 08:09:16
12852,Feminine,1,2026-01-19 08:09:16
12852,Modern,1,2026-01-19 08:09:16
12853,Masculine,83,2026-01-19 08:09:16
12853,Feminine,47,2026-01-19 08:09:16
12853,Classic,44,2026-01-19 08:09:16
12853,Modern,29,2026-01-19 08:09:16
12854,Feminine,49,2026-01-19 08:09:16
12854,Modern,28,2026-01-19 08:09:16
12854,Classic,18,2026-01-19 08:09:16
12854,Masculine,5,2026-01-19 08:09:16
12855,Masculine,194,2026-01-19 08:09:16
12855,Modern,111,2026-01-19 08:09:16
12855,Classic,65,2026-01-19 08:09:16
12855,Feminine,19,2026-01-19 08:09:16
12857,Masculine,86,2026-01-19 08:09:16
12857,Feminine,83,2026-01-19 08:09:16
12857,Classic,69,2026-01-19 08:09:16
12857,Modern,17,2026-01-19 08:09:16
12858,Feminine,43,2026-01-19 08:09:16
12858,Masculine,29,2026-01-19 08:09:16
12858,Classic,23,2026-01-19 08:09:16
12858,Modern,14,2026-01-19 08:09:16
12859,Masculine,251,2026-01-19 08:09:16
12859,Classic,161,2026-01-19 08:09:16
12859,Modern,65,2026-01-19 08:09:16
12859,Feminine,47,2026-01-19 08:09:16
12861,Feminine,101,2026-01-19 08:09:16
12861,Classic,62,2026-01-19 08:09:16
12861,Masculine,50,2026-01-19 08:09:16
12861,Modern,36,2026-01-19 08:09:16
12862,Feminine,30,2026-01-19 08:09:16
12862,Modern,23,2026-01-19 08:09:16
12862,Masculine,18,2026-01-19 08:09:16
12862,Classic,7,2026-01-19 08:09:16
12863,Feminine,1,2026-01-19 08:09:16
12863,Modern,1,2026-01-19 08:09:16
12864,Masculine,145,2026-01-19 08:09:16
12864,Modern,121,2026-01-19 08:09:16
12864,Classic,34,2026-01-19 08:09:16
12868,Feminine,226,2026-01-19 08:09:16
12868,Modern,132,2026-01-19 08:09:16
12868,Classic,93,2026-01-19 08:09:16
12868,Masculine,35,2026-01-19 08:09:16
12869,Masculine,82,2026-01-19 08:09:16
12869,Classic,69,2026-01-19 08:09:16
12869,Feminine,65,2026-01-19 08:09:16
12869,Modern,20,2026-01-19 08:09:16
12870,Masculine,30,2026-01-19 08:09:16
12870,Modern,10,2026-01-19 08:09:16
12870,Classic,8,2026-01-19 08:09:16
12870,Feminine,5,2026-01-19 08:09:16
12872,Masculine,196,2026-01-19 08:09:16
12872,Classic,113,2026-01-19 08:09:16
12872,Feminine,53,2026-01-19 08:09:16
12872,Modern,47,2026-01-19 08:09:16
12873,Masculine,73,2026-01-19 08:09:16
12873,Feminine,69,2026-01-19 08:09:16
12873,Classic,46,2026-01-19 08:09:16
12873,Modern,21,2026-01-19 08:09:16
12874,Feminine,30,2026-01-19 08:09:16
12874,Classic,17,2026-01-19 08:09:16
12874,Modern,10,2026-01-19 08:09:16
12874,Masculine,7,2026-01-19 08:09:16
12876,Feminine,200,2026-01-19 08:09:16
12876,Modern,92,2026-01-19 08:09:16
12876,Classic,64,2026-01-19 08:09:16
12876,Masculine,22,2026-01-19 08:09:16
12879,Feminine,47,2026-01-19 08:09:16
12879,Modern,21,2026-01-19 08:09:16
12879,Masculine,8,2026-01-19 08:09:16
12879,Classic,6,2026-01-19 08:09:16
12884,Masculine,113,2026-01-19 08:09:16
12884,Modern,87,2026-01-19 08:09:16
12884,Feminine,23,2026-01-19 08:09:16
12884,Classic,12,2026-01-19 08:09:16
12885,Feminine,76,2026-01-19 08:09:16
12885,Classic,30,2026-01-19 08:09:16
12885,Masculine,29,2026-01-19 08:09:16
12885,Modern,25,2026-01-19 08:09:16
12886,Feminine,61,2026-01-19 08:09:16
12886,Modern,24,2026-01-19 08:09:16
12886,Masculine,23,2026-01-19 08:09:16
12886,Classic,21,2026-01-19 08:09:16
12888,Feminine,207,2026-01-19 08:09:16
12888,Modern,80,2026-01-19 08:09:16
12888,Classic,68,2026-01-19 08:09:16
12890,Feminine,68,2026-01-19 08:09:16
12890,Modern,25,2026-01-19 08:09:16
12890,Classic,22,2026-01-19 08:09:16
12890,Masculine,18,2026-01-19 08:09:16
12892,Feminine,160,2026-01-19 08:09:16
12892,Modern,87,2026-01-19 08:09:16
12892,Classic,41,2026-01-19 08:09:16
12893,Masculine,52,2026-01-19 08:09:16
12893,Classic,31,2026-01-19 08:09:16
12893,Modern,6,2026-01-19 08:09:16
12893,Feminine,5,2026-01-19 08:09:16
12894,Masculine,40,2026-01-19 08:09:16
12894,Feminine,25,2026-01-19 08:09:16
12894,Classic,19,2026-01-19 08:09:16
12894,Modern,15,2026-01-19 08:09:16
12896,Feminine,192,2026-01-19 08:09:16
12896,Modern,87,2026-01-19 08:09:16
12896,Classic,66,2026-01-19 08:09:16
12897,Masculine,65,2026-01-19 08:09:16
12897,Classic,42,2026-01-19 08:09:16
12897,Modern,14,2026-01-19 08:09:16
12898,Feminine,1,2026-01-19 08:09:16
12898,Modern,1,2026-01-19 08:09:16
12899,Feminine,61,2026-01-19 08:09:16
12899,Modern,32,2026-01-19 08:09:16
12899,Classic,21,2026-01-19 08:09:16
12899,Masculine,20,2026-01-19 08:09:16
12900,Feminine,189,2026-01-19 08:09:16
12900,Classic,123,2026-01-19 08:09:16
12900,Masculine,54,2026-01-19 08:09:16
12900,Modern,31,2026-01-19 08:09:16
12901,Masculine,38,2026-01-19 08:09:16
12901,Classic,24,2026-01-19 08:09:16
12901,Feminine,6,2026-01-19 08:09:16
12901,Modern,5,2026-01-19 08:09:16
12902,Feminine,1,2026-01-19 08:09:16
12903,Feminine,43,2026-01-19 08:09:16
12903,Masculine,32,2026-01-19 08:09:16
12903,Modern,24,2026-01-19 08:09:16
12903,Classic,13,2026-01-19 08:09:16
12904,Masculine,118,2026-01-19 08:09:16
12904,Modern,59,2026-01-19 08:09:16
12904,Classic,46,2026-01-19 08:09:16
12905,Masculine,76,2026-01-19 08:09:16
12905,Feminine,45,2026-01-19 08:09:16
12905,Classic,33,2026-01-19 08:09:16
12905,Modern,18,2026-01-19 08:09:16
12906,Modern,1,2026-01-19 08:09:16
12907,Feminine,49,2026-01-19 08:09:16
12907,Masculine,26,2026-01-19 08:09:16
12907,Modern,26,2026-01-19 08:09:16
12907,Classic,18,2026-01-19 08:09:16
12908,Feminine,160,2026-01-19 08:09:16
12908,Modern,115,2026-01-19 08:09:16
12908,Classic,32,2026-01-19 08:09:16
12909,Masculine,82,2026-01-19 08:09:16
12909,Classic,48,2026-01-19 08:09:16
12909,Feminine,47,2026-01-19 08:09:16
12909,Modern,18,2026-01-19 08:09:16
12911,Masculine,47,2026-01-19 08:09:16
12911,Feminine,23,2026-01-19 08:09:16
12911,Classic,22,2026-01-19 08:09:16
12911,Modern,11,2026-01-19 08:09:16
12912,Masculine,110,2026-01-19 08:09:16
12912,Modern,95,2026-01-19 08:09:16
12912,Classic,18,2026-01-19 08:09:16
12912,Feminine,16,2026-01-19 08:09:16
12913,Masculine,63,2026-01-19 08:09:16
12913,Feminine,53,2026-01-19 08:09:16
12913,Classic,32,2026-01-19 08:09:16
12913,Modern,15,2026-01-19 08:09:16
12915,Feminine,40,2026-01-19 08:09:16
12915,Modern,26,2026-01-19 08:09:16
12915,Classic,11,2026-01-19 08:09:16
12915,Masculine,5,2026-01-19 08:09:16
12918,Feminine,1,2026-01-19 08:09:16
12920,Masculine,125,2026-01-19 08:09:16
12920,Modern,77,2026-01-19 08:09:16
12920,Classic,50,2026-01-19 08:09:16
12920,Feminine,25,2026-01-19 08:09:16
12921,Feminine,73,2026-01-19 08:09:16
12921,Modern,35,2026-01-19 08:09:16
12921,Classic,15,2026-01-19 08:09:16
12923,Masculine,38,2026-01-19 08:09:16
12923,Classic,17,2026-01-19 08:09:16
12923,Feminine,15,2026-01-19 08:09:16
12923,Modern,14,2026-01-19 08:09:16
12924,Feminine,173,2026-01-19 08:09:16
12924,Classic,93,2026-01-19 08:09:16
12924,Modern,59,2026-01-19 08:09:16
12924,Masculine,19,2026-01-19 08:09:16
12925,Feminine,84,2026-01-19 08:09:16
12925,Classic,42,2026-01-19 08:09:16
12925,Masculine,18,2026-01-19 08:09:16
12925,Modern,18,2026-01-19 08:09:16
12927,Masculine,38,2026-01-19 08:09:16
12927,Feminine,22,2026-01-19 08:09:16
12927,Classic,14,2026-01-19 08:09:16
12927,Modern,10,2026-01-19 08:09:16
12928,Masculine,131,2026-01-19 08:09:16
12928,Classic,66,2026-01-19 08:09:16
12928,Modern,38,2026-01-19 08:09:16
12928,Feminine,30,2026-01-19 08:09:16
12929,Feminine,75,2026-01-19 08:09:16
12929,Classic,50,2026-01-19 08:09:16
12929,Modern,21,2026-01-19 08:09:16
12929,Masculine,20,2026-01-19 08:09:16
12930,Feminine,1,2026-01-19 08:09:16
12930,Classic,1,2026-01-19 08:09:16
12930,Modern,1,2026-01-19 08:09:16
12931,Feminine,46,2026-01-19 08:09:16
12931,Masculine,34,2026-01-19 08:09:16
12931,Modern,24,2026-01-19 08:09:16
12931,Classic,13,2026-01-19 08:09:16
12932,Masculine,122,2026-01-19 08:09:16
12932,Classic,82,2026-01-19 08:09:16
12932,Modern,26,2026-01-19 08:09:16
12932,Feminine,13,2026-01-19 08:09:16
12933,Masculine,63,2026-01-19 08:09:16
12933,Classic,50,2026-01-19 08:09:16
12933,Feminine,21,2026-01-19 08:09:16
12933,Modern,13,2026-01-19 08:09:16
12934,Feminine,1,2026-01-19 08:09:16
12934,Classic,1,2026-01-19 08:09:16
12935,Feminine,37,2026-01-19 08:09:16
12935,Masculine,23,2026-01-19 08:09:16
12935,Modern,18,2026-01-19 08:09:16
12935,Classic,13,2026-01-19 08:09:16
12936,Masculine,76,2026-01-19 08:09:16
12936,Modern,49,2026-01-19 08:09:16
12936,Classic,16,2026-01-19 08:09:16
12936,Feminine,8,2026-01-19 08:09:16
12937,Masculine,62,2026-01-19 08:09:16
12937,Feminine,62,2026-01-19 08:09:16
12937,Classic,34,2026-01-19 08:09:16
12937,Modern,24,2026-01-19 08:09:16
12939,Masculine,27,2026-01-19 08:09:16
12939,Feminine,16,2026-01-19 08:09:16
12939,Classic,14,2026-01-19 08:09:16
12939,Modern,10,2026-01-19 08:09:16
12940,Masculine,86,2026-01-19 08:09:16
12940,Modern,49,2026-01-19 08:09:16
12940,Classic,30,2026-01-19 08:09:16
12940,Feminine,22,2026-01-19 08:09:16
12941,Masculine,68,2026-01-19 08:09:16
12941,Classic,41,2026-01-19 08:09:16
12941,Modern,14,2026-01-19 08:09:16
12941,Feminine,8,2026-01-19 08:09:16
12942,Feminine,1,2026-01-19 08:09:16
12942,Modern,1,2026-01-19 08:09:16
12943,Feminine,33,2026-01-19 08:09:16
12943,Masculine,27,2026-01-19 08:09:16
12943,Classic,17,2026-01-19 08:09:16
12943,Modern,14,2026-01-19 08:09:16
12944,Feminine,129,2026-01-19 08:09:16
12944,Modern,53,2026-01-19 08:09:16
12944,Classic,43,2026-01-19 08:09:16
12945,Feminine,62,2026-01-19 08:09:16
12945,Classic,27,2026-01-19 08:09:16
12945,Modern,20,2026-01-19 08:09:16
12945,Masculine,6,2026-01-19 08:09:16
12947,Masculine,31,2026-01-19 08:09:16
12947,Modern,20,2026-01-19 08:09:16
12947,Feminine,19,2026-01-19 08:09:16
12947,Classic,14,2026-01-19 08:09:16
12948,Masculine,81,2026-01-19 08:09:16
12948,Modern,54,2026-01-19 08:09:16
12948,Classic,25,2026-01-19 08:09:16
12948,Feminine,7,2026-01-19 08:09:16
12949,Masculine,25,2026-01-19 08:09:16
12949,Modern,14,2026-01-19 08:09:16
12949,Classic,6,2026-01-19 08:09:16
12949,Feminine,5,2026-01-19 08:09:16
12951,Feminine,28,2026-01-19 08:09:16
12951,Modern,19,2026-01-19 08:09:16
12951,Masculine,12,2026-01-19 08:09:16
12951,Classic,8,2026-01-19 08:09:16
12952,Feminine,98,2026-01-19 08:09:16
12952,Masculine,57,2026-01-19 08:09:16
12952,Modern,50,2026-01-19 08:09:16
12952,Classic,37,2026-01-19 08:09:16
12953,Masculine,55,2026-01-19 08:09:16
12953,Classic,32,2026-01-19 08:09:16
12953,Feminine,10,2026-01-19 08:09:16
12953,Modern,10,2026-01-19 08:09:16
12955,Feminine,21,2026-01-19 08:09:16
12955,Modern,11,2026-01-19 08:09:16
12955,Classic,6,2026-01-19 08:09:16
12956,Feminine,137,2026-01-19 08:09:16
12956,Modern,75,2026-01-19 08:09:16
12956,Classic,36,2026-01-19 08:09:16
12957,Feminine,74,2026-01-19 08:09:16
12957,Classic,27,2026-01-19 08:09:16
12957,Masculine,19,2026-01-19 08:09:16
12957,Modern,16,2026-01-19 08:09:16
12958,Feminine,1,2026-01-19 08:09:16
12959,Masculine,24,2026-01-19 08:09:16
12959,Feminine,13,2026-01-19 08:09:16
12959,Classic,11,2026-01-19 08:09:16
12959,Modern,11,2026-01-19 08:09:16
12960,Feminine,126,2026-01-19 08:09:16
12960,Modern,48,2026-01-19 08:09:16
12960,Classic,42,2026-01-19 08:09:16
12960,Masculine,16,2026-01-19 08:09:16
12962,Masculine,49,2026-01-19 08:09:16
12962,Feminine,27,2026-01-19 08:09:16
12962,Classic,27,2026-01-19 08:09:16
12962,Modern,13,2026-01-19 08:09:16
12963,Feminine,35,2026-01-19 08:09:16
12963,Classic,18,2026-01-19 08:09:16
12963,Masculine,12,2026-01-19 08:09:16
12963,Modern,11,2026-01-19 08:09:16
12964,Masculine,4,2026-01-19 08:09:16
12964,Feminine,3,2026-01-19 08:09:16
12964,Classic,2,2026-01-19 08:09:16
12964,Modern,1,2026-01-19 08:09:16
12966,Feminine,71,2026-01-19 08:09:16
12966,Classic,39,2026-01-19 08:09:16
12966,Masculine,26,2026-01-19 08:09:16
12966,Modern,9,2026-01-19 08:09:16
12967,Feminine,27,2026-01-19 08:09:16
12967,Modern,12,2026-01-19 08:09:16
12967,Classic,4,2026-01-19 08:09:16
12967,Masculine,2,2026-01-19 08:09:16
12968,Masculine,7,2026-01-19 08:09:16
12968,Feminine,7,2026-01-19 08:09:16
12968,Classic,4,2026-01-19 08:09:16
12968,Modern,4,2026-01-19 08:09:16
12970,Feminine,55,2026-01-19 08:09:16
12970,Classic,26,2026-01-19 08:09:16
12970,Masculine,22,2026-01-19 08:09:16
12970,Modern,16,2026-01-19 08:09:16
12971,Feminine,40,2026-01-19 08:09:16
12971,Modern,19,2026-01-19 08:09:16
12971,Classic,17,2026-01-19 08:09:16
12972,Masculine,6,2026-01-19 08:09:16
12972,Classic,6,2026-01-19 08:09:16
12972,Feminine,3,2026-01-19 08:09:16
12972,Modern,3,2026-01-19 08:09:16
12974,Feminine,42,2026-01-19 08:09:16
12974,Modern,23,2026-01-19 08:09:16
12974,Classic,15,2026-01-19 08:09:16
12974,Masculine,4,2026-01-19 08:09:16
12975,Feminine,25,2026-01-19 08:09:16
12975,Modern,18,2026-01-19 08:09:16
12975,Masculine,12,2026-01-19 08:09:16
12975,Classic,8,2026-01-19 08:09:16
12976,Masculine,7,2026-01-19 08:09:16
12976,Feminine,3,2026-01-19 08:09:16
12976,Classic,3,2026-01-19 08:09:16
12976,Modern,2,2026-01-19 08:09:16
12978,Masculine,43,2026-01-19 08:09:16
12978,Feminine,29,2026-01-19 08:09:16
12978,Classic,23,2026-01-19 08:09:16
12978,Modern,17,2026-01-19 08:09:16
12979,Masculine,4,2026-01-19 08:09:16
12979,Classic,3,2026-01-19 08:09:16
12979,Feminine,2,2026-01-19 08:09:16
12980,Masculine,21,2026-01-19 08:09:16
12980,Modern,10,2026-01-19 08:09:16
12980,Classic,7,2026-01-19 08:09:16
12980,Feminine,4,2026-01-19 08:09:16
12982,Feminine,51,2026-01-19 08:09:16
12982,Masculine,37,2026-01-19 08:09:16
12982,Classic,25,2026-01-19 08:09:16
12982,Modern,22,2026-01-19 08:09:16
12983,Masculine,6,2026-01-19 08:09:16
12983,Classic,5,2026-01-19 08:09:16
12983,Feminine,4,2026-01-19 08:09:16
12983,Modern,1,2026-01-19 08:09:16
12984,Masculine,33,2026-01-19 08:09:16
12984,Modern,22,2026-01-19 08:09:16
12984,Classic,13,2026-01-19 08:09:16
12984,Feminine,7,2026-01-19 08:09:16
12986,Masculine,40,2026-01-19 08:09:16
12986,Classic,20,2026-01-19 08:09:16
12986,Feminine,19,2026-01-19 08:09:16
12986,Modern,12,2026-01-19 08:09:16
12987,Feminine,6,2026-01-19 08:09:16
12987,Modern,4,2026-01-19 08:09:16
12987,Masculine,3,2026-01-19 08:09:16
12987,Classic,3,2026-01-19 08:09:16
12988,Masculine,26,2026-01-19 08:09:16
12988,Modern,12,2026-01-19 08:09:16
12988,Classic,10,2026-01-19 08:09:16
12988,Feminine,6,2026-01-19 08:09:16
12989,Feminine,1,2026-01-19 08:09:16
12989,Modern,1,2026-01-19 08:09:16
12990,Masculine,30,2026-01-19 08:09:16
12990,Feminine,17,2026-01-19 08:09:16
12990,Classic,16,2026-01-19 08:09:16
12990,Modern,10,2026-01-19 08:09:16
12991,Feminine,3,2026-01-19 08:09:16
12991,Masculine,2,2026-01-19 08:09:16
12991,Modern,2,2026-01-19 08:09:16
12992,Feminine,22,2026-01-19 08:09:16
12992,Classic,9,2026-01-19 08:09:16
12992,Modern,7,2026-01-19 08:09:16
12992,Masculine,4,2026-01-19 08:09:16
12994,Feminine,24,2026-01-19 08:09:16
12994,Masculine,22,2026-01-19 08:09:16
12994,Modern,20,2026-01-19 08:09:16
12994,Classic,5,2026-01-19 08:09:16
12995,Masculine,5,2026-01-19 08:09:16
12995,Feminine,5,2026-01-19 08:09:16
12995,Classic,3,2026-01-19 08:09:16
12995,Modern,3,2026-01-19 08:09:16
12996,Masculine,23,2026-01-19 08:09:16
12996,Classic,12,2026-01-19 08:09:16
12996,Modern,10,2026-01-19 08:09:16
12996,Feminine,3,2026-01-19 08:09:16
12998,Feminine,36,2026-01-19 08:09:16
12998,Modern,24,2026-01-19 08:09:16
12998,Masculine,21,2026-01-19 08:09:16
12998,Classic,10,2026-01-19 08:09:16
13001,Feminine,29,2026-01-19 08:09:16
13001,Modern,11,2026-01-19 08:09:16
13001,Classic,10,2026-01-19 08:09:16
13001,Masculine,5,2026-01-19 08:09:16
13002,Masculine,40,2026-01-19 08:09:16
13002,Classic,29,2026-01-19 08:09:16
13002,Modern,14,2026-01-19 08:09:16
13002,Feminine,13,2026-01-19 08:09:16
13004,Masculine,7,2026-01-19 08:09:16
13004,Feminine,2,2026-01-19 08:09:16
13004,Modern,2,2026-01-19 08:09:16
13005,Masculine,9,2026-01-19 08:09:16
13005,Feminine,7,2026-01-19 08:09:16
13005,Modern,5,2026-01-19 08:09:16
13005,Classic,3,2026-01-19 08:09:16
13006,Feminine,50,2026-01-19 08:09:16
13006,Classic,31,2026-01-19 08:09:16
13006,Modern,24,2026-01-19 08:09:16
13006,Masculine,16,2026-01-19 08:09:16
13008,Masculine,20,2026-01-19 08:09:16
13008,Classic,11,2026-01-19 08:09:16
13008,Modern,8,2026-01-19 08:09:16
13008,Feminine,5,2026-01-19 08:09:16
13009,Masculine,1,2026-01-19 08:09:16
13009,Feminine,1,2026-01-19 08:09:16
13009,Classic,1,2026-01-19 08:09:16
13010,Feminine,45,2026-01-19 08:09:16
13010,Classic,21,2026-01-19 08:09:16
13010,Modern,14,2026-01-19 08:09:16
13010,Masculine,9,2026-01-19 08:09:16
13011,Feminine,1,2026-01-19 08:09:16
13012,Feminine,19,2026-01-19 08:09:16
13012,Masculine,17,2026-01-19 08:09:16
13012,Classic,8,2026-01-19 08:09:16
13012,Modern,7,2026-01-19 08:09:16
13013,Feminine,5,2026-01-19 08:09:16
13013,Masculine,4,2026-01-19 08:09:16
13013,Classic,3,2026-01-19 08:09:16
13013,Modern,2,2026-01-19 08:09:16
13014,Feminine,56,2026-01-19 08:09:16
13014,Classic,25,2026-01-19 08:09:16
13014,Modern,20,2026-01-19 08:09:16
13014,Masculine,12,2026-01-19 08:09:16
13016,Feminine,5,2026-01-19 08:09:16
13016,Masculine,4,2026-01-19 08:09:16
13016,Classic,2,2026-01-19 08:09:16
13017,Masculine,20,2026-01-19 08:09:16
13017,Modern,10,2026-01-19 08:09:16
13017,Classic,9,2026-01-19 08:09:16
13018,Masculine,34,2026-01-19 08:09:16
13018,Classic,25,2026-01-19 08:09:16
13018,Feminine,10,2026-01-19 08:09:16
13018,Modern,10,2026-01-19 08:09:16
13020,Feminine,4,2026-01-19 08:09:16
13020,Masculine,3,2026-01-19 08:09:16
13020,Classic,1,2026-01-19 08:09:16
13021,Feminine,14,2026-01-19 08:09:16
13021,Modern,11,2026-01-19 08:09:16
13021,Masculine,6,2026-01-19 08:09:16
13022,Feminine,24,2026-01-19 08:09:16
13022,Modern,22,2026-01-19 08:09:16
13022,Masculine,18,2026-01-19 08:09:16
13022,Classic,3,2026-01-19 08:09:16
13024,Masculine,14,2026-01-19 08:09:16
13024,Modern,9,2026-01-19 08:09:16
13024,Classic,2,2026-01-19 08:09:16
13025,Feminine,1,2026-01-19 08:09:16
13025,Modern,1,2026-01-19 08:09:16
13026,Feminine,43,2026-01-19 08:09:16
13026,Classic,29,2026-01-19 08:09:16
13026,Masculine,28,2026-01-19 08:09:16
13026,Modern,18,2026-01-19 08:09:16
13028,Feminine,22,2026-01-19 08:09:16
13028,Modern,12,2026-01-19 08:09:16
13028,Masculine,6,2026-01-19 08:09:16
13028,Classic,5,2026-01-19 08:09:16
13029,Masculine,2,2026-01-19 08:09:16
13029,Modern,2,2026-01-19 08:09:16
13030,Masculine,29,2026-01-19 08:09:16
13030,Modern,16,2026-01-19 08:09:16
13030,Feminine,13,2026-01-19 08:09:16
13030,Classic,7,2026-01-19 08:09:16
13032,Masculine,23,2026-01-19 08:09:16
13032,Modern,12,2026-01-19 08:09:16
13032,Classic,8,2026-01-19 08:09:16
13032,Feminine,4,2026-01-19 08:09:16
13034,Feminine,29,2026-01-19 08:09:16
13034,Classic,11,2026-01-19 08:09:16
13034,Modern,8,2026-01-19 08:09:16
13034,Masculine,4,2026-01-19 08:09:16
13036,Masculine,20,2026-01-19 08:09:16
13036,Modern,9,2026-01-19 08:09:16
13036,Classic,7,2026-01-19 08:09:16
13036,Feminine,4,2026-01-19 08:09:16
13038,Masculine,34,2026-01-19 08:09:16
13038,Modern,22,2026-01-19 08:09:16
13038,Classic,8,2026-01-19 08:09:16
13038,Feminine,7,2026-01-19 08:09:16
13040,Feminine,24,2026-01-19 08:09:16
13040,Classic,13,2026-01-19 08:09:16
13040,Modern,3,2026-01-19 08:09:16
13040,Masculine,2,2026-01-19 08:09:16
13042,Feminine,51,2026-01-19 08:09:16
13042,Classic,29,2026-01-19 08:09:16
13042,Masculine,24,2026-01-19 08:09:16
13042,Modern,17,2026-01-19 08:09:16
13044,Masculine,15,2026-01-19 08:09:16
13044,Modern,11,2026-01-19 08:09:16
13044,Classic,4,2026-01-19 08:09:16
13045,Masculine,99,2026-01-19 08:09:16
13045,Classic,54,2026-01-19 08:09:16
13045,Modern,17,2026-01-19 08:09:16
13045,Feminine,8,2026-01-19 08:09:16
13046,Masculine,43,2026-01-19 08:09:16
13046,Classic,32,2026-01-19 08:09:16
13046,Modern,9,2026-01-19 08:09:16
13046,Feminine,7,2026-01-19 08:09:16
13047,Feminine,1,2026-01-19 08:09:16
13048,Feminine,18,2026-01-19 08:09:16
13048,Modern,9,2026-01-19 08:09:16
13048,Classic,7,2026-01-19 08:09:16
13048,Masculine,6,2026-01-19 08:09:16
13050,Masculine,33,2026-01-19 08:09:16
13050,Feminine,28,2026-01-19 08:09:16
13050,Classic,17,2026-01-19 08:09:16
13050,Modern,12,2026-01-19 08:09:16
13052,Feminine,15,2026-01-19 08:09:16
13052,Masculine,8,2026-01-19 08:09:16
13052,Classic,4,2026-01-19 08:09:16
13052,Modern,4,2026-01-19 08:09:16
13053,Masculine,69,2026-01-19 08:09:16
13053,Modern,52,2026-01-19 08:09:16
13053,Classic,15,2026-01-19 08:09:16
13054,Masculine,40,2026-01-19 08:09:16
13054,Classic,22,2026-01-19 08:09:16
13054,Modern,8,2026-01-19 08:09:16
13054,Feminine,6,2026-01-19 08:09:16
13056,Feminine,18,2026-01-19 08:09:16
13056,Modern,11,2026-01-19 08:09:16
13056,Classic,5,2026-01-19 08:09:16
13056,Masculine,4,2026-01-19 08:09:16
13057,Feminine,102,2026-01-19 08:09:16
13057,Classic,73,2026-01-19 08:09:16
13057,Masculine,38,2026-01-19 08:09:16
13057,Modern,21,2026-01-19 08:09:16
13058,Feminine,47,2026-01-19 08:09:16
13058,Classic,14,2026-01-19 08:09:16
13058,Modern,14,2026-01-19 08:09:16
13058,Masculine,8,2026-01-19 08:09:16
13060,Feminine,10,2026-01-19 08:09:16
13060,Modern,5,2026-01-19 08:09:16
13060,Masculine,1,2026-01-19 08:09:16
13060,Classic,1,2026-01-19 08:09:16
13061,Feminine,97,2026-01-19 08:09:16
13061,Modern,54,2026-01-19 08:09:16
13061,Classic,34,2026-01-19 08:09:16
13061,Masculine,16,2026-01-19 08:09:16
13062,Feminine,50,2026-01-19 08:09:16
13062,Classic,17,2026-01-19 08:09:16
13062,Modern,15,2026-01-19 08:09:16
13062,Masculine,10,2026-01-19 08:09:16
13064,Feminine,12,2026-01-19 08:09:16
13064,Modern,6,2026-01-19 08:09:16
13064,Classic,5,2026-01-19 08:09:16
13064,Masculine,1,2026-01-19 08:09:16
13065,Masculine,48,2026-01-19 08:09:16
13065,Modern,35,2026-01-19 08:09:16
13065,Classic,12,2026-01-19 08:09:16
13065,Feminine,4,2026-01-19 08:09:16
13066,Feminine,35,2026-01-19 08:09:16
13066,Modern,10,2026-01-19 08:09:16
13066,Classic,9,2026-01-19 08:09:16
13066,Masculine,4,2026-01-19 08:09:16
13068,Feminine,15,2026-01-19 08:09:16
13068,Masculine,9,2026-01-19 08:09:16
13068,Modern,9,2026-01-19 08:09:16
13068,Classic,4,2026-01-19 08:09:16
13069,Feminine,104,2026-01-19 08:09:16
13069,Classic,42,2026-01-19 08:09:16
13069,Modern,41,2026-01-19 08:09:16
13069,Masculine,26,2026-01-19 08:09:16
13071,Masculine,29,2026-01-19 08:09:16
13071,Feminine,26,2026-01-19 08:09:16
13071,Classic,17,2026-01-19 08:09:16
13071,Modern,9,2026-01-19 08:09:16
13072,Feminine,13,2026-01-19 08:09:16
13072,Masculine,5,2026-01-19 08:09:16
13072,Modern,3,2026-01-19 08:09:16
13072,Classic,1,2026-01-19 08:09:16
13073,Feminine,78,2026-01-19 08:09:16
13073,Modern,47,2026-01-19 08:09:16
13073,Masculine,38,2026-01-19 08:09:16
13073,Classic,26,2026-01-19 08:09:16
13075,Feminine,16,2026-01-19 08:09:16
13075,Modern,9,2026-01-19 08:09:16
13075,Classic,7,2026-01-19 08:09:16
13076,Masculine,32,2026-01-19 08:09:16
13076,Classic,23,2026-01-19 08:09:16
13076,Feminine,16,2026-01-19 08:09:16
13076,Modern,14,2026-01-19 08:09:16
13077,Feminine,100,2026-01-19 08:09:16
13077,Classic,58,2026-01-19 08:09:16
13077,Modern,24,2026-01-19 08:09:16
13077,Masculine,9,2026-01-19 08:09:16
13079,Feminine,9,2026-01-19 08:09:16
13079,Modern,4,2026-01-19 08:09:16
13079,Masculine,3,2026-01-19 08:09:16
13079,Classic,3,2026-01-19 08:09:16
13080,Feminine,44,2026-01-19 08:09:16
13080,Classic,18,2026-01-19 08:09:16
13080,Modern,15,2026-01-19 08:09:16
13080,Masculine,6,2026-01-19 08:09:16
13081,Feminine,76,2026-01-19 08:09:16
13081,Masculine,68,2026-01-19 08:09:16
13081,Classic,36,2026-01-19 08:09:16
13081,Modern,25,2026-01-19 08:09:16
13083,Feminine,13,2026-01-19 08:09:16
13083,Modern,6,2026-01-19 08:09:16
13083,Classic,3,2026-01-19 08:09:16
13083,Masculine,1,2026-01-19 08:09:16
13084,Masculine,25,2026-01-19 08:09:16
13084,Feminine,21,2026-01-19 08:09:16
13084,Classic,17,2026-01-19 08:09:16
13084,Modern,10,2026-01-19 08:09:16
13086,Masculine,58,2026-01-19 08:09:16
13086,Modern,42,2026-01-19 08:09:16
13086,Classic,23,2026-01-19 08:09:16
13086,Feminine,6,2026-01-19 08:09:16
13087,Masculine,14,2026-01-19 08:09:16
13087,Feminine,14,2026-01-19 08:09:16
13087,Classic,7,2026-01-19 08:09:16
13088,Feminine,45,2026-01-19 08:09:16
13088,Classic,27,2026-01-19 08:09:16
13088,Modern,9,2026-01-19 08:09:16
13088,Masculine,7,2026-01-19 08:09:16
13089,Feminine,86,2026-01-19 08:09:16
13089,Classic,50,2026-01-19 08:09:16
13089,Masculine,47,2026-01-19 08:09:16
13089,Modern,21,2026-01-19 08:09:16
13090,Feminine,1,2026-01-19 08:09:16
13090,Classic,1,2026-01-19 08:09:16
13090,Modern,1,2026-01-19 08:09:16
13091,Masculine,18,2026-01-19 08:09:16
13091,Modern,10,2026-01-19 08:09:16
13091,Classic,8,2026-01-19 08:09:16
13091,Feminine,4,2026-01-19 08:09:16
13092,Feminine,40,2026-01-19 08:09:16
13092,Masculine,23,2026-01-19 08:09:16
13092,Classic,23,2026-01-19 08:09:16
13092,Modern,15,2026-01-19 08:09:16
13093,Masculine,73,2026-01-19 08:09:16
13093,Classic,44,2026-01-19 08:09:16
13093,Modern,13,2026-01-19 08:09:16
13093,Feminine,6,2026-01-19 08:09:16
13095,Masculine,28,2026-01-19 08:09:16
13095,Feminine,18,2026-01-19 08:09:16
13095,Classic,17,2026-01-19 08:09:16
13095,Modern,9,2026-01-19 08:09:16
13096,Feminine,7,2026-01-19 08:09:16
13096,Masculine,5,2026-01-19 08:09:16
13096,Modern,5,2026-01-19 08:09:16
13096,Classic,1,2026-01-19 08:09:16
13097,Feminine,76,2026-01-19 08:09:16
13097,Classic,32,2026-01-19 08:09:16
13097,Modern,31,2026-01-19 08:09:16
13097,Masculine,18,2026-01-19 08:09:16
13099,Feminine,16,2026-01-19 08:09:16
13099,Classic,6,2026-01-19 08:09:16
13099,Modern,4,2026-01-19 08:09:16
13100,Masculine,25,2026-01-19 08:09:16
13100,Classic,15,2026-01-19 08:09:16
13100,Modern,12,2026-01-19 08:09:16
13100,Feminine,11,2026-01-19 08:09:16
13103,Feminine,15,2026-01-19 08:09:16
13103,Classic,7,2026-01-19 08:09:16
13103,Modern,7,2026-01-19 08:09:16
13103,Masculine,4,2026-01-19 08:09:16
13104,Masculine,34,2026-01-19 08:09:16
13104,Classic,23,2026-01-19 08:09:16
13104,Feminine,16,2026-01-19 08:09:16
13106,Masculine,5,2026-01-19 08:09:16
13106,Feminine,4,2026-01-19 08:09:16
13106,Modern,4,2026-01-19 08:09:16
13106,Classic,2,2026-01-19 08:09:16
13107,Masculine,34,2026-01-19 08:09:16
13107,Feminine,26,2026-01-19 08:09:16
13107,Classic,13,2026-01-19 08:09:16
13107,Modern,7,2026-01-19 08:09:16
13108,Feminine,79,2026-01-19 08:09:16
13108,Classic,37,2026-01-19 08:09:16
13108,Modern,36,2026-01-19 08:09:16
13108,Masculine,14,2026-01-19 08:09:16
13110,Feminine,47,2026-01-19 08:09:16
13110,Classic,14,2026-01-19 08:09:16
13110,Masculine,7,2026-01-19 08:09:16
13110,Modern,4,2026-01-19 08:09:16
13111,Masculine,10,2026-01-19 08:09:16
13111,Feminine,8,2026-01-19 08:09:16
13111,Classic,6,2026-01-19 08:09:16
13111,Modern,6,2026-01-19 08:09:16
13115,Masculine,12,2026-01-19 08:09:16
13115,Feminine,10,2026-01-19 08:09:16
13115,Classic,6,2026-01-19 08:09:16
13115,Modern,2,2026-01-19 08:09:16
13117,Masculine,64,2026-01-19 08:09:16
13117,Modern,47,2026-01-19 08:09:16
13117,Classic,17,2026-01-19 08:09:16
13117,Feminine,10,2026-01-19 08:09:16
13118,Masculine,36,2026-01-19 08:09:16
13118,Classic,17,2026-01-19 08:09:16
13118,Feminine,7,2026-01-19 08:09:16
13118,Modern,3,2026-01-19 08:09:16
13119,Masculine,23,2026-01-19 08:09:16
13119,Feminine,20,2026-01-19 08:09:16
13119,Modern,10,2026-01-19 08:09:16
13119,Classic,8,2026-01-19 08:09:16
13121,Masculine,59,2026-01-19 08:09:16
13121,Modern,36,2026-01-19 08:09:16
13121,Classic,15,2026-01-19 08:09:16
13121,Feminine,5,2026-01-19 08:09:16
13122,Feminine,15,2026-01-19 08:09:16
13122,Classic,7,2026-01-19 08:09:16
13122,Modern,3,2026-01-19 08:09:16
13122,Masculine,2,2026-01-19 08:09:16
13123,Masculine,29,2026-01-19 08:09:16
13123,Feminine,18,2026-01-19 08:09:16
13123,Modern,16,2026-01-19 08:09:16
13123,Classic,14,2026-01-19 08:09:16
13125,Feminine,83,2026-01-19 08:09:16
13125,Classic,56,2026-01-19 08:09:16
13125,Masculine,39,2026-01-19 08:09:16
13125,Modern,18,2026-01-19 08:09:16
13126,Feminine,34,2026-01-19 08:09:16
13126,Classic,19,2026-01-19 08:09:16
13126,Modern,13,2026-01-19 08:09:16
13126,Masculine,7,2026-01-19 08:09:16
13127,Masculine,17,2026-01-19 08:09:16
13127,Classic,12,2026-01-19 08:09:16
13127,Feminine,5,2026-01-19 08:09:16
13127,Modern,5,2026-01-19 08:09:16
13129,Masculine,3,2026-01-19 08:09:16
13129,Feminine,3,2026-01-19 08:09:16
13129,Classic,1,2026-01-19 08:09:16
13130,Feminine,32,2026-01-19 08:09:16
13130,Masculine,12,2026-01-19 08:09:16
13130,Classic,12,2026-01-19 08:09:16
13130,Modern,5,2026-01-19 08:09:16
13131,Feminine,25,2026-01-19 08:09:16
13131,Masculine,8,2026-01-19 08:09:16
13131,Classic,8,2026-01-19 08:09:16
13131,Modern,7,2026-01-19 08:09:16
13134,Feminine,20,2026-01-19 08:09:16
13134,Modern,9,2026-01-19 08:09:16
13134,Masculine,3,2026-01-19 08:09:16
13134,Classic,2,2026-01-19 08:09:16
13135,Feminine,29,2026-01-19 08:09:16
13135,Classic,18,2026-01-19 08:09:16
13135,Modern,11,2026-01-19 08:09:16
13135,Masculine,4,2026-01-19 08:09:16
13136,Feminine,2,2026-01-19 08:09:16
13136,Modern,1,2026-01-19 08:09:16
13138,Feminine,23,2026-01-19 08:09:16
13138,Classic,15,2026-01-19 08:09:16
13138,Modern,12,2026-01-19 08:09:16
13139,Feminine,39,2026-01-19 08:09:16
13139,Classic,20,2026-01-19 08:09:16
13139,Masculine,7,2026-01-19 08:09:16
13139,Modern,7,2026-01-19 08:09:16
13142,Feminine,16,2026-01-19 08:09:16
13142,Masculine,15,2026-01-19 08:09:16
13142,Modern,7,2026-01-19 08:09:16
13142,Classic,6,2026-01-19 08:09:16
13143,Feminine,22,2026-01-19 08:09:16
13143,Classic,10,2026-01-19 08:09:16
13143,Modern,5,2026-01-19 08:09:16
13143,Masculine,3,2026-01-19 08:09:16
13144,Feminine,2,2026-01-19 08:09:16
13144,Masculine,1,2026-01-19 08:09:16
13146,Masculine,11,2026-01-19 08:09:16
13146,Classic,9,2026-01-19 08:09:16
13146,Modern,6,2026-01-19 08:09:16
13146,Feminine,5,2026-01-19 08:09:16
13148,Feminine,2,2026-01-19 08:09:16
13150,Feminine,20,2026-01-19 08:09:16
13150,Modern,15,2026-01-19 08:09:16
13150,Classic,7,2026-01-19 08:09:16
13151,Masculine,27,2026-01-19 08:09:16
13151,Feminine,15,2026-01-19 08:09:16
13151,Classic,9,2026-01-19 08:09:16
13151,Modern,7,2026-01-19 08:09:16
13154,Feminine,12,2026-01-19 08:09:16
13154,Modern,6,2026-01-19 08:09:16
13154,Masculine,3,2026-01-19 08:09:16
13154,Classic,1,2026-01-19 08:09:16
13155,Feminine,35,2026-01-19 08:09:16
13155,Classic,26,2026-01-19 08:09:16
13155,Masculine,22,2026-01-19 08:09:16
13155,Modern,8,2026-01-19 08:09:16
13158,Feminine,31,2026-01-19 08:09:16
13158,Classic,23,2026-01-19 08:09:16
13158,Modern,11,2026-01-19 08:09:16
13158,Masculine,9,2026-01-19 08:09:16
13159,Feminine,18,2026-01-19 08:09:16
13159,Modern,11,2026-01-19 08:09:16
13159,Masculine,3,2026-01-19 08:09:16
13159,Classic,3,2026-01-19 08:09:16
13161,Masculine,3,2026-01-19 08:09:16
13161,Feminine,2,2026-01-19 08:09:16
13161,Classic,1,2026-01-19 08:09:16
13161,Modern,1,2026-01-19 08:09:16
13162,Masculine,33,2026-01-19 08:09:16
13162,Classic,23,2026-01-19 08:09:16
13162,Feminine,9,2026-01-19 08:09:16
13162,Modern,8,2026-01-19 08:09:16
13163,Feminine,16,2026-01-19 08:09:16
13163,Masculine,13,2026-01-19 08:09:16
13163,Classic,8,2026-01-19 08:09:16
13163,Modern,7,2026-01-19 08:09:16
13166,Masculine,26,2026-01-19 08:09:16
13166,Feminine,20,2026-01-19 08:09:16
13166,Classic,17,2026-01-19 08:09:16
13166,Modern,9,2026-01-19 08:09:16
13167,Feminine,9,2026-01-19 08:09:16
13167,Modern,6,2026-01-19 08:09:16
13167,Classic,5,2026-01-19 08:09:16
13167,Masculine,1,2026-01-19 08:09:16
13170,Masculine,23,2026-01-19 08:09:16
13170,Classic,15,2026-01-19 08:09:16
13170,Feminine,6,2026-01-19 08:09:16
13170,Modern,5,2026-01-19 08:09:16
13172,Feminine,11,2026-01-19 08:09:16
13172,Modern,7,2026-01-19 08:09:16
13172,Classic,6,2026-01-19 08:09:16
13172,Masculine,4,2026-01-19 08:09:16
13176,Masculine,6,2026-01-19 08:09:16
13176,Classic,2,2026-01-19 08:09:16
13176,Feminine,1,2026-01-19 08:09:16
13176,Modern,1,2026-01-19 08:09:16
13178,Feminine,32,2026-01-19 08:09:16
13178,Classic,10,2026-01-19 08:09:16
13178,Masculine,9,2026-01-19 08:09:16
13178,Modern,9,2026-01-19 08:09:16
13180,Feminine,7,2026-01-19 08:09:16
13180,Masculine,4,2026-01-19 08:09:16
13180,Modern,4,2026-01-19 08:09:16
13180,Classic,2,2026-01-19 08:09:16
13181,Masculine,1,2026-01-19 08:09:16
13181,Feminine,1,2026-01-19 08:09:16
13181,Modern,1,2026-01-19 08:09:16
13184,Feminine,10,2026-01-19 08:09:16
13184,Modern,6,2026-01-19 08:09:16
13184,Classic,5,2026-01-19 08:09:16
13184,Masculine,1,2026-01-19 08:09:16
13188,Feminine,6,2026-01-19 08:09:16
13188,Classic,5,2026-01-19 08:09:16
13188,Masculine,3,2026-01-19 08:09:16
13188,Modern,3,2026-01-19 08:09:16
13191,Masculine,27,2026-01-19 08:09:16
13191,Classic,12,2026-01-19 08:09:16
13191,Feminine,6,2026-01-19 08:09:16
13191,Modern,3,2026-01-19 08:09:16
13192,Masculine,6,2026-01-19 08:09:16
13192,Classic,5,2026-01-19 08:09:16
13192,Modern,2,2026-01-19 08:09:16
13192,Feminine,1,2026-01-19 08:09:16
13193,Masculine,1,2026-01-19 08:09:16
13193,Classic,1,2026-01-19 08:09:16
13193,Modern,1,2026-01-19 08:09:16
13195,Feminine,21,2026-01-19 08:09:16
13195,Classic,12,2026-01-19 08:09:16
13195,Masculine,9,2026-01-19 08:09:16
13195,Modern,6,2026-01-19 08:09:16
13196,Masculine,5,2026-01-19 08:09:16
13196,Feminine,1,2026-01-19 08:09:16
13196,Classic,1,2026-01-19 08:09:16
13199,Masculine,23,2026-01-19 08:09:16
13199,Classic,14,2026-01-19 08:09:16
13199,Feminine,10,2026-01-19 08:09:16
13199,Modern,5,2026-01-19 08:09:16
13200,Masculine,6,2026-01-19 08:09:16
13200,Modern,5,2026-01-19 08:09:16
13200,Classic,4,2026-01-19 08:09:16
13203,Feminine,22,2026-01-19 08:09:16
13203,Classic,14,2026-01-19 08:09:16
13203,Modern,7,2026-01-19 08:09:16
13207,Feminine,31,2026-01-19 08:09:16
13207,Classic,16,2026-01-19 08:09:16
13207,Masculine,8,2026-01-19 08:09:16
13207,Modern,8,2026-01-19 08:09:16
13208,Masculine,4,2026-01-19 08:09:16
13208,Classic,3,2026-01-19 08:09:16
13208,Modern,1,2026-01-19 08:09:16
13210,Feminine,21,2026-01-19 08:09:16
13210,Masculine,14,2026-01-19 08:09:16
13210,Classic,7,2026-01-19 08:09:16
13210,Modern,7,2026-01-19 08:09:16
13211,Feminine,64,2026-01-19 08:09:16
13211,Modern,43,2026-01-19 08:09:16
13211,Classic,11,2026-01-19 08:09:16
13212,Masculine,5,2026-01-19 08:09:16
13212,Modern,4,2026-01-19 08:09:16
13212,Classic,3,2026-01-19 08:09:16
13214,Masculine,25,2026-01-19 08:09:16
13214,Feminine,22,2026-01-19 08:09:16
13214,Classic,16,2026-01-19 08:09:16
13214,Modern,4,2026-01-19 08:09:16
13215,Masculine,5,2026-01-19 08:09:16
13215,Modern,4,2026-01-19 08:09:16
13215,Classic,3,2026-01-19 08:09:16
13216,Feminine,73,2026-01-19 08:09:16
13216,Classic,42,2026-01-19 08:09:16
13216,Masculine,21,2026-01-19 08:09:16
13216,Modern,14,2026-01-19 08:09:16
13217,Feminine,1,2026-01-19 08:09:16
13217,Modern,1,2026-01-19 08:09:16
13220,Feminine,74,2026-01-19 08:09:16
13220,Modern,42,2026-01-19 08:09:16
13220,Classic,21,2026-01-19 08:09:16
13220,Masculine,6,2026-01-19 08:09:16
13221,Feminine,2,2026-01-19 08:09:16
13221,Classic,1,2026-01-19 08:09:16
13221,Modern,1,2026-01-19 08:09:16
13222,Feminine,31,2026-01-19 08:09:16
13222,Classic,18,2026-01-19 08:09:16
13222,Modern,12,2026-01-19 08:09:16
13222,Masculine,5,2026-01-19 08:09:16
13224,Feminine,58,2026-01-19 08:09:16
13224,Modern,33,2026-01-19 08:09:16
13224,Classic,15,2026-01-19 08:09:16
13227,Feminine,29,2026-01-19 08:09:16
13227,Modern,8,2026-01-19 08:09:16
13227,Masculine,6,2026-01-19 08:09:16
13227,Classic,6,2026-01-19 08:09:16
13228,Feminine,62,2026-01-19 08:09:16
13228,Masculine,52,2026-01-19 08:09:16
13228,Classic,32,2026-01-19 08:09:16
13228,Modern,29,2026-01-19 08:09:16
13230,Masculine,17,2026-01-19 08:09:16
13230,Classic,11,2026-01-19 08:09:16
13230,Feminine,8,2026-01-19 08:09:16
13230,Modern,4,2026-01-19 08:09:16
13232,Feminine,50,2026-01-19 08:09:16
13232,Masculine,26,2026-01-19 08:09:16
13232,Classic,23,2026-01-19 08:09:16
13232,Modern,18,2026-01-19 08:09:16
13236,Masculine,52,2026-01-19 08:09:16
13236,Feminine,42,2026-01-19 08:09:16
13236,Classic,21,2026-01-19 08:09:16
13236,Modern,9,2026-01-19 08:09:16
13238,Masculine,23,2026-01-19 08:09:16
13238,Classic,14,2026-01-19 08:09:16
13238,Feminine,8,2026-01-19 08:09:16
13238,Modern,3,2026-01-19 08:09:16
13239,Feminine,55,2026-01-19 08:09:16
13239,Modern,32,2026-01-19 08:09:16
13239,Classic,9,2026-01-19 08:09:16
13239,Masculine,7,2026-01-19 08:09:16
13242,Masculine,14,2026-01-19 08:09:16
13242,Feminine,13,2026-01-19 08:09:16
13242,Classic,11,2026-01-19 08:09:16
13242,Modern,5,2026-01-19 08:09:16
13243,Masculine,54,2026-01-19 08:09:16
13243,Modern,44,2026-01-19 08:09:16
13243,Classic,9,2026-01-19 08:09:16
13246,Feminine,20,2026-01-19 08:09:16
13246,Classic,13,2026-01-19 08:09:16
13246,Modern,6,2026-01-19 08:09:16
13247,Masculine,38,2026-01-19 08:09:16
13247,Modern,30,2026-01-19 08:09:16
13247,Classic,11,2026-01-19 08:09:16
13250,Feminine,26,2026-01-19 08:09:16
13250,Classic,17,2026-01-19 08:09:16
13250,Modern,11,2026-01-19 08:09:16
13250,Masculine,6,2026-01-19 08:09:16
13251,Feminine,65,2026-01-19 08:09:16
13251,Masculine,43,2026-01-19 08:09:16
13251,Classic,24,2026-01-19 08:09:16
13251,Modern,23,2026-01-19 08:09:16
13252,Feminine,1,2026-01-19 08:09:16
13254,Feminine,10,2026-01-19 08:09:16
13254,Modern,5,2026-01-19 08:09:16
13254,Masculine,4,2026-01-19 08:09:16
13254,Classic,2,2026-01-19 08:09:16
13256,Feminine,73,2026-01-19 08:09:16
13256,Modern,25,2026-01-19 08:09:16
13256,Classic,24,2026-01-19 08:09:16
13257,Masculine,632,2026-01-19 08:09:16
13257,Modern,363,2026-01-19 08:09:16
13257,Feminine,326,2026-01-19 08:09:16
13257,Classic,200,2026-01-19 08:09:16
13258,Masculine,11,2026-01-19 08:09:16
13258,Classic,6,2026-01-19 08:09:16
13258,Feminine,3,2026-01-19 08:09:16
13258,Modern,2,2026-01-19 08:09:16
13260,Masculine,62,2026-01-19 08:09:16
13260,Classic,42,2026-01-19 08:09:16
13260,Modern,13,2026-01-19 08:09:16
13260,Feminine,7,2026-01-19 08:09:16
13261,Feminine,14,2026-01-19 08:09:16
13261,Masculine,9,2026-01-19 08:09:16
13261,Classic,9,2026-01-19 08:09:16
13264,Feminine,68,2026-01-19 08:09:16
13264,Masculine,59,2026-01-19 08:09:16
13264,Modern,31,2026-01-19 08:09:16
13264,Classic,26,2026-01-19 08:09:16
13265,Masculine,13,2026-01-19 08:09:16
13265,Classic,10,2026-01-19 08:09:16
13265,Feminine,5,2026-01-19 08:09:16
13265,Modern,4,2026-01-19 08:09:16
13266,Feminine,359,2026-01-19 08:09:16
13266,Masculine,230,2026-01-19 08:09:16
13266,Modern,227,2026-01-19 08:09:16
13266,Classic,88,2026-01-19 08:09:16
13268,Feminine,74,2026-01-19 08:09:16
13268,Modern,31,2026-01-19 08:09:16
13268,Classic,23,2026-01-19 08:09:16
13268,Masculine,8,2026-01-19 08:09:16
13269,Feminine,14,2026-01-19 08:09:16
13269,Classic,6,2026-01-19 08:09:16
13269,Modern,6,2026-01-19 08:09:16
13270,Masculine,259,2026-01-19 08:09:16
13270,Feminine,164,2026-01-19 08:09:16
13270,Modern,157,2026-01-19 08:09:16
13270,Classic,73,2026-01-19 08:09:16
13271,Feminine,1,2026-01-19 08:09:16
13273,Masculine,8,2026-01-19 08:09:16
13273,Feminine,6,2026-01-19 08:09:16
13273,Modern,5,2026-01-19 08:09:16
13273,Classic,3,2026-01-19 08:09:16
13274,Masculine,232,2026-01-19 08:09:16
13274,Feminine,120,2026-01-19 08:09:16
13274,Classic,114,2026-01-19 08:09:16
13274,Modern,55,2026-01-19 08:09:16
13277,Masculine,8,2026-01-19 08:09:16
13277,Classic,8,2026-01-19 08:09:16
13277,Feminine,2,2026-01-19 08:09:16
13277,Modern,1,2026-01-19 08:09:16
13278,Feminine,163,2026-01-19 08:09:16
13278,Masculine,120,2026-01-19 08:09:16
13278,Modern,70,2026-01-19 08:09:16
13278,Classic,45,2026-01-19 08:09:16
13280,Feminine,54,2026-01-19 08:09:16
13280,Modern,33,2026-01-19 08:09:16
13280,Classic,12,2026-01-19 08:09:16
13283,Masculine,135,2026-01-19 08:09:16
13283,Feminine,86,2026-01-19 08:09:16
13283,Modern,64,2026-01-19 08:09:16
13283,Classic,51,2026-01-19 08:09:16
13284,Masculine,54,2026-01-19 08:09:16
13284,Feminine,27,2026-01-19 08:09:16
13284,Classic,18,2026-01-19 08:09:16
13284,Modern,12,2026-01-19 08:09:16
13285,Feminine,18,2026-01-19 08:09:16
13285,Modern,7,2026-01-19 08:09:16
13285,Classic,6,2026-01-19 08:09:16
13285,Masculine,2,2026-01-19 08:09:16
13287,Masculine,126,2026-01-19 08:09:16
13287,Feminine,104,2026-01-19 08:09:16
13287,Modern,75,2026-01-19 08:09:16
13287,Classic,59,2026-01-19 08:09:16
13288,Feminine,72,2026-01-19 08:09:16
13288,Modern,51,2026-01-19 08:09:16
13288,Classic,19,2026-01-19 08:09:16
13289,Masculine,7,2026-01-19 08:09:16
13289,Feminine,6,2026-01-19 08:09:16
13289,Classic,5,2026-01-19 08:09:16
13289,Modern,3,2026-01-19 08:09:16
13291,Masculine,123,2026-01-19 08:09:16
13291,Feminine,58,2026-01-19 08:09:16
13291,Modern,56,2026-01-19 08:09:16
13291,Classic,50,2026-01-19 08:09:16
13293,Feminine,16,2026-01-19 08:09:16
13293,Classic,10,2026-01-19 08:09:16
13293,Modern,10,2026-01-19 08:09:16
13293,Masculine,7,2026-01-19 08:09:16
13294,Feminine,1,2026-01-19 08:09:16
13295,Feminine,181,2026-01-19 08:09:16
13295,Modern,89,2026-01-19 08:09:16
13295,Classic,51,2026-01-19 08:09:16
13295,Masculine,23,2026-01-19 08:09:16
13298,Masculine,11,2026-01-19 08:09:16
13298,Modern,9,2026-01-19 08:09:16
13298,Feminine,7,2026-01-19 08:09:16
13298,Classic,2,2026-01-19 08:09:16
13299,Masculine,153,2026-01-19 08:09:16
13299,Feminine,99,2026-01-19 08:09:16
13299,Classic,83,2026-01-19 08:09:16
13299,Modern,39,2026-01-19 08:09:16
13302,Feminine,157,2026-01-19 08:09:16
13302,Masculine,99,2026-01-19 08:09:16
13302,Modern,91,2026-01-19 08:09:16
13302,Classic,40,2026-01-19 08:09:16
13303,Masculine,9,2026-01-19 08:09:16
13303,Classic,7,2026-01-19 08:09:16
13303,Modern,4,2026-01-19 08:09:16
13303,Feminine,3,2026-01-19 08:09:16
13306,Masculine,150,2026-01-19 08:09:16
13306,Feminine,127,2026-01-19 08:09:16
13306,Classic,63,2026-01-19 08:09:16
13306,Modern,49,2026-01-19 08:09:16
13307,Feminine,9,2026-01-19 08:09:16
13307,Masculine,5,2026-01-19 08:09:16
13307,Classic,2,2026-01-19 08:09:16
13307,Modern,1,2026-01-19 08:09:16
13310,Feminine,138,2026-01-19 08:09:16
13310,Modern,79,2026-01-19 08:09:16
13310,Masculine,38,2026-01-19 08:09:16
13310,Classic,24,2026-01-19 08:09:16
13311,Feminine,9,2026-01-19 08:09:16
13311,Masculine,3,2026-01-19 08:09:16
13311,Modern,3,2026-01-19 08:09:16
13311,Classic,1,2026-01-19 08:09:16
13314,Masculine,147,2026-01-19 08:09:16
13314,Classic,65,2026-01-19 08:09:16
13314,Feminine,40,2026-01-19 08:09:16
13314,Modern,37,2026-01-19 08:09:16
13315,Feminine,9,2026-01-19 08:09:16
13315,Classic,6,2026-01-19 08:09:16
13315,Masculine,5,2026-01-19 08:09:16
13315,Modern,2,2026-01-19 08:09:16
13318,Feminine,99,2026-01-19 08:09:16
13318,Masculine,52,2026-01-19 08:09:16
13318,Modern,45,2026-01-19 08:09:16
13318,Classic,34,2026-01-19 08:09:16
13322,Masculine,6,2026-01-19 08:09:16
13322,Feminine,3,2026-01-19 08:09:16
13322,Classic,2,2026-01-19 08:09:16
13322,Modern,1,2026-01-19 08:09:16
13324,Masculine,95,2026-01-19 08:09:16
13324,Feminine,53,2026-01-19 08:09:16
13324,Classic,40,2026-01-19 08:09:16
13324,Modern,35,2026-01-19 08:09:16
13326,Feminine,8,2026-01-19 08:09:16
13326,Modern,4,2026-01-19 08:09:16
13326,Classic,3,2026-01-19 08:09:16
13326,Masculine,2,2026-01-19 08:09:16
13332,Feminine,150,2026-01-19 08:09:16
13332,Modern,72,2026-01-19 08:09:16
13332,Classic,37,2026-01-19 08:09:16
13332,Masculine,22,2026-01-19 08:09:16
13336,Feminine,160,2026-01-19 08:09:16
13336,Modern,66,2026-01-19 08:09:16
13336,Masculine,53,2026-01-19 08:09:16
13336,Classic,50,2026-01-19 08:09:16
13338,Masculine,4,2026-01-19 08:09:16
13338,Feminine,3,2026-01-19 08:09:16
13338,Classic,1,2026-01-19 08:09:16
13340,Feminine,91,2026-01-19 08:09:16
13340,Masculine,68,2026-01-19 08:09:16
13340,Modern,57,2026-01-19 08:09:16
13340,Classic,34,2026-01-19 08:09:16
13341,Feminine,1,2026-01-19 08:09:16
13342,Feminine,6,2026-01-19 08:09:16
13342,Classic,5,2026-01-19 08:09:16
13342,Modern,4,2026-01-19 08:09:16
13342,Masculine,3,2026-01-19 08:09:16
13344,Masculine,100,2026-01-19 08:09:16
13344,Modern,50,2026-01-19 08:09:16
13344,Classic,43,2026-01-19 08:09:16
13344,Feminine,29,2026-01-19 08:09:16
13346,Feminine,6,2026-01-19 08:09:16
13346,Masculine,5,2026-01-19 08:09:16
13346,Classic,3,2026-01-19 08:09:16
13346,Modern,2,2026-01-19 08:09:16
13348,Feminine,115,2026-01-19 08:09:16
13348,Masculine,56,2026-01-19 08:09:16
13348,Modern,46,2026-01-19 08:09:16
13348,Classic,39,2026-01-19 08:09:16
13350,Feminine,67,2026-01-19 08:09:16
13350,Classic,39,2026-01-19 08:09:16
13350,Masculine,32,2026-01-19 08:09:16
13350,Modern,16,2026-01-19 08:09:16
13351,Masculine,10,2026-01-19 08:09:16
13351,Classic,6,2026-01-19 08:09:16
13351,Feminine,5,2026-01-19 08:09:16
13351,Modern,5,2026-01-19 08:09:16
13352,Masculine,63,2026-01-19 08:09:16
13352,Modern,47,2026-01-19 08:09:16
13352,Feminine,42,2026-01-19 08:09:16
13352,Classic,14,2026-01-19 08:09:16
13354,Feminine,2,2026-01-19 08:09:16
13354,Classic,2,2026-01-19 08:09:16
13354,Masculine,1,2026-01-19 08:09:16
13355,Feminine,60,2026-01-19 08:09:16
13355,Modern,40,2026-01-19 08:09:16
13355,Classic,12,2026-01-19 08:09:16
13357,Feminine,118,2026-01-19 08:09:16
13357,Modern,42,2026-01-19 08:09:16
13357,Masculine,41,2026-01-19 08:09:16
13357,Classic,31,2026-01-19 08:09:16
13358,Masculine,32,2026-01-19 08:09:16
13358,Modern,25,2026-01-19 08:09:16
13358,Feminine,4,2026-01-19 08:09:16
13359,Masculine,8,2026-01-19 08:09:16
13359,Classic,6,2026-01-19 08:09:16
13359,Feminine,5,2026-01-19 08:09:16
13361,Feminine,98,2026-01-19 08:09:16
13361,Masculine,56,2026-01-19 08:09:16
13361,Classic,52,2026-01-19 08:09:16
13361,Modern,45,2026-01-19 08:09:16
13362,Feminine,5,2026-01-19 08:09:16
13362,Masculine,1,2026-01-19 08:09:16
13362,Classic,1,2026-01-19 08:09:16
13362,Modern,1,2026-01-19 08:09:16
13363,Masculine,39,2026-01-19 08:09:16
13363,Feminine,19,2026-01-19 08:09:16
13363,Classic,16,2026-01-19 08:09:16
13363,Modern,13,2026-01-19 08:09:16
13364,Feminine,1,2026-01-19 08:09:16
13364,Modern,1,2026-01-19 08:09:16
13365,Feminine,77,2026-01-19 08:09:16
13365,Masculine,41,2026-01-19 08:09:16
13365,Modern,38,2026-01-19 08:09:16
13365,Classic,25,2026-01-19 08:09:16
13366,Masculine,6,2026-01-19 08:09:16
13366,Feminine,4,2026-01-19 08:09:16
13366,Classic,1,2026-01-19 08:09:16
13366,Modern,1,2026-01-19 08:09:16
13367,Masculine,56,2026-01-19 08:09:16
13367,Classic,31,2026-01-19 08:09:16
13367,Modern,11,2026-01-19 08:09:16
13367,Feminine,6,2026-01-19 08:09:16
13369,Feminine,53,2026-01-19 08:09:16
13369,Masculine,45,2026-01-19 08:09:16
13369,Modern,43,2026-01-19 08:09:16
13369,Classic,13,2026-01-19 08:09:16
13371,Masculine,7,2026-01-19 08:09:16
13371,Feminine,5,2026-01-19 08:09:16
13371,Classic,5,2026-01-19 08:09:16
13371,Modern,2,2026-01-19 08:09:16
13373,Feminine,75,2026-01-19 08:09:16
13373,Modern,47,2026-01-19 08:09:16
13373,Masculine,24,2026-01-19 08:09:16
13373,Classic,19,2026-01-19 08:09:16
13374,Feminine,56,2026-01-19 08:09:16
13374,Modern,20,2026-01-19 08:09:16
13374,Classic,19,2026-01-19 08:09:16
13374,Masculine,6,2026-01-19 08:09:16
13375,Masculine,3,2026-01-19 08:09:16
13375,Feminine,2,2026-01-19 08:09:16
13375,Classic,1,2026-01-19 08:09:16
13375,Modern,1,2026-01-19 08:09:16
13376,Feminine,66,2026-01-19 08:09:16
13376,Masculine,40,2026-01-19 08:09:16
13376,Modern,38,2026-01-19 08:09:16
13376,Classic,15,2026-01-19 08:09:16
13378,Masculine,27,2026-01-19 08:09:16
13378,Modern,24,2026-01-19 08:09:16
13378,Classic,9,2026-01-19 08:09:16
13378,Feminine,3,2026-01-19 08:09:16
13379,Feminine,6,2026-01-19 08:09:16
13379,Masculine,3,2026-01-19 08:09:16
13379,Classic,1,2026-01-19 08:09:16
13379,Modern,1,2026-01-19 08:09:16
13381,Feminine,100,2026-01-19 08:09:16
13381,Masculine,40,2026-01-19 08:09:16
13381,Classic,40,2026-01-19 08:09:16
13381,Modern,37,2026-01-19 08:09:16
13382,Feminine,7,2026-01-19 08:09:16
13382,Classic,4,2026-01-19 08:09:16
13382,Modern,3,2026-01-19 08:09:16
13383,Feminine,56,2026-01-19 08:09:16
13383,Classic,43,2026-01-19 08:09:16
13383,Masculine,25,2026-01-19 08:09:16
13383,Modern,11,2026-01-19 08:09:16
13385,Masculine,84,2026-01-19 08:09:16
13385,Feminine,65,2026-01-19 08:09:16
13385,Classic,45,2026-01-19 08:09:16
13385,Modern,23,2026-01-19 08:09:16
13386,Feminine,6,2026-01-19 08:09:16
13386,Masculine,3,2026-01-19 08:09:16
13386,Classic,2,2026-01-19 08:09:16
13386,Modern,2,2026-01-19 08:09:16
13388,Masculine,83,2026-01-19 08:09:16
13388,Classic,36,2026-01-19 08:09:16
13388,Feminine,27,2026-01-19 08:09:16
13388,Modern,15,2026-01-19 08:09:16
13389,Feminine,47,2026-01-19 08:09:16
13389,Modern,18,2026-01-19 08:09:16
13389,Classic,11,2026-01-19 08:09:16
13390,Feminine,8,2026-01-19 08:09:16
13390,Classic,4,2026-01-19 08:09:16
13390,Modern,2,2026-01-19 08:09:16
13390,Masculine,1,2026-01-19 08:09:16
13391,Feminine,1,2026-01-19 08:09:16
13391,Modern,1,2026-01-19 08:09:16
13396,Masculine,6,2026-01-19 08:09:16
13396,Classic,5,2026-01-19 08:09:16
13396,Modern,3,2026-01-19 08:09:16
13397,Masculine,45,2026-01-19 08:09:16
13397,Modern,25,2026-01-19 08:09:16
13397,Classic,20,2026-01-19 08:09:16
13397,Feminine,4,2026-01-19 08:09:16
13398,Feminine,65,2026-01-19 08:09:16
13398,Modern,38,2026-01-19 08:09:16
13398,Classic,12,2026-01-19 08:09:16
13398,Masculine,11,2026-01-19 08:09:16
13401,Feminine,44,2026-01-19 08:09:16
13401,Modern,22,2026-01-19 08:09:16
13401,Masculine,16,2026-01-19 08:09:16
13401,Classic,15,2026-01-19 08:09:16
13402,Masculine,71,2026-01-19 08:09:16
13402,Feminine,38,2026-01-19 08:09:16
13402,Modern,32,2026-01-19 08:09:16
13402,Classic,24,2026-01-19 08:09:16
13403,Feminine,1,2026-01-19 08:09:16
13405,Masculine,30,2026-01-19 08:09:16
13405,Feminine,18,2026-01-19 08:09:16
13405,Classic,12,2026-01-19 08:09:16
13405,Modern,10,2026-01-19 08:09:16
13406,Feminine,76,2026-01-19 08:09:16
13406,Masculine,72,2026-01-19 08:09:16
13406,Modern,34,2026-01-19 08:09:16
13406,Classic,21,2026-01-19 08:09:16
13409,Feminine,40,2026-01-19 08:09:16
13409,Masculine,33,2026-01-19 08:09:16
13409,Classic,16,2026-01-19 08:09:16
13409,Modern,13,2026-01-19 08:09:16
13410,Masculine,77,2026-01-19 08:09:16
13410,Classic,39,2026-01-19 08:09:16
13410,Modern,28,2026-01-19 08:09:16
13410,Feminine,27,2026-01-19 08:09:16
13412,Feminine,4,2026-01-19 08:09:16
13412,Masculine,2,2026-01-19 08:09:16
13412,Classic,2,2026-01-19 08:09:16
13412,Modern,1,2026-01-19 08:09:16
13413,Masculine,26,2026-01-19 08:09:16
13413,Classic,16,2026-01-19 08:09:16
13413,Modern,10,2026-01-19 08:09:16
13413,Feminine,9,2026-01-19 08:09:16
13414,Feminine,63,2026-01-19 08:09:16
13414,Modern,31,2026-01-19 08:09:16
13414,Masculine,18,2026-01-19 08:09:16
13414,Classic,15,2026-01-19 08:09:16
13416,Masculine,2,2026-01-19 08:09:16
13416,Feminine,2,2026-01-19 08:09:16
13416,Classic,2,2026-01-19 08:09:16
13416,Modern,1,2026-01-19 08:09:16
13418,Masculine,66,2026-01-19 08:09:16
13418,Classic,29,2026-01-19 08:09:16
13418,Feminine,27,2026-01-19 08:09:16
13418,Modern,20,2026-01-19 08:09:16
13421,Masculine,44,2026-01-19 08:09:16
13421,Modern,35,2026-01-19 08:09:16
13421,Classic,9,2026-01-19 08:09:16
13422,Masculine,263,2026-01-19 08:09:16
13422,Modern,192,2026-01-19 08:09:16
13422,Feminine,132,2026-01-19 08:09:16
13422,Classic,80,2026-01-19 08:09:16
13424,Masculine,4,2026-01-19 08:09:16
13424,Feminine,2,2026-01-19 08:09:16
13424,Classic,2,2026-01-19 08:09:16
13424,Modern,2,2026-01-19 08:09:16
13425,Masculine,45,2026-01-19 08:09:16
13425,Feminine,30,2026-01-19 08:09:16
13425,Classic,14,2026-01-19 08:09:16
13425,Modern,11,2026-01-19 08:09:16
13426,Masculine,156,2026-01-19 08:09:16
13426,Modern,78,2026-01-19 08:09:16
13426,Classic,77,2026-01-19 08:09:16
13426,Feminine,35,2026-01-19 08:09:16
13428,Feminine,3,2026-01-19 08:09:16
13428,Masculine,2,2026-01-19 08:09:16
13428,Modern,2,2026-01-19 08:09:16
13429,Masculine,52,2026-01-19 08:09:16
13429,Modern,35,2026-01-19 08:09:16
13429,Classic,16,2026-01-19 08:09:16
13429,Feminine,5,2026-01-19 08:09:16
13430,Feminine,151,2026-01-19 08:09:16
13430,Modern,102,2026-01-19 08:09:16
13430,Masculine,35,2026-01-19 08:09:16
13430,Classic,29,2026-01-19 08:09:16
13432,Masculine,1,2026-01-19 08:09:16
13433,Feminine,52,2026-01-19 08:09:16
13433,Classic,26,2026-01-19 08:09:16
13433,Modern,13,2026-01-19 08:09:16
13434,Feminine,67,2026-01-19 08:09:16
13434,Modern,52,2026-01-19 08:09:16
13434,Masculine,8,2026-01-19 08:09:16
13434,Classic,7,2026-01-19 08:09:16
13436,Feminine,5,2026-01-19 08:09:16
13436,Classic,4,2026-01-19 08:09:16
13436,Masculine,2,2026-01-19 08:09:16
13437,Feminine,35,2026-01-19 08:09:16
13437,Masculine,19,2026-01-19 08:09:16
13437,Classic,16,2026-01-19 08:09:16
13437,Modern,10,2026-01-19 08:09:16
13438,Feminine,62,2026-01-19 08:09:16
13438,Modern,38,2026-01-19 08:09:16
13438,Masculine,25,2026-01-19 08:09:16
13438,Classic,12,2026-01-19 08:09:16
13440,Masculine,1,2026-01-19 08:09:16
13440,Classic,1,2026-01-19 08:09:16
13441,Feminine,89,2026-01-19 08:09:16
13441,Classic,49,2026-01-19 08:09:16
13441,Masculine,28,2026-01-19 08:09:16
13441,Modern,19,2026-01-19 08:09:16
13443,Feminine,40,2026-01-19 08:09:16
13443,Modern,26,2026-01-19 08:09:16
13443,Classic,10,2026-01-19 08:09:16
13444,Feminine,5,2026-01-19 08:09:16
13444,Modern,3,2026-01-19 08:09:16
13444,Classic,1,2026-01-19 08:09:16
13446,Feminine,64,2026-01-19 08:09:16
13446,Modern,50,2026-01-19 08:09:16
13446,Masculine,6,2026-01-19 08:09:16
13447,Masculine,43,2026-01-19 08:09:16
13447,Classic,27,2026-01-19 08:09:16
13447,Modern,10,2026-01-19 08:09:16
13447,Feminine,5,2026-01-19 08:09:16
13449,Feminine,65,2026-01-19 08:09:16
13449,Modern,37,2026-01-19 08:09:16
13449,Classic,14,2026-01-19 08:09:16
13449,Masculine,12,2026-01-19 08:09:16
13451,Feminine,41,2026-01-19 08:09:16
13451,Classic,16,2026-01-19 08:09:16
13451,Modern,16,2026-01-19 08:09:16
13452,Feminine,3,2026-01-19 08:09:16
13452,Masculine,2,2026-01-19 08:09:16
13452,Classic,2,2026-01-19 08:09:16
13452,Modern,1,2026-01-19 08:09:16
13454,Feminine,47,2026-01-19 08:09:16
13454,Modern,27,2026-01-19 08:09:16
13454,Classic,21,2026-01-19 08:09:16
13454,Masculine,8,2026-01-19 08:09:16
13458,Feminine,33,2026-01-19 08:09:16
13458,Modern,20,2026-01-19 08:09:16
13458,Classic,5,2026-01-19 08:09:16
13460,Feminine,40,2026-01-19 08:09:16
13460,Modern,33,2026-01-19 08:09:16
13460,Classic,9,2026-01-19 08:09:16
13460,Masculine,5,2026-01-19 08:09:16
13462,Feminine,38,2026-01-19 08:09:16
13462,Classic,17,2026-01-19 08:09:16
13462,Modern,13,2026-01-19 08:09:16
13462,Masculine,10,2026-01-19 08:09:16
13463,Feminine,2,2026-01-19 08:09:16
13463,Modern,2,2026-01-19 08:09:16
13463,Masculine,1,2026-01-19 08:09:16
13463,Classic,1,2026-01-19 08:09:16
13464,Feminine,42,2026-01-19 08:09:16
13464,Modern,29,2026-01-19 08:09:16
13464,Classic,12,2026-01-19 08:09:16
13464,Masculine,8,2026-01-19 08:09:16
13466,Masculine,31,2026-01-19 08:09:16
13466,Modern,27,2026-01-19 08:09:16
13466,Classic,7,2026-01-19 08:09:16
13466,Feminine,5,2026-01-19 08:09:16
13468,Feminine,33,2026-01-19 08:09:16
13468,Modern,30,2026-01-19 08:09:16
13468,Masculine,21,2026-01-19 08:09:16
13470,Masculine,43,2026-01-19 08:09:16
13470,Classic,23,2026-01-19 08:09:16
13470,Modern,9,2026-01-19 08:09:16
13471,Masculine,1,2026-01-19 08:09:16
13471,Feminine,1,2026-01-19 08:09:16
13471,Classic,1,2026-01-19 08:09:16
13472,Feminine,33,2026-01-19 08:09:16
13472,Modern,23,2026-01-19 08:09:16
13472,Classic,7,2026-01-19 08:09:16
13472,Masculine,5,2026-01-19 08:09:16
13474,Feminine,37,2026-01-19 08:09:16
13474,Modern,18,2026-01-19 08:09:16
13474,Classic,10,2026-01-19 08:09:16
13474,Masculine,4,2026-01-19 08:09:16
13476,Feminine,32,2026-01-19 08:09:16
13476,Modern,25,2026-01-19 08:09:16
13476,Masculine,6,2026-01-19 08:09:16
13476,Classic,5,2026-01-19 08:09:16
13478,Feminine,40,2026-01-19 08:09:16
13478,Masculine,28,2026-01-19 08:09:16
13478,Classic,13,2026-01-19 08:09:16
13478,Modern,13,2026-01-19 08:09:16
13480,Feminine,25,2026-01-19 08:09:16
13480,Modern,13,2026-01-19 08:09:16
13480,Classic,9,2026-01-19 08:09:16
13483,Feminine,32,2026-01-19 08:09:16
13483,Modern,15,2026-01-19 08:09:16
13483,Classic,8,2026-01-19 08:09:16
13483,Masculine,3,2026-01-19 08:09:16
13484,Masculine,26,2026-01-19 08:09:16
13484,Classic,18,2026-01-19 08:09:16
13484,Modern,4,2026-01-19 08:09:16
13487,Feminine,29,2026-01-19 08:09:16
13487,Classic,18,2026-01-19 08:09:16
13487,Modern,9,2026-01-19 08:09:16
13487,Masculine,7,2026-01-19 08:09:16
13488,Masculine,26,2026-01-19 08:09:16
13488,Modern,17,2026-01-19 08:09:16
13488,Classic,6,2026-01-19 08:09:16
13489,Modern,1,2026-01-19 08:09:16
13491,Feminine,31,2026-01-19 08:09:16
13491,Classic,14,2026-01-19 08:09:16
13491,Modern,9,2026-01-19 08:09:16
13492,Feminine,24,2026-01-19 08:09:16
13492,Modern,15,2026-01-19 08:09:16
13495,Masculine,19,2026-01-19 08:09:16
13495,Modern,13,2026-01-19 08:09:16
13495,Classic,4,2026-01-19 08:09:16
13495,Feminine,2,2026-01-19 08:09:16
13496,Feminine,21,2026-01-19 08:09:16
13496,Modern,17,2026-01-19 08:09:16
13496,Classic,4,2026-01-19 08:09:16
13499,Feminine,27,2026-01-19 08:09:16
13499,Classic,10,2026-01-19 08:09:16
13499,Masculine,5,2026-01-19 08:09:16
13499,Modern,4,2026-01-19 08:09:16
13501,Feminine,14,2026-01-19 08:09:16
13501,Modern,7,2026-01-19 08:09:16
13501,Classic,6,2026-01-19 08:09:16
13503,Feminine,40,2026-01-19 08:09:16
13503,Classic,18,2026-01-19 08:09:16
13503,Masculine,13,2026-01-19 08:09:16
13503,Modern,7,2026-01-19 08:09:16
13507,Masculine,31,2026-01-19 08:09:16
13507,Feminine,23,2026-01-19 08:09:16
13507,Classic,15,2026-01-19 08:09:16
13507,Modern,9,2026-01-19 08:09:16
13510,Masculine,86,2026-01-19 08:09:16
13510,Classic,35,2026-01-19 08:09:16
13510,Feminine,26,2026-01-19 08:09:16
13510,Modern,24,2026-01-19 08:09:16
13511,Feminine,35,2026-01-19 08:09:16
13511,Modern,16,2026-01-19 08:09:16
13511,Classic,14,2026-01-19 08:09:16
13511,Masculine,11,2026-01-19 08:09:16
13514,Feminine,66,2026-01-19 08:09:16
13514,Masculine,50,2026-01-19 08:09:16
13514,Classic,30,2026-01-19 08:09:16
13514,Modern,22,2026-01-19 08:09:16
13515,Feminine,32,2026-01-19 08:09:16
13515,Classic,19,2026-01-19 08:09:16
13515,Modern,10,2026-01-19 08:09:16
13518,Feminine,57,2026-01-19 08:09:16
13518,Modern,26,2026-01-19 08:09:16
13518,Masculine,18,2026-01-19 08:09:16
13518,Classic,15,2026-01-19 08:09:16
13521,Feminine,29,2026-01-19 08:09:16
13521,Modern,17,2026-01-19 08:09:16
13521,Classic,7,2026-01-19 08:09:16
13522,Feminine,46,2026-01-19 08:09:16
13522,Modern,31,2026-01-19 08:09:16
13522,Classic,7,2026-01-19 08:09:16
13522,Masculine,5,2026-01-19 08:09:16
13523,Feminine,1,2026-01-19 08:09:16
13525,Feminine,35,2026-01-19 08:09:16
13525,Classic,16,2026-01-19 08:09:16
13525,Modern,13,2026-01-19 08:09:16
13525,Masculine,12,2026-01-19 08:09:16
13526,Masculine,63,2026-01-19 08:09:16
13526,Feminine,34,2026-01-19 08:09:16
13526,Classic,23,2026-01-19 08:09:16
13526,Modern,21,2026-01-19 08:09:16
13528,Feminine,28,2026-01-19 08:09:16
13528,Modern,18,2026-01-19 08:09:16
13528,Classic,11,2026-01-19 08:09:16
13530,Feminine,59,2026-01-19 08:09:16
13530,Modern,28,2026-01-19 08:09:16
13530,Classic,17,2026-01-19 08:09:16
13530,Masculine,13,2026-01-19 08:09:16
13532,Masculine,24,2026-01-19 08:09:16
13532,Classic,12,2026-01-19 08:09:16
13532,Modern,7,2026-01-19 08:09:16
13532,Feminine,3,2026-01-19 08:09:16
13534,Feminine,54,2026-01-19 08:09:16
13534,Modern,37,2026-01-19 08:09:16
13534,Classic,11,2026-01-19 08:09:16
13534,Masculine,8,2026-01-19 08:09:16
13536,Masculine,21,2026-01-19 08:09:16
13536,Classic,15,2026-01-19 08:09:16
13536,Modern,10,2026-01-19 08:09:16
13536,Feminine,4,2026-01-19 08:09:16
13538,Feminine,58,2026-01-19 08:09:16
13538,Modern,32,2026-01-19 08:09:16
13538,Classic,12,2026-01-19 08:09:16
13540,Feminine,25,2026-01-19 08:09:16
13540,Masculine,13,2026-01-19 08:09:16
13540,Classic,10,2026-01-19 08:09:16
13540,Modern,5,2026-01-19 08:09:16
13542,Masculine,36,2026-01-19 08:09:16
13542,Feminine,22,2026-01-19 08:09:16
13542,Classic,20,2026-01-19 08:09:16
13542,Modern,12,2026-01-19 08:09:16
13544,Feminine,22,2026-01-19 08:09:16
13544,Classic,9,2026-01-19 08:09:16
13544,Masculine,8,2026-01-19 08:09:16
13544,Modern,7,2026-01-19 08:09:16
13545,Feminine,43,2026-01-19 08:09:16
13545,Masculine,31,2026-01-19 08:09:16
13545,Modern,28,2026-01-19 08:09:16
13549,Masculine,50,2026-01-19 08:09:16
13549,Feminine,33,2026-01-19 08:09:16
13549,Modern,21,2026-01-19 08:09:16
13549,Classic,18,2026-01-19 08:09:16
13552,Masculine,17,2026-01-19 08:09:16
13552,Classic,13,2026-01-19 08:09:16
13552,Modern,6,2026-01-19 08:09:16
13552,Feminine,4,2026-01-19 08:09:16
13553,Feminine,49,2026-01-19 08:09:16
13553,Masculine,42,2026-01-19 08:09:16
13553,Classic,23,2026-01-19 08:09:16
13553,Modern,18,2026-01-19 08:09:16
13556,Feminine,23,2026-01-19 08:09:16
13556,Modern,11,2026-01-19 08:09:16
13556,Classic,5,2026-01-19 08:09:16
13557,Feminine,39,2026-01-19 08:09:16
13557,Masculine,33,2026-01-19 08:09:16
13557,Modern,18,2026-01-19 08:09:16
13557,Classic,15,2026-01-19 08:09:16
13558,Masculine,270,2026-01-19 08:09:16
13558,Modern,147,2026-01-19 08:09:16
13558,Classic,108,2026-01-19 08:09:16
13561,Masculine,55,2026-01-19 08:09:16
13561,Feminine,31,2026-01-19 08:09:16
13561,Modern,22,2026-01-19 08:09:16
13561,Classic,20,2026-01-19 08:09:16
13563,Feminine,28,2026-01-19 08:09:16
13563,Classic,15,2026-01-19 08:09:16
13563,Modern,12,2026-01-19 08:09:16
13563,Masculine,8,2026-01-19 08:09:16
13564,Masculine,153,2026-01-19 08:09:16
13564,Modern,100,2026-01-19 08:09:16
13564,Classic,56,2026-01-19 08:09:16
13564,Feminine,38,2026-01-19 08:09:16
13565,Masculine,33,2026-01-19 08:09:16
13565,Feminine,30,2026-01-19 08:09:16
13565,Modern,21,2026-01-19 08:09:16
13565,Classic,8,2026-01-19 08:09:16
13567,Feminine,22,2026-01-19 08:09:16
13567,Classic,12,2026-01-19 08:09:16
13567,Modern,4,2026-01-19 08:09:16
13567,Masculine,2,2026-01-19 08:09:16
13568,Masculine,110,2026-01-19 08:09:16
13568,Modern,64,2026-01-19 08:09:16
13568,Classic,42,2026-01-19 08:09:16
13568,Feminine,12,2026-01-19 08:09:16
13569,Feminine,41,2026-01-19 08:09:16
13569,Masculine,39,2026-01-19 08:09:16
13569,Classic,18,2026-01-19 08:09:16
13569,Modern,14,2026-01-19 08:09:16
13571,Masculine,18,2026-01-19 08:09:16
13571,Modern,10,2026-01-19 08:09:16
13571,Feminine,6,2026-01-19 08:09:16
13571,Classic,4,2026-01-19 08:09:16
13572,Feminine,99,2026-01-19 08:09:16
13572,Modern,59,2026-01-19 08:09:16
13572,Classic,25,2026-01-19 08:09:16
13573,Feminine,49,2026-01-19 08:09:16
13573,Masculine,43,2026-01-19 08:09:16
13573,Modern,20,2026-01-19 08:09:16
13573,Classic,18,2026-01-19 08:09:16
13575,Masculine,23,2026-01-19 08:09:16
13575,Feminine,15,2026-01-19 08:09:16
13575,Classic,11,2026-01-19 08:09:16
13575,Modern,5,2026-01-19 08:09:16
13577,Masculine,45,2026-01-19 08:09:16
13577,Feminine,39,2026-01-19 08:09:16
13577,Classic,20,2026-01-19 08:09:16
13577,Modern,12,2026-01-19 08:09:16
13579,Feminine,23,2026-01-19 08:09:16
13579,Classic,9,2026-01-19 08:09:16
13579,Modern,8,2026-01-19 08:09:16
13580,Feminine,81,2026-01-19 08:09:16
13580,Modern,40,2026-01-19 08:09:16
13580,Classic,19,2026-01-19 08:09:16
13581,Feminine,38,2026-01-19 08:09:16
13581,Modern,26,2026-01-19 08:09:16
13581,Masculine,14,2026-01-19 08:09:16
13581,Classic,12,2026-01-19 08:09:16
13583,Feminine,19,2026-01-19 08:09:16
13583,Modern,13,2026-01-19 08:09:16
13583,Classic,7,2026-01-19 08:09:16
13584,Masculine,42,2026-01-19 08:09:16
13584,Modern,25,2026-01-19 08:09:16
13584,Classic,16,2026-01-19 08:09:16
13585,Feminine,22,2026-01-19 08:09:16
13585,Modern,16,2026-01-19 08:09:16
13585,Classic,3,2026-01-19 08:09:16
13587,Masculine,27,2026-01-19 08:09:16
13587,Classic,14,2026-01-19 08:09:16
13587,Modern,14,2026-01-19 08:09:16
13588,Masculine,54,2026-01-19 08:09:16
13588,Modern,42,2026-01-19 08:09:16
13588,Classic,17,2026-01-19 08:09:16
13588,Feminine,6,2026-01-19 08:09:16
13589,Feminine,15,2026-01-19 08:09:16
13589,Modern,13,2026-01-19 08:09:16
13589,Classic,5,2026-01-19 08:09:16
13591,Feminine,21,2026-01-19 08:09:16
13591,Modern,15,2026-01-19 08:09:16
13591,Classic,7,2026-01-19 08:09:16
13592,Feminine,72,2026-01-19 08:09:16
13592,Masculine,58,2026-01-19 08:09:16
13592,Classic,33,2026-01-19 08:09:16
13592,Modern,24,2026-01-19 08:09:16
13593,Feminine,15,2026-01-19 08:09:16
13593,Modern,6,2026-01-19 08:09:16
13593,Classic,5,2026-01-19 08:09:16
13595,Masculine,16,2026-01-19 08:09:16
13595,Classic,8,2026-01-19 08:09:16
13595,Modern,8,2026-01-19 08:09:16
13595,Feminine,3,2026-01-19 08:09:16
13596,Feminine,69,2026-01-19 08:09:16
13596,Modern,37,2026-01-19 08:09:16
13596,Classic,9,2026-01-19 08:09:16
13599,Masculine,8,2026-01-19 08:09:16
13599,Classic,8,2026-01-19 08:09:16
13599,Modern,3,2026-01-19 08:09:16
13600,Modern,7,2026-01-19 08:09:16
13600,Masculine,6,2026-01-19 08:09:16
13600,Feminine,6,2026-01-19 08:09:16
13600,Classic,2,2026-01-19 08:09:16
13601,Feminine,63,2026-01-19 08:09:16
13601,Modern,26,2026-01-19 08:09:16
13601,Classic,19,2026-01-19 08:09:16
13603,Feminine,13,2026-01-19 08:09:16
13603,Classic,9,2026-01-19 08:09:16
13603,Modern,4,2026-01-19 08:09:16
13604,Masculine,44,2026-01-19 08:09:16
13604,Modern,29,2026-01-19 08:09:16
13604,Classic,21,2026-01-19 08:09:16
13605,Masculine,6,2026-01-19 08:09:16
13605,Modern,5,2026-01-19 08:09:16
13605,Classic,2,2026-01-19 08:09:16
13605,Feminine,1,2026-01-19 08:09:16
13607,Feminine,17,2026-01-19 08:09:16
13607,Classic,10,2026-01-19 08:09:16
13607,Masculine,8,2026-01-19 08:09:16
13607,Modern,5,2026-01-19 08:09:16
13608,Masculine,43,2026-01-19 08:09:16
13608,Modern,28,2026-01-19 08:09:16
13608,Classic,12,2026-01-19 08:09:16
13608,Feminine,7,2026-01-19 08:09:16
13609,Feminine,10,2026-01-19 08:09:16
13609,Modern,5,2026-01-19 08:09:16
13609,Classic,2,2026-01-19 08:09:16
13611,Feminine,17,2026-01-19 08:09:16
13611,Classic,5,2026-01-19 08:09:16
13611,Modern,5,2026-01-19 08:09:16
13612,Feminine,8,2026-01-19 08:09:16
13612,Modern,4,2026-01-19 08:09:16
13612,Classic,3,2026-01-19 08:09:16
13613,Feminine,38,2026-01-19 08:09:16
13613,Modern,20,2026-01-19 08:09:16
13613,Classic,12,2026-01-19 08:09:16
13615,Feminine,13,2026-01-19 08:09:16
13615,Modern,4,2026-01-19 08:09:16
13615,Classic,3,2026-01-19 08:09:16
13615,Masculine,1,2026-01-19 08:09:16
13616,Feminine,6,2026-01-19 08:09:16
13616,Modern,5,2026-01-19 08:09:16
13616,Classic,3,2026-01-19 08:09:16
13619,Masculine,14,2026-01-19 08:09:16
13619,Modern,12,2026-01-19 08:09:16
13619,Classic,4,2026-01-19 08:09:16
13619,Feminine,2,2026-01-19 08:09:16
13622,Masculine,32,2026-01-19 08:09:16
13622,Classic,15,2026-01-19 08:09:16
13622,Modern,11,2026-01-19 08:09:16
13623,Masculine,10,2026-01-19 08:09:16
13623,Modern,6,2026-01-19 08:09:16
13623,Classic,5,2026-01-19 08:09:16
13626,Masculine,24,2026-01-19 08:09:16
13626,Modern,18,2026-01-19 08:09:16
13626,Classic,10,2026-01-19 08:09:16
13628,Feminine,9,2026-01-19 08:09:16
13628,Classic,6,2026-01-19 08:09:16
13628,Modern,5,2026-01-19 08:09:16
13630,Feminine,37,2026-01-19 08:09:16
13630,Masculine,22,2026-01-19 08:09:16
13630,Modern,12,2026-01-19 08:09:16
13630,Classic,11,2026-01-19 08:09:16
13632,Feminine,14,2026-01-19 08:09:16
13632,Classic,9,2026-01-19 08:09:16
13632,Modern,5,2026-01-19 08:09:16
13632,Masculine,2,2026-01-19 08:09:16
13634,Masculine,19,2026-01-19 08:09:16
13634,Modern,8,2026-01-19 08:09:16
13634,Classic,5,2026-01-19 08:09:16
13636,Feminine,12,2026-01-19 08:09:16
13636,Classic,6,2026-01-19 08:09:16
13636,Masculine,3,2026-01-19 08:09:16
13636,Modern,2,2026-01-19 08:09:16
13638,Feminine,42,2026-01-19 08:09:16
13638,Modern,17,2026-01-19 08:09:16
13638,Classic,14,2026-01-19 08:09:16
13640,Feminine,17,2026-01-19 08:09:16
13640,Masculine,9,2026-01-19 08:09:16
13640,Classic,8,2026-01-19 08:09:16
13640,Modern,6,2026-01-19 08:09:16
13642,Masculine,37,2026-01-19 08:09:16
13642,Classic,20,2026-01-19 08:09:16
13642,Feminine,18,2026-01-19 08:09:16
13642,Modern,12,2026-01-19 08:09:16
13643,Feminine,38,2026-01-19 08:09:16
13643,Masculine,33,2026-01-19 08:09:16
13643,Classic,20,2026-01-19 08:09:16
13643,Modern,19,2026-01-19 08:09:16
13644,Feminine,10,2026-01-19 08:09:16
13644,Classic,7,2026-01-19 08:09:16
13644,Masculine,5,2026-01-19 08:09:16
13644,Modern,4,2026-01-19 08:09:16
13646,Feminine,38,2026-01-19 08:09:16
13646,Masculine,31,2026-01-19 08:09:16
13646,Classic,14,2026-01-19 08:09:16
13646,Modern,12,2026-01-19 08:09:16
13647,Masculine,46,2026-01-19 08:09:16
13647,Feminine,18,2026-01-19 08:09:16
13647,Classic,18,2026-01-19 08:09:16
13647,Modern,13,2026-01-19 08:09:16
13648,Feminine,10,2026-01-19 08:09:16
13648,Classic,7,2026-01-19 08:09:16
13648,Modern,6,2026-01-19 08:09:16
13648,Masculine,2,2026-01-19 08:09:16
13650,Feminine,32,2026-01-19 08:09:16
13650,Modern,11,2026-01-19 08:09:16
13650,Classic,10,2026-01-19 08:09:16
13650,Masculine,7,2026-01-19 08:09:16
13651,Feminine,31,2026-01-19 08:09:16
13651,Masculine,16,2026-01-19 08:09:16
13651,Classic,16,2026-01-19 08:09:16
13651,Modern,13,2026-01-19 08:09:16
13652,Feminine,8,2026-01-19 08:09:16
13652,Classic,3,2026-01-19 08:09:16
13652,Modern,2,2026-01-19 08:09:16
13655,Masculine,17,2026-01-19 08:09:16
13655,Classic,9,2026-01-19 08:09:16
13655,Modern,7,2026-01-19 08:09:16
13656,Feminine,15,2026-01-19 08:09:16
13656,Modern,5,2026-01-19 08:09:16
13656,Classic,4,2026-01-19 08:09:16
13659,Feminine,44,2026-01-19 08:09:16
13659,Modern,23,2026-01-19 08:09:16
13659,Classic,11,2026-01-19 08:09:16
13659,Masculine,9,2026-01-19 08:09:16
13660,Feminine,34,2026-01-19 08:09:16
13660,Classic,17,2026-01-19 08:09:16
13660,Modern,14,2026-01-19 08:09:16
13660,Masculine,5,2026-01-19 08:09:16
13661,Feminine,14,2026-01-19 08:09:16
13661,Modern,10,2026-01-19 08:09:16
13661,Classic,2,2026-01-19 08:09:16
13663,Masculine,24,2026-01-19 08:09:16
13663,Modern,11,2026-01-19 08:09:16
13663,Classic,6,2026-01-19 08:09:16
13663,Feminine,2,2026-01-19 08:09:16
13664,Feminine,31,2026-01-19 08:09:16
13664,Masculine,23,2026-01-19 08:09:16
13664,Modern,20,2026-01-19 08:09:16
13664,Classic,10,2026-01-19 08:09:16
13665,Masculine,6,2026-01-19 08:09:16
13665,Feminine,6,2026-01-19 08:09:16
13665,Classic,3,2026-01-19 08:09:16
13665,Modern,2,2026-01-19 08:09:16
13667,Feminine,52,2026-01-19 08:09:16
13667,Masculine,35,2026-01-19 08:09:16
13667,Classic,24,2026-01-19 08:09:16
13667,Modern,17,2026-01-19 08:09:16
13668,Feminine,10,2026-01-19 08:09:16
13668,Classic,5,2026-01-19 08:09:16
13668,Modern,5,2026-01-19 08:09:16
13669,Feminine,28,2026-01-19 08:09:16
13669,Modern,14,2026-01-19 08:09:16
13669,Classic,10,2026-01-19 08:09:16
13669,Masculine,9,2026-01-19 08:09:16
13671,Feminine,36,2026-01-19 08:09:16
13671,Modern,24,2026-01-19 08:09:16
13671,Masculine,5,2026-01-19 08:09:16
13672,Masculine,11,2026-01-19 08:09:16
13672,Feminine,7,2026-01-19 08:09:16
13672,Classic,7,2026-01-19 08:09:16
13672,Modern,6,2026-01-19 08:09:16
13673,Masculine,15,2026-01-19 08:09:16
13673,Modern,11,2026-01-19 08:09:16
13673,Classic,6,2026-01-19 08:09:16
13673,Feminine,3,2026-01-19 08:09:16
13675,Feminine,40,2026-01-19 08:09:16
13675,Modern,17,2026-01-19 08:09:16
13675,Classic,16,2026-01-19 08:09:16
13675,Masculine,4,2026-01-19 08:09:16
13676,Masculine,3,2026-01-19 08:09:16
13676,Classic,3,2026-01-19 08:09:16
13676,Modern,2,2026-01-19 08:09:16
13677,Feminine,29,2026-01-19 08:09:16
13677,Modern,15,2026-01-19 08:09:16
13677,Masculine,3,2026-01-19 08:09:16
13677,Classic,3,2026-01-19 08:09:16
13679,Feminine,6,2026-01-19 08:09:16
13679,Modern,5,2026-01-19 08:09:16
13679,Classic,4,2026-01-19 08:09:16
13680,Feminine,32,2026-01-19 08:09:16
13680,Modern,17,2026-01-19 08:09:16
13680,Masculine,5,2026-01-19 08:09:16
13680,Classic,5,2026-01-19 08:09:16
13681,Masculine,13,2026-01-19 08:09:16
13681,Modern,6,2026-01-19 08:09:16
13681,Classic,3,2026-01-19 08:09:16
13681,Feminine,1,2026-01-19 08:09:16
13683,Masculine,7,2026-01-19 08:09:16
13683,Feminine,3,2026-01-19 08:09:16
13683,Classic,3,2026-01-19 08:09:16
13683,Modern,3,2026-01-19 08:09:16
13685,Feminine,25,2026-01-19 08:09:16
13685,Modern,11,2026-01-19 08:09:16
13685,Classic,8,2026-01-19 08:09:16
13687,Feminine,9,2026-01-19 08:09:16
13687,Classic,6,2026-01-19 08:09:16
13687,Modern,5,2026-01-19 08:09:16
13687,Masculine,1,2026-01-19 08:09:16
13688,Masculine,43,2026-01-19 08:09:16
13688,Feminine,27,2026-01-19 08:09:16
13688,Classic,19,2026-01-19 08:09:16
13688,Modern,11,2026-01-19 08:09:16
13689,Masculine,18,2026-01-19 08:09:16
13689,Feminine,17,2026-01-19 08:09:16
13689,Modern,11,2026-01-19 08:09:16
13689,Classic,10,2026-01-19 08:09:16
13691,Masculine,9,2026-01-19 08:09:16
13691,Modern,8,2026-01-19 08:09:16
13691,Classic,6,2026-01-19 08:09:16
13692,Feminine,30,2026-01-19 08:09:16
13692,Masculine,21,2026-01-19 08:09:16
13692,Modern,17,2026-01-19 08:09:16
13692,Classic,5,2026-01-19 08:09:16
13695,Masculine,11,2026-01-19 08:09:16
13695,Feminine,9,2026-01-19 08:09:16
13695,Classic,8,2026-01-19 08:09:16
13695,Modern,6,2026-01-19 08:09:16
13696,Masculine,37,2026-01-19 08:09:16
13696,Classic,17,2026-01-19 08:09:16
13696,Feminine,11,2026-01-19 08:09:16
13696,Modern,10,2026-01-19 08:09:16
13697,Masculine,17,2026-01-19 08:09:16
13697,Feminine,15,2026-01-19 08:09:16
13697,Modern,7,2026-01-19 08:09:16
13697,Classic,4,2026-01-19 08:09:16
13699,Masculine,35,2026-01-19 08:09:16
13699,Feminine,31,2026-01-19 08:09:16
13699,Classic,16,2026-01-19 08:09:16
13699,Modern,7,2026-01-19 08:09:16
13700,Masculine,12,2026-01-19 08:09:16
13700,Classic,7,2026-01-19 08:09:16
13700,Modern,5,2026-01-19 08:09:16
13701,Feminine,17,2026-01-19 08:09:16
13701,Modern,12,2026-01-19 08:09:16
13701,Classic,6,2026-01-19 08:09:16
13703,Masculine,37,2026-01-19 08:09:16
13703,Feminine,26,2026-01-19 08:09:16
13703,Classic,21,2026-01-19 08:09:16
13703,Modern,14,2026-01-19 08:09:16
13705,Feminine,18,2026-01-19 08:09:16
13705,Modern,13,2026-01-19 08:09:16
13705,Classic,5,2026-01-19 08:09:16
13705,Masculine,2,2026-01-19 08:09:16
13707,Masculine,26,2026-01-19 08:09:16
13707,Modern,14,2026-01-19 08:09:16
13707,Classic,10,2026-01-19 08:09:16
13707,Feminine,5,2026-01-19 08:09:16
13708,Masculine,11,2026-01-19 08:09:16
13708,Classic,6,2026-01-19 08:09:16
13708,Modern,4,2026-01-19 08:09:16
13708,Feminine,2,2026-01-19 08:09:16
13709,Masculine,18,2026-01-19 08:09:16
13709,Modern,11,2026-01-19 08:09:16
13709,Feminine,3,2026-01-19 08:09:16
13709,Classic,3,2026-01-19 08:09:16
13710,Feminine,1,2026-01-19 08:09:16
13710,Modern,1,2026-01-19 08:09:16
13711,Feminine,7,2026-01-19 08:09:16
13711,Modern,5,2026-01-19 08:09:16
13711,Classic,4,2026-01-19 08:09:16
13712,Masculine,41,2026-01-19 08:09:16
13712,Feminine,41,2026-01-19 08:09:16
13712,Classic,23,2026-01-19 08:09:16
13712,Modern,11,2026-01-19 08:09:16
13713,Feminine,15,2026-01-19 08:09:16
13713,Modern,10,2026-01-19 08:09:16
13713,Classic,3,2026-01-19 08:09:16
13715,Feminine,7,2026-01-19 08:09:16
13715,Classic,3,2026-01-19 08:09:16
13715,Modern,3,2026-01-19 08:09:16
13715,Masculine,1,2026-01-19 08:09:16
13716,Feminine,36,2026-01-19 08:09:16
13716,Masculine,20,2026-01-19 08:09:16
13716,Modern,19,2026-01-19 08:09:16
13716,Classic,17,2026-01-19 08:09:16
13720,Feminine,8,2026-01-19 08:09:16
13720,Modern,8,2026-01-19 08:09:16
13720,Classic,5,2026-01-19 08:09:16
13722,Masculine,30,2026-01-19 08:09:16
13722,Feminine,27,2026-01-19 08:09:16
13722,Modern,20,2026-01-19 08:09:16
13722,Classic,14,2026-01-19 08:09:16
13723,Feminine,20,2026-01-19 08:09:16
13723,Classic,9,2026-01-19 08:09:16
13723,Masculine,6,2026-01-19 08:09:16
13723,Modern,6,2026-01-19 08:09:16
13724,Feminine,5,2026-01-19 08:09:16
13724,Classic,2,2026-01-19 08:09:16
13724,Modern,2,2026-01-19 08:09:16
13726,Feminine,49,2026-01-19 08:09:16
13726,Masculine,30,2026-01-19 08:09:16
13726,Classic,27,2026-01-19 08:09:16
13726,Modern,13,2026-01-19 08:09:16
13727,Feminine,17,2026-01-19 08:09:16
13727,Modern,8,2026-01-19 08:09:16
13727,Classic,6,2026-01-19 08:09:16
13728,Masculine,5,2026-01-19 08:09:16
13728,Feminine,2,2026-01-19 08:09:16
13728,Classic,2,2026-01-19 08:09:16
13728,Modern,2,2026-01-19 08:09:16
13730,Feminine,41,2026-01-19 08:09:16
13730,Modern,21,2026-01-19 08:09:16
13730,Classic,16,2026-01-19 08:09:16
13730,Masculine,7,2026-01-19 08:09:16
13731,Feminine,11,2026-01-19 08:09:16
13731,Classic,3,2026-01-19 08:09:16
13731,Modern,3,2026-01-19 08:09:16
13731,Masculine,1,2026-01-19 08:09:16
13732,Feminine,12,2026-01-19 08:09:16
13732,Modern,11,2026-01-19 08:09:16
13732,Classic,5,2026-01-19 08:09:16
13734,Masculine,36,2026-01-19 08:09:16
13734,Feminine,25,2026-01-19 08:09:16
13734,Classic,12,2026-01-19 08:09:16
13734,Modern,9,2026-01-19 08:09:16
13735,Feminine,15,2026-01-19 08:09:16
13735,Modern,7,2026-01-19 08:09:16
13735,Classic,6,2026-01-19 08:09:16
13736,Feminine,6,2026-01-19 08:09:16
13736,Modern,3,2026-01-19 08:09:16
13736,Classic,2,2026-01-19 08:09:16
13738,Masculine,24,2026-01-19 08:09:16
13738,Feminine,20,2026-01-19 08:09:16
13738,Modern,17,2026-01-19 08:09:16
13738,Classic,3,2026-01-19 08:09:16
13739,Feminine,16,2026-01-19 08:09:16
13739,Masculine,8,2026-01-19 08:09:16
13739,Modern,7,2026-01-19 08:09:16
13739,Classic,6,2026-01-19 08:09:16
13740,Feminine,6,2026-01-19 08:09:16
13740,Classic,4,2026-01-19 08:09:16
13740,Masculine,2,2026-01-19 08:09:16
13740,Modern,2,2026-01-19 08:09:16
13743,Masculine,22,2026-01-19 08:09:16
13743,Feminine,16,2026-01-19 08:09:16
13743,Classic,11,2026-01-19 08:09:16
13743,Modern,11,2026-01-19 08:09:16
13744,Feminine,18,2026-01-19 08:09:16
13744,Modern,13,2026-01-19 08:09:16
13744,Classic,5,2026-01-19 08:09:16
13746,Feminine,5,2026-01-19 08:09:16
13746,Modern,3,2026-01-19 08:09:16
13746,Classic,2,2026-01-19 08:09:16
13749,Masculine,21,2026-01-19 08:09:16
13749,Classic,15,2026-01-19 08:09:16
13749,Feminine,6,2026-01-19 08:09:16
13749,Modern,5,2026-01-19 08:09:16
13750,Feminine,5,2026-01-19 08:09:16
13750,Classic,2,2026-01-19 08:09:16
13750,Modern,2,2026-01-19 08:09:16
13751,Masculine,7,2026-01-19 08:09:16
13751,Classic,4,2026-01-19 08:09:16
13751,Modern,4,2026-01-19 08:09:16
13754,Feminine,4,2026-01-19 08:09:16
13754,Classic,4,2026-01-19 08:09:16
13754,Modern,4,2026-01-19 08:09:16
13755,Masculine,7,2026-01-19 08:09:16
13755,Modern,4,2026-01-19 08:09:16
13755,Feminine,2,2026-01-19 08:09:16
13755,Classic,2,2026-01-19 08:09:16
13757,Feminine,31,2026-01-19 08:09:16
13757,Modern,19,2026-01-19 08:09:16
13757,Classic,8,2026-01-19 08:09:16
13757,Masculine,6,2026-01-19 08:09:16
13758,Masculine,8,2026-01-19 08:09:16
13758,Classic,4,2026-01-19 08:09:16
13758,Modern,4,2026-01-19 08:09:16
13758,Feminine,1,2026-01-19 08:09:16
13759,Masculine,7,2026-01-19 08:09:16
13759,Feminine,6,2026-01-19 08:09:16
13759,Modern,5,2026-01-19 08:09:16
13759,Classic,3,2026-01-19 08:09:16
13761,Feminine,43,2026-01-19 08:09:16
13761,Masculine,27,2026-01-19 08:09:16
13761,Classic,17,2026-01-19 08:09:16
13761,Modern,10,2026-01-19 08:09:16
13762,Masculine,7,2026-01-19 08:09:16
13762,Classic,5,2026-01-19 08:09:16
13762,Modern,3,2026-01-19 08:09:16
13762,Feminine,1,2026-01-19 08:09:16
13763,Feminine,16,2026-01-19 08:09:16
13763,Modern,9,2026-01-19 08:09:16
13763,Classic,5,2026-01-19 08:09:16
13765,Masculine,33,2026-01-19 08:09:16
13765,Feminine,30,2026-01-19 08:09:16
13765,Modern,23,2026-01-19 08:09:16
13765,Classic,17,2026-01-19 08:09:16
13767,Feminine,10,2026-01-19 08:09:16
13767,Classic,4,2026-01-19 08:09:16
13767,Modern,4,2026-01-19 08:09:16
13769,Masculine,30,2026-01-19 08:09:16
13769,Feminine,14,2026-01-19 08:09:16
13769,Modern,11,2026-01-19 08:09:16
13769,Classic,9,2026-01-19 08:09:16
13770,Feminine,4,2026-01-19 08:09:16
13770,Modern,4,2026-01-19 08:09:16
13770,Classic,3,2026-01-19 08:09:16
13771,Masculine,10,2026-01-19 08:09:16
13771,Feminine,9,2026-01-19 08:09:16
13771,Modern,5,2026-01-19 08:09:16
13771,Classic,4,2026-01-19 08:09:16
13773,Masculine,35,2026-01-19 08:09:16
13773,Feminine,34,2026-01-19 08:09:16
13773,Modern,14,2026-01-19 08:09:16
13773,Classic,10,2026-01-19 08:09:16
13779,Feminine,11,2026-01-19 08:09:16
13779,Modern,7,2026-01-19 08:09:16
13779,Classic,1,2026-01-19 08:09:16
13781,Masculine,39,2026-01-19 08:09:16
13781,Feminine,23,2026-01-19 08:09:16
13781,Classic,11,2026-01-19 08:09:16
13781,Modern,11,2026-01-19 08:09:16
13783,Feminine,4,2026-01-19 08:09:16
13783,Classic,2,2026-01-19 08:09:16
13783,Modern,2,2026-01-19 08:09:16
13784,Feminine,26,2026-01-19 08:09:16
13784,Masculine,24,2026-01-19 08:09:16
13784,Classic,13,2026-01-19 08:09:16
13784,Modern,9,2026-01-19 08:09:16
13786,Feminine,10,2026-01-19 08:09:16
13786,Modern,8,2026-01-19 08:09:16
13786,Classic,1,2026-01-19 08:09:16
13788,Feminine,29,2026-01-19 08:09:16
13788,Modern,13,2026-01-19 08:09:16
13788,Classic,12,2026-01-19 08:09:16
13788,Masculine,3,2026-01-19 08:09:16
13790,Feminine,11,2026-01-19 08:09:16
13790,Modern,3,2026-01-19 08:09:16
13790,Classic,1,2026-01-19 08:09:16
13792,Feminine,38,2026-01-19 08:09:16
13792,Classic,12,2026-01-19 08:09:16
13792,Masculine,11,2026-01-19 08:09:16
13792,Modern,10,2026-01-19 08:09:16
13794,Masculine,4,2026-01-19 08:09:16
13794,Modern,4,2026-01-19 08:09:16
13794,Classic,1,2026-01-19 08:09:16
13795,Masculine,5,2026-01-19 08:09:16
13795,Classic,3,2026-01-19 08:09:16
13795,Feminine,2,2026-01-19 08:09:16
13795,Modern,2,2026-01-19 08:09:16
13796,Masculine,16,2026-01-19 08:09:16
13796,Feminine,8,2026-01-19 08:09:16
13796,Classic,8,2026-01-19 08:09:16
13796,Modern,3,2026-01-19 08:09:16
13798,Feminine,12,2026-01-19 08:09:16
13798,Classic,10,2026-01-19 08:09:16
13798,Masculine,8,2026-01-19 08:09:16
13798,Modern,8,2026-01-19 08:09:16
13799,Masculine,5,2026-01-19 08:09:16
13799,Feminine,3,2026-01-19 08:09:16
13799,Classic,3,2026-01-19 08:09:16
13799,Modern,2,2026-01-19 08:09:16
13800,Feminine,25,2026-01-19 08:09:16
13800,Modern,16,2026-01-19 08:09:16
13800,Classic,7,2026-01-19 08:09:16
13800,Masculine,5,2026-01-19 08:09:16
13802,Feminine,6,2026-01-19 08:09:16
13802,Masculine,4,2026-01-19 08:09:16
13802,Classic,4,2026-01-19 08:09:16
13802,Modern,4,2026-01-19 08:09:16
13803,Feminine,4,2026-01-19 08:09:16
13803,Classic,3,2026-01-19 08:09:16
13805,Feminine,27,2026-01-19 08:09:16
13805,Modern,13,2026-01-19 08:09:16
13805,Classic,6,2026-01-19 08:09:16
13805,Masculine,4,2026-01-19 08:09:16
13806,Masculine,5,2026-01-19 08:09:16
13806,Feminine,3,2026-01-19 08:09:16
13806,Classic,2,2026-01-19 08:09:16
13806,Modern,1,2026-01-19 08:09:16
13807,Masculine,5,2026-01-19 08:09:16
13807,Classic,3,2026-01-19 08:09:16
13807,Modern,3,2026-01-19 08:09:16
13807,Feminine,1,2026-01-19 08:09:16
13809,Masculine,15,2026-01-19 08:09:16
13809,Feminine,9,2026-01-19 08:09:16
13809,Classic,8,2026-01-19 08:09:16
13809,Modern,3,2026-01-19 08:09:16
13810,Feminine,7,2026-01-19 08:09:16
13810,Classic,3,2026-01-19 08:09:16
13810,Masculine,2,2026-01-19 08:09:16
13810,Modern,2,2026-01-19 08:09:16
13811,Feminine,5,2026-01-19 08:09:16
13811,Modern,4,2026-01-19 08:09:16
13811,Classic,3,2026-01-19 08:09:16
13811,Masculine,2,2026-01-19 08:09:16
13813,Feminine,29,2026-01-19 08:09:16
13813,Classic,8,2026-01-19 08:09:16
13813,Masculine,6,2026-01-19 08:09:16
13813,Modern,5,2026-01-19 08:09:16
13814,Feminine,10,2026-01-19 08:09:16
13814,Modern,8,2026-01-19 08:09:16
13814,Classic,2,2026-01-19 08:09:16
13815,Feminine,6,2026-01-19 08:09:16
13815,Modern,4,2026-01-19 08:09:16
13815,Classic,3,2026-01-19 08:09:16
13815,Masculine,1,2026-01-19 08:09:16
13817,Masculine,36,2026-01-19 08:09:16
13817,Feminine,17,2026-01-19 08:09:16
13817,Classic,15,2026-01-19 08:09:16
13817,Modern,13,2026-01-19 08:09:16
13818,Feminine,6,2026-01-19 08:09:16
13818,Modern,5,2026-01-19 08:09:16
13818,Classic,1,2026-01-19 08:09:16
13822,Masculine,4,2026-01-19 08:09:16
13822,Modern,4,2026-01-19 08:09:16
13823,Feminine,6,2026-01-19 08:09:16
13823,Classic,5,2026-01-19 08:09:16
13823,Modern,5,2026-01-19 08:09:16
13825,Masculine,25,2026-01-19 08:09:16
13825,Feminine,25,2026-01-19 08:09:16
13825,Classic,11,2026-01-19 08:09:16
13825,Modern,8,2026-01-19 08:09:16
13826,Feminine,5,2026-01-19 08:09:16
13826,Modern,4,2026-01-19 08:09:16
13826,Masculine,1,2026-01-19 08:09:16
13827,Masculine,2,2026-01-19 08:09:16
13827,Feminine,2,2026-01-19 08:09:16
13827,Classic,2,2026-01-19 08:09:16
13827,Modern,2,2026-01-19 08:09:16
13829,Feminine,28,2026-01-19 08:09:16
13829,Masculine,17,2026-01-19 08:09:16
13829,Classic,12,2026-01-19 08:09:16
13829,Modern,8,2026-01-19 08:09:16
13830,Masculine,2,2026-01-19 08:09:16
13830,Feminine,2,2026-01-19 08:09:16
13830,Modern,1,2026-01-19 08:09:16
13833,Feminine,25,2026-01-19 08:09:16
13833,Masculine,18,2026-01-19 08:09:16
13833,Classic,7,2026-01-19 08:09:16
13833,Modern,7,2026-01-19 08:09:16
13834,Feminine,5,2026-01-19 08:09:16
13834,Classic,3,2026-01-19 08:09:16
13834,Masculine,1,2026-01-19 08:09:16
13835,Feminine,3,2026-01-19 08:09:16
13835,Classic,3,2026-01-19 08:09:16
13835,Modern,3,2026-01-19 08:09:16
13835,Masculine,1,2026-01-19 08:09:16
13837,Feminine,8,2026-01-19 08:09:16
13837,Classic,3,2026-01-19 08:09:16
13837,Modern,3,2026-01-19 08:09:16
13841,Masculine,18,2026-01-19 08:09:16
13841,Classic,10,2026-01-19 08:09:16
13841,Feminine,9,2026-01-19 08:09:16
13841,Modern,7,2026-01-19 08:09:16
13842,Feminine,8,2026-01-19 08:09:16
13842,Classic,4,2026-01-19 08:09:16
13842,Modern,3,2026-01-19 08:09:16
13843,Feminine,8,2026-01-19 08:09:16
13843,Modern,4,2026-01-19 08:09:16
13843,Classic,2,2026-01-19 08:09:16
13845,Feminine,26,2026-01-19 08:09:16
13845,Modern,11,2026-01-19 08:09:16
13845,Classic,9,2026-01-19 08:09:16
13845,Masculine,3,2026-01-19 08:09:16
13846,Feminine,9,2026-01-19 08:09:16
13846,Classic,4,2026-01-19 08:09:16
13846,Modern,4,2026-01-19 08:09:16
13847,Masculine,3,2026-01-19 08:09:16
13847,Feminine,3,2026-01-19 08:09:16
13847,Classic,2,2026-01-19 08:09:16
13847,Modern,2,2026-01-19 08:09:16
13849,Masculine,23,2026-01-19 08:09:16
13849,Feminine,13,2026-01-19 08:09:16
13849,Modern,13,2026-01-19 08:09:16
13849,Classic,10,2026-01-19 08:09:16
13850,Feminine,4,2026-01-19 08:09:16
13850,Classic,1,2026-01-19 08:09:16
13851,Feminine,5,2026-01-19 08:09:16
13851,Modern,3,2026-01-19 08:09:16
13851,Classic,2,2026-01-19 08:09:16
13851,Masculine,1,2026-01-19 08:09:16
13853,Modern,3,2026-01-19 08:09:16
13853,Masculine,2,2026-01-19 08:09:16
13853,Feminine,2,2026-01-19 08:09:16
13854,Masculine,19,2026-01-19 08:09:16
13854,Feminine,19,2026-01-19 08:09:16
13854,Classic,7,2026-01-19 08:09:16
13854,Modern,5,2026-01-19 08:09:16
13855,Masculine,1,2026-01-19 08:09:16
13855,Modern,1,2026-01-19 08:09:16
13857,Masculine,14,2026-01-19 08:09:16
13857,Classic,9,2026-01-19 08:09:16
13857,Feminine,8,2026-01-19 08:09:16
13857,Modern,5,2026-01-19 08:09:16
13858,Feminine,2,2026-01-19 08:09:16
13858,Modern,2,2026-01-19 08:09:16
13861,Feminine,25,2026-01-19 08:09:16
13861,Masculine,15,2026-01-19 08:09:16
13861,Classic,10,2026-01-19 08:09:16
13861,Modern,9,2026-01-19 08:09:16
13862,Feminine,5,2026-01-19 08:09:16
13862,Modern,4,2026-01-19 08:09:16
13862,Classic,3,2026-01-19 08:09:16
13863,Feminine,2,2026-01-19 08:09:16
13863,Masculine,1,2026-01-19 08:09:16
13865,Feminine,1,2026-01-19 08:09:16
13865,Classic,1,2026-01-19 08:09:16
13866,Feminine,29,2026-01-19 08:09:16
13866,Classic,13,2026-01-19 08:09:16
13866,Modern,11,2026-01-19 08:09:16
13866,Masculine,10,2026-01-19 08:09:16
13869,Masculine,23,2026-01-19 08:09:16
13869,Feminine,10,2026-01-19 08:09:16
13869,Modern,8,2026-01-19 08:09:16
13869,Classic,7,2026-01-19 08:09:16
13870,Masculine,8,2026-01-19 08:09:16
13870,Classic,5,2026-01-19 08:09:16
13870,Feminine,1,2026-01-19 08:09:16
13873,Masculine,24,2026-01-19 08:09:16
13873,Feminine,13,2026-01-19 08:09:16
13873,Classic,12,2026-01-19 08:09:16
13873,Modern,7,2026-01-19 08:09:16
13876,Feminine,2,2026-01-19 08:09:16
13876,Modern,2,2026-01-19 08:09:16
13876,Masculine,1,2026-01-19 08:09:16
13877,Masculine,23,2026-01-19 08:09:16
13877,Classic,9,2026-01-19 08:09:16
13877,Feminine,8,2026-01-19 08:09:16
13877,Modern,7,2026-01-19 08:09:16
13881,Feminine,20,2026-01-19 08:09:16
13881,Modern,10,2026-01-19 08:09:16
13881,Masculine,6,2026-01-19 08:09:16
13881,Classic,5,2026-01-19 08:09:16
13882,Feminine,4,2026-01-19 08:09:16
13882,Modern,4,2026-01-19 08:09:16
13882,Classic,2,2026-01-19 08:09:16
13885,Masculine,14,2026-01-19 08:09:16
13885,Feminine,8,2026-01-19 08:09:16
13885,Classic,7,2026-01-19 08:09:16
13885,Modern,3,2026-01-19 08:09:16
13886,Feminine,4,2026-01-19 08:09:16
13886,Classic,3,2026-01-19 08:09:16
13886,Modern,3,2026-01-19 08:09:16
13888,Masculine,2,2026-01-19 08:09:16
13888,Feminine,2,2026-01-19 08:09:16
13888,Classic,1,2026-01-19 08:09:16
13888,Modern,1,2026-01-19 08:09:16
13890,Feminine,2,2026-01-19 08:09:16
13890,Classic,1,2026-01-19 08:09:16
13890,Modern,1,2026-01-19 08:09:16
13894,Masculine,3,2026-01-19 08:09:16
13894,Classic,3,2026-01-19 08:09:16
13894,Modern,3,2026-01-19 08:09:16
13896,Feminine,4,2026-01-19 08:09:16
13900,Feminine,5,2026-01-19 08:09:16
13900,Modern,4,2026-01-19 08:09:16
13900,Classic,2,2026-01-19 08:09:16
13902,Masculine,3,2026-01-19 08:09:16
13902,Classic,2,2026-01-19 08:09:16
13902,Modern,2,2026-01-19 08:09:16
13902,Feminine,1,2026-01-19 08:09:16
13904,Masculine,5,2026-01-19 08:09:16
13904,Classic,3,2026-01-19 08:09:16
13904,Modern,3,2026-01-19 08:09:16
13912,Feminine,3,2026-01-19 08:09:16
13912,Masculine,2,2026-01-19 08:09:16
13912,Classic,1,2026-01-19 08:09:16
13912,Modern,1,2026-01-19 08:09:16
13914,Feminine,5,2026-01-19 08:09:16
13914,Classic,3,2026-01-19 08:09:16
13914,Modern,2,2026-01-19 08:09:16
13914,Masculine,1,2026-01-19 08:09:16
13915,Masculine,4,2026-01-19 08:09:16
13915,Modern,4,2026-01-19 08:09:16
13915,Feminine,2,2026-01-19 08:09:16
13917,Feminine,1,2026-01-19 08:09:16
13918,Feminine,2,2026-01-19 08:09:16
13919,Feminine,3,2026-01-19 08:09:16
13919,Classic,2,2026-01-19 08:09:16
13919,Modern,2,2026-01-19 08:09:16
13927,Masculine,1,2026-01-19 08:09:16
13927,Classic,1,2026-01-19 08:09:16
13935,Feminine,2,2026-01-19 08:09:16
13935,Classic,2,2026-01-19 08:09:16
13935,Modern,1,2026-01-19 08:09:16
13942,Feminine,2,2026-01-19 08:09:16
13942,Classic,1,2026-01-19 08:09:16
13942,Modern,1,2026-01-19 08:09:16
13947,Feminine,1,2026-01-19 08:09:16
13959,Feminine,3,2026-01-19 08:09:16
13959,Classic,3,2026-01-19 08:09:16
13959,Modern,3,2026-01-19 08:09:16
13959,Masculine,1,2026-01-19 08:09:16
13973,Feminine,19,2026-01-19 08:09:16
13973,Classic,7,2026-01-19 08:09:16
13973,Modern,6,2026-01-19 08:09:16
13973,Masculine,3,2026-01-19 08:09:16
13977,Masculine,27,2026-01-19 08:09:16
13977,Feminine,24,2026-01-19 08:09:16
13977,Modern,16,2026-01-19 08:09:16
13977,Classic,12,2026-01-19 08:09:16
13981,Masculine,23,2026-01-19 08:09:16
13981,Feminine,20,2026-01-19 08:09:16
13981,Classic,10,2026-01-19 08:09:16
13981,Modern,8,2026-01-19 08:09:16
13985,Feminine,22,2026-01-19 08:09:16
13985,Classic,11,2026-01-19 08:09:16
13985,Masculine,6,2026-01-19 08:09:16
13985,Modern,6,2026-01-19 08:09:16
13988,Masculine,19,2026-01-19 08:09:16
13988,Feminine,12,2026-01-19 08:09:16
13988,Classic,5,2026-01-19 08:09:16
13988,Modern,4,2026-01-19 08:09:16
13992,Feminine,14,2026-01-19 08:09:16
13992,Modern,8,2026-01-19 08:09:16
13992,Classic,6,2026-01-19 08:09:16
13996,Masculine,20,2026-01-19 08:09:16
13996,Feminine,10,2026-01-19 08:09:16
13996,Classic,6,2026-01-19 08:09:16
13996,Modern,4,2026-01-19 08:09:16
14000,Masculine,16,2026-01-19 08:09:16
14000,Feminine,12,2026-01-19 08:09:16
14000,Classic,10,2026-01-19 08:09:16
14000,Modern,7,2026-01-19 08:09:16
14005,Feminine,12,2026-01-19 08:09:16
14005,Masculine,9,2026-01-19 08:09:16
14005,Modern,6,2026-01-19 08:09:16
14005,Classic,5,2026-01-19 08:09:16
14009,Feminine,24,2026-01-19 08:09:16
14009,Masculine,13,2026-01-19 08:09:16
14009,Modern,12,2026-01-19 08:09:16
14009,Classic,10,2026-01-19 08:09:16
14014,Feminine,22,2026-01-19 08:09:16
14014,Masculine,9,2026-01-19 08:09:16
14014,Classic,8,2026-01-19 08:09:16
14014,Modern,6,2026-01-19 08:09:16
14017,Feminine,20,2026-01-19 08:09:16
14017,Modern,13,2026-01-19 08:09:16
14017,Classic,7,2026-01-19 08:09:16
14017,Masculine,3,2026-01-19 08:09:16
14022,Feminine,17,2026-01-19 08:09:16
14022,Masculine,13,2026-01-19 08:09:16
14022,Classic,7,2026-01-19 08:09:16
14022,Modern,3,2026-01-19 08:09:16
14025,Masculine,19,2026-01-19 08:09:16
14025,Feminine,16,2026-01-19 08:09:16
14025,Classic,11,2026-01-19 08:09:16
14025,Modern,7,2026-01-19 08:09:16
14029,Feminine,13,2026-01-19 08:09:16
14029,Masculine,10,2026-01-19 08:09:16
14029,Modern,8,2026-01-19 08:09:16
14029,Classic,5,2026-01-19 08:09:16
14033,Feminine,25,2026-01-19 08:09:16
14033,Modern,8,2026-01-19 08:09:16
14033,Masculine,6,2026-01-19 08:09:16
14033,Classic,6,2026-01-19 08:09:16
14037,Feminine,13,2026-01-19 08:09:16
14037,Masculine,12,2026-01-19 08:09:16
14037,Classic,6,2026-01-19 08:09:16
14037,Modern,4,2026-01-19 08:09:16
14042,Feminine,18,2026-01-19 08:09:16
14042,Masculine,16,2026-01-19 08:09:16
14042,Classic,7,2026-01-19 08:09:16
14042,Modern,4,2026-01-19 08:09:16
14049,Feminine,14,2026-01-19 08:09:16
14049,Masculine,8,2026-01-19 08:09:16
14049,Classic,5,2026-01-19 08:09:16
14049,Modern,5,2026-01-19 08:09:16
14090,Feminine,22,2026-01-19 08:09:16
14090,Modern,14,2026-01-19 08:09:16
14090,Classic,8,2026-01-19 08:09:16
14094,Masculine,18,2026-01-19 08:09:16
14094,Classic,10,2026-01-19 08:09:16
14094,Feminine,9,2026-01-19 08:09:16
14094,Modern,5,2026-01-19 08:09:16
14102,Feminine,12,2026-01-19 08:09:16
14102,Masculine,11,2026-01-19 08:09:16
14102,Classic,5,2026-01-19 08:09:16
14102,Modern,5,2026-01-19 08:09:16
14106,Feminine,17,2026-01-19 08:09:16
14106,Classic,7,2026-01-19 08:09:16
14106,Modern,7,2026-01-19 08:09:16
14106,Masculine,2,2026-01-19 08:09:16
14110,Feminine,11,2026-01-19 08:09:16
14110,Modern,8,2026-01-19 08:09:16
14110,Classic,3,2026-01-19 08:09:16
14110,Masculine,1,2026-01-19 08:09:16
14114,Feminine,11,2026-01-19 08:09:16
14114,Masculine,6,2026-01-19 08:09:16
14114,Modern,6,2026-01-19 08:09:16
14114,Classic,4,2026-01-19 08:09:16
14118,Feminine,11,2026-01-19 08:09:16
14118,Masculine,7,2026-01-19 08:09:16
14118,Classic,4,2026-01-19 08:09:16
14118,Modern,3,2026-01-19 08:09:16
14122,Feminine,14,2026-01-19 08:09:16
14122,Masculine,11,2026-01-19 08:09:16
14122,Modern,5,2026-01-19 08:09:16
14122,Classic,3,2026-01-19 08:09:16
14126,Masculine,18,2026-01-19 08:09:16
14126,Classic,10,2026-01-19 08:09:16
14126,Feminine,9,2026-01-19 08:09:16
14126,Modern,6,2026-01-19 08:09:16
14130,Masculine,6,2026-01-19 08:09:16
14130,Feminine,2,2026-01-19 08:09:16
14130,Modern,2,2026-01-19 08:09:16
14130,Classic,1,2026-01-19 08:09:16
14134,Feminine,14,2026-01-19 08:09:16
14134,Modern,7,2026-01-19 08:09:16
14134,Classic,5,2026-01-19 08:09:16
14138,Feminine,14,2026-01-19 08:09:16
14138,Masculine,8,2026-01-19 08:09:16
14138,Modern,6,2026-01-19 08:09:16
14138,Classic,5,2026-01-19 08:09:16
14141,Feminine,14,2026-01-19 08:09:16
14141,Classic,6,2026-01-19 08:09:16
14141,Modern,6,2026-01-19 08:09:16
14141,Masculine,3,2026-01-19 08:09:16
14145,Feminine,11,2026-01-19 08:09:16
14145,Masculine,9,2026-01-19 08:09:16
14145,Classic,6,2026-01-19 08:09:16
14145,Modern,3,2026-01-19 08:09:16
14150,Feminine,13,2026-01-19 08:09:16
14150,Masculine,7,2026-01-19 08:09:16
14150,Classic,6,2026-01-19 08:09:16
14150,Modern,4,2026-01-19 08:09:16
14151,Feminine,86,2026-01-19 08:09:16
14151,Classic,66,2026-01-19 08:09:16
14151,Masculine,58,2026-01-19 08:09:16
14151,Modern,18,2026-01-19 08:09:16
14153,Feminine,11,2026-01-19 08:09:16
14153,Masculine,5,2026-01-19 08:09:16
14153,Classic,5,2026-01-19 08:09:16
14153,Modern,4,2026-01-19 08:09:16
14155,Masculine,76,2026-01-19 08:09:16
14155,Feminine,43,2026-01-19 08:09:16
14155,Classic,40,2026-01-19 08:09:16
14155,Modern,18,2026-01-19 08:09:16
14157,Feminine,10,2026-01-19 08:09:16
14157,Classic,6,2026-01-19 08:09:16
14157,Modern,4,2026-01-19 08:09:16
14157,Masculine,1,2026-01-19 08:09:16
14159,Feminine,74,2026-01-19 08:09:16
14159,Masculine,58,2026-01-19 08:09:16
14159,Classic,39,2026-01-19 08:09:16
14159,Modern,31,2026-01-19 08:09:16
14162,Feminine,11,2026-01-19 08:09:16
14162,Masculine,3,2026-01-19 08:09:16
14162,Classic,3,2026-01-19 08:09:16
14162,Modern,3,2026-01-19 08:09:16
14163,Masculine,54,2026-01-19 08:09:16
14163,Feminine,54,2026-01-19 08:09:16
14163,Classic,35,2026-01-19 08:09:16
14163,Modern,25,2026-01-19 08:09:16
14166,Feminine,9,2026-01-19 08:09:16
14166,Classic,4,2026-01-19 08:09:16
14166,Modern,4,2026-01-19 08:09:16
14166,Masculine,3,2026-01-19 08:09:16
14167,Feminine,61,2026-01-19 08:09:16
14167,Modern,31,2026-01-19 08:09:16
14167,Classic,27,2026-01-19 08:09:16
14167,Masculine,14,2026-01-19 08:09:16
14170,Feminine,7,2026-01-19 08:09:16
14170,Modern,4,2026-01-19 08:09:16
14170,Masculine,3,2026-01-19 08:09:16
14170,Classic,3,2026-01-19 08:09:16
14171,Feminine,49,2026-01-19 08:09:16
14171,Classic,29,2026-01-19 08:09:16
14171,Modern,22,2026-01-19 08:09:16
14171,Masculine,16,2026-01-19 08:09:16
14174,Feminine,4,2026-01-19 08:09:16
14174,Modern,3,2026-01-19 08:09:16
14174,Masculine,2,2026-01-19 08:09:16
14174,Classic,1,2026-01-19 08:09:16
14175,Feminine,61,2026-01-19 08:09:16
14175,Classic,31,2026-01-19 08:09:16
14175,Masculine,27,2026-01-19 08:09:16
14175,Modern,25,2026-01-19 08:09:16
14178,Feminine,9,2026-01-19 08:09:16
14178,Classic,5,2026-01-19 08:09:16
14178,Modern,4,2026-01-19 08:09:16
14178,Masculine,2,2026-01-19 08:09:16
14179,Feminine,56,2026-01-19 08:09:16
14179,Classic,34,2026-01-19 08:09:16
14179,Masculine,27,2026-01-19 08:09:16
14179,Modern,24,2026-01-19 08:09:16
14182,Feminine,1,2026-01-19 08:09:16
14183,Feminine,55,2026-01-19 08:09:16
14183,Classic,36,2026-01-19 08:09:16
14183,Modern,21,2026-01-19 08:09:16
14183,Masculine,17,2026-01-19 08:09:16
14187,Feminine,53,2026-01-19 08:09:16
14187,Masculine,52,2026-01-19 08:09:16
14187,Classic,34,2026-01-19 08:09:16
14187,Modern,16,2026-01-19 08:09:16
14190,Feminine,4,2026-01-19 08:09:16
14190,Classic,2,2026-01-19 08:09:16
14190,Masculine,1,2026-01-19 08:09:16
14190,Modern,1,2026-01-19 08:09:16
14191,Masculine,42,2026-01-19 08:09:16
14191,Feminine,34,2026-01-19 08:09:16
14191,Classic,23,2026-01-19 08:09:16
14191,Modern,10,2026-01-19 08:09:16
14194,Feminine,1,2026-01-19 08:09:16
14195,Feminine,48,2026-01-19 08:09:16
14195,Masculine,34,2026-01-19 08:09:16
14195,Classic,26,2026-01-19 08:09:16
14195,Modern,16,2026-01-19 08:09:16
14203,Feminine,40,2026-01-19 08:09:16
14203,Classic,21,2026-01-19 08:09:16
14203,Modern,19,2026-01-19 08:09:16
14203,Masculine,7,2026-01-19 08:09:16
14207,Feminine,611,2026-01-19 08:09:16
14207,Classic,279,2026-01-19 08:09:16
14207,Modern,247,2026-01-19 08:09:16
14207,Masculine,61,2026-01-19 08:09:16
14210,Masculine,27,2026-01-19 08:09:16
14210,Feminine,21,2026-01-19 08:09:16
14210,Classic,16,2026-01-19 08:09:16
14210,Modern,11,2026-01-19 08:09:16
14211,Feminine,541,2026-01-19 08:09:16
14211,Modern,270,2026-01-19 08:09:16
14211,Classic,203,2026-01-19 08:09:16
14211,Masculine,83,2026-01-19 08:09:16
14214,Feminine,41,2026-01-19 08:09:16
14214,Masculine,29,2026-01-19 08:09:16
14214,Classic,28,2026-01-19 08:09:16
14214,Modern,11,2026-01-19 08:09:16
14215,Feminine,476,2026-01-19 08:09:16
14215,Classic,209,2026-01-19 08:09:16
14215,Modern,183,2026-01-19 08:09:16
14218,Feminine,340,2026-01-19 08:09:16
14218,Modern,179,2026-01-19 08:09:16
14218,Classic,106,2026-01-19 08:09:16
14219,Masculine,22,2026-01-19 08:09:16
14219,Feminine,18,2026-01-19 08:09:16
14219,Classic,14,2026-01-19 08:09:16
14219,Modern,7,2026-01-19 08:09:16
14222,Masculine,30,2026-01-19 08:09:16
14222,Feminine,17,2026-01-19 08:09:16
14222,Classic,17,2026-01-19 08:09:16
14222,Modern,8,2026-01-19 08:09:16
14223,Feminine,327,2026-01-19 08:09:16
14223,Classic,132,2026-01-19 08:09:16
14223,Modern,130,2026-01-19 08:09:16
14226,Masculine,29,2026-01-19 08:09:16
14226,Feminine,29,2026-01-19 08:09:16
14226,Modern,16,2026-01-19 08:09:16
14226,Classic,15,2026-01-19 08:09:16
14227,Feminine,278,2026-01-19 08:09:16
14227,Modern,132,2026-01-19 08:09:16
14227,Classic,96,2026-01-19 08:09:16
14230,Feminine,36,2026-01-19 08:09:16
14230,Classic,17,2026-01-19 08:09:16
14230,Modern,16,2026-01-19 08:09:16
14230,Masculine,12,2026-01-19 08:09:16
14232,Feminine,221,2026-01-19 08:09:16
14232,Classic,92,2026-01-19 08:09:16
14232,Modern,92,2026-01-19 08:09:16
14234,Feminine,28,2026-01-19 08:09:16
14234,Masculine,27,2026-01-19 08:09:16
14234,Classic,17,2026-01-19 08:09:16
14234,Modern,6,2026-01-19 08:09:16
14236,Feminine,231,2026-01-19 08:09:16
14236,Modern,91,2026-01-19 08:09:16
14236,Classic,88,2026-01-19 08:09:16
14236,Masculine,40,2026-01-19 08:09:16
14239,Feminine,31,2026-01-19 08:09:16
14239,Masculine,15,2026-01-19 08:09:16
14239,Classic,15,2026-01-19 08:09:16
14239,Modern,13,2026-01-19 08:09:16
14243,Masculine,154,2026-01-19 08:09:16
14243,Classic,71,2026-01-19 08:09:16
14243,Modern,58,2026-01-19 08:09:16
14243,Feminine,28,2026-01-19 08:09:16
14244,Masculine,18,2026-01-19 08:09:16
14244,Feminine,17,2026-01-19 08:09:16
14244,Classic,9,2026-01-19 08:09:16
14244,Modern,6,2026-01-19 08:09:16
14247,Masculine,122,2026-01-19 08:09:16
14247,Modern,76,2026-01-19 08:09:16
14247,Classic,54,2026-01-19 08:09:16
14247,Feminine,16,2026-01-19 08:09:16
14248,Masculine,19,2026-01-19 08:09:16
14248,Classic,12,2026-01-19 08:09:16
14248,Feminine,8,2026-01-19 08:09:16
14248,Modern,7,2026-01-19 08:09:16
14251,Feminine,170,2026-01-19 08:09:16
14251,Modern,84,2026-01-19 08:09:16
14251,Classic,60,2026-01-19 08:09:16
14252,Feminine,20,2026-01-19 08:09:16
14252,Classic,14,2026-01-19 08:09:16
14252,Modern,6,2026-01-19 08:09:16
14252,Masculine,4,2026-01-19 08:09:16
14255,Feminine,138,2026-01-19 08:09:16
14255,Modern,65,2026-01-19 08:09:16
14255,Classic,52,2026-01-19 08:09:16
14255,Masculine,11,2026-01-19 08:09:16
14256,Masculine,18,2026-01-19 08:09:16
14256,Feminine,15,2026-01-19 08:09:16
14256,Classic,7,2026-01-19 08:09:16
14256,Modern,5,2026-01-19 08:09:16
14260,Feminine,24,2026-01-19 08:09:16
14260,Classic,11,2026-01-19 08:09:16
14260,Modern,6,2026-01-19 08:09:16
14260,Masculine,4,2026-01-19 08:09:16
14263,Feminine,13,2026-01-19 08:09:16
14263,Masculine,11,2026-01-19 08:09:16
14263,Classic,10,2026-01-19 08:09:16
14263,Modern,8,2026-01-19 08:09:16
14264,Feminine,124,2026-01-19 08:09:16
14264,Modern,65,2026-01-19 08:09:16
14264,Classic,43,2026-01-19 08:09:16
14267,Feminine,15,2026-01-19 08:09:16
14267,Masculine,12,2026-01-19 08:09:16
14267,Classic,9,2026-01-19 08:09:16
14267,Modern,6,2026-01-19 08:09:16
14268,Masculine,106,2026-01-19 08:09:16
14268,Classic,49,2026-01-19 08:09:16
14268,Modern,41,2026-01-19 08:09:16
14268,Feminine,39,2026-01-19 08:09:16
14269,Masculine,1,2026-01-19 08:09:16
14269,Feminine,1,2026-01-19 08:09:16
14269,Classic,1,2026-01-19 08:09:16
14269,Modern,1,2026-01-19 08:09:16
14271,Feminine,18,2026-01-19 08:09:16
14271,Masculine,17,2026-01-19 08:09:16
14271,Classic,11,2026-01-19 08:09:16
14271,Modern,8,2026-01-19 08:09:16
14272,Feminine,141,2026-01-19 08:09:16
14272,Modern,54,2026-01-19 08:09:16
14272,Classic,44,2026-01-19 08:09:16
14272,Masculine,23,2026-01-19 08:09:16
14275,Masculine,16,2026-01-19 08:09:16
14275,Feminine,15,2026-01-19 08:09:16
14275,Classic,13,2026-01-19 08:09:16
14275,Modern,4,2026-01-19 08:09:16
14276,Feminine,108,2026-01-19 08:09:16
14276,Modern,57,2026-01-19 08:09:16
14276,Classic,35,2026-01-19 08:09:16
14280,Feminine,93,2026-01-19 08:09:16
14280,Modern,33,2026-01-19 08:09:16
14280,Classic,24,2026-01-19 08:09:16
14283,Feminine,14,2026-01-19 08:09:16
14283,Modern,7,2026-01-19 08:09:16
14283,Classic,6,2026-01-19 08:09:16
14283,Masculine,2,2026-01-19 08:09:16
14284,Masculine,65,2026-01-19 08:09:16
14284,Modern,45,2026-01-19 08:09:16
14284,Classic,27,2026-01-19 08:09:16
14284,Feminine,17,2026-01-19 08:09:16
14287,Feminine,10,2026-01-19 08:09:16
14287,Masculine,6,2026-01-19 08:09:16
14287,Classic,5,2026-01-19 08:09:16
14287,Modern,5,2026-01-19 08:09:16
14290,Feminine,80,2026-01-19 08:09:16
14290,Modern,42,2026-01-19 08:09:16
14290,Classic,13,2026-01-19 08:09:16
14291,Feminine,15,2026-01-19 08:09:16
14291,Masculine,12,2026-01-19 08:09:16
14291,Classic,10,2026-01-19 08:09:16
14291,Modern,8,2026-01-19 08:09:16
14294,Feminine,77,2026-01-19 08:09:16
14294,Modern,40,2026-01-19 08:09:16
14294,Classic,30,2026-01-19 08:09:16
14295,Masculine,18,2026-01-19 08:09:16
14295,Feminine,10,2026-01-19 08:09:16
14295,Classic,10,2026-01-19 08:09:16
14295,Modern,5,2026-01-19 08:09:16
14298,Masculine,57,2026-01-19 08:09:16
14298,Modern,35,2026-01-19 08:09:16
14298,Classic,22,2026-01-19 08:09:16
14298,Feminine,13,2026-01-19 08:09:16
14299,Feminine,12,2026-01-19 08:09:16
14299,Masculine,9,2026-01-19 08:09:16
14299,Classic,4,2026-01-19 08:09:16
14299,Modern,3,2026-01-19 08:09:16
14302,Feminine,88,2026-01-19 08:09:16
14302,Modern,39,2026-01-19 08:09:16
14302,Classic,23,2026-01-19 08:09:16
14302,Masculine,10,2026-01-19 08:09:16
14303,Masculine,11,2026-01-19 08:09:16
14303,Feminine,8,2026-01-19 08:09:16
14303,Classic,7,2026-01-19 08:09:16
14303,Modern,6,2026-01-19 08:09:16
14306,Masculine,12,2026-01-19 08:09:16
14306,Feminine,10,2026-01-19 08:09:16
14306,Classic,6,2026-01-19 08:09:16
14306,Modern,6,2026-01-19 08:09:16
14307,Feminine,63,2026-01-19 08:09:16
14307,Classic,22,2026-01-19 08:09:16
14307,Modern,18,2026-01-19 08:09:16
14307,Masculine,9,2026-01-19 08:09:16
14310,Feminine,12,2026-01-19 08:09:16
14310,Masculine,9,2026-01-19 08:09:16
14310,Classic,7,2026-01-19 08:09:16
14310,Modern,5,2026-01-19 08:09:16
14311,Feminine,63,2026-01-19 08:09:16
14311,Modern,40,2026-01-19 08:09:16
14311,Classic,10,2026-01-19 08:09:16
14314,Masculine,6,2026-01-19 08:09:16
14314,Feminine,3,2026-01-19 08:09:16
14314,Classic,3,2026-01-19 08:09:16
14314,Modern,2,2026-01-19 08:09:16
14315,Masculine,38,2026-01-19 08:09:16
14315,Modern,23,2026-01-19 08:09:16
14315,Classic,16,2026-01-19 08:09:16
14318,Feminine,14,2026-01-19 08:09:16
14318,Classic,4,2026-01-19 08:09:16
14318,Modern,4,2026-01-19 08:09:16
14318,Masculine,1,2026-01-19 08:09:16
14320,Feminine,55,2026-01-19 08:09:16
14320,Modern,26,2026-01-19 08:09:16
14320,Classic,25,2026-01-19 08:09:16
14320,Masculine,12,2026-01-19 08:09:16
14322,Feminine,6,2026-01-19 08:09:16
14322,Masculine,5,2026-01-19 08:09:16
14322,Classic,4,2026-01-19 08:09:16
14322,Modern,2,2026-01-19 08:09:16
14324,Feminine,41,2026-01-19 08:09:16
14324,Masculine,30,2026-01-19 08:09:16
14324,Classic,19,2026-01-19 08:09:16
14324,Modern,14,2026-01-19 08:09:16
14326,Feminine,8,2026-01-19 08:09:16
14326,Masculine,4,2026-01-19 08:09:16
14326,Classic,4,2026-01-19 08:09:16
14326,Modern,4,2026-01-19 08:09:16
14328,Feminine,44,2026-01-19 08:09:16
14328,Modern,22,2026-01-19 08:09:16
14328,Classic,7,2026-01-19 08:09:16
14330,Masculine,12,2026-01-19 08:09:16
14330,Classic,8,2026-01-19 08:09:16
14330,Feminine,7,2026-01-19 08:09:16
14330,Modern,4,2026-01-19 08:09:16
14335,Masculine,10,2026-01-19 08:09:16
14335,Classic,7,2026-01-19 08:09:16
14335,Feminine,6,2026-01-19 08:09:16
14335,Modern,2,2026-01-19 08:09:16
14336,Feminine,32,2026-01-19 08:09:16
14336,Modern,13,2026-01-19 08:09:16
14336,Classic,8,2026-01-19 08:09:16
14339,Feminine,6,2026-01-19 08:09:16
14339,Masculine,2,2026-01-19 08:09:16
14339,Classic,1,2026-01-19 08:09:16
14340,Feminine,38,2026-01-19 08:09:16
14340,Modern,18,2026-01-19 08:09:16
14340,Classic,8,2026-01-19 08:09:16
14343,Masculine,4,2026-01-19 08:09:16
14343,Feminine,4,2026-01-19 08:09:16
14343,Classic,4,2026-01-19 08:09:16
14343,Modern,2,2026-01-19 08:09:16
14345,Feminine,28,2026-01-19 08:09:16
14345,Modern,15,2026-01-19 08:09:16
14345,Classic,9,2026-01-19 08:09:16
14347,Feminine,9,2026-01-19 08:09:16
14347,Classic,6,2026-01-19 08:09:16
14347,Modern,6,2026-01-19 08:09:16
14347,Masculine,2,2026-01-19 08:09:16
14349,Feminine,26,2026-01-19 08:09:16
14349,Classic,11,2026-01-19 08:09:16
14349,Modern,9,2026-01-19 08:09:16
14349,Masculine,6,2026-01-19 08:09:16
14351,Masculine,7,2026-01-19 08:09:16
14351,Classic,4,2026-01-19 08:09:16
14351,Feminine,2,2026-01-19 08:09:16
14351,Modern,2,2026-01-19 08:09:16
14353,Feminine,29,2026-01-19 08:09:16
14353,Modern,14,2026-01-19 08:09:16
14353,Classic,8,2026-01-19 08:09:16
14353,Masculine,3,2026-01-19 08:09:16
14355,Feminine,7,2026-01-19 08:09:16
14355,Classic,3,2026-01-19 08:09:16
14355,Modern,3,2026-01-19 08:09:16
14355,Masculine,2,2026-01-19 08:09:16
14357,Feminine,19,2026-01-19 08:09:16
14357,Classic,5,2026-01-19 08:09:16
14357,Modern,5,2026-01-19 08:09:16
14357,Masculine,3,2026-01-19 08:09:16
14359,Feminine,3,2026-01-19 08:09:16
14359,Classic,3,2026-01-19 08:09:16
14359,Masculine,2,2026-01-19 08:09:16
14359,Modern,2,2026-01-19 08:09:16
14361,Feminine,31,2026-01-19 08:09:16
14361,Modern,19,2026-01-19 08:09:16
14361,Masculine,4,2026-01-19 08:09:16
14361,Classic,3,2026-01-19 08:09:16
14363,Classic,5,2026-01-19 08:09:16
14363,Feminine,3,2026-01-19 08:09:16
14363,Masculine,2,2026-01-19 08:09:16
14363,Modern,2,2026-01-19 08:09:16
14365,Feminine,26,2026-01-19 08:09:16
14365,Modern,11,2026-01-19 08:09:16
14365,Masculine,8,2026-01-19 08:09:16
14365,Classic,8,2026-01-19 08:09:16
14367,Feminine,4,2026-01-19 08:09:16
14367,Masculine,3,2026-01-19 08:09:16
14367,Classic,3,2026-01-19 08:09:16
14367,Modern,3,2026-01-19 08:09:16
14369,Feminine,18,2026-01-19 08:09:16
14369,Masculine,15,2026-01-19 08:09:16
14369,Classic,7,2026-01-19 08:09:16
14369,Modern,4,2026-01-19 08:09:16
14371,Masculine,4,2026-01-19 08:09:16
14371,Modern,3,2026-01-19 08:09:16
14371,Classic,2,2026-01-19 08:09:16
14373,Feminine,18,2026-01-19 08:09:16
14373,Modern,10,2026-01-19 08:09:16
14373,Classic,7,2026-01-19 08:09:16
14373,Masculine,5,2026-01-19 08:09:16
14379,Masculine,3,2026-01-19 08:09:16
14379,Feminine,2,2026-01-19 08:09:16
14379,Classic,2,2026-01-19 08:09:16
14383,Masculine,5,2026-01-19 08:09:16
14383,Classic,3,2026-01-19 08:09:16
14383,Feminine,2,2026-01-19 08:09:16
14383,Modern,2,2026-01-19 08:09:16
14385,Feminine,7,2026-01-19 08:09:16
14385,Classic,3,2026-01-19 08:09:16
14385,Modern,3,2026-01-19 08:09:16
14385,Masculine,1,2026-01-19 08:09:16
14387,Feminine,4,2026-01-19 08:09:16
14387,Masculine,3,2026-01-19 08:09:16
14387,Classic,3,2026-01-19 08:09:16
14387,Modern,2,2026-01-19 08:09:16
14389,Feminine,6,2026-01-19 08:09:16
14389,Modern,4,2026-01-19 08:09:16
14393,Feminine,13,2026-01-19 08:09:16
14393,Classic,4,2026-01-19 08:09:16
14393,Modern,4,2026-01-19 08:09:16
14393,Masculine,1,2026-01-19 08:09:16
14402,Feminine,12,2026-01-19 08:09:16
14402,Classic,6,2026-01-19 08:09:16
14402,Modern,5,2026-01-19 08:09:16
14402,Masculine,3,2026-01-19 08:09:16
14404,Feminine,2,2026-01-19 08:09:16
14404,Modern,2,2026-01-19 08:09:16
14414,Masculine,7,2026-01-19 08:09:16
14414,Feminine,7,2026-01-19 08:09:16
14414,Classic,2,2026-01-19 08:09:16
14414,Modern,1,2026-01-19 08:09:16
14418,Feminine,5,2026-01-19 08:09:16
14418,Modern,1,2026-01-19 08:09:16
14421,Feminine,62,2026-01-19 08:09:16
14421,Modern,39,2026-01-19 08:09:16
14421,Classic,15,2026-01-19 08:09:16
14422,Feminine,6,2026-01-19 08:09:16
14422,Masculine,2,2026-01-19 08:09:16
14422,Classic,2,2026-01-19 08:09:16
14422,Modern,2,2026-01-19 08:09:16
14425,Masculine,4,2026-01-19 08:09:16
14425,Feminine,4,2026-01-19 08:09:16
14425,Classic,2,2026-01-19 08:09:16
14425,Modern,2,2026-01-19 08:09:16
14426,Feminine,50,2026-01-19 08:09:16
14426,Modern,38,2026-01-19 08:09:16
14429,Feminine,4,2026-01-19 08:09:16
14430,Feminine,36,2026-01-19 08:09:16
14430,Modern,22,2026-01-19 08:09:16
14430,Classic,6,2026-01-19 08:09:16
14432,Masculine,543,2026-01-19 08:09:16
14432,Feminine,449,2026-01-19 08:09:16
14432,Classic,286,2026-01-19 08:09:16
14432,Modern,156,2026-01-19 08:09:16
14433,Feminine,2,2026-01-19 08:09:16
14433,Classic,1,2026-01-19 08:09:16
14433,Modern,1,2026-01-19 08:09:16
14438,Feminine,33,2026-01-19 08:09:16
14438,Modern,21,2026-01-19 08:09:16
14438,Classic,4,2026-01-19 08:09:16
14442,Feminine,16,2026-01-19 08:09:16
14442,Modern,10,2026-01-19 08:09:16
14442,Classic,2,2026-01-19 08:09:16
14444,Masculine,275,2026-01-19 08:09:16
14444,Feminine,216,2026-01-19 08:09:16
14444,Classic,132,2026-01-19 08:09:16
14444,Modern,84,2026-01-19 08:09:16
14447,Feminine,21,2026-01-19 08:09:16
14447,Modern,17,2026-01-19 08:09:16
14447,Classic,2,2026-01-19 08:09:16
14450,Feminine,21,2026-01-19 08:09:16
14450,Modern,14,2026-01-19 08:09:16
14450,Masculine,3,2026-01-19 08:09:16
14450,Classic,2,2026-01-19 08:09:16
14451,Feminine,2,2026-01-19 08:09:16
14454,Feminine,17,2026-01-19 08:09:16
14454,Modern,9,2026-01-19 08:09:16
14454,Masculine,3,2026-01-19 08:09:16
14454,Classic,3,2026-01-19 08:09:16
14458,Feminine,26,2026-01-19 08:09:16
14458,Modern,15,2026-01-19 08:09:16
14458,Classic,5,2026-01-19 08:09:16
14462,Feminine,26,2026-01-19 08:09:16
14462,Modern,20,2026-01-19 08:09:16
14466,Feminine,9,2026-01-19 08:09:16
14466,Modern,7,2026-01-19 08:09:16
14466,Classic,1,2026-01-19 08:09:16
14468,Masculine,180,2026-01-19 08:09:16
14468,Feminine,152,2026-01-19 08:09:16
14468,Classic,92,2026-01-19 08:09:16
14468,Modern,64,2026-01-19 08:09:16
14475,Feminine,14,2026-01-19 08:09:16
14475,Modern,10,2026-01-19 08:09:16
14475,Classic,3,2026-01-19 08:09:16
14477,Masculine,181,2026-01-19 08:09:16
14477,Feminine,154,2026-01-19 08:09:16
14477,Classic,82,2026-01-19 08:09:16
14477,Modern,30,2026-01-19 08:09:16
14479,Feminine,6,2026-01-19 08:09:16
14479,Modern,1,2026-01-19 08:09:16
14481,Feminine,182,2026-01-19 08:09:16
14481,Masculine,164,2026-01-19 08:09:16
14481,Modern,92,2026-01-19 08:09:16
14481,Classic,69,2026-01-19 08:09:16
14483,Feminine,5,2026-01-19 08:09:16
14483,Modern,2,2026-01-19 08:09:16
14483,Classic,1,2026-01-19 08:09:16
14485,Masculine,143,2026-01-19 08:09:16
14485,Feminine,122,2026-01-19 08:09:16
14485,Classic,68,2026-01-19 08:09:16
14485,Modern,61,2026-01-19 08:09:16
14487,Feminine,10,2026-01-19 08:09:16
14487,Modern,7,2026-01-19 08:09:16
14487,Masculine,3,2026-01-19 08:09:16
14487,Classic,2,2026-01-19 08:09:16
14489,Feminine,174,2026-01-19 08:09:16
14489,Modern,73,2026-01-19 08:09:16
14489,Classic,64,2026-01-19 08:09:16
14489,Masculine,31,2026-01-19 08:09:16
14491,Feminine,13,2026-01-19 08:09:16
14491,Modern,7,2026-01-19 08:09:16
14493,Feminine,143,2026-01-19 08:09:16
14493,Masculine,130,2026-01-19 08:09:16
14493,Classic,72,2026-01-19 08:09:16
14493,Modern,40,2026-01-19 08:09:16
14495,Feminine,8,2026-01-19 08:09:16
14495,Modern,3,2026-01-19 08:09:16
14495,Classic,2,2026-01-19 08:09:16
14495,Masculine,1,2026-01-19 08:09:16
14498,Masculine,2,2026-01-19 08:09:16
14498,Feminine,2,2026-01-19 08:09:16
14498,Classic,1,2026-01-19 08:09:16
14498,Modern,1,2026-01-19 08:09:16
14500,Feminine,11,2026-01-19 08:09:16
14500,Modern,8,2026-01-19 08:09:16
14500,Classic,4,2026-01-19 08:09:16
14500,Masculine,1,2026-01-19 08:09:16
14501,Masculine,157,2026-01-19 08:09:16
14501,Feminine,105,2026-01-19 08:09:16
14501,Classic,77,2026-01-19 08:09:16
14501,Modern,36,2026-01-19 08:09:16
14502,Masculine,2,2026-01-19 08:09:16
14502,Feminine,2,2026-01-19 08:09:16
14502,Modern,2,2026-01-19 08:09:16
14504,Feminine,7,2026-01-19 08:09:16
14504,Modern,6,2026-01-19 08:09:16
14504,Classic,2,2026-01-19 08:09:16
14505,Feminine,142,2026-01-19 08:09:16
14505,Masculine,123,2026-01-19 08:09:16
14505,Classic,59,2026-01-19 08:09:16
14505,Modern,45,2026-01-19 08:09:16
14508,Feminine,8,2026-01-19 08:09:16
14508,Modern,5,2026-01-19 08:09:16
14508,Masculine,1,2026-01-19 08:09:16
14508,Classic,1,2026-01-19 08:09:16
14512,Feminine,12,2026-01-19 08:09:16
14512,Modern,10,2026-01-19 08:09:16
14512,Classic,2,2026-01-19 08:09:16
14513,Masculine,133,2026-01-19 08:09:16
14513,Feminine,94,2026-01-19 08:09:16
14513,Classic,64,2026-01-19 08:09:16
14513,Modern,33,2026-01-19 08:09:16
14515,Masculine,2,2026-01-19 08:09:16
14515,Feminine,2,2026-01-19 08:09:16
14515,Modern,1,2026-01-19 08:09:16
14516,Modern,4,2026-01-19 08:09:16
14516,Masculine,2,2026-01-19 08:09:16
14517,Masculine,118,2026-01-19 08:09:16
14517,Feminine,81,2026-01-19 08:09:16
14517,Classic,58,2026-01-19 08:09:16
14517,Modern,28,2026-01-19 08:09:16
14520,Feminine,14,2026-01-19 08:09:16
14520,Modern,7,2026-01-19 08:09:16
14520,Classic,3,2026-01-19 08:09:16
14521,Feminine,126,2026-01-19 08:09:16
14521,Classic,61,2026-01-19 08:09:16
14521,Modern,42,2026-01-19 08:09:16
14521,Masculine,24,2026-01-19 08:09:16
14522,Feminine,1,2026-01-19 08:09:16
14522,Modern,1,2026-01-19 08:09:16
14524,Feminine,6,2026-01-19 08:09:16
14524,Modern,4,2026-01-19 08:09:16
14524,Classic,1,2026-01-19 08:09:16
14525,Feminine,135,2026-01-19 08:09:16
14525,Masculine,87,2026-01-19 08:09:16
14525,Classic,66,2026-01-19 08:09:16
14525,Modern,48,2026-01-19 08:09:16
14528,Feminine,13,2026-01-19 08:09:16
14528,Modern,10,2026-01-19 08:09:16
14528,Classic,3,2026-01-19 08:09:16
14529,Feminine,130,2026-01-19 08:09:16
14529,Classic,50,2026-01-19 08:09:16
14529,Masculine,41,2026-01-19 08:09:16
14529,Modern,41,2026-01-19 08:09:16
14532,Feminine,6,2026-01-19 08:09:16
14532,Modern,5,2026-01-19 08:09:16
14532,Masculine,1,2026-01-19 08:09:16
14533,Feminine,111,2026-01-19 08:09:16
14533,Masculine,98,2026-01-19 08:09:16
14533,Classic,54,2026-01-19 08:09:16
14533,Modern,34,2026-01-19 08:09:16
14536,Feminine,7,2026-01-19 08:09:16
14536,Modern,5,2026-01-19 08:09:16
14536,Classic,2,2026-01-19 08:09:16
14537,Masculine,113,2026-01-19 08:09:16
14537,Feminine,84,2026-01-19 08:09:16
14537,Classic,55,2026-01-19 08:09:16
14537,Modern,32,2026-01-19 08:09:16
14540,Feminine,97,2026-01-19 08:09:16
14540,Masculine,71,2026-01-19 08:09:16
14540,Modern,36,2026-01-19 08:09:16
14540,Classic,31,2026-01-19 08:09:16
14541,Feminine,9,2026-01-19 08:09:16
14541,Classic,5,2026-01-19 08:09:16
14541,Modern,4,2026-01-19 08:09:16
14541,Masculine,1,2026-01-19 08:09:16
14543,Feminine,1,2026-01-19 08:09:16
14544,Feminine,117,2026-01-19 08:09:16
14544,Masculine,69,2026-01-19 08:09:16
14544,Classic,54,2026-01-19 08:09:16
14544,Modern,47,2026-01-19 08:09:16
14547,Feminine,6,2026-01-19 08:09:16
14547,Modern,6,2026-01-19 08:09:16
14547,Masculine,1,2026-01-19 08:09:16
14548,Masculine,128,2026-01-19 08:09:16
14548,Feminine,109,2026-01-19 08:09:16
14548,Modern,63,2026-01-19 08:09:16
14548,Classic,47,2026-01-19 08:09:16
14551,Feminine,8,2026-01-19 08:09:16
14551,Classic,5,2026-01-19 08:09:16
14551,Modern,2,2026-01-19 08:09:16
14551,Masculine,1,2026-01-19 08:09:16
14552,Feminine,97,2026-01-19 08:09:16
14552,Masculine,89,2026-01-19 08:09:16
14552,Classic,48,2026-01-19 08:09:16
14552,Modern,34,2026-01-19 08:09:16
14555,Feminine,10,2026-01-19 08:09:16
14555,Classic,4,2026-01-19 08:09:16
14555,Masculine,2,2026-01-19 08:09:16
14555,Modern,2,2026-01-19 08:09:16
14556,Masculine,92,2026-01-19 08:09:16
14556,Feminine,64,2026-01-19 08:09:16
14556,Classic,46,2026-01-19 08:09:16
14556,Modern,16,2026-01-19 08:09:16
14559,Feminine,10,2026-01-19 08:09:16
14559,Modern,6,2026-01-19 08:09:16
14559,Masculine,1,2026-01-19 08:09:16
14559,Classic,1,2026-01-19 08:09:16
14563,Feminine,11,2026-01-19 08:09:16
14563,Modern,4,2026-01-19 08:09:16
14563,Classic,1,2026-01-19 08:09:16
14564,Feminine,94,2026-01-19 08:09:16
14564,Masculine,56,2026-01-19 08:09:16
14564,Classic,44,2026-01-19 08:09:16
14564,Modern,28,2026-01-19 08:09:16
14566,Feminine,80,2026-01-19 08:09:16
14566,Modern,46,2026-01-19 08:09:16
14566,Classic,21,2026-01-19 08:09:16
14567,Feminine,8,2026-01-19 08:09:16
14567,Modern,4,2026-01-19 08:09:16
14567,Classic,2,2026-01-19 08:09:16
14568,Masculine,89,2026-01-19 08:09:16
14568,Feminine,82,2026-01-19 08:09:16
14568,Classic,42,2026-01-19 08:09:16
14568,Modern,23,2026-01-19 08:09:16
14570,Feminine,53,2026-01-19 08:09:16
14570,Modern,25,2026-01-19 08:09:16
14570,Classic,13,2026-01-19 08:09:16
14570,Masculine,5,2026-01-19 08:09:16
14571,Feminine,9,2026-01-19 08:09:16
14571,Modern,6,2026-01-19 08:09:16
14571,Classic,2,2026-01-19 08:09:16
14571,Masculine,1,2026-01-19 08:09:16
14573,Feminine,104,2026-01-19 08:09:16
14573,Modern,36,2026-01-19 08:09:16
14573,Classic,32,2026-01-19 08:09:16
14573,Masculine,26,2026-01-19 08:09:16
14574,Feminine,55,2026-01-19 08:09:16
14574,Classic,20,2026-01-19 08:09:16
14574,Modern,12,2026-01-19 08:09:16
14574,Masculine,4,2026-01-19 08:09:16
14575,Feminine,5,2026-01-19 08:09:16
14575,Modern,3,2026-01-19 08:09:16
14575,Masculine,1,2026-01-19 08:09:16
14575,Classic,1,2026-01-19 08:09:16
14577,Feminine,94,2026-01-19 08:09:16
14577,Masculine,82,2026-01-19 08:09:16
14577,Classic,62,2026-01-19 08:09:16
14577,Modern,36,2026-01-19 08:09:16
14578,Masculine,34,2026-01-19 08:09:16
14578,Classic,15,2026-01-19 08:09:16
14578,Modern,9,2026-01-19 08:09:16
14579,Feminine,10,2026-01-19 08:09:16
14579,Modern,6,2026-01-19 08:09:16
14579,Classic,1,2026-01-19 08:09:16
14580,Feminine,1,2026-01-19 08:09:16
14581,Feminine,88,2026-01-19 08:09:16
14581,Masculine,41,2026-01-19 08:09:16
14581,Classic,41,2026-01-19 08:09:16
14581,Modern,31,2026-01-19 08:09:16
14582,Feminine,34,2026-01-19 08:09:16
14582,Modern,18,2026-01-19 08:09:16
14582,Classic,11,2026-01-19 08:09:16
14583,Feminine,10,2026-01-19 08:09:16
14583,Modern,6,2026-01-19 08:09:16
14583,Classic,2,2026-01-19 08:09:16
14585,Masculine,94,2026-01-19 08:09:16
14585,Feminine,68,2026-01-19 08:09:16
14585,Classic,52,2026-01-19 08:09:16
14585,Modern,26,2026-01-19 08:09:16
14586,Feminine,18,2026-01-19 08:09:16
14586,Classic,7,2026-01-19 08:09:16
14586,Modern,5,2026-01-19 08:09:16
14586,Masculine,3,2026-01-19 08:09:16
14587,Feminine,4,2026-01-19 08:09:16
14587,Modern,4,2026-01-19 08:09:16
14589,Masculine,86,2026-01-19 08:09:16
14589,Feminine,59,2026-01-19 08:09:16
14589,Classic,52,2026-01-19 08:09:16
14589,Modern,10,2026-01-19 08:09:16
14590,Masculine,16,2026-01-19 08:09:16
14590,Modern,12,2026-01-19 08:09:16
14590,Classic,5,2026-01-19 08:09:16
14591,Feminine,9,2026-01-19 08:09:16
14591,Modern,5,2026-01-19 08:09:16
14591,Classic,2,2026-01-19 08:09:16
14591,Masculine,1,2026-01-19 08:09:16
14593,Feminine,85,2026-01-19 08:09:16
14593,Modern,31,2026-01-19 08:09:16
14593,Masculine,30,2026-01-19 08:09:16
14593,Classic,28,2026-01-19 08:09:16
14594,Masculine,24,2026-01-19 08:09:16
14594,Modern,14,2026-01-19 08:09:16
14594,Classic,9,2026-01-19 08:09:16
14595,Feminine,9,2026-01-19 08:09:16
14595,Modern,6,2026-01-19 08:09:16
14595,Classic,2,2026-01-19 08:09:16
14597,Feminine,27,2026-01-19 08:09:16
14597,Modern,15,2026-01-19 08:09:16
14597,Classic,11,2026-01-19 08:09:16
14597,Masculine,7,2026-01-19 08:09:16
14598,Feminine,90,2026-01-19 08:09:16
14598,Masculine,48,2026-01-19 08:09:16
14598,Modern,37,2026-01-19 08:09:16
14598,Classic,35,2026-01-19 08:09:16
14599,Feminine,7,2026-01-19 08:09:16
14599,Modern,1,2026-01-19 08:09:16
14601,Feminine,74,2026-01-19 08:09:16
14601,Masculine,65,2026-01-19 08:09:16
14601,Classic,27,2026-01-19 08:09:16
14601,Modern,26,2026-01-19 08:09:16
14602,Feminine,23,2026-01-19 08:09:16
14602,Modern,11,2026-01-19 08:09:16
14602,Masculine,7,2026-01-19 08:09:16
14602,Classic,7,2026-01-19 08:09:16
14603,Feminine,5,2026-01-19 08:09:16
14603,Modern,4,2026-01-19 08:09:16
14603,Classic,1,2026-01-19 08:09:16
14605,Feminine,20,2026-01-19 08:09:16
14605,Modern,7,2026-01-19 08:09:16
14605,Classic,3,2026-01-19 08:09:16
14606,Feminine,59,2026-01-19 08:09:16
14606,Masculine,34,2026-01-19 08:09:16
14606,Modern,31,2026-01-19 08:09:16
14606,Classic,20,2026-01-19 08:09:16
14607,Modern,7,2026-01-19 08:09:16
14607,Feminine,6,2026-01-19 08:09:16
14607,Classic,1,2026-01-19 08:09:16
14610,Masculine,68,2026-01-19 08:09:16
14610,Feminine,42,2026-01-19 08:09:16
14610,Classic,31,2026-01-19 08:09:16
14610,Modern,15,2026-01-19 08:09:16
14612,Feminine,5,2026-01-19 08:09:16
14612,Modern,4,2026-01-19 08:09:16
14612,Classic,2,2026-01-19 08:09:16
14612,Masculine,1,2026-01-19 08:09:16
14613,Feminine,22,2026-01-19 08:09:16
14613,Modern,9,2026-01-19 08:09:16
14613,Masculine,7,2026-01-19 08:09:16
14613,Classic,7,2026-01-19 08:09:16
14614,Feminine,77,2026-01-19 08:09:16
14614,Masculine,54,2026-01-19 08:09:16
14614,Classic,39,2026-01-19 08:09:16
14614,Modern,22,2026-01-19 08:09:16
14616,Feminine,15,2026-01-19 08:09:16
14616,Modern,9,2026-01-19 08:09:16
14616,Classic,4,2026-01-19 08:09:16
14618,Feminine,58,2026-01-19 08:09:16
14618,Classic,33,2026-01-19 08:09:16
14618,Modern,24,2026-01-19 08:09:16
14618,Masculine,22,2026-01-19 08:09:16
14620,Feminine,8,2026-01-19 08:09:16
14620,Modern,4,2026-01-19 08:09:16
14620,Masculine,1,2026-01-19 08:09:16
14620,Classic,1,2026-01-19 08:09:16
14621,Feminine,15,2026-01-19 08:09:16
14621,Modern,5,2026-01-19 08:09:16
14621,Classic,4,2026-01-19 08:09:16
14621,Masculine,2,2026-01-19 08:09:16
14622,Feminine,66,2026-01-19 08:09:16
14622,Masculine,61,2026-01-19 08:09:16
14622,Classic,32,2026-01-19 08:09:16
14622,Modern,26,2026-01-19 08:09:16
14624,Feminine,6,2026-01-19 08:09:16
14624,Classic,1,2026-01-19 08:09:16
14624,Modern,1,2026-01-19 08:09:16
14625,Masculine,12,2026-01-19 08:09:16
14625,Modern,9,2026-01-19 08:09:16
14625,Classic,4,2026-01-19 08:09:16
14629,Feminine,5,2026-01-19 08:09:16
14629,Modern,3,2026-01-19 08:09:16
14630,Feminine,65,2026-01-19 08:09:16
14630,Modern,33,2026-01-19 08:09:16
14630,Masculine,24,2026-01-19 08:09:16
14630,Classic,24,2026-01-19 08:09:16
14632,Feminine,7,2026-01-19 08:09:16
14632,Modern,5,2026-01-19 08:09:16
14632,Classic,4,2026-01-19 08:09:16
14632,Masculine,2,2026-01-19 08:09:16
14633,Feminine,10,2026-01-19 08:09:16
14633,Modern,5,2026-01-19 08:09:16
14633,Classic,3,2026-01-19 08:09:16
14634,Feminine,59,2026-01-19 08:09:16
14634,Classic,23,2026-01-19 08:09:16
14634,Modern,22,2026-01-19 08:09:16
14634,Masculine,11,2026-01-19 08:09:16
14636,Feminine,8,2026-01-19 08:09:16
14636,Modern,7,2026-01-19 08:09:16
14637,Masculine,13,2026-01-19 08:09:16
14637,Modern,10,2026-01-19 08:09:16
14637,Classic,6,2026-01-19 08:09:16
14637,Feminine,2,2026-01-19 08:09:16
14638,Feminine,56,2026-01-19 08:09:16
14638,Masculine,54,2026-01-19 08:09:16
14638,Classic,25,2026-01-19 08:09:16
14638,Modern,15,2026-01-19 08:09:16
14640,Feminine,9,2026-01-19 08:09:16
14640,Classic,6,2026-01-19 08:09:16
14640,Modern,6,2026-01-19 08:09:16
14640,Masculine,1,2026-01-19 08:09:16
14641,Feminine,2,2026-01-19 08:09:16
14641,Classic,1,2026-01-19 08:09:16
14643,Masculine,45,2026-01-19 08:09:16
14643,Feminine,37,2026-01-19 08:09:16
14643,Classic,26,2026-01-19 08:09:16
14643,Modern,13,2026-01-19 08:09:16
14644,Feminine,9,2026-01-19 08:09:16
14644,Classic,5,2026-01-19 08:09:16
14644,Modern,4,2026-01-19 08:09:16
14645,Feminine,4,2026-01-19 08:09:16
14645,Classic,2,2026-01-19 08:09:16
14645,Modern,2,2026-01-19 08:09:16
14647,Masculine,52,2026-01-19 08:09:16
14647,Feminine,37,2026-01-19 08:09:16
14647,Modern,31,2026-01-19 08:09:16
14647,Classic,15,2026-01-19 08:09:16
14648,Feminine,8,2026-01-19 08:09:16
14648,Classic,4,2026-01-19 08:09:16
14648,Modern,3,2026-01-19 08:09:16
14649,Feminine,5,2026-01-19 08:09:16
14649,Modern,3,2026-01-19 08:09:16
14649,Classic,2,2026-01-19 08:09:16
14651,Masculine,50,2026-01-19 08:09:16
14651,Feminine,43,2026-01-19 08:09:16
14651,Modern,26,2026-01-19 08:09:16
14651,Classic,24,2026-01-19 08:09:16
14652,Feminine,11,2026-01-19 08:09:16
14652,Modern,8,2026-01-19 08:09:16
14652,Classic,4,2026-01-19 08:09:16
14654,Feminine,1,2026-01-19 08:09:16
14654,Modern,1,2026-01-19 08:09:16
14655,Feminine,49,2026-01-19 08:09:16
14655,Masculine,36,2026-01-19 08:09:16
14655,Classic,25,2026-01-19 08:09:16
14655,Modern,15,2026-01-19 08:09:16
14656,Feminine,10,2026-01-19 08:09:16
14656,Classic,5,2026-01-19 08:09:16
14656,Modern,4,2026-01-19 08:09:16
14657,Feminine,3,2026-01-19 08:09:16
14657,Modern,1,2026-01-19 08:09:16
14659,Feminine,56,2026-01-19 08:09:16
14659,Masculine,45,2026-01-19 08:09:16
14659,Classic,29,2026-01-19 08:09:16
14659,Modern,17,2026-01-19 08:09:16
14661,Feminine,10,2026-01-19 08:09:16
14661,Modern,7,2026-01-19 08:09:16
14661,Classic,4,2026-01-19 08:09:16
14662,Masculine,51,2026-01-19 08:09:16
14662,Feminine,36,2026-01-19 08:09:16
14662,Modern,24,2026-01-19 08:09:16
14662,Classic,19,2026-01-19 08:09:16
14663,Feminine,8,2026-01-19 08:09:16
14663,Modern,5,2026-01-19 08:09:16
14663,Classic,3,2026-01-19 08:09:16
14663,Masculine,1,2026-01-19 08:09:16
14665,Feminine,41,2026-01-19 08:09:16
14665,Masculine,24,2026-01-19 08:09:16
14665,Classic,21,2026-01-19 08:09:16
14665,Modern,17,2026-01-19 08:09:16
14666,Feminine,5,2026-01-19 08:09:16
14666,Modern,5,2026-01-19 08:09:16
14666,Masculine,1,2026-01-19 08:09:16
14667,Masculine,7,2026-01-19 08:09:16
14667,Modern,5,2026-01-19 08:09:16
14667,Classic,2,2026-01-19 08:09:16
14667,Feminine,1,2026-01-19 08:09:16
14669,Masculine,44,2026-01-19 08:09:16
14669,Feminine,40,2026-01-19 08:09:16
14669,Classic,17,2026-01-19 08:09:16
14669,Modern,13,2026-01-19 08:09:16
14670,Modern,3,2026-01-19 08:09:16
14670,Feminine,2,2026-01-19 08:09:16
14670,Classic,1,2026-01-19 08:09:16
14671,Feminine,11,2026-01-19 08:09:16
14671,Modern,6,2026-01-19 08:09:16
14671,Classic,4,2026-01-19 08:09:16
14671,Masculine,2,2026-01-19 08:09:16
14673,Masculine,44,2026-01-19 08:09:16
14673,Feminine,40,2026-01-19 08:09:16
14673,Classic,15,2026-01-19 08:09:16
14673,Modern,9,2026-01-19 08:09:16
14674,Feminine,4,2026-01-19 08:09:16
14674,Modern,3,2026-01-19 08:09:16
14675,Feminine,6,2026-01-19 08:09:16
14675,Classic,5,2026-01-19 08:09:16
14675,Masculine,2,2026-01-19 08:09:16
14675,Modern,2,2026-01-19 08:09:16
14678,Feminine,8,2026-01-19 08:09:16
14678,Modern,4,2026-01-19 08:09:16
14679,Feminine,8,2026-01-19 08:09:16
14679,Classic,6,2026-01-19 08:09:16
14679,Modern,6,2026-01-19 08:09:16
14682,Feminine,3,2026-01-19 08:09:16
14682,Modern,3,2026-01-19 08:09:16
14682,Masculine,1,2026-01-19 08:09:16
14682,Classic,1,2026-01-19 08:09:16
14683,Masculine,10,2026-01-19 08:09:16
14683,Modern,6,2026-01-19 08:09:16
14683,Classic,5,2026-01-19 08:09:16
14684,Masculine,35,2026-01-19 08:09:16
14684,Classic,17,2026-01-19 08:09:16
14684,Modern,15,2026-01-19 08:09:16
14684,Feminine,12,2026-01-19 08:09:16
14686,Feminine,8,2026-01-19 08:09:16
14686,Modern,6,2026-01-19 08:09:16
14686,Classic,1,2026-01-19 08:09:16
14687,Masculine,38,2026-01-19 08:09:16
14687,Feminine,38,2026-01-19 08:09:16
14687,Classic,17,2026-01-19 08:09:16
14687,Modern,11,2026-01-19 08:09:16
14689,Feminine,5,2026-01-19 08:09:16
14689,Modern,4,2026-01-19 08:09:16
14689,Classic,1,2026-01-19 08:09:16
14690,Feminine,12,2026-01-19 08:09:16
14690,Modern,9,2026-01-19 08:09:16
14690,Classic,4,2026-01-19 08:09:16
14692,Masculine,36,2026-01-19 08:09:16
14692,Feminine,36,2026-01-19 08:09:16
14692,Classic,20,2026-01-19 08:09:16
14692,Modern,10,2026-01-19 08:09:16
14693,Feminine,6,2026-01-19 08:09:16
14693,Modern,4,2026-01-19 08:09:16
14693,Masculine,1,2026-01-19 08:09:16
14696,Feminine,34,2026-01-19 08:09:16
14696,Masculine,23,2026-01-19 08:09:16
14696,Classic,17,2026-01-19 08:09:16
14696,Modern,11,2026-01-19 08:09:16
14697,Masculine,6,2026-01-19 08:09:16
14697,Modern,3,2026-01-19 08:09:16
14697,Classic,2,2026-01-19 08:09:16
14698,Modern,4,2026-01-19 08:09:16
14698,Feminine,3,2026-01-19 08:09:16
14700,Feminine,34,2026-01-19 08:09:16
14700,Masculine,31,2026-01-19 08:09:16
14700,Classic,12,2026-01-19 08:09:16
14700,Modern,9,2026-01-19 08:09:16
14701,Feminine,5,2026-01-19 08:09:16
14701,Modern,5,2026-01-19 08:09:16
14702,Feminine,9,2026-01-19 08:09:16
14702,Classic,4,2026-01-19 08:09:16
14702,Modern,4,2026-01-19 08:09:16
14704,Feminine,37,2026-01-19 08:09:16
14704,Masculine,21,2026-01-19 08:09:16
14704,Classic,19,2026-01-19 08:09:16
14704,Modern,7,2026-01-19 08:09:16
14705,Masculine,3,2026-01-19 08:09:16
14705,Modern,2,2026-01-19 08:09:16
14706,Feminine,7,2026-01-19 08:09:16
14706,Modern,4,2026-01-19 08:09:16
14706,Classic,1,2026-01-19 08:09:16
14708,Masculine,37,2026-01-19 08:09:16
14708,Feminine,32,2026-01-19 08:09:16
14708,Classic,19,2026-01-19 08:09:16
14708,Modern,16,2026-01-19 08:09:16
14709,Feminine,6,2026-01-19 08:09:16
14709,Modern,3,2026-01-19 08:09:16
14709,Masculine,1,2026-01-19 08:09:16
14710,Feminine,5,2026-01-19 08:09:16
14710,Modern,3,2026-01-19 08:09:16
14710,Masculine,1,2026-01-19 08:09:16
14710,Classic,1,2026-01-19 08:09:16
14712,Feminine,38,2026-01-19 08:09:16
14712,Masculine,23,2026-01-19 08:09:16
14712,Classic,18,2026-01-19 08:09:16
14712,Modern,7,2026-01-19 08:09:16
14713,Feminine,8,2026-01-19 08:09:16
14713,Modern,5,2026-01-19 08:09:16
14713,Classic,4,2026-01-19 08:09:16
14713,Masculine,3,2026-01-19 08:09:16
14714,Feminine,4,2026-01-19 08:09:16
14714,Modern,2,2026-01-19 08:09:16
14716,Feminine,7,2026-01-19 08:09:16
14716,Classic,6,2026-01-19 08:09:16
14716,Modern,6,2026-01-19 08:09:16
14716,Masculine,2,2026-01-19 08:09:16
14717,Feminine,2,2026-01-19 08:09:16
14717,Masculine,1,2026-01-19 08:09:16
14720,Feminine,7,2026-01-19 08:09:16
14720,Modern,4,2026-01-19 08:09:16
14720,Classic,2,2026-01-19 08:09:16
14721,Feminine,2,2026-01-19 08:09:16
14724,Feminine,6,2026-01-19 08:09:16
14724,Modern,5,2026-01-19 08:09:16
14724,Masculine,2,2026-01-19 08:09:16
14725,Feminine,6,2026-01-19 08:09:16
14725,Modern,4,2026-01-19 08:09:16
14725,Classic,3,2026-01-19 08:09:16
14725,Masculine,1,2026-01-19 08:09:16
14727,Feminine,35,2026-01-19 08:09:16
14727,Masculine,28,2026-01-19 08:09:16
14727,Classic,17,2026-01-19 08:09:16
14727,Modern,12,2026-01-19 08:09:16
14728,Feminine,6,2026-01-19 08:09:16
14728,Modern,3,2026-01-19 08:09:16
14728,Classic,2,2026-01-19 08:09:16
14729,Feminine,5,2026-01-19 08:09:16
14729,Modern,3,2026-01-19 08:09:16
14729,Classic,1,2026-01-19 08:09:16
14731,Masculine,29,2026-01-19 08:09:16
14731,Feminine,28,2026-01-19 08:09:16
14731,Classic,17,2026-01-19 08:09:16
14731,Modern,9,2026-01-19 08:09:16
14733,Feminine,6,2026-01-19 08:09:16
14733,Modern,5,2026-01-19 08:09:16
14733,Classic,1,2026-01-19 08:09:16
14735,Masculine,27,2026-01-19 08:09:16
14735,Feminine,18,2026-01-19 08:09:16
14735,Classic,13,2026-01-19 08:09:16
14735,Modern,11,2026-01-19 08:09:16
14736,Feminine,3,2026-01-19 08:09:16
14736,Classic,2,2026-01-19 08:09:16
14736,Modern,2,2026-01-19 08:09:16
14737,Feminine,2,2026-01-19 08:09:16
14737,Masculine,1,2026-01-19 08:09:16
14739,Masculine,21,2026-01-19 08:09:16
14739,Feminine,15,2026-01-19 08:09:16
14739,Classic,11,2026-01-19 08:09:16
14739,Modern,11,2026-01-19 08:09:16
14740,Masculine,5,2026-01-19 08:09:16
14740,Feminine,2,2026-01-19 08:09:16
14740,Classic,2,2026-01-19 08:09:16
14740,Modern,2,2026-01-19 08:09:16
14741,Feminine,6,2026-01-19 08:09:16
14741,Modern,4,2026-01-19 08:09:16
14743,Masculine,23,2026-01-19 08:09:16
14743,Feminine,17,2026-01-19 08:09:16
14743,Classic,10,2026-01-19 08:09:16
14743,Modern,8,2026-01-19 08:09:16
14744,Masculine,2,2026-01-19 08:09:16
14744,Feminine,1,2026-01-19 08:09:16
14744,Classic,1,2026-01-19 08:09:16
14745,Feminine,6,2026-01-19 08:09:16
14745,Modern,4,2026-01-19 08:09:16
14745,Classic,2,2026-01-19 08:09:16
14745,Masculine,1,2026-01-19 08:09:16
14747,Feminine,11,2026-01-19 08:09:16
14747,Masculine,7,2026-01-19 08:09:16
14747,Modern,7,2026-01-19 08:09:16
14747,Classic,5,2026-01-19 08:09:16
14748,Feminine,3,2026-01-19 08:09:16
14749,Feminine,5,2026-01-19 08:09:16
14749,Modern,4,2026-01-19 08:09:16
14749,Masculine,3,2026-01-19 08:09:16
14751,Masculine,10,2026-01-19 08:09:16
14751,Feminine,9,2026-01-19 08:09:16
14751,Classic,6,2026-01-19 08:09:16
14753,Feminine,5,2026-01-19 08:09:16
14753,Modern,4,2026-01-19 08:09:16
14755,Masculine,19,2026-01-19 08:09:16
14755,Feminine,13,2026-01-19 08:09:16
14755,Classic,7,2026-01-19 08:09:16
14755,Modern,6,2026-01-19 08:09:16
14757,Feminine,3,2026-01-19 08:09:16
14757,Modern,2,2026-01-19 08:09:16
14757,Masculine,1,2026-01-19 08:09:16
14757,Classic,1,2026-01-19 08:09:16
14759,Masculine,11,2026-01-19 08:09:16
14759,Feminine,10,2026-01-19 08:09:16
14759,Classic,8,2026-01-19 08:09:16
14759,Modern,3,2026-01-19 08:09:16
14760,Feminine,3,2026-01-19 08:09:16
14760,Modern,2,2026-01-19 08:09:16
14761,Feminine,2,2026-01-19 08:09:16
14761,Masculine,1,2026-01-19 08:09:16
14761,Modern,1,2026-01-19 08:09:16
14764,Feminine,3,2026-01-19 08:09:16
14764,Modern,2,2026-01-19 08:09:16
14767,Masculine,15,2026-01-19 08:09:16
14767,Feminine,10,2026-01-19 08:09:16
14767,Classic,5,2026-01-19 08:09:16
14767,Modern,4,2026-01-19 08:09:16
14768,Feminine,4,2026-01-19 08:09:16
14768,Classic,2,2026-01-19 08:09:16
14768,Masculine,1,2026-01-19 08:09:16
14768,Modern,1,2026-01-19 08:09:16
14771,Masculine,8,2026-01-19 08:09:16
14771,Feminine,7,2026-01-19 08:09:16
14771,Classic,4,2026-01-19 08:09:16
14771,Modern,1,2026-01-19 08:09:16
14772,Feminine,3,2026-01-19 08:09:16
14773,Feminine,3,2026-01-19 08:09:16
14773,Classic,2,2026-01-19 08:09:16
14773,Modern,2,2026-01-19 08:09:16
14776,Feminine,4,2026-01-19 08:09:16
14776,Modern,3,2026-01-19 08:09:16
14776,Masculine,1,2026-01-19 08:09:16
14777,Feminine,3,2026-01-19 08:09:16
14777,Modern,3,2026-01-19 08:09:16
14777,Classic,2,2026-01-19 08:09:16
14779,Masculine,8,2026-01-19 08:09:16
14779,Feminine,6,2026-01-19 08:09:16
14779,Modern,5,2026-01-19 08:09:16
14779,Classic,3,2026-01-19 08:09:16
14780,Feminine,3,2026-01-19 08:09:16
14780,Masculine,2,2026-01-19 08:09:16
14780,Modern,2,2026-01-19 08:09:16
14781,Feminine,4,2026-01-19 08:09:16
14781,Classic,2,2026-01-19 08:09:16
14781,Modern,2,2026-01-19 08:09:16
14783,Feminine,12,2026-01-19 08:09:16
14783,Masculine,5,2026-01-19 08:09:16
14783,Classic,4,2026-01-19 08:09:16
14783,Modern,3,2026-01-19 08:09:16
14786,Feminine,3,2026-01-19 08:09:16
14786,Classic,2,2026-01-19 08:09:16
14787,Feminine,14,2026-01-19 08:09:16
14787,Masculine,12,2026-01-19 08:09:16
14787,Classic,3,2026-01-19 08:09:16
14787,Modern,3,2026-01-19 08:09:16
14789,Feminine,3,2026-01-19 08:09:16
14789,Modern,2,2026-01-19 08:09:16
14790,Feminine,2,2026-01-19 08:09:16
14790,Modern,2,2026-01-19 08:09:16
14790,Classic,1,2026-01-19 08:09:16
14791,Masculine,8,2026-01-19 08:09:16
14791,Modern,6,2026-01-19 08:09:16
14791,Feminine,5,2026-01-19 08:09:16
14791,Classic,2,2026-01-19 08:09:16
14794,Feminine,4,2026-01-19 08:09:16
14794,Modern,2,2026-01-19 08:09:16
14794,Classic,1,2026-01-19 08:09:16
14795,Feminine,10,2026-01-19 08:09:16
14795,Masculine,8,2026-01-19 08:09:16
14795,Classic,4,2026-01-19 08:09:16
14795,Modern,3,2026-01-19 08:09:16
14799,Feminine,3,2026-01-19 08:09:16
14799,Modern,1,2026-01-19 08:09:16
14802,Masculine,3,2026-01-19 08:09:16
14802,Feminine,2,2026-01-19 08:09:16
14802,Modern,1,2026-01-19 08:09:16
14803,Modern,3,2026-01-19 08:09:16
14803,Feminine,2,2026-01-19 08:09:16
14803,Classic,2,2026-01-19 08:09:16
14807,Feminine,3,2026-01-19 08:09:16
14807,Modern,2,2026-01-19 08:09:16
14807,Classic,1,2026-01-19 08:09:16
14811,Feminine,3,2026-01-19 08:09:16
14811,Modern,3,2026-01-19 08:09:16
14811,Classic,1,2026-01-19 08:09:16
14814,Masculine,1,2026-01-19 08:09:16
14814,Feminine,1,2026-01-19 08:09:16
14816,Feminine,3,2026-01-19 08:09:16
14816,Modern,2,2026-01-19 08:09:16
14819,Masculine,1,2026-01-19 08:09:16
14819,Feminine,1,2026-01-19 08:09:16
14821,Masculine,1764,2026-01-19 08:09:16
14821,Modern,1109,2026-01-19 08:09:16
14821,Classic,527,2026-01-19 08:09:16
14821,Feminine,194,2026-01-19 08:09:16
14824,Feminine,5,2026-01-19 08:09:16
14824,Modern,3,2026-01-19 08:09:16
14824,Classic,1,2026-01-19 08:09:16
14825,Masculine,1239,2026-01-19 08:09:16
14825,Modern,548,2026-01-19 08:09:16
14825,Classic,513,2026-01-19 08:09:16
14825,Feminine,329,2026-01-19 08:09:16
14828,Feminine,3,2026-01-19 08:09:16
14828,Modern,3,2026-01-19 08:09:16
14828,Classic,2,2026-01-19 08:09:16
14829,Masculine,906,2026-01-19 08:09:16
14829,Modern,606,2026-01-19 08:09:16
14829,Feminine,397,2026-01-19 08:09:16
14829,Classic,274,2026-01-19 08:09:16
14832,Feminine,2,2026-01-19 08:09:16
14833,Masculine,723,2026-01-19 08:09:16
14833,Feminine,372,2026-01-19 08:09:16
14833,Modern,327,2026-01-19 08:09:16
14833,Classic,259,2026-01-19 08:09:16
14835,Feminine,1,2026-01-19 08:09:16
14835,Modern,1,2026-01-19 08:09:16
14837,Masculine,737,2026-01-19 08:09:16
14837,Modern,409,2026-01-19 08:09:16
14837,Feminine,242,2026-01-19 08:09:16
14837,Classic,241,2026-01-19 08:09:16
14840,Feminine,4,2026-01-19 08:09:16
14840,Modern,1,2026-01-19 08:09:16
14844,Feminine,1,2026-01-19 08:09:16
14844,Modern,1,2026-01-19 08:09:16
14845,Masculine,609,2026-01-19 08:09:16
14845,Classic,312,2026-01-19 08:09:16
14845,Modern,253,2026-01-19 08:09:16
14845,Feminine,49,2026-01-19 08:09:16
14848,Feminine,1,2026-01-19 08:09:16
14848,Modern,1,2026-01-19 08:09:16
14849,Masculine,604,2026-01-19 08:09:16
14849,Modern,390,2026-01-19 08:09:16
14849,Classic,212,2026-01-19 08:09:16
14852,Feminine,4,2026-01-19 08:09:16
14852,Modern,3,2026-01-19 08:09:16
14852,Classic,2,2026-01-19 08:09:16
14853,Masculine,547,2026-01-19 08:09:16
14853,Modern,369,2026-01-19 08:09:16
14853,Classic,177,2026-01-19 08:09:16
14853,Feminine,52,2026-01-19 08:09:16
14856,Feminine,1,2026-01-19 08:09:16
14856,Modern,1,2026-01-19 08:09:16
14858,Feminine,648,2026-01-19 08:09:16
14858,Modern,391,2026-01-19 08:09:16
14858,Classic,149,2026-01-19 08:09:16
14859,Feminine,1,2026-01-19 08:09:16
14859,Modern,1,2026-01-19 08:09:16
14860,Modern,1,2026-01-19 08:09:16
14862,Masculine,415,2026-01-19 08:09:16
14862,Modern,263,2026-01-19 08:09:16
14862,Classic,158,2026-01-19 08:09:16
14862,Feminine,87,2026-01-19 08:09:16
14864,Feminine,4,2026-01-19 08:09:16
14864,Modern,3,2026-01-19 08:09:16
14864,Masculine,1,2026-01-19 08:09:16
14866,Masculine,408,2026-01-19 08:09:16
14866,Classic,223,2026-01-19 08:09:16
14866,Modern,138,2026-01-19 08:09:16
14866,Feminine,34,2026-01-19 08:09:16
14868,Feminine,3,2026-01-19 08:09:16
14868,Modern,3,2026-01-19 08:09:16
14871,Masculine,376,2026-01-19 08:09:16
14871,Classic,162,2026-01-19 08:09:16
14871,Modern,160,2026-01-19 08:09:16
14871,Feminine,76,2026-01-19 08:09:16
14872,Masculine,1,2026-01-19 08:09:16
14872,Feminine,1,2026-01-19 08:09:16
14872,Modern,1,2026-01-19 08:09:16
14875,Feminine,443,2026-01-19 08:09:16
14875,Modern,212,2026-01-19 08:09:16
14875,Classic,129,2026-01-19 08:09:16
14876,Feminine,2,2026-01-19 08:09:16
14876,Masculine,1,2026-01-19 08:09:16
14876,Classic,1,2026-01-19 08:09:16
14876,Modern,1,2026-01-19 08:09:16
14879,Masculine,332,2026-01-19 08:09:16
14879,Modern,218,2026-01-19 08:09:16
14879,Classic,110,2026-01-19 08:09:16
14879,Feminine,86,2026-01-19 08:09:16
14880,Feminine,1,2026-01-19 08:09:16
14880,Classic,1,2026-01-19 08:09:16
14883,Masculine,284,2026-01-19 08:09:16
14883,Classic,136,2026-01-19 08:09:16
14883,Modern,105,2026-01-19 08:09:16
14883,Feminine,72,2026-01-19 08:09:16
14884,Feminine,4,2026-01-19 08:09:16
14884,Classic,2,2026-01-19 08:09:16
14884,Masculine,1,2026-01-19 08:09:16
14884,Modern,1,2026-01-19 08:09:16
14887,Feminine,244,2026-01-19 08:09:16
14887,Modern,149,2026-01-19 08:09:16
14887,Classic,51,2026-01-19 08:09:16
14887,Masculine,31,2026-01-19 08:09:16
14888,Feminine,6,2026-01-19 08:09:16
14888,Modern,5,2026-01-19 08:09:16
14888,Masculine,3,2026-01-19 08:09:16
14888,Classic,1,2026-01-19 08:09:16
14891,Feminine,305,2026-01-19 08:09:16
14891,Modern,175,2026-01-19 08:09:16
14891,Classic,73,2026-01-19 08:09:16
14892,Feminine,1,2026-01-19 08:09:16
14895,Feminine,275,2026-01-19 08:09:16
14895,Modern,164,2026-01-19 08:09:16
14895,Classic,34,2026-01-19 08:09:16
14896,Feminine,4,2026-01-19 08:09:16
14896,Modern,2,2026-01-19 08:09:16
14896,Classic,1,2026-01-19 08:09:16
14899,Masculine,213,2026-01-19 08:09:16
14899,Modern,106,2026-01-19 08:09:16
14899,Classic,104,2026-01-19 08:09:16
14899,Feminine,27,2026-01-19 08:09:16
14900,Feminine,1,2026-01-19 08:09:16
14900,Classic,1,2026-01-19 08:09:16
14900,Modern,1,2026-01-19 08:09:16
14904,Feminine,6,2026-01-19 08:09:16
14904,Modern,3,2026-01-19 08:09:16
14907,Feminine,273,2026-01-19 08:09:16
14907,Modern,146,2026-01-19 08:09:16
14907,Classic,70,2026-01-19 08:09:16
14908,Feminine,5,2026-01-19 08:09:16
14908,Modern,3,2026-01-19 08:09:16
14908,Classic,1,2026-01-19 08:09:16
14911,Feminine,241,2026-01-19 08:09:16
14911,Modern,136,2026-01-19 08:09:16
14911,Classic,45,2026-01-19 08:09:16
14912,Feminine,2,2026-01-19 08:09:16
14912,Classic,1,2026-01-19 08:09:16
14912,Modern,1,2026-01-19 08:09:16
14915,Masculine,196,2026-01-19 08:09:16
14915,Classic,93,2026-01-19 08:09:16
14915,Modern,64,2026-01-19 08:09:16
14915,Feminine,51,2026-01-19 08:09:16
14919,Feminine,255,2026-01-19 08:09:16
14919,Classic,119,2026-01-19 08:09:16
14919,Modern,87,2026-01-19 08:09:16
14919,Masculine,20,2026-01-19 08:09:16
14924,Feminine,5,2026-01-19 08:09:16
14924,Modern,2,2026-01-19 08:09:16
14924,Classic,1,2026-01-19 08:09:16
14927,Feminine,188,2026-01-19 08:09:16
14927,Classic,115,2026-01-19 08:09:16
14927,Modern,52,2026-01-19 08:09:16
14927,Masculine,40,2026-01-19 08:09:16
14931,Masculine,109,2026-01-19 08:09:16
14931,Modern,54,2026-01-19 08:09:16
14931,Classic,39,2026-01-19 08:09:16
14931,Feminine,25,2026-01-19 08:09:16
14935,Feminine,108,2026-01-19 08:09:16
14935,Modern,60,2026-01-19 08:09:16
14935,Classic,23,2026-01-19 08:09:16
14936,Feminine,1,2026-01-19 08:09:16
14939,Feminine,100,2026-01-19 08:09:16
14939,Modern,42,2026-01-19 08:09:16
14939,Classic,32,2026-01-19 08:09:16
14940,Feminine,1,2026-01-19 08:09:16
14940,Modern,1,2026-01-19 08:09:16
14942,Masculine,70,2026-01-19 08:09:16
14942,Classic,34,2026-01-19 08:09:16
14942,Feminine,23,2026-01-19 08:09:16
14942,Modern,18,2026-01-19 08:09:16
14943,Modern,2,2026-01-19 08:09:16
14943,Feminine,1,2026-01-19 08:09:16
14945,Masculine,68,2026-01-19 08:09:16
14945,Classic,36,2026-01-19 08:09:16
14945,Feminine,20,2026-01-19 08:09:16
14945,Modern,18,2026-01-19 08:09:16
14946,Feminine,2,2026-01-19 08:09:16
14946,Classic,1,2026-01-19 08:09:16
14946,Modern,1,2026-01-19 08:09:16
14948,Feminine,66,2026-01-19 08:09:16
14948,Modern,24,2026-01-19 08:09:16
14948,Classic,19,2026-01-19 08:09:16
14948,Masculine,11,2026-01-19 08:09:16
14949,Feminine,2,2026-01-19 08:09:16
14949,Masculine,1,2026-01-19 08:09:16
14949,Modern,1,2026-01-19 08:09:16
14951,Feminine,4,2026-01-19 08:09:16
14951,Modern,2,2026-01-19 08:09:16
14953,Masculine,53,2026-01-19 08:09:16
14953,Feminine,34,2026-01-19 08:09:16
14953,Classic,29,2026-01-19 08:09:16
14953,Modern,12,2026-01-19 08:09:16
14954,Feminine,2,2026-01-19 08:09:16
14954,Modern,1,2026-01-19 08:09:16
14956,Masculine,54,2026-01-19 08:09:16
14956,Classic,22,2026-01-19 08:09:16
14956,Modern,17,2026-01-19 08:09:16
14956,Feminine,14,2026-01-19 08:09:16
14957,Feminine,1,2026-01-19 08:09:16
14957,Classic,1,2026-01-19 08:09:16
14957,Modern,1,2026-01-19 08:09:16
14959,Masculine,19,2026-01-19 08:09:16
14959,Modern,15,2026-01-19 08:09:16
14959,Feminine,10,2026-01-19 08:09:16
14962,Masculine,20,2026-01-19 08:09:16
14962,Modern,14,2026-01-19 08:09:16
14962,Feminine,4,2026-01-19 08:09:16
14962,Classic,3,2026-01-19 08:09:16
14964,Feminine,3,2026-01-19 08:09:16
14964,Modern,3,2026-01-19 08:09:16
14965,Masculine,31,2026-01-19 08:09:16
14965,Feminine,24,2026-01-19 08:09:16
14965,Classic,17,2026-01-19 08:09:16
14965,Modern,14,2026-01-19 08:09:16
14968,Masculine,42,2026-01-19 08:09:16
14968,Classic,19,2026-01-19 08:09:16
14968,Feminine,13,2026-01-19 08:09:16
14968,Modern,6,2026-01-19 08:09:16
14969,Feminine,2,2026-01-19 08:09:16
14969,Modern,2,2026-01-19 08:09:16
14971,Feminine,45,2026-01-19 08:09:16
14971,Classic,17,2026-01-19 08:09:16
14971,Modern,17,2026-01-19 08:09:16
14971,Masculine,7,2026-01-19 08:09:16
14973,Feminine,3,2026-01-19 08:09:16
14973,Modern,2,2026-01-19 08:09:16
14975,Feminine,2,2026-01-19 08:09:16
14975,Modern,2,2026-01-19 08:09:16
14975,Masculine,1,2026-01-19 08:09:16
14976,Masculine,11,2026-01-19 08:09:16
14976,Modern,10,2026-01-19 08:09:16
14976,Feminine,7,2026-01-19 08:09:16
14978,Feminine,1,2026-01-19 08:09:16
14978,Classic,1,2026-01-19 08:09:16
14978,Modern,1,2026-01-19 08:09:16
14981,Feminine,3,2026-01-19 08:09:16
14981,Modern,3,2026-01-19 08:09:16
14981,Masculine,2,2026-01-19 08:09:16
14982,Masculine,34,2026-01-19 08:09:16
14982,Classic,17,2026-01-19 08:09:16
14982,Modern,12,2026-01-19 08:09:16
14982,Feminine,9,2026-01-19 08:09:16
14984,Feminine,1,2026-01-19 08:09:16
14985,Feminine,7,2026-01-19 08:09:16
14985,Modern,4,2026-01-19 08:09:16
14985,Classic,2,2026-01-19 08:09:16
14988,Feminine,2,2026-01-19 08:09:16
14988,Classic,1,2026-01-19 08:09:16
14988,Modern,1,2026-01-19 08:09:16
14989,Masculine,1,2026-01-19 08:09:16
14989,Feminine,1,2026-01-19 08:09:16
14989,Classic,1,2026-01-19 08:09:16
14993,Feminine,3,2026-01-19 08:09:16
14993,Modern,2,2026-01-19 08:09:16
14995,Feminine,1,2026-01-19 08:09:16
14995,Modern,1,2026-01-19 08:09:16
14996,Masculine,3,2026-01-19 08:09:16
14996,Modern,1,2026-01-19 08:09:16
14997,Masculine,724,2026-01-19 08:09:16
14997,Feminine,676,2026-01-19 08:09:16
14997,Modern,425,2026-01-19 08:09:16
14997,Classic,308,2026-01-19 08:09:16
14998,Modern,2,2026-01-19 08:09:16
14998,Masculine,1,2026-01-19 08:09:16
14998,Feminine,1,2026-01-19 08:09:16
14998,Classic,1,2026-01-19 08:09:16
14999,Feminine,3,2026-01-19 08:09:16
14999,Masculine,1,2026-01-19 08:09:16
14999,Modern,1,2026-01-19 08:09:16
15000,Masculine,812,2026-01-19 08:09:16
15000,Feminine,697,2026-01-19 08:09:16
15000,Modern,533,2026-01-19 08:09:16
15000,Classic,281,2026-01-19 08:09:16
15001,Modern,1,2026-01-19 08:09:16
15003,Masculine,723,2026-01-19 08:09:16
15003,Modern,421,2026-01-19 08:09:16
15003,Classic,285,2026-01-19 08:09:16
15003,Feminine,137,2026-01-19 08:09:16
15005,Classic,1,2026-01-19 08:09:16
15005,Modern,1,2026-01-19 08:09:16
15006,Masculine,381,2026-01-19 08:09:16
15006,Feminine,223,2026-01-19 08:09:16
15006,Classic,176,2026-01-19 08:09:16
15006,Modern,162,2026-01-19 08:09:16
15008,Feminine,4,2026-01-19 08:09:16
15008,Modern,4,2026-01-19 08:09:16
15009,Masculine,287,2026-01-19 08:09:16
15009,Classic,111,2026-01-19 08:09:16
15009,Modern,109,2026-01-19 08:09:16
15009,Feminine,108,2026-01-19 08:09:16
15010,Modern,6,2026-01-19 08:09:16
15010,Feminine,2,2026-01-19 08:09:16
15012,Feminine,347,2026-01-19 08:09:16
15012,Modern,164,2026-01-19 08:09:16
15012,Classic,106,2026-01-19 08:09:16
15012,Masculine,45,2026-01-19 08:09:16
15013,Modern,4,2026-01-19 08:09:16
15013,Feminine,2,2026-01-19 08:09:16
15013,Masculine,1,2026-01-19 08:09:16
15015,Masculine,226,2026-01-19 08:09:16
15015,Feminine,195,2026-01-19 08:09:16
15015,Modern,132,2026-01-19 08:09:16
15015,Classic,85,2026-01-19 08:09:16
15016,Modern,2,2026-01-19 08:09:16
15016,Masculine,1,2026-01-19 08:09:16
15016,Feminine,1,2026-01-19 08:09:16
15018,Masculine,2,2026-01-19 08:09:16
15018,Feminine,1,2026-01-19 08:09:16
15018,Classic,1,2026-01-19 08:09:16
15018,Modern,1,2026-01-19 08:09:16
15020,Masculine,157,2026-01-19 08:09:16
15020,Feminine,135,2026-01-19 08:09:16
15020,Modern,113,2026-01-19 08:09:16
15020,Classic,50,2026-01-19 08:09:16
15022,Feminine,3,2026-01-19 08:09:16
15022,Modern,2,2026-01-19 08:09:16
15025,Masculine,155,2026-01-19 08:09:16
15025,Modern,100,2026-01-19 08:09:16
15025,Feminine,76,2026-01-19 08:09:16
15025,Classic,47,2026-01-19 08:09:16
15027,Masculine,123,2026-01-19 08:09:16
15027,Modern,77,2026-01-19 08:09:16
15027,Classic,56,2026-01-19 08:09:16
15027,Feminine,26,2026-01-19 08:09:16
15028,Masculine,139,2026-01-19 08:09:16
15028,Classic,75,2026-01-19 08:09:16
15028,Modern,47,2026-01-19 08:09:16
15028,Feminine,31,2026-01-19 08:09:16
15029,Masculine,97,2026-01-19 08:09:16
15029,Feminine,86,2026-01-19 08:09:16
15029,Modern,75,2026-01-19 08:09:16
15029,Classic,32,2026-01-19 08:09:16
