PERFUME_ID,SEASON,ratio,LOAD_DT
8272,Fall,28.57,2026-01-19 08:38:22
8272,Summer,28.57,2026-01-19 08:38:22
8272,Spring,28.57,2026-01-19 08:38:22
8275,Fall,28.89,2026-01-19 08:38:22
8275,Spring,28.89,2026-01-19 08:38:22
8275,Winter,26.67,2026-01-19 08:38:22
8276,Summer,57.14,2026-01-19 08:38:22
8276,Spring,42.86,2026-01-19 08:38:22
8277,Fall,28.85,2026-01-19 08:38:22
8277,Summer,26.92,2026-01-19 08:38:22
8277,Spring,26.92,2026-01-19 08:38:22
8280,Winter,50.0,2026-01-19 08:38:22
8280,Fall,50.0,2026-01-19 08:38:22
8281,Spring,47.83,2026-01-19 08:38:22
8281,Summer,43.48,2026-01-19 08:38:22
8283,Fall,29.17,2026-01-19 08:38:22
8283,Spring,29.17,2026-01-19 08:38:22
8283,Winter,20.83,2026-01-19 08:38:22
8283,Summer,20.83,2026-01-19 08:38:22
8291,Winter,50.0,2026-01-19 08:38:22
8291,Fall,50.0,2026-01-19 08:38:22
8294,Fall,50.0,2026-01-19 08:38:22
8294,Spring,50.0,2026-01-19 08:38:22
8295,Summer,38.1,2026-01-19 08:38:22
8295,Spring,33.33,2026-01-19 08:38:22
8295,Fall,23.81,2026-01-19 08:38:22
8296,Spring,40.43,2026-01-19 08:38:22
8296,Summer,38.3,2026-01-19 08:38:22
8299,Fall,26.92,2026-01-19 08:38:22
8299,Spring,26.92,2026-01-19 08:38:22
8299,Winter,23.08,2026-01-19 08:38:22
8299,Summer,23.08,2026-01-19 08:38:22
8301,Fall,32.26,2026-01-19 08:38:22
8301,Spring,29.03,2026-01-19 08:38:22
8301,Winter,25.81,2026-01-19 08:38:22
8302,Winter,25.0,2026-01-19 08:38:22
8302,Fall,25.0,2026-01-19 08:38:22
8302,Summer,25.0,2026-01-19 08:38:22
8302,Spring,25.0,2026-01-19 08:38:22
8303,Fall,36.0,2026-01-19 08:38:22
8303,Spring,28.0,2026-01-19 08:38:22
8303,Summer,20.0,2026-01-19 08:38:22
8307,Spring,31.58,2026-01-19 08:38:22
8307,Fall,26.32,2026-01-19 08:38:22
8307,Winter,21.05,2026-01-19 08:38:22
8307,Summer,21.05,2026-01-19 08:38:22
8309,Spring,45.65,2026-01-19 08:38:22
8309,Summer,39.13,2026-01-19 08:38:22
8311,Spring,35.29,2026-01-19 08:38:22
8311,Summer,29.41,2026-01-19 08:38:22
8313,Spring,33.33,2026-01-19 08:38:22
8313,Summer,27.78,2026-01-19 08:38:22
8313,Fall,22.22,2026-01-19 08:38:22
8314,Summer,37.5,2026-01-19 08:38:22
8314,Spring,37.5,2026-01-19 08:38:22
8317,Spring,32.61,2026-01-19 08:38:22
8317,Summer,28.26,2026-01-19 08:38:22
8317,Fall,26.09,2026-01-19 08:38:22
8319,Spring,39.76,2026-01-19 08:38:22
8319,Summer,26.51,2026-01-19 08:38:22
8319,Fall,21.69,2026-01-19 08:38:22
8321,Spring,34.21,2026-01-19 08:38:22
8321,Fall,28.95,2026-01-19 08:38:22
8321,Summer,21.05,2026-01-19 08:38:22
8325,Spring,39.62,2026-01-19 08:38:22
8325,Summer,30.19,2026-01-19 08:38:22
8326,Fall,30.84,2026-01-19 08:38:22
8326,Spring,28.97,2026-01-19 08:38:22
8326,Winter,24.3,2026-01-19 08:38:22
8329,Spring,43.14,2026-01-19 08:38:22
8329,Summer,39.22,2026-01-19 08:38:22
8331,Winter,33.33,2026-01-19 08:38:22
8331,Fall,33.33,2026-01-19 08:38:22
8331,Spring,33.33,2026-01-19 08:38:22
8334,Spring,34.85,2026-01-19 08:38:22
8334,Fall,28.79,2026-01-19 08:38:22
8335,Summer,50.0,2026-01-19 08:38:22
8335,Spring,50.0,2026-01-19 08:38:22
8337,Fall,30.77,2026-01-19 08:38:22
8337,Winter,28.85,2026-01-19 08:38:22
8337,Spring,21.15,2026-01-19 08:38:22
8338,Fall,31.34,2026-01-19 08:38:22
8338,Spring,28.36,2026-01-19 08:38:22
8338,Summer,22.39,2026-01-19 08:38:22
8339,Fall,30.77,2026-01-19 08:38:22
8339,Winter,23.08,2026-01-19 08:38:22
8339,Summer,23.08,2026-01-19 08:38:22
8339,Spring,23.08,2026-01-19 08:38:22
8341,Spring,39.58,2026-01-19 08:38:22
8341,Summer,35.42,2026-01-19 08:38:22
8344,Spring,36.21,2026-01-19 08:38:22
8344,Fall,25.86,2026-01-19 08:38:22
8344,Summer,22.41,2026-01-19 08:38:22
8348,Summer,50.0,2026-01-19 08:38:22
8348,Spring,50.0,2026-01-19 08:38:22
8351,Summer,42.31,2026-01-19 08:38:22
8351,Spring,42.31,2026-01-19 08:38:22
8352,Spring,37.84,2026-01-19 08:38:22
8352,Summer,35.14,2026-01-19 08:38:22
8353,Winter,25.0,2026-01-19 08:38:22
8353,Fall,25.0,2026-01-19 08:38:22
8353,Summer,25.0,2026-01-19 08:38:22
8353,Spring,25.0,2026-01-19 08:38:22
8354,Summer,32.61,2026-01-19 08:38:22
8354,Spring,32.61,2026-01-19 08:38:22
8354,Fall,28.26,2026-01-19 08:38:22
8356,Summer,35.14,2026-01-19 08:38:22
8356,Fall,29.73,2026-01-19 08:38:22
8356,Spring,29.73,2026-01-19 08:38:22
8357,Winter,33.33,2026-01-19 08:38:22
8357,Fall,33.33,2026-01-19 08:38:22
8359,Winter,35.71,2026-01-19 08:38:22
8359,Fall,35.71,2026-01-19 08:38:22
8360,Fall,33.33,2026-01-19 08:38:22
8360,Spring,33.33,2026-01-19 08:38:22
8360,Summer,22.22,2026-01-19 08:38:22
8361,Fall,30.0,2026-01-19 08:38:22
8361,Summer,30.0,2026-01-19 08:38:22
8361,Spring,30.0,2026-01-19 08:38:22
8362,Spring,38.24,2026-01-19 08:38:22
8362,Fall,26.47,2026-01-19 08:38:22
8367,Spring,40.74,2026-01-19 08:38:22
8367,Summer,37.04,2026-01-19 08:38:22
8369,Winter,25.0,2026-01-19 08:38:22
8369,Fall,25.0,2026-01-19 08:38:22
8369,Summer,25.0,2026-01-19 08:38:22
8369,Spring,25.0,2026-01-19 08:38:22
8375,Winter,28.95,2026-01-19 08:38:22
8375,Fall,28.95,2026-01-19 08:38:22
8375,Spring,26.32,2026-01-19 08:38:22
8379,Spring,40.0,2026-01-19 08:38:22
8379,Summer,33.33,2026-01-19 08:38:22
8383,Spring,38.3,2026-01-19 08:38:22
8383,Summer,34.04,2026-01-19 08:38:22
8387,Spring,32.5,2026-01-19 08:38:22
8387,Fall,25.0,2026-01-19 08:38:22
8387,Summer,25.0,2026-01-19 08:38:22
8391,Summer,45.83,2026-01-19 08:38:22
8391,Spring,45.83,2026-01-19 08:38:22
8394,Fall,42.86,2026-01-19 08:38:22
8394,Winter,23.81,2026-01-19 08:38:22
8394,Spring,23.81,2026-01-19 08:38:22
8398,Winter,31.82,2026-01-19 08:38:22
8398,Fall,27.27,2026-01-19 08:38:22
8398,Spring,27.27,2026-01-19 08:38:22
8399,Fall,33.18,2026-01-19 08:38:22
8399,Winter,31.97,2026-01-19 08:38:22
8399,Spring,24.35,2026-01-19 08:38:22
8402,Winter,33.33,2026-01-19 08:38:22
8402,Fall,33.33,2026-01-19 08:38:22
8403,Spring,35.53,2026-01-19 08:38:22
8403,Summer,24.58,2026-01-19 08:38:22
8403,Fall,23.8,2026-01-19 08:38:22
8406,Fall,38.89,2026-01-19 08:38:22
8406,Winter,33.33,2026-01-19 08:38:22
8407,Winter,40.25,2026-01-19 08:38:22
8407,Fall,37.11,2026-01-19 08:38:22
8408,Summer,36.84,2026-01-19 08:38:22
8408,Spring,36.09,2026-01-19 08:38:22
8411,Spring,30.68,2026-01-19 08:38:22
8411,Fall,27.29,2026-01-19 08:38:22
8411,Summer,26.33,2026-01-19 08:38:22
8412,Winter,39.13,2026-01-19 08:38:22
8412,Fall,39.13,2026-01-19 08:38:22
8414,Spring,37.5,2026-01-19 08:38:22
8414,Summer,33.33,2026-01-19 08:38:22
8415,Spring,36.68,2026-01-19 08:38:22
8415,Summer,35.09,2026-01-19 08:38:22
8416,Fall,35.71,2026-01-19 08:38:22
8416,Spring,27.14,2026-01-19 08:38:22
8416,Winter,24.29,2026-01-19 08:38:22
8418,Winter,42.86,2026-01-19 08:38:22
8418,Fall,42.86,2026-01-19 08:38:22
8419,Spring,35.42,2026-01-19 08:38:22
8419,Summer,34.9,2026-01-19 08:38:22
8419,Fall,21.09,2026-01-19 08:38:22
8421,Summer,40.3,2026-01-19 08:38:22
8421,Spring,37.31,2026-01-19 08:38:22
8422,Spring,32.14,2026-01-19 08:38:22
8422,Fall,28.57,2026-01-19 08:38:22
8422,Summer,21.43,2026-01-19 08:38:22
8423,Spring,38.99,2026-01-19 08:38:22
8423,Summer,31.76,2026-01-19 08:38:22
8423,Fall,21.38,2026-01-19 08:38:22
8425,Winter,35.38,2026-01-19 08:38:22
8425,Fall,35.38,2026-01-19 08:38:22
8425,Spring,24.62,2026-01-19 08:38:22
8426,Spring,41.18,2026-01-19 08:38:22
8426,Summer,23.53,2026-01-19 08:38:22
8427,Summer,48.62,2026-01-19 08:38:22
8427,Spring,41.44,2026-01-19 08:38:22
8429,Summer,36.92,2026-01-19 08:38:22
8429,Spring,35.38,2026-01-19 08:38:22
8429,Fall,21.54,2026-01-19 08:38:22
8430,Winter,35.71,2026-01-19 08:38:22
8430,Fall,35.71,2026-01-19 08:38:22
8430,Spring,21.43,2026-01-19 08:38:22
8434,Winter,40.0,2026-01-19 08:38:22
8434,Fall,40.0,2026-01-19 08:38:22
8436,Fall,33.16,2026-01-19 08:38:22
8436,Spring,26.42,2026-01-19 08:38:22
8436,Winter,20.73,2026-01-19 08:38:22
8439,Winter,44.86,2026-01-19 08:38:22
8439,Fall,42.16,2026-01-19 08:38:22
8440,Summer,48.72,2026-01-19 08:38:22
8440,Spring,43.59,2026-01-19 08:38:22
8442,Winter,25.0,2026-01-19 08:38:22
8442,Fall,25.0,2026-01-19 08:38:22
8442,Summer,25.0,2026-01-19 08:38:22
8442,Spring,25.0,2026-01-19 08:38:22
8447,Spring,35.77,2026-01-19 08:38:22
8447,Summer,32.52,2026-01-19 08:38:22
8447,Fall,21.95,2026-01-19 08:38:22
8448,Fall,32.69,2026-01-19 08:38:22
8448,Spring,28.85,2026-01-19 08:38:22
8448,Winter,25.0,2026-01-19 08:38:22
8450,Spring,38.46,2026-01-19 08:38:22
8450,Summer,34.62,2026-01-19 08:38:22
8451,Summer,44.44,2026-01-19 08:38:22
8451,Spring,44.44,2026-01-19 08:38:22
8452,Fall,35.48,2026-01-19 08:38:22
8452,Spring,32.26,2026-01-19 08:38:22
8452,Winter,25.81,2026-01-19 08:38:22
8455,Spring,36.36,2026-01-19 08:38:22
8455,Summer,30.3,2026-01-19 08:38:22
8455,Fall,27.27,2026-01-19 08:38:22
8456,Summer,35.71,2026-01-19 08:38:22
8456,Spring,35.71,2026-01-19 08:38:22
8456,Fall,21.43,2026-01-19 08:38:22
8457,Fall,33.33,2026-01-19 08:38:22
8457,Winter,27.27,2026-01-19 08:38:22
8457,Spring,26.67,2026-01-19 08:38:22
8458,Spring,30.41,2026-01-19 08:38:22
8458,Summer,28.06,2026-01-19 08:38:22
8458,Fall,25.4,2026-01-19 08:38:22
8461,Spring,31.9,2026-01-19 08:38:22
8461,Summer,28.7,2026-01-19 08:38:22
8461,Fall,25.12,2026-01-19 08:38:22
8463,Spring,38.46,2026-01-19 08:38:22
8463,Summer,27.35,2026-01-19 08:38:22
8463,Fall,23.08,2026-01-19 08:38:22
8465,Summer,42.39,2026-01-19 08:38:22
8465,Spring,37.42,2026-01-19 08:38:22
8466,Spring,43.75,2026-01-19 08:38:22
8466,Fall,37.5,2026-01-19 08:38:22
8467,Fall,26.67,2026-01-19 08:38:22
8467,Summer,26.67,2026-01-19 08:38:22
8467,Spring,26.67,2026-01-19 08:38:22
8467,Winter,20.0,2026-01-19 08:38:22
8468,Spring,32.79,2026-01-19 08:38:22
8468,Fall,26.78,2026-01-19 08:38:22
8468,Summer,24.04,2026-01-19 08:38:22
8470,Summer,62.5,2026-01-19 08:38:22
8470,Spring,37.5,2026-01-19 08:38:22
8471,Winter,36.36,2026-01-19 08:38:22
8471,Fall,36.36,2026-01-19 08:38:22
8472,Fall,33.55,2026-01-19 08:38:22
8472,Winter,32.89,2026-01-19 08:38:22
8472,Spring,21.71,2026-01-19 08:38:22
8473,Spring,28.48,2026-01-19 08:38:22
8473,Fall,27.38,2026-01-19 08:38:22
8473,Summer,24.02,2026-01-19 08:38:22
8473,Winter,20.12,2026-01-19 08:38:22
8474,Summer,56.25,2026-01-19 08:38:22
8474,Spring,43.75,2026-01-19 08:38:22
8476,Spring,31.37,2026-01-19 08:38:22
8476,Fall,28.1,2026-01-19 08:38:22
8476,Summer,22.22,2026-01-19 08:38:22
8477,Summer,50.0,2026-01-19 08:38:22
8477,Spring,25.0,2026-01-19 08:38:22
8478,Winter,50.0,2026-01-19 08:38:22
8478,Fall,50.0,2026-01-19 08:38:22
8482,Spring,41.18,2026-01-19 08:38:22
8482,Fall,35.29,2026-01-19 08:38:22
8488,Fall,28.64,2026-01-19 08:38:22
8488,Spring,28.14,2026-01-19 08:38:22
8488,Summer,23.12,2026-01-19 08:38:22
8488,Winter,20.1,2026-01-19 08:38:22
8489,Summer,41.67,2026-01-19 08:38:22
8489,Spring,41.67,2026-01-19 08:38:22
8490,Fall,37.5,2026-01-19 08:38:22
8490,Spring,25.0,2026-01-19 08:38:22
8491,Spring,40.0,2026-01-19 08:38:22
8491,Winter,20.0,2026-01-19 08:38:22
8491,Fall,20.0,2026-01-19 08:38:22
8491,Summer,20.0,2026-01-19 08:38:22
8492,Spring,31.97,2026-01-19 08:38:22
8492,Summer,28.14,2026-01-19 08:38:22
8492,Fall,25.72,2026-01-19 08:38:22
8493,Spring,31.86,2026-01-19 08:38:22
8493,Fall,28.32,2026-01-19 08:38:22
8493,Summer,28.32,2026-01-19 08:38:22
8494,Summer,35.71,2026-01-19 08:38:22
8494,Spring,35.71,2026-01-19 08:38:22
8494,Fall,28.57,2026-01-19 08:38:22
8495,Summer,50.0,2026-01-19 08:38:22
8495,Spring,50.0,2026-01-19 08:38:22
8497,Fall,35.51,2026-01-19 08:38:22
8497,Winter,33.53,2026-01-19 08:38:22
8497,Spring,21.64,2026-01-19 08:38:22
8498,Summer,50.0,2026-01-19 08:38:22
8498,Spring,30.0,2026-01-19 08:38:22
8499,Summer,40.0,2026-01-19 08:38:22
8499,Spring,40.0,2026-01-19 08:38:22
8499,Fall,20.0,2026-01-19 08:38:22
8500,Fall,36.5,2026-01-19 08:38:22
8500,Winter,33.46,2026-01-19 08:38:22
8500,Spring,21.94,2026-01-19 08:38:22
8502,Spring,32.93,2026-01-19 08:38:22
8502,Fall,28.05,2026-01-19 08:38:22
8502,Summer,26.83,2026-01-19 08:38:22
8505,Fall,30.06,2026-01-19 08:38:22
8505,Winter,27.34,2026-01-19 08:38:22
8505,Spring,26.22,2026-01-19 08:38:22
8506,Fall,33.96,2026-01-19 08:38:22
8506,Spring,33.96,2026-01-19 08:38:22
8506,Summer,22.64,2026-01-19 08:38:22
8507,Winter,33.33,2026-01-19 08:38:22
8507,Fall,33.33,2026-01-19 08:38:22
8509,Fall,30.06,2026-01-19 08:38:22
8509,Spring,29.27,2026-01-19 08:38:22
8509,Winter,20.73,2026-01-19 08:38:22
8511,Summer,50.0,2026-01-19 08:38:22
8511,Spring,50.0,2026-01-19 08:38:22
8513,Fall,36.02,2026-01-19 08:38:22
8513,Winter,31.89,2026-01-19 08:38:22
8513,Spring,21.82,2026-01-19 08:38:22
8514,Spring,40.62,2026-01-19 08:38:22
8514,Summer,35.94,2026-01-19 08:38:22
8517,Fall,35.62,2026-01-19 08:38:22
8517,Winter,33.83,2026-01-19 08:38:22
8517,Spring,20.51,2026-01-19 08:38:22
8518,Spring,36.0,2026-01-19 08:38:22
8518,Fall,32.0,2026-01-19 08:38:22
8519,Fall,33.33,2026-01-19 08:38:22
8519,Spring,33.33,2026-01-19 08:38:22
8520,Winter,33.33,2026-01-19 08:38:22
8520,Fall,33.33,2026-01-19 08:38:22
8520,Spring,33.33,2026-01-19 08:38:22
8521,Fall,35.52,2026-01-19 08:38:22
8521,Winter,34.09,2026-01-19 08:38:22
8521,Spring,20.62,2026-01-19 08:38:22
8522,Spring,34.97,2026-01-19 08:38:22
8522,Fall,25.87,2026-01-19 08:38:22
8522,Summer,23.08,2026-01-19 08:38:22
8523,Fall,33.33,2026-01-19 08:38:22
8523,Summer,33.33,2026-01-19 08:38:22
8523,Spring,33.33,2026-01-19 08:38:22
8526,Summer,46.88,2026-01-19 08:38:22
8526,Spring,39.06,2026-01-19 08:38:22
8528,Summer,40.0,2026-01-19 08:38:22
8528,Spring,40.0,2026-01-19 08:38:22
8528,Fall,20.0,2026-01-19 08:38:22
8529,Spring,39.63,2026-01-19 08:38:22
8529,Summer,37.39,2026-01-19 08:38:22
8532,Winter,50.0,2026-01-19 08:38:22
8532,Fall,50.0,2026-01-19 08:38:22
8533,Fall,38.3,2026-01-19 08:38:22
8533,Winter,37.87,2026-01-19 08:38:22
8537,Fall,36.08,2026-01-19 08:38:22
8537,Winter,30.93,2026-01-19 08:38:22
8537,Spring,23.71,2026-01-19 08:38:22
8538,Fall,50.0,2026-01-19 08:38:22
8538,Spring,50.0,2026-01-19 08:38:22
8539,Spring,33.58,2026-01-19 08:38:22
8539,Summer,31.19,2026-01-19 08:38:22
8539,Fall,23.9,2026-01-19 08:38:22
8542,Fall,28.95,2026-01-19 08:38:22
8542,Spring,28.95,2026-01-19 08:38:22
8542,Summer,26.32,2026-01-19 08:38:22
8543,Spring,37.39,2026-01-19 08:38:22
8543,Summer,36.86,2026-01-19 08:38:22
8544,Summer,33.33,2026-01-19 08:38:22
8544,Spring,33.33,2026-01-19 08:38:22
8546,Spring,38.54,2026-01-19 08:38:22
8546,Summer,37.5,2026-01-19 08:38:22
8547,Fall,30.72,2026-01-19 08:38:22
8547,Spring,27.58,2026-01-19 08:38:22
8547,Winter,24.66,2026-01-19 08:38:22
8550,Spring,32.89,2026-01-19 08:38:22
8550,Fall,31.58,2026-01-19 08:38:22
8550,Summer,23.68,2026-01-19 08:38:22
8551,Spring,39.75,2026-01-19 08:38:22
8551,Summer,35.93,2026-01-19 08:38:22
8555,Spring,40.4,2026-01-19 08:38:22
8555,Summer,38.38,2026-01-19 08:38:22
8558,Spring,37.36,2026-01-19 08:38:22
8558,Summer,32.97,2026-01-19 08:38:22
8558,Fall,20.88,2026-01-19 08:38:22
8559,Spring,33.04,2026-01-19 08:38:22
8559,Summer,25.99,2026-01-19 08:38:22
8559,Fall,24.67,2026-01-19 08:38:22
8562,Spring,31.96,2026-01-19 08:38:22
8562,Fall,26.8,2026-01-19 08:38:22
8562,Summer,23.71,2026-01-19 08:38:22
8563,Spring,35.15,2026-01-19 08:38:22
8563,Summer,28.25,2026-01-19 08:38:22
8563,Fall,24.4,2026-01-19 08:38:22
8567,Spring,33.76,2026-01-19 08:38:22
8567,Summer,30.62,2026-01-19 08:38:22
8567,Fall,23.46,2026-01-19 08:38:22
8570,Spring,34.92,2026-01-19 08:38:22
8570,Summer,30.16,2026-01-19 08:38:22
8570,Fall,26.98,2026-01-19 08:38:22
8571,Fall,31.37,2026-01-19 08:38:22
8571,Spring,29.35,2026-01-19 08:38:22
8571,Winter,20.96,2026-01-19 08:38:22
8576,Winter,28.57,2026-01-19 08:38:22
8576,Fall,28.57,2026-01-19 08:38:22
8576,Spring,28.57,2026-01-19 08:38:22
8578,Spring,35.85,2026-01-19 08:38:22
8578,Summer,28.59,2026-01-19 08:38:22
8578,Fall,23.04,2026-01-19 08:38:22
8579,Spring,36.49,2026-01-19 08:38:22
8579,Fall,27.03,2026-01-19 08:38:22
8579,Summer,20.27,2026-01-19 08:38:22
8582,Spring,32.07,2026-01-19 08:38:22
8582,Summer,28.1,2026-01-19 08:38:22
8582,Fall,25.12,2026-01-19 08:38:22
8584,Spring,42.19,2026-01-19 08:38:22
8584,Summer,28.12,2026-01-19 08:38:22
8586,Fall,31.48,2026-01-19 08:38:22
8586,Spring,26.96,2026-01-19 08:38:22
8586,Winter,22.26,2026-01-19 08:38:22
8588,Spring,36.78,2026-01-19 08:38:22
8588,Summer,31.03,2026-01-19 08:38:22
8588,Fall,20.69,2026-01-19 08:38:22
8589,Summer,100.0,2026-01-19 08:38:22
8590,Fall,34.43,2026-01-19 08:38:22
8590,Winter,30.24,2026-01-19 08:38:22
8590,Spring,24.25,2026-01-19 08:38:22
8592,Spring,37.33,2026-01-19 08:38:22
8592,Summer,28.0,2026-01-19 08:38:22
8592,Fall,24.0,2026-01-19 08:38:22
8593,Fall,40.0,2026-01-19 08:38:22
8593,Spring,40.0,2026-01-19 08:38:22
8593,Summer,20.0,2026-01-19 08:38:22
8594,Spring,32.54,2026-01-19 08:38:22
8594,Summer,26.61,2026-01-19 08:38:22
8594,Fall,26.44,2026-01-19 08:38:22
8596,Summer,55.56,2026-01-19 08:38:22
8596,Spring,40.0,2026-01-19 08:38:22
8597,Winter,33.33,2026-01-19 08:38:22
8597,Fall,33.33,2026-01-19 08:38:22
8597,Spring,33.33,2026-01-19 08:38:22
8598,Spring,32.75,2026-01-19 08:38:22
8598,Summer,28.05,2026-01-19 08:38:22
8598,Fall,24.04,2026-01-19 08:38:22
8602,Spring,33.92,2026-01-19 08:38:22
8602,Fall,27.49,2026-01-19 08:38:22
8610,Spring,30.67,2026-01-19 08:38:22
8610,Fall,29.33,2026-01-19 08:38:22
8610,Winter,21.33,2026-01-19 08:38:22
8614,Fall,29.28,2026-01-19 08:38:22
8614,Winter,26.7,2026-01-19 08:38:22
8614,Spring,26.52,2026-01-19 08:38:22
8615,Spring,37.04,2026-01-19 08:38:22
8615,Summer,35.19,2026-01-19 08:38:22
8618,Spring,35.29,2026-01-19 08:38:22
8618,Fall,25.88,2026-01-19 08:38:22
8618,Summer,25.88,2026-01-19 08:38:22
8619,Spring,37.74,2026-01-19 08:38:22
8619,Summer,35.34,2026-01-19 08:38:22
8622,Fall,34.39,2026-01-19 08:38:22
8622,Winter,28.45,2026-01-19 08:38:22
8622,Spring,25.27,2026-01-19 08:38:22
8623,Spring,35.59,2026-01-19 08:38:22
8623,Summer,27.12,2026-01-19 08:38:22
8623,Fall,25.42,2026-01-19 08:38:22
8626,Spring,32.91,2026-01-19 08:38:22
8626,Summer,30.38,2026-01-19 08:38:22
8626,Fall,26.58,2026-01-19 08:38:22
8627,Summer,46.88,2026-01-19 08:38:22
8627,Spring,41.9,2026-01-19 08:38:22
8630,Summer,50.82,2026-01-19 08:38:22
8630,Spring,44.26,2026-01-19 08:38:22
8631,Fall,31.16,2026-01-19 08:38:22
8631,Spring,27.54,2026-01-19 08:38:22
8631,Winter,24.4,2026-01-19 08:38:22
8634,Spring,40.62,2026-01-19 08:38:22
8634,Summer,31.25,2026-01-19 08:38:22
8635,Fall,33.72,2026-01-19 08:38:22
8635,Winter,30.93,2026-01-19 08:38:22
8635,Spring,22.56,2026-01-19 08:38:22
8638,Spring,40.74,2026-01-19 08:38:22
8638,Summer,38.89,2026-01-19 08:38:22
8638,Fall,20.37,2026-01-19 08:38:22
8641,Spring,31.46,2026-01-19 08:38:22
8641,Fall,27.42,2026-01-19 08:38:22
8641,Summer,24.49,2026-01-19 08:38:22
8642,Spring,32.2,2026-01-19 08:38:22
8642,Fall,28.81,2026-01-19 08:38:22
8642,Summer,23.73,2026-01-19 08:38:22
8645,Summer,44.35,2026-01-19 08:38:22
8645,Spring,39.29,2026-01-19 08:38:22
8646,Spring,34.92,2026-01-19 08:38:22
8646,Fall,25.4,2026-01-19 08:38:22
8646,Summer,25.4,2026-01-19 08:38:22
8649,Spring,33.41,2026-01-19 08:38:22
8649,Summer,25.84,2026-01-19 08:38:22
8649,Fall,25.17,2026-01-19 08:38:22
8650,Spring,41.38,2026-01-19 08:38:22
8650,Summer,31.03,2026-01-19 08:38:22
8653,Spring,37.56,2026-01-19 08:38:22
8653,Summer,33.49,2026-01-19 08:38:22
8655,Spring,34.55,2026-01-19 08:38:22
8655,Summer,30.91,2026-01-19 08:38:22
8655,Fall,27.27,2026-01-19 08:38:22
8657,Summer,36.95,2026-01-19 08:38:22
8657,Spring,36.69,2026-01-19 08:38:22
8657,Fall,20.16,2026-01-19 08:38:22
8659,Spring,31.48,2026-01-19 08:38:22
8659,Fall,27.78,2026-01-19 08:38:22
8659,Summer,24.07,2026-01-19 08:38:22
8661,Summer,37.69,2026-01-19 08:38:22
8661,Spring,37.19,2026-01-19 08:38:22
8661,Fall,20.1,2026-01-19 08:38:22
8663,Spring,38.64,2026-01-19 08:38:22
8663,Summer,25.0,2026-01-19 08:38:22
8663,Fall,22.73,2026-01-19 08:38:22
8665,Spring,35.09,2026-01-19 08:38:22
8665,Summer,31.08,2026-01-19 08:38:22
8665,Fall,21.55,2026-01-19 08:38:22
8667,Spring,45.45,2026-01-19 08:38:22
8667,Summer,40.91,2026-01-19 08:38:22
8669,Fall,35.93,2026-01-19 08:38:22
8669,Winter,31.14,2026-01-19 08:38:22
8669,Spring,23.05,2026-01-19 08:38:22
8671,Spring,30.14,2026-01-19 08:38:22
8671,Fall,28.77,2026-01-19 08:38:22
8671,Winter,20.55,2026-01-19 08:38:22
8671,Summer,20.55,2026-01-19 08:38:22
8673,Spring,31.18,2026-01-19 08:38:22
8673,Fall,29.12,2026-01-19 08:38:22
8673,Summer,24.71,2026-01-19 08:38:22
8676,Winter,40.54,2026-01-19 08:38:22
8676,Fall,39.7,2026-01-19 08:38:22
8677,Summer,47.27,2026-01-19 08:38:22
8677,Spring,40.91,2026-01-19 08:38:22
8679,Spring,41.38,2026-01-19 08:38:22
8679,Summer,27.59,2026-01-19 08:38:22
8679,Fall,24.14,2026-01-19 08:38:22
8680,Spring,41.01,2026-01-19 08:38:22
8680,Summer,35.09,2026-01-19 08:38:22
8681,Spring,34.48,2026-01-19 08:38:22
8681,Summer,28.12,2026-01-19 08:38:22
8681,Fall,25.73,2026-01-19 08:38:22
8683,Spring,36.36,2026-01-19 08:38:22
8683,Fall,29.09,2026-01-19 08:38:22
8683,Summer,20.0,2026-01-19 08:38:22
8684,Fall,35.04,2026-01-19 08:38:22
8684,Winter,29.65,2026-01-19 08:38:22
8684,Spring,23.18,2026-01-19 08:38:22
8685,Spring,30.77,2026-01-19 08:38:22
8685,Fall,27.85,2026-01-19 08:38:22
8685,Summer,23.34,2026-01-19 08:38:22
8687,Spring,36.0,2026-01-19 08:38:22
8687,Fall,30.0,2026-01-19 08:38:22
8687,Summer,22.0,2026-01-19 08:38:22
8689,Summer,39.56,2026-01-19 08:38:22
8689,Spring,39.56,2026-01-19 08:38:22
8691,Spring,31.58,2026-01-19 08:38:22
8691,Fall,28.95,2026-01-19 08:38:22
8691,Summer,28.95,2026-01-19 08:38:22
8692,Spring,31.33,2026-01-19 08:38:22
8692,Fall,27.23,2026-01-19 08:38:22
8692,Summer,23.86,2026-01-19 08:38:22
8695,Spring,36.59,2026-01-19 08:38:22
8695,Summer,31.71,2026-01-19 08:38:22
8695,Fall,21.95,2026-01-19 08:38:22
8696,Fall,35.47,2026-01-19 08:38:22
8696,Winter,27.62,2026-01-19 08:38:22
8696,Spring,25.29,2026-01-19 08:38:22
8697,Spring,29.81,2026-01-19 08:38:22
8697,Fall,28.69,2026-01-19 08:38:22
8697,Summer,21.17,2026-01-19 08:38:22
8697,Winter,20.33,2026-01-19 08:38:22
8699,Winter,43.55,2026-01-19 08:38:22
8699,Fall,41.81,2026-01-19 08:38:22
8700,Spring,37.5,2026-01-19 08:38:22
8700,Summer,32.14,2026-01-19 08:38:22
8701,Summer,40.83,2026-01-19 08:38:22
8701,Spring,37.49,2026-01-19 08:38:22
8703,Winter,39.38,2026-01-19 08:38:22
8703,Fall,39.38,2026-01-19 08:38:22
8704,Fall,37.84,2026-01-19 08:38:22
8704,Winter,27.03,2026-01-19 08:38:22
8704,Spring,24.32,2026-01-19 08:38:22
8705,Fall,37.03,2026-01-19 08:38:22
8705,Winter,33.92,2026-01-19 08:38:22
8705,Spring,21.4,2026-01-19 08:38:22
8707,Winter,43.82,2026-01-19 08:38:22
8707,Fall,40.24,2026-01-19 08:38:22
8708,Spring,39.39,2026-01-19 08:38:22
8708,Summer,30.3,2026-01-19 08:38:22
8709,Spring,34.76,2026-01-19 08:38:22
8709,Summer,29.62,2026-01-19 08:38:22
8709,Fall,22.77,2026-01-19 08:38:22
8711,Spring,35.95,2026-01-19 08:38:22
8711,Fall,26.03,2026-01-19 08:38:22
8711,Summer,25.21,2026-01-19 08:38:22
8712,Fall,35.14,2026-01-19 08:38:22
8712,Spring,29.73,2026-01-19 08:38:22
8712,Summer,24.32,2026-01-19 08:38:22
8713,Winter,41.71,2026-01-19 08:38:22
8713,Fall,39.34,2026-01-19 08:38:22
8715,Summer,50.0,2026-01-19 08:38:22
8715,Spring,29.89,2026-01-19 08:38:22
8716,Summer,48.57,2026-01-19 08:38:22
8716,Spring,42.86,2026-01-19 08:38:22
8717,Fall,34.7,2026-01-19 08:38:22
8717,Winter,28.41,2026-01-19 08:38:22
8717,Spring,24.04,2026-01-19 08:38:22
8719,Fall,30.12,2026-01-19 08:38:22
8719,Spring,28.11,2026-01-19 08:38:22
8719,Summer,24.1,2026-01-19 08:38:22
8720,Fall,29.17,2026-01-19 08:38:22
8720,Spring,29.17,2026-01-19 08:38:22
8720,Summer,25.0,2026-01-19 08:38:22
8721,Spring,33.05,2026-01-19 08:38:22
8721,Summer,32.37,2026-01-19 08:38:22
8721,Fall,22.37,2026-01-19 08:38:22
8724,Spring,47.83,2026-01-19 08:38:22
8724,Summer,34.78,2026-01-19 08:38:22
8725,Winter,43.3,2026-01-19 08:38:22
8725,Fall,39.92,2026-01-19 08:38:22
8727,Winter,35.71,2026-01-19 08:38:22
8727,Fall,35.71,2026-01-19 08:38:22
8727,Spring,20.41,2026-01-19 08:38:22
8731,Spring,39.13,2026-01-19 08:38:22
8731,Summer,30.43,2026-01-19 08:38:22
8732,Spring,36.61,2026-01-19 08:38:22
8732,Fall,27.32,2026-01-19 08:38:22
8734,Spring,33.47,2026-01-19 08:38:22
8734,Summer,26.33,2026-01-19 08:38:22
8734,Fall,24.69,2026-01-19 08:38:22
8738,Spring,39.5,2026-01-19 08:38:22
8738,Summer,38.67,2026-01-19 08:38:22
8739,Summer,39.74,2026-01-19 08:38:22
8739,Spring,38.41,2026-01-19 08:38:22
8740,Spring,42.86,2026-01-19 08:38:22
8740,Summer,40.0,2026-01-19 08:38:22
8742,Summer,43.01,2026-01-19 08:38:22
8742,Spring,39.43,2026-01-19 08:38:22
8743,Winter,38.86,2026-01-19 08:38:22
8743,Fall,38.86,2026-01-19 08:38:22
8744,Spring,40.0,2026-01-19 08:38:22
8744,Summer,35.0,2026-01-19 08:38:22
8746,Fall,28.92,2026-01-19 08:38:22
8746,Summer,27.38,2026-01-19 08:38:22
8746,Spring,27.38,2026-01-19 08:38:22
8747,Spring,48.57,2026-01-19 08:38:22
8747,Summer,40.0,2026-01-19 08:38:22
8748,Fall,38.18,2026-01-19 08:38:22
8748,Winter,33.33,2026-01-19 08:38:22
8750,Summer,40.32,2026-01-19 08:38:22
8750,Spring,39.11,2026-01-19 08:38:22
8751,Summer,38.24,2026-01-19 08:38:22
8751,Spring,35.29,2026-01-19 08:38:22
8752,Spring,35.09,2026-01-19 08:38:22
8752,Summer,26.32,2026-01-19 08:38:22
8752,Fall,24.56,2026-01-19 08:38:22
8754,Spring,30.42,2026-01-19 08:38:22
8754,Fall,30.04,2026-01-19 08:38:22
8755,Summer,50.0,2026-01-19 08:38:22
8755,Spring,50.0,2026-01-19 08:38:22
8756,Spring,33.53,2026-01-19 08:38:22
8756,Fall,27.65,2026-01-19 08:38:22
8756,Summer,25.88,2026-01-19 08:38:22
8759,Summer,42.86,2026-01-19 08:38:22
8759,Spring,42.86,2026-01-19 08:38:22
8760,Winter,42.86,2026-01-19 08:38:22
8760,Fall,39.68,2026-01-19 08:38:22
8762,Summer,37.02,2026-01-19 08:38:22
8762,Spring,36.54,2026-01-19 08:38:22
8762,Fall,20.19,2026-01-19 08:38:22
8763,Spring,40.17,2026-01-19 08:38:22
8763,Summer,35.9,2026-01-19 08:38:22
8764,Spring,44.74,2026-01-19 08:38:22
8764,Summer,42.11,2026-01-19 08:38:22
8766,Summer,40.11,2026-01-19 08:38:22
8766,Spring,36.81,2026-01-19 08:38:22
8767,Fall,42.0,2026-01-19 08:38:22
8767,Winter,38.0,2026-01-19 08:38:22
8768,Summer,57.14,2026-01-19 08:38:22
8768,Spring,42.86,2026-01-19 08:38:22
8770,Spring,32.72,2026-01-19 08:38:22
8770,Fall,25.74,2026-01-19 08:38:22
8770,Summer,25.74,2026-01-19 08:38:22
8771,Spring,33.07,2026-01-19 08:38:22
8771,Fall,31.5,2026-01-19 08:38:22
8772,Fall,33.33,2026-01-19 08:38:22
8772,Winter,29.63,2026-01-19 08:38:22
8772,Spring,25.93,2026-01-19 08:38:22
8774,Spring,37.44,2026-01-19 08:38:22
8774,Fall,27.4,2026-01-19 08:38:22
8774,Summer,25.57,2026-01-19 08:38:22
8775,Spring,32.35,2026-01-19 08:38:22
8775,Fall,28.43,2026-01-19 08:38:22
8775,Summer,22.55,2026-01-19 08:38:22
8776,Summer,34.48,2026-01-19 08:38:22
8776,Spring,31.03,2026-01-19 08:38:22
8776,Fall,20.69,2026-01-19 08:38:22
8778,Spring,33.96,2026-01-19 08:38:22
8778,Summer,31.32,2026-01-19 08:38:22
8778,Fall,23.4,2026-01-19 08:38:22
8779,Spring,32.99,2026-01-19 08:38:22
8779,Fall,29.9,2026-01-19 08:38:22
8779,Summer,24.74,2026-01-19 08:38:22
8780,Summer,36.84,2026-01-19 08:38:22
8780,Spring,36.84,2026-01-19 08:38:22
8782,Spring,39.36,2026-01-19 08:38:22
8782,Summer,36.73,2026-01-19 08:38:22
8785,Fall,34.15,2026-01-19 08:38:22
8785,Spring,29.27,2026-01-19 08:38:22
8788,Fall,45.83,2026-01-19 08:38:22
8788,Winter,41.67,2026-01-19 08:38:22
8789,Fall,30.1,2026-01-19 08:38:22
8789,Spring,29.13,2026-01-19 08:38:22
8789,Winter,24.27,2026-01-19 08:38:22
8790,Spring,42.23,2026-01-19 08:38:22
8790,Summer,38.25,2026-01-19 08:38:22
8792,Winter,41.49,2026-01-19 08:38:22
8792,Fall,39.36,2026-01-19 08:38:22
8793,Fall,61.11,2026-01-19 08:38:22
8793,Winter,22.22,2026-01-19 08:38:22
8796,Summer,40.62,2026-01-19 08:38:22
8796,Spring,38.54,2026-01-19 08:38:22
8797,Fall,44.44,2026-01-19 08:38:22
8797,Spring,44.44,2026-01-19 08:38:22
8798,Summer,46.33,2026-01-19 08:38:22
8798,Spring,37.61,2026-01-19 08:38:22
8801,Spring,34.65,2026-01-19 08:38:22
8801,Fall,23.76,2026-01-19 08:38:22
8801,Summer,23.76,2026-01-19 08:38:22
8802,Summer,42.92,2026-01-19 08:38:22
8802,Spring,41.55,2026-01-19 08:38:22
8804,Summer,44.44,2026-01-19 08:38:22
8804,Spring,44.44,2026-01-19 08:38:22
8805,Spring,33.78,2026-01-19 08:38:22
8805,Summer,31.08,2026-01-19 08:38:22
8805,Fall,25.68,2026-01-19 08:38:22
8806,Spring,32.59,2026-01-19 08:38:22
8806,Summer,29.11,2026-01-19 08:38:22
8806,Fall,24.37,2026-01-19 08:38:22
8807,Summer,54.55,2026-01-19 08:38:22
8807,Spring,45.45,2026-01-19 08:38:22
8809,Spring,40.45,2026-01-19 08:38:22
8809,Summer,31.46,2026-01-19 08:38:22
8810,Fall,31.82,2026-01-19 08:38:22
8810,Spring,28.57,2026-01-19 08:38:22
8810,Winter,20.78,2026-01-19 08:38:22
8811,Summer,38.1,2026-01-19 08:38:22
8811,Spring,38.1,2026-01-19 08:38:22
8811,Fall,23.81,2026-01-19 08:38:22
8814,Spring,35.94,2026-01-19 08:38:22
8814,Summer,33.98,2026-01-19 08:38:22
8817,Spring,36.71,2026-01-19 08:38:22
8817,Fall,31.65,2026-01-19 08:38:22
8817,Summer,20.25,2026-01-19 08:38:22
8818,Spring,32.89,2026-01-19 08:38:22
8818,Summer,28.95,2026-01-19 08:38:22
8818,Fall,23.25,2026-01-19 08:38:22
8819,Summer,40.0,2026-01-19 08:38:22
8819,Spring,40.0,2026-01-19 08:38:22
8821,Fall,30.0,2026-01-19 08:38:22
8821,Spring,30.0,2026-01-19 08:38:22
8821,Winter,22.5,2026-01-19 08:38:22
8822,Spring,36.67,2026-01-19 08:38:22
8822,Fall,27.5,2026-01-19 08:38:22
8823,Summer,50.0,2026-01-19 08:38:22
8823,Spring,37.5,2026-01-19 08:38:22
8825,Summer,47.37,2026-01-19 08:38:22
8825,Spring,35.09,2026-01-19 08:38:22
8826,Spring,30.45,2026-01-19 08:38:22
8826,Fall,27.88,2026-01-19 08:38:22
8826,Summer,22.12,2026-01-19 08:38:22
8827,Summer,40.0,2026-01-19 08:38:22
8827,Spring,40.0,2026-01-19 08:38:22
8827,Fall,20.0,2026-01-19 08:38:22
8829,Summer,45.59,2026-01-19 08:38:22
8829,Spring,42.65,2026-01-19 08:38:22
8830,Spring,35.0,2026-01-19 08:38:22
8830,Summer,28.33,2026-01-19 08:38:22
8830,Fall,23.75,2026-01-19 08:38:22
8831,Spring,40.0,2026-01-19 08:38:22
8831,Fall,26.67,2026-01-19 08:38:22
8831,Summer,26.67,2026-01-19 08:38:22
8832,Spring,32.81,2026-01-19 08:38:22
8832,Fall,27.08,2026-01-19 08:38:22
8832,Summer,23.44,2026-01-19 08:38:22
8833,Summer,43.06,2026-01-19 08:38:22
8833,Spring,40.28,2026-01-19 08:38:22
8834,Summer,39.71,2026-01-19 08:38:22
8834,Spring,39.23,2026-01-19 08:38:22
8835,Summer,33.33,2026-01-19 08:38:22
8835,Spring,33.33,2026-01-19 08:38:22
8835,Fall,28.57,2026-01-19 08:38:22
8837,Spring,30.59,2026-01-19 08:38:22
8837,Fall,24.71,2026-01-19 08:38:22
8837,Summer,23.53,2026-01-19 08:38:22
8837,Winter,21.18,2026-01-19 08:38:22
8838,Spring,30.71,2026-01-19 08:38:22
8838,Fall,28.35,2026-01-19 08:38:22
8838,Winter,20.47,2026-01-19 08:38:22
8838,Summer,20.47,2026-01-19 08:38:22
8840,Spring,35.71,2026-01-19 08:38:22
8840,Fall,28.57,2026-01-19 08:38:22
8840,Summer,28.57,2026-01-19 08:38:22
8842,Fall,36.09,2026-01-19 08:38:22
8842,Winter,30.87,2026-01-19 08:38:22
8842,Spring,23.48,2026-01-19 08:38:22
8843,Fall,32.62,2026-01-19 08:38:22
8843,Winter,29.08,2026-01-19 08:38:22
8843,Spring,22.7,2026-01-19 08:38:22
8844,Spring,30.77,2026-01-19 08:38:22
8844,Fall,28.21,2026-01-19 08:38:22
8844,Summer,24.36,2026-01-19 08:38:22
8846,Spring,37.93,2026-01-19 08:38:22
8846,Summer,31.53,2026-01-19 08:38:22
8846,Fall,21.67,2026-01-19 08:38:22
8847,Spring,29.91,2026-01-19 08:38:22
8847,Fall,27.1,2026-01-19 08:38:22
8847,Winter,23.36,2026-01-19 08:38:22
8848,Summer,38.46,2026-01-19 08:38:22
8848,Spring,38.46,2026-01-19 08:38:22
8848,Fall,23.08,2026-01-19 08:38:22
8849,Spring,46.0,2026-01-19 08:38:22
8849,Summer,42.0,2026-01-19 08:38:22
8850,Spring,28.86,2026-01-19 08:38:22
8850,Fall,27.24,2026-01-19 08:38:22
8850,Winter,23.58,2026-01-19 08:38:22
8850,Summer,20.33,2026-01-19 08:38:22
8852,Spring,45.0,2026-01-19 08:38:22
8852,Summer,40.0,2026-01-19 08:38:22
8853,Summer,49.06,2026-01-19 08:38:22
8853,Spring,35.85,2026-01-19 08:38:22
8854,Spring,41.21,2026-01-19 08:38:22
8854,Summer,32.73,2026-01-19 08:38:22
8855,Fall,35.71,2026-01-19 08:38:22
8855,Winter,26.19,2026-01-19 08:38:22
8856,Fall,46.15,2026-01-19 08:38:22
8856,Summer,23.08,2026-01-19 08:38:22
8856,Spring,23.08,2026-01-19 08:38:22
8857,Summer,51.22,2026-01-19 08:38:22
8857,Spring,41.46,2026-01-19 08:38:22
8858,Fall,30.4,2026-01-19 08:38:22
8858,Spring,30.4,2026-01-19 08:38:22
8858,Winter,21.59,2026-01-19 08:38:22
8859,Summer,50.0,2026-01-19 08:38:22
8859,Spring,41.67,2026-01-19 08:38:22
8860,Winter,36.76,2026-01-19 08:38:22
8860,Fall,35.29,2026-01-19 08:38:22
8861,Spring,36.84,2026-01-19 08:38:22
8861,Fall,29.82,2026-01-19 08:38:22
8861,Summer,22.81,2026-01-19 08:38:22
8862,Spring,37.14,2026-01-19 08:38:22
8862,Summer,36.0,2026-01-19 08:38:22
8863,Summer,45.45,2026-01-19 08:38:22
8864,Spring,35.09,2026-01-19 08:38:22
8864,Summer,31.58,2026-01-19 08:38:22
8864,Fall,22.81,2026-01-19 08:38:22
8865,Fall,39.78,2026-01-19 08:38:22
8865,Winter,36.56,2026-01-19 08:38:22
8866,Fall,38.36,2026-01-19 08:38:22
8866,Winter,35.62,2026-01-19 08:38:22
8867,Summer,38.1,2026-01-19 08:38:22
8867,Spring,38.1,2026-01-19 08:38:22
8868,Summer,43.9,2026-01-19 08:38:22
8868,Spring,39.02,2026-01-19 08:38:22
8869,Fall,30.19,2026-01-19 08:38:22
8869,Spring,26.42,2026-01-19 08:38:22
8869,Summer,22.64,2026-01-19 08:38:22
8869,Winter,20.75,2026-01-19 08:38:22
8870,Spring,33.73,2026-01-19 08:38:22
8870,Summer,33.13,2026-01-19 08:38:22
8870,Fall,22.89,2026-01-19 08:38:22
8871,Summer,45.0,2026-01-19 08:38:22
8871,Spring,40.0,2026-01-19 08:38:22
8872,Spring,32.81,2026-01-19 08:38:22
8872,Fall,31.25,2026-01-19 08:38:22
8873,Fall,30.0,2026-01-19 08:38:22
8873,Spring,30.0,2026-01-19 08:38:22
8873,Summer,27.5,2026-01-19 08:38:22
8874,Fall,33.17,2026-01-19 08:38:22
8874,Spring,27.8,2026-01-19 08:38:22
8874,Winter,22.44,2026-01-19 08:38:22
8875,Fall,34.88,2026-01-19 08:38:22
8875,Spring,32.56,2026-01-19 08:38:22
8876,Summer,45.0,2026-01-19 08:38:22
8876,Spring,45.0,2026-01-19 08:38:22
8877,Fall,34.0,2026-01-19 08:38:22
8877,Winter,28.0,2026-01-19 08:38:22
8877,Summer,26.0,2026-01-19 08:38:22
8878,Fall,33.88,2026-01-19 08:38:22
8878,Spring,28.42,2026-01-19 08:38:22
8878,Winter,21.31,2026-01-19 08:38:22
8879,Fall,34.0,2026-01-19 08:38:22
8879,Winter,32.0,2026-01-19 08:38:22
8879,Spring,24.0,2026-01-19 08:38:22
8880,Summer,50.0,2026-01-19 08:38:22
8880,Spring,40.0,2026-01-19 08:38:22
8881,Fall,32.88,2026-01-19 08:38:22
8881,Winter,27.4,2026-01-19 08:38:22
8881,Spring,26.03,2026-01-19 08:38:22
8882,Spring,41.9,2026-01-19 08:38:22
8882,Summer,37.14,2026-01-19 08:38:22
8883,Spring,46.94,2026-01-19 08:38:22
8883,Summer,42.86,2026-01-19 08:38:22
8884,Fall,41.67,2026-01-19 08:38:22
8884,Winter,33.33,2026-01-19 08:38:22
8884,Spring,25.0,2026-01-19 08:38:22
8885,Spring,31.68,2026-01-19 08:38:22
8885,Fall,28.71,2026-01-19 08:38:22
8885,Summer,24.75,2026-01-19 08:38:22
8886,Spring,39.09,2026-01-19 08:38:22
8886,Summer,32.49,2026-01-19 08:38:22
8888,Summer,42.86,2026-01-19 08:38:22
8888,Spring,35.71,2026-01-19 08:38:22
8889,Winter,42.86,2026-01-19 08:38:22
8889,Fall,38.1,2026-01-19 08:38:22
8891,Fall,32.58,2026-01-19 08:38:22
8891,Spring,30.34,2026-01-19 08:38:22
8893,Winter,42.31,2026-01-19 08:38:22
8893,Fall,40.38,2026-01-19 08:38:22
8894,Fall,34.62,2026-01-19 08:38:22
8894,Spring,26.92,2026-01-19 08:38:22
8894,Winter,23.08,2026-01-19 08:38:22
8895,Summer,37.43,2026-01-19 08:38:22
8895,Spring,37.43,2026-01-19 08:38:22
8896,Winter,30.0,2026-01-19 08:38:22
8896,Fall,30.0,2026-01-19 08:38:22
8896,Spring,30.0,2026-01-19 08:38:22
8898,Fall,31.82,2026-01-19 08:38:22
8898,Spring,27.27,2026-01-19 08:38:22
8898,Winter,20.45,2026-01-19 08:38:22
8898,Summer,20.45,2026-01-19 08:38:22
8899,Spring,41.18,2026-01-19 08:38:22
8899,Summer,35.29,2026-01-19 08:38:22
8900,Spring,44.44,2026-01-19 08:38:22
8900,Fall,33.33,2026-01-19 08:38:22
8901,Spring,31.71,2026-01-19 08:38:22
8901,Fall,26.83,2026-01-19 08:38:22
8901,Summer,26.83,2026-01-19 08:38:22
8905,Winter,46.15,2026-01-19 08:38:22
8905,Fall,43.59,2026-01-19 08:38:22
8906,Summer,55.1,2026-01-19 08:38:22
8906,Spring,37.76,2026-01-19 08:38:22
8907,Fall,37.84,2026-01-19 08:38:22
8907,Winter,24.32,2026-01-19 08:38:22
8907,Spring,24.32,2026-01-19 08:38:22
8908,Summer,40.0,2026-01-19 08:38:22
8908,Spring,40.0,2026-01-19 08:38:22
8909,Winter,44.9,2026-01-19 08:38:22
8909,Fall,42.86,2026-01-19 08:38:22
8910,Spring,40.54,2026-01-19 08:38:22
8910,Summer,29.73,2026-01-19 08:38:22
8911,Spring,37.58,2026-01-19 08:38:22
8911,Summer,28.03,2026-01-19 08:38:22
8911,Fall,22.93,2026-01-19 08:38:22
8912,Spring,29.41,2026-01-19 08:38:22
8912,Winter,23.53,2026-01-19 08:38:22
8912,Fall,23.53,2026-01-19 08:38:22
8912,Summer,23.53,2026-01-19 08:38:22
8913,Winter,41.94,2026-01-19 08:38:22
8913,Fall,35.48,2026-01-19 08:38:22
8913,Spring,22.58,2026-01-19 08:38:22
8914,Spring,39.29,2026-01-19 08:38:22
8914,Summer,28.57,2026-01-19 08:38:22
8914,Fall,21.43,2026-01-19 08:38:22
8917,Fall,36.07,2026-01-19 08:38:22
8917,Winter,32.79,2026-01-19 08:38:22
8917,Spring,24.59,2026-01-19 08:38:22
8919,Summer,66.67,2026-01-19 08:38:22
8919,Spring,33.33,2026-01-19 08:38:22
8920,Summer,48.31,2026-01-19 08:38:22
8920,Spring,42.7,2026-01-19 08:38:22
8921,Spring,31.25,2026-01-19 08:38:22
8921,Fall,28.12,2026-01-19 08:38:22
8921,Winter,21.88,2026-01-19 08:38:22
8922,Spring,33.33,2026-01-19 08:38:22
8922,Summer,30.3,2026-01-19 08:38:22
8922,Fall,24.24,2026-01-19 08:38:22
8923,Spring,36.84,2026-01-19 08:38:22
8923,Fall,31.58,2026-01-19 08:38:22
8923,Summer,31.58,2026-01-19 08:38:22
8924,Spring,34.59,2026-01-19 08:38:22
8924,Summer,27.67,2026-01-19 08:38:22
8924,Fall,23.9,2026-01-19 08:38:22
8926,Summer,30.56,2026-01-19 08:38:22
8926,Spring,27.78,2026-01-19 08:38:22
8926,Fall,25.0,2026-01-19 08:38:22
8927,Spring,30.26,2026-01-19 08:38:22
8927,Fall,28.95,2026-01-19 08:38:22
8927,Summer,25.66,2026-01-19 08:38:22
8928,Summer,50.0,2026-01-19 08:38:22
8928,Spring,50.0,2026-01-19 08:38:22
8929,Fall,35.48,2026-01-19 08:38:22
8929,Spring,32.26,2026-01-19 08:38:22
8929,Winter,25.81,2026-01-19 08:38:22
8930,Summer,50.0,2026-01-19 08:38:22
8930,Spring,50.0,2026-01-19 08:38:22
8931,Summer,41.9,2026-01-19 08:38:22
8931,Spring,38.1,2026-01-19 08:38:22
8933,Winter,29.55,2026-01-19 08:38:22
8933,Spring,29.55,2026-01-19 08:38:22
8933,Fall,27.27,2026-01-19 08:38:22
8934,Summer,34.78,2026-01-19 08:38:22
8934,Spring,34.78,2026-01-19 08:38:22
8935,Fall,34.78,2026-01-19 08:38:22
8935,Winter,26.96,2026-01-19 08:38:22
8935,Spring,24.35,2026-01-19 08:38:22
8936,Summer,50.0,2026-01-19 08:38:22
8936,Spring,35.71,2026-01-19 08:38:22
8937,Winter,39.47,2026-01-19 08:38:22
8937,Fall,36.84,2026-01-19 08:38:22
8938,Summer,45.83,2026-01-19 08:38:22
8938,Spring,41.67,2026-01-19 08:38:22
8939,Summer,36.9,2026-01-19 08:38:22
8939,Spring,34.52,2026-01-19 08:38:22
8939,Fall,22.62,2026-01-19 08:38:22
8940,Summer,60.0,2026-01-19 08:38:22
8940,Spring,40.0,2026-01-19 08:38:22
8941,Summer,39.13,2026-01-19 08:38:22
8941,Spring,39.13,2026-01-19 08:38:22
8942,Winter,57.14,2026-01-19 08:38:22
8942,Fall,42.86,2026-01-19 08:38:22
8943,Summer,46.22,2026-01-19 08:38:22
8943,Spring,39.5,2026-01-19 08:38:22
8944,Spring,40.0,2026-01-19 08:38:22
8944,Summer,37.5,2026-01-19 08:38:22
8945,Summer,45.45,2026-01-19 08:38:22
8945,Spring,36.36,2026-01-19 08:38:22
8946,Spring,46.67,2026-01-19 08:38:22
8946,Summer,33.33,2026-01-19 08:38:22
8946,Fall,20.0,2026-01-19 08:38:22
8947,Summer,37.5,2026-01-19 08:38:22
8947,Spring,37.5,2026-01-19 08:38:22
8947,Fall,20.0,2026-01-19 08:38:22
8948,Spring,32.26,2026-01-19 08:38:22
8948,Summer,29.68,2026-01-19 08:38:22
8948,Fall,23.23,2026-01-19 08:38:22
8950,Summer,41.67,2026-01-19 08:38:22
8950,Spring,41.67,2026-01-19 08:38:22
8951,Fall,40.0,2026-01-19 08:38:22
8951,Winter,32.0,2026-01-19 08:38:22
8951,Spring,20.0,2026-01-19 08:38:22
8952,Spring,33.15,2026-01-19 08:38:22
8952,Summer,28.09,2026-01-19 08:38:22
8952,Fall,24.16,2026-01-19 08:38:22
8954,Spring,38.1,2026-01-19 08:38:22
8954,Summer,30.95,2026-01-19 08:38:22
8954,Fall,21.43,2026-01-19 08:38:22
8957,Fall,33.33,2026-01-19 08:38:22
8957,Summer,33.33,2026-01-19 08:38:22
8957,Spring,33.33,2026-01-19 08:38:22
8958,Spring,36.84,2026-01-19 08:38:22
8958,Fall,26.32,2026-01-19 08:38:22
8958,Summer,21.05,2026-01-19 08:38:22
8959,Spring,36.48,2026-01-19 08:38:22
8959,Summer,33.33,2026-01-19 08:38:22
8960,Fall,36.11,2026-01-19 08:38:22
8960,Winter,22.22,2026-01-19 08:38:22
8960,Spring,22.22,2026-01-19 08:38:22
8962,Summer,52.63,2026-01-19 08:38:22
8962,Spring,47.37,2026-01-19 08:38:22
8963,Winter,57.14,2026-01-19 08:38:22
8963,Fall,42.86,2026-01-19 08:38:22
8964,Spring,34.15,2026-01-19 08:38:22
8964,Fall,26.83,2026-01-19 08:38:22
8964,Summer,24.39,2026-01-19 08:38:22
8966,Spring,29.73,2026-01-19 08:38:22
8966,Fall,27.03,2026-01-19 08:38:22
8966,Summer,27.03,2026-01-19 08:38:22
8967,Spring,32.4,2026-01-19 08:38:22
8967,Summer,30.73,2026-01-19 08:38:22
8967,Fall,20.11,2026-01-19 08:38:22
8968,Spring,32.35,2026-01-19 08:38:22
8968,Winter,23.53,2026-01-19 08:38:22
8968,Fall,23.53,2026-01-19 08:38:22
8968,Summer,20.59,2026-01-19 08:38:22
8969,Summer,50.0,2026-01-19 08:38:22
8969,Spring,50.0,2026-01-19 08:38:22
8970,Summer,63.64,2026-01-19 08:38:22
8970,Spring,36.36,2026-01-19 08:38:22
8971,Winter,33.33,2026-01-19 08:38:22
8971,Fall,33.33,2026-01-19 08:38:22
8971,Spring,20.0,2026-01-19 08:38:22
8972,Winter,37.04,2026-01-19 08:38:22
8972,Fall,37.04,2026-01-19 08:38:22
8972,Spring,25.93,2026-01-19 08:38:22
8973,Summer,50.0,2026-01-19 08:38:22
8973,Spring,50.0,2026-01-19 08:38:22
8974,Winter,37.5,2026-01-19 08:38:22
8974,Fall,37.5,2026-01-19 08:38:22
8976,Fall,36.36,2026-01-19 08:38:22
8976,Winter,30.3,2026-01-19 08:38:22
8976,Spring,24.24,2026-01-19 08:38:22
8977,Summer,50.0,2026-01-19 08:38:22
8977,Spring,50.0,2026-01-19 08:38:22
8978,Spring,43.48,2026-01-19 08:38:22
8978,Summer,34.78,2026-01-19 08:38:22
8981,Summer,29.41,2026-01-19 08:38:22
8981,Spring,29.41,2026-01-19 08:38:22
8981,Fall,23.53,2026-01-19 08:38:22
8982,Summer,42.11,2026-01-19 08:38:22
8982,Spring,36.84,2026-01-19 08:38:22
8983,Spring,32.43,2026-01-19 08:38:22
8983,Fall,27.7,2026-01-19 08:38:22
8983,Summer,25.0,2026-01-19 08:38:22
8985,Fall,29.41,2026-01-19 08:38:22
8985,Spring,29.41,2026-01-19 08:38:22
8985,Winter,23.53,2026-01-19 08:38:22
8986,Fall,30.77,2026-01-19 08:38:22
8986,Spring,26.5,2026-01-19 08:38:22
8986,Winter,24.79,2026-01-19 08:38:22
8987,Summer,56.25,2026-01-19 08:38:22
8987,Spring,37.5,2026-01-19 08:38:22
8988,Winter,43.75,2026-01-19 08:38:22
8988,Fall,37.5,2026-01-19 08:38:22
8989,Summer,50.0,2026-01-19 08:38:22
8989,Spring,50.0,2026-01-19 08:38:22
8990,Summer,41.18,2026-01-19 08:38:22
8990,Spring,41.18,2026-01-19 08:38:22
8991,Fall,33.33,2026-01-19 08:38:22
8991,Winter,32.46,2026-01-19 08:38:22
8991,Spring,23.68,2026-01-19 08:38:22
8992,Summer,50.0,2026-01-19 08:38:22
8992,Spring,35.71,2026-01-19 08:38:22
8995,Fall,33.33,2026-01-19 08:38:22
8995,Winter,26.67,2026-01-19 08:38:22
8995,Summer,20.0,2026-01-19 08:38:22
8995,Spring,20.0,2026-01-19 08:38:22
8996,Winter,27.27,2026-01-19 08:38:22
8996,Fall,27.27,2026-01-19 08:38:22
8996,Spring,27.27,2026-01-19 08:38:22
8998,Spring,30.0,2026-01-19 08:38:22
8998,Fall,26.67,2026-01-19 08:38:22
8998,Winter,25.56,2026-01-19 08:38:22
8999,Summer,50.0,2026-01-19 08:38:22
8999,Spring,50.0,2026-01-19 08:38:22
9000,Fall,33.33,2026-01-19 08:38:22
9000,Spring,33.33,2026-01-19 08:38:22
9001,Fall,30.3,2026-01-19 08:38:22
9001,Spring,27.27,2026-01-19 08:38:22
9001,Winter,24.24,2026-01-19 08:38:22
9003,Summer,36.36,2026-01-19 08:38:22
9003,Spring,27.27,2026-01-19 08:38:22
9004,Winter,40.0,2026-01-19 08:38:22
9004,Fall,40.0,2026-01-19 08:38:22
9005,Fall,30.0,2026-01-19 08:38:22
9005,Spring,30.0,2026-01-19 08:38:22
9005,Winter,20.0,2026-01-19 08:38:22
9005,Summer,20.0,2026-01-19 08:38:22
9006,Fall,28.97,2026-01-19 08:38:22
9006,Spring,28.04,2026-01-19 08:38:22
9006,Winter,26.17,2026-01-19 08:38:22
9007,Fall,35.71,2026-01-19 08:38:22
9007,Spring,35.71,2026-01-19 08:38:22
9009,Winter,50.0,2026-01-19 08:38:22
9009,Fall,50.0,2026-01-19 08:38:22
9010,Spring,100.0,2026-01-19 08:38:22
9011,Fall,37.1,2026-01-19 08:38:22
9011,Winter,32.26,2026-01-19 08:38:22
9013,Summer,37.5,2026-01-19 08:38:22
9013,Spring,37.5,2026-01-19 08:38:22
9014,Fall,35.38,2026-01-19 08:38:22
9014,Winter,30.77,2026-01-19 08:38:22
9014,Spring,20.0,2026-01-19 08:38:22
9015,Summer,50.0,2026-01-19 08:38:22
9015,Spring,50.0,2026-01-19 08:38:22
9016,Winter,33.33,2026-01-19 08:38:22
9016,Fall,33.33,2026-01-19 08:38:22
9016,Spring,33.33,2026-01-19 08:38:22
9018,Spring,29.76,2026-01-19 08:38:22
9018,Summer,26.19,2026-01-19 08:38:22
9018,Fall,22.62,2026-01-19 08:38:22
9018,Winter,21.43,2026-01-19 08:38:22
9020,Winter,41.18,2026-01-19 08:38:22
9020,Fall,35.29,2026-01-19 08:38:22
9022,Fall,31.36,2026-01-19 08:38:22
9022,Spring,30.77,2026-01-19 08:38:22
9022,Winter,21.89,2026-01-19 08:38:22
9023,Summer,50.0,2026-01-19 08:38:22
9023,Spring,50.0,2026-01-19 08:38:22
9024,Fall,34.72,2026-01-19 08:38:22
9024,Winter,26.61,2026-01-19 08:38:22
9024,Spring,25.14,2026-01-19 08:38:22
9025,Spring,31.25,2026-01-19 08:38:22
9025,Winter,25.0,2026-01-19 08:38:22
9025,Fall,25.0,2026-01-19 08:38:22
9026,Spring,42.45,2026-01-19 08:38:22
9026,Summer,35.85,2026-01-19 08:38:22
9028,Fall,33.21,2026-01-19 08:38:22
9028,Spring,29.81,2026-01-19 08:38:22
9028,Winter,21.89,2026-01-19 08:38:22
9030,Fall,33.33,2026-01-19 08:38:22
9030,Summer,33.33,2026-01-19 08:38:22
9030,Spring,33.33,2026-01-19 08:38:22
9031,Summer,59.3,2026-01-19 08:38:22
9031,Spring,40.7,2026-01-19 08:38:22
9032,Spring,36.16,2026-01-19 08:38:22
9032,Summer,35.88,2026-01-19 08:38:22
9032,Fall,20.34,2026-01-19 08:38:22
9035,Spring,37.61,2026-01-19 08:38:22
9035,Summer,31.62,2026-01-19 08:38:22
9036,Spring,32.38,2026-01-19 08:38:22
9036,Summer,26.68,2026-01-19 08:38:22
9036,Fall,26.17,2026-01-19 08:38:22
9037,Fall,33.33,2026-01-19 08:38:22
9037,Winter,26.67,2026-01-19 08:38:22
9037,Summer,20.0,2026-01-19 08:38:22
9037,Spring,20.0,2026-01-19 08:38:22
9040,Spring,35.67,2026-01-19 08:38:22
9040,Summer,33.44,2026-01-19 08:38:22
9040,Fall,23.25,2026-01-19 08:38:22
9041,Spring,40.0,2026-01-19 08:38:22
9041,Fall,26.67,2026-01-19 08:38:22
9041,Summer,26.67,2026-01-19 08:38:22
9042,Winter,25.0,2026-01-19 08:38:22
9042,Fall,25.0,2026-01-19 08:38:22
9042,Summer,25.0,2026-01-19 08:38:22
9042,Spring,25.0,2026-01-19 08:38:22
9043,Spring,32.65,2026-01-19 08:38:22
9043,Fall,26.53,2026-01-19 08:38:22
9043,Summer,25.51,2026-01-19 08:38:22
9044,Spring,31.48,2026-01-19 08:38:22
9044,Summer,29.18,2026-01-19 08:38:22
9044,Fall,25.25,2026-01-19 08:38:22
9045,Fall,26.67,2026-01-19 08:38:22
9045,Summer,26.67,2026-01-19 08:38:22
9045,Spring,26.67,2026-01-19 08:38:22
9045,Winter,20.0,2026-01-19 08:38:22
9046,Fall,32.82,2026-01-19 08:38:22
9046,Spring,26.99,2026-01-19 08:38:22
9046,Winter,26.07,2026-01-19 08:38:22
9047,Fall,35.02,2026-01-19 08:38:22
9047,Spring,26.58,2026-01-19 08:38:22
9047,Winter,24.47,2026-01-19 08:38:22
9048,Spring,44.44,2026-01-19 08:38:22
9048,Summer,36.11,2026-01-19 08:38:22
9049,Summer,50.0,2026-01-19 08:38:22
9049,Spring,50.0,2026-01-19 08:38:22
9050,Spring,36.5,2026-01-19 08:38:22
9050,Fall,27.0,2026-01-19 08:38:22
9050,Summer,20.0,2026-01-19 08:38:22
9051,Fall,39.04,2026-01-19 08:38:22
9051,Winter,35.29,2026-01-19 08:38:22
9052,Spring,41.24,2026-01-19 08:38:22
9052,Summer,35.05,2026-01-19 08:38:22
9053,Fall,33.33,2026-01-19 08:38:22
9053,Summer,33.33,2026-01-19 08:38:22
9053,Spring,33.33,2026-01-19 08:38:22
9054,Summer,44.78,2026-01-19 08:38:22
9054,Spring,36.57,2026-01-19 08:38:22
9055,Spring,41.49,2026-01-19 08:38:22
9055,Summer,40.43,2026-01-19 08:38:22
9056,Fall,30.0,2026-01-19 08:38:22
9056,Summer,30.0,2026-01-19 08:38:22
9056,Spring,30.0,2026-01-19 08:38:22
9057,Fall,35.42,2026-01-19 08:38:22
9057,Winter,30.73,2026-01-19 08:38:22
9057,Spring,26.56,2026-01-19 08:38:22
9058,Spring,30.41,2026-01-19 08:38:22
9058,Fall,29.95,2026-01-19 08:38:22
9058,Winter,24.42,2026-01-19 08:38:22
9059,Fall,31.13,2026-01-19 08:38:22
9059,Spring,29.25,2026-01-19 08:38:22
9059,Winter,23.58,2026-01-19 08:38:22
9060,Fall,40.0,2026-01-19 08:38:22
9060,Winter,20.0,2026-01-19 08:38:22
9060,Summer,20.0,2026-01-19 08:38:22
9060,Spring,20.0,2026-01-19 08:38:22
9061,Spring,32.26,2026-01-19 08:38:22
9061,Fall,27.42,2026-01-19 08:38:22
9061,Summer,26.34,2026-01-19 08:38:22
9062,Fall,30.0,2026-01-19 08:38:22
9062,Spring,28.0,2026-01-19 08:38:22
9062,Winter,24.5,2026-01-19 08:38:22
9063,Fall,50.0,2026-01-19 08:38:22
9063,Spring,37.5,2026-01-19 08:38:22
9064,Spring,32.67,2026-01-19 08:38:22
9064,Fall,29.7,2026-01-19 08:38:22
9065,Summer,36.76,2026-01-19 08:38:22
9065,Spring,35.14,2026-01-19 08:38:22
9066,Fall,37.33,2026-01-19 08:38:22
9066,Winter,30.67,2026-01-19 08:38:22
9066,Spring,24.67,2026-01-19 08:38:22
9068,Summer,35.29,2026-01-19 08:38:22
9068,Spring,32.35,2026-01-19 08:38:22
9068,Fall,23.53,2026-01-19 08:38:22
9070,Spring,33.75,2026-01-19 08:38:22
9070,Summer,27.5,2026-01-19 08:38:22
9070,Fall,26.25,2026-01-19 08:38:22
9071,Summer,53.68,2026-01-19 08:38:22
9071,Spring,41.05,2026-01-19 08:38:22
9072,Fall,38.46,2026-01-19 08:38:22
9072,Winter,30.77,2026-01-19 08:38:22
9072,Spring,30.77,2026-01-19 08:38:22
9073,Spring,33.33,2026-01-19 08:38:22
9073,Fall,28.15,2026-01-19 08:38:22
9073,Summer,25.19,2026-01-19 08:38:22
9074,Spring,34.17,2026-01-19 08:38:22
9074,Summer,26.67,2026-01-19 08:38:22
9074,Fall,24.17,2026-01-19 08:38:22
9076,Spring,33.56,2026-01-19 08:38:22
9076,Fall,30.14,2026-01-19 08:38:22
9076,Summer,23.29,2026-01-19 08:38:22
9078,Spring,44.44,2026-01-19 08:38:22
9078,Summer,35.56,2026-01-19 08:38:22
9079,Summer,44.19,2026-01-19 08:38:22
9079,Spring,37.21,2026-01-19 08:38:22
9080,Spring,36.11,2026-01-19 08:38:22
9080,Summer,34.72,2026-01-19 08:38:22
9080,Fall,22.92,2026-01-19 08:38:22
9081,Summer,33.33,2026-01-19 08:38:22
9081,Spring,33.33,2026-01-19 08:38:22
9082,Fall,37.78,2026-01-19 08:38:22
9082,Winter,35.56,2026-01-19 08:38:22
9082,Spring,20.0,2026-01-19 08:38:22
9083,Summer,50.0,2026-01-19 08:38:22
9083,Spring,42.31,2026-01-19 08:38:22
9084,Spring,34.68,2026-01-19 08:38:22
9084,Fall,30.65,2026-01-19 08:38:22
9084,Summer,23.39,2026-01-19 08:38:22
9085,Winter,37.5,2026-01-19 08:38:22
9085,Spring,37.5,2026-01-19 08:38:22
9085,Fall,25.0,2026-01-19 08:38:22
9086,Fall,36.99,2026-01-19 08:38:22
9086,Winter,31.51,2026-01-19 08:38:22
9086,Spring,23.29,2026-01-19 08:38:22
9087,Spring,35.09,2026-01-19 08:38:22
9087,Summer,33.33,2026-01-19 08:38:22
9087,Fall,23.68,2026-01-19 08:38:22
9088,Summer,57.78,2026-01-19 08:38:22
9088,Spring,42.22,2026-01-19 08:38:22
9089,Summer,50.0,2026-01-19 08:38:22
9089,Spring,50.0,2026-01-19 08:38:22
9090,Spring,37.5,2026-01-19 08:38:22
9090,Summer,35.42,2026-01-19 08:38:22
9091,Spring,32.0,2026-01-19 08:38:22
9091,Summer,29.33,2026-01-19 08:38:22
9091,Fall,28.0,2026-01-19 08:38:22
9092,Summer,61.54,2026-01-19 08:38:22
9092,Spring,38.46,2026-01-19 08:38:22
9094,Spring,44.62,2026-01-19 08:38:22
9094,Summer,41.54,2026-01-19 08:38:22
9095,Summer,44.95,2026-01-19 08:38:22
9095,Spring,41.28,2026-01-19 08:38:22
9096,Spring,42.31,2026-01-19 08:38:22
9096,Summer,34.62,2026-01-19 08:38:22
9098,Spring,35.42,2026-01-19 08:38:22
9098,Fall,27.08,2026-01-19 08:38:22
9098,Summer,25.0,2026-01-19 08:38:22
9099,Spring,43.18,2026-01-19 08:38:22
9099,Summer,34.09,2026-01-19 08:38:22
9100,Summer,50.0,2026-01-19 08:38:22
9100,Spring,39.19,2026-01-19 08:38:22
9101,Winter,28.57,2026-01-19 08:38:22
9101,Fall,28.57,2026-01-19 08:38:22
9101,Spring,28.57,2026-01-19 08:38:22
9102,Spring,41.77,2026-01-19 08:38:22
9102,Summer,40.51,2026-01-19 08:38:22
9103,Fall,27.91,2026-01-19 08:38:22
9103,Summer,25.58,2026-01-19 08:38:22
9103,Spring,25.58,2026-01-19 08:38:22
9103,Winter,20.93,2026-01-19 08:38:22
9104,Summer,47.06,2026-01-19 08:38:22
9104,Spring,44.12,2026-01-19 08:38:22
9105,Summer,33.33,2026-01-19 08:38:22
9105,Spring,33.33,2026-01-19 08:38:22
9106,Summer,38.46,2026-01-19 08:38:22
9106,Spring,33.65,2026-01-19 08:38:22
9106,Fall,21.15,2026-01-19 08:38:22
9107,Spring,43.33,2026-01-19 08:38:22
9107,Summer,37.78,2026-01-19 08:38:22
9108,Winter,36.36,2026-01-19 08:38:22
9108,Fall,33.33,2026-01-19 08:38:22
9108,Spring,24.24,2026-01-19 08:38:22
9110,Summer,36.47,2026-01-19 08:38:22
9110,Spring,34.12,2026-01-19 08:38:22
9110,Fall,21.18,2026-01-19 08:38:22
9111,Summer,48.28,2026-01-19 08:38:22
9111,Spring,41.38,2026-01-19 08:38:22
9112,Fall,27.27,2026-01-19 08:38:22
9112,Spring,27.27,2026-01-19 08:38:22
9112,Summer,25.76,2026-01-19 08:38:22
9113,Summer,50.0,2026-01-19 08:38:22
9113,Spring,50.0,2026-01-19 08:38:22
9114,Spring,37.04,2026-01-19 08:38:22
9114,Summer,29.63,2026-01-19 08:38:22
9114,Fall,25.0,2026-01-19 08:38:22
9115,Spring,29.63,2026-01-19 08:38:22
9115,Winter,25.93,2026-01-19 08:38:22
9115,Fall,25.93,2026-01-19 08:38:22
9116,Summer,40.62,2026-01-19 08:38:22
9116,Spring,35.94,2026-01-19 08:38:22
9117,Summer,50.0,2026-01-19 08:38:22
9117,Spring,50.0,2026-01-19 08:38:22
9118,Summer,39.36,2026-01-19 08:38:22
9118,Spring,39.36,2026-01-19 08:38:22
9120,Spring,31.25,2026-01-19 08:38:22
9120,Fall,25.0,2026-01-19 08:38:22
9120,Winter,21.88,2026-01-19 08:38:22
9120,Summer,21.88,2026-01-19 08:38:22
9121,Spring,30.43,2026-01-19 08:38:22
9121,Fall,28.26,2026-01-19 08:38:22
9121,Summer,23.91,2026-01-19 08:38:22
9122,Summer,36.36,2026-01-19 08:38:22
9122,Spring,33.33,2026-01-19 08:38:22
9123,Spring,40.35,2026-01-19 08:38:22
9123,Summer,28.07,2026-01-19 08:38:22
9124,Fall,50.0,2026-01-19 08:38:22
9124,Spring,50.0,2026-01-19 08:38:22
9125,Spring,45.0,2026-01-19 08:38:22
9125,Summer,30.0,2026-01-19 08:38:22
9126,Summer,35.29,2026-01-19 08:38:22
9126,Spring,31.37,2026-01-19 08:38:22
9127,Spring,38.81,2026-01-19 08:38:22
9127,Fall,28.36,2026-01-19 08:38:22
9127,Summer,22.39,2026-01-19 08:38:22
9130,Spring,32.26,2026-01-19 08:38:22
9130,Summer,29.03,2026-01-19 08:38:22
9130,Fall,25.81,2026-01-19 08:38:22
9131,Fall,35.71,2026-01-19 08:38:22
9131,Spring,32.14,2026-01-19 08:38:22
9132,Fall,33.33,2026-01-19 08:38:22
9132,Summer,33.33,2026-01-19 08:38:22
9132,Spring,33.33,2026-01-19 08:38:22
9133,Winter,25.0,2026-01-19 08:38:22
9133,Fall,25.0,2026-01-19 08:38:22
9133,Summer,25.0,2026-01-19 08:38:22
9133,Spring,25.0,2026-01-19 08:38:22
9134,Fall,37.93,2026-01-19 08:38:22
9134,Winter,31.03,2026-01-19 08:38:22
9134,Spring,20.69,2026-01-19 08:38:22
9135,Fall,29.79,2026-01-19 08:38:22
9135,Winter,27.66,2026-01-19 08:38:22
9135,Summer,21.28,2026-01-19 08:38:22
9135,Spring,21.28,2026-01-19 08:38:22
9138,Fall,32.61,2026-01-19 08:38:22
9138,Spring,28.26,2026-01-19 08:38:22
9138,Winter,23.91,2026-01-19 08:38:22
9139,Summer,29.27,2026-01-19 08:38:22
9139,Spring,29.27,2026-01-19 08:38:22
9139,Fall,21.95,2026-01-19 08:38:22
9140,Spring,60.0,2026-01-19 08:38:22
9140,Fall,20.0,2026-01-19 08:38:22
9140,Summer,20.0,2026-01-19 08:38:22
9142,Spring,35.9,2026-01-19 08:38:22
9142,Summer,28.21,2026-01-19 08:38:22
9142,Fall,23.08,2026-01-19 08:38:22
9143,Fall,29.79,2026-01-19 08:38:22
9143,Spring,29.79,2026-01-19 08:38:22
9143,Summer,25.53,2026-01-19 08:38:22
9146,Spring,30.91,2026-01-19 08:38:22
9146,Fall,25.45,2026-01-19 08:38:22
9146,Winter,21.82,2026-01-19 08:38:22
9146,Summer,21.82,2026-01-19 08:38:22
9148,Winter,30.0,2026-01-19 08:38:22
9148,Fall,30.0,2026-01-19 08:38:22
9148,Spring,30.0,2026-01-19 08:38:22
9150,Fall,37.04,2026-01-19 08:38:22
9150,Winter,29.63,2026-01-19 08:38:22
9150,Spring,22.22,2026-01-19 08:38:22
9151,Summer,44.44,2026-01-19 08:38:22
9151,Spring,44.44,2026-01-19 08:38:22
9152,Summer,30.56,2026-01-19 08:38:22
9152,Spring,27.78,2026-01-19 08:38:22
9152,Fall,25.0,2026-01-19 08:38:22
9154,Summer,41.67,2026-01-19 08:38:22
9154,Spring,25.0,2026-01-19 08:38:22
9158,Summer,28.57,2026-01-19 08:38:22
9158,Spring,28.57,2026-01-19 08:38:22
9158,Winter,21.43,2026-01-19 08:38:22
9158,Fall,21.43,2026-01-19 08:38:22
9160,Summer,26.0,2026-01-19 08:38:22
9160,Spring,26.0,2026-01-19 08:38:22
9160,Winter,24.0,2026-01-19 08:38:22
9160,Fall,24.0,2026-01-19 08:38:22
9162,Fall,29.17,2026-01-19 08:38:22
9162,Winter,25.0,2026-01-19 08:38:22
9162,Spring,25.0,2026-01-19 08:38:22
9162,Summer,20.83,2026-01-19 08:38:22
9166,Winter,40.0,2026-01-19 08:38:22
9166,Fall,40.0,2026-01-19 08:38:22
9166,Spring,20.0,2026-01-19 08:38:22
9169,Summer,41.18,2026-01-19 08:38:22
9169,Spring,35.29,2026-01-19 08:38:22
9170,Fall,38.46,2026-01-19 08:38:22
9170,Spring,30.77,2026-01-19 08:38:22
9173,Fall,31.03,2026-01-19 08:38:22
9173,Winter,27.59,2026-01-19 08:38:22
9173,Spring,27.59,2026-01-19 08:38:22
9174,Winter,28.57,2026-01-19 08:38:22
9174,Fall,28.57,2026-01-19 08:38:22
9174,Spring,28.57,2026-01-19 08:38:22
9177,Spring,38.89,2026-01-19 08:38:22
9177,Summer,33.33,2026-01-19 08:38:22
9178,Winter,40.0,2026-01-19 08:38:22
9178,Fall,40.0,2026-01-19 08:38:22
9178,Spring,20.0,2026-01-19 08:38:22
9179,Summer,36.36,2026-01-19 08:38:22
9179,Fall,27.27,2026-01-19 08:38:22
9179,Spring,27.27,2026-01-19 08:38:22
9184,Spring,34.18,2026-01-19 08:38:22
9184,Fall,26.58,2026-01-19 08:38:22
9184,Summer,26.58,2026-01-19 08:38:22
9186,Winter,50.0,2026-01-19 08:38:22
9186,Fall,50.0,2026-01-19 08:38:22
9189,Fall,40.51,2026-01-19 08:38:22
9189,Winter,39.24,2026-01-19 08:38:22
9192,Summer,46.94,2026-01-19 08:38:22
9192,Spring,42.86,2026-01-19 08:38:22
9196,Fall,36.36,2026-01-19 08:38:22
9196,Winter,31.82,2026-01-19 08:38:22
9196,Spring,25.0,2026-01-19 08:38:22
9197,Summer,33.33,2026-01-19 08:38:22
9197,Spring,28.21,2026-01-19 08:38:22
9197,Fall,23.08,2026-01-19 08:38:22
9200,Spring,40.7,2026-01-19 08:38:22
9200,Summer,36.05,2026-01-19 08:38:22
9201,Fall,42.86,2026-01-19 08:38:22
9201,Winter,39.29,2026-01-19 08:38:22
9202,Fall,33.67,2026-01-19 08:38:22
9202,Winter,29.95,2026-01-19 08:38:22
9202,Spring,23.59,2026-01-19 08:38:22
9204,Fall,35.0,2026-01-19 08:38:22
9204,Winter,30.0,2026-01-19 08:38:22
9204,Spring,26.67,2026-01-19 08:38:22
9205,Fall,35.9,2026-01-19 08:38:22
9205,Winter,28.21,2026-01-19 08:38:22
9205,Spring,25.64,2026-01-19 08:38:22
9206,Winter,40.51,2026-01-19 08:38:22
9206,Fall,39.35,2026-01-19 08:38:22
9208,Spring,31.58,2026-01-19 08:38:22
9208,Fall,26.32,2026-01-19 08:38:22
9208,Winter,21.05,2026-01-19 08:38:22
9208,Summer,21.05,2026-01-19 08:38:22
9209,Summer,50.0,2026-01-19 08:38:22
9209,Spring,41.07,2026-01-19 08:38:22
9210,Spring,36.55,2026-01-19 08:38:22
9210,Summer,28.71,2026-01-19 08:38:22
9210,Fall,20.45,2026-01-19 08:38:22
9212,Spring,34.21,2026-01-19 08:38:22
9212,Fall,28.95,2026-01-19 08:38:22
9212,Summer,23.68,2026-01-19 08:38:22
9213,Fall,39.66,2026-01-19 08:38:22
9213,Spring,25.86,2026-01-19 08:38:22
9214,Fall,40.0,2026-01-19 08:38:22
9214,Winter,32.43,2026-01-19 08:38:22
9214,Spring,21.62,2026-01-19 08:38:22
9216,Summer,41.67,2026-01-19 08:38:22
9216,Spring,41.67,2026-01-19 08:38:22
9217,Fall,36.25,2026-01-19 08:38:22
9217,Winter,32.5,2026-01-19 08:38:22
9217,Spring,22.5,2026-01-19 08:38:22
9219,Spring,32.41,2026-01-19 08:38:22
9219,Fall,32.18,2026-01-19 08:38:22
9219,Summer,20.14,2026-01-19 08:38:22
9221,Fall,28.57,2026-01-19 08:38:22
9221,Spring,28.57,2026-01-19 08:38:22
9221,Summer,25.0,2026-01-19 08:38:22
9223,Spring,34.13,2026-01-19 08:38:22
9223,Fall,28.44,2026-01-19 08:38:22
9223,Summer,21.56,2026-01-19 08:38:22
9224,Winter,41.46,2026-01-19 08:38:22
9224,Fall,39.02,2026-01-19 08:38:22
9225,Summer,42.31,2026-01-19 08:38:22
9225,Spring,42.31,2026-01-19 08:38:22
9227,Fall,29.35,2026-01-19 08:38:22
9227,Spring,27.67,2026-01-19 08:38:22
9227,Winter,21.8,2026-01-19 08:38:22
9227,Summer,21.17,2026-01-19 08:38:22
9228,Fall,32.86,2026-01-19 08:38:22
9228,Spring,31.43,2026-01-19 08:38:22
9228,Winter,22.86,2026-01-19 08:38:22
9229,Fall,40.0,2026-01-19 08:38:22
9229,Winter,20.0,2026-01-19 08:38:22
9229,Summer,20.0,2026-01-19 08:38:22
9229,Spring,20.0,2026-01-19 08:38:22
9231,Fall,31.54,2026-01-19 08:38:22
9231,Spring,29.75,2026-01-19 08:38:22
9231,Winter,22.15,2026-01-19 08:38:22
9232,Summer,52.73,2026-01-19 08:38:22
9232,Spring,47.27,2026-01-19 08:38:22
9233,Spring,33.33,2026-01-19 08:38:22
9233,Winter,22.22,2026-01-19 08:38:22
9233,Fall,22.22,2026-01-19 08:38:22
9233,Summer,22.22,2026-01-19 08:38:22
9235,Spring,32.48,2026-01-19 08:38:22
9235,Fall,29.41,2026-01-19 08:38:22
9235,Summer,21.48,2026-01-19 08:38:22
9236,Spring,38.57,2026-01-19 08:38:22
9236,Summer,30.0,2026-01-19 08:38:22
9236,Fall,21.43,2026-01-19 08:38:22
9237,Summer,50.0,2026-01-19 08:38:22
9237,Spring,50.0,2026-01-19 08:38:22
9239,Spring,34.81,2026-01-19 08:38:22
9239,Summer,24.37,2026-01-19 08:38:22
9239,Fall,22.15,2026-01-19 08:38:22
9240,Fall,45.45,2026-01-19 08:38:22
9240,Winter,42.42,2026-01-19 08:38:22
9243,Fall,34.63,2026-01-19 08:38:22
9243,Spring,28.96,2026-01-19 08:38:22
9243,Winter,23.28,2026-01-19 08:38:22
9244,Summer,51.72,2026-01-19 08:38:22
9244,Spring,37.93,2026-01-19 08:38:22
9245,Winter,28.57,2026-01-19 08:38:22
9245,Fall,28.57,2026-01-19 08:38:22
9245,Summer,28.57,2026-01-19 08:38:22
9247,Spring,32.2,2026-01-19 08:38:22
9247,Fall,26.93,2026-01-19 08:38:22
9247,Summer,25.39,2026-01-19 08:38:22
9248,Fall,37.25,2026-01-19 08:38:22
9248,Winter,31.37,2026-01-19 08:38:22
9248,Spring,31.37,2026-01-19 08:38:22
9251,Spring,33.52,2026-01-19 08:38:22
9251,Fall,29.58,2026-01-19 08:38:22
9251,Summer,21.41,2026-01-19 08:38:22
9252,Summer,27.27,2026-01-19 08:38:22
9252,Spring,27.27,2026-01-19 08:38:22
9252,Fall,24.24,2026-01-19 08:38:22
9252,Winter,21.21,2026-01-19 08:38:22
9255,Fall,33.33,2026-01-19 08:38:22
9255,Winter,27.47,2026-01-19 08:38:22
9255,Spring,24.69,2026-01-19 08:38:22
9265,Fall,36.84,2026-01-19 08:38:22
9265,Winter,33.33,2026-01-19 08:38:22
9265,Spring,21.64,2026-01-19 08:38:22
9266,Summer,31.82,2026-01-19 08:38:22
9266,Spring,31.82,2026-01-19 08:38:22
9266,Fall,22.73,2026-01-19 08:38:22
9269,Fall,28.57,2026-01-19 08:38:22
9269,Spring,28.57,2026-01-19 08:38:22
9269,Summer,23.81,2026-01-19 08:38:22
9270,Spring,34.51,2026-01-19 08:38:22
9270,Fall,26.67,2026-01-19 08:38:22
9270,Summer,25.49,2026-01-19 08:38:22
9274,Summer,29.03,2026-01-19 08:38:22
9274,Spring,29.03,2026-01-19 08:38:22
9274,Fall,25.81,2026-01-19 08:38:22
9275,Fall,38.66,2026-01-19 08:38:22
9275,Winter,36.08,2026-01-19 08:38:22
9278,Fall,26.67,2026-01-19 08:38:22
9278,Summer,26.67,2026-01-19 08:38:22
9278,Spring,26.67,2026-01-19 08:38:22
9278,Winter,20.0,2026-01-19 08:38:22
9279,Spring,33.73,2026-01-19 08:38:22
9279,Summer,27.31,2026-01-19 08:38:22
9279,Fall,25.7,2026-01-19 08:38:22
9281,Winter,33.33,2026-01-19 08:38:22
9281,Fall,33.33,2026-01-19 08:38:22
9285,Winter,25.0,2026-01-19 08:38:22
9285,Fall,25.0,2026-01-19 08:38:22
9285,Summer,25.0,2026-01-19 08:38:22
9285,Spring,25.0,2026-01-19 08:38:22
9287,Fall,36.22,2026-01-19 08:38:22
9287,Winter,32.82,2026-01-19 08:38:22
9287,Spring,22.91,2026-01-19 08:38:22
9289,Summer,30.43,2026-01-19 08:38:22
9289,Spring,30.43,2026-01-19 08:38:22
9289,Fall,26.09,2026-01-19 08:38:22
9291,Spring,32.21,2026-01-19 08:38:22
9291,Fall,27.27,2026-01-19 08:38:22
9291,Summer,24.68,2026-01-19 08:38:22
9293,Fall,29.73,2026-01-19 08:38:22
9293,Winter,24.32,2026-01-19 08:38:22
9293,Spring,24.32,2026-01-19 08:38:22
9293,Summer,21.62,2026-01-19 08:38:22
9295,Fall,32.46,2026-01-19 08:38:22
9295,Winter,31.29,2026-01-19 08:38:22
9295,Spring,23.68,2026-01-19 08:38:22
9297,Spring,35.71,2026-01-19 08:38:22
9297,Fall,28.57,2026-01-19 08:38:22
9297,Summer,28.57,2026-01-19 08:38:22
9299,Fall,41.1,2026-01-19 08:38:22
9299,Winter,38.81,2026-01-19 08:38:22
9300,Summer,41.42,2026-01-19 08:38:22
9300,Spring,36.57,2026-01-19 08:38:22
9302,Summer,33.33,2026-01-19 08:38:22
9302,Fall,25.0,2026-01-19 08:38:22
9302,Spring,25.0,2026-01-19 08:38:22
9306,Summer,36.36,2026-01-19 08:38:22
9306,Spring,36.36,2026-01-19 08:38:22
9306,Fall,27.27,2026-01-19 08:38:22
9307,Fall,30.24,2026-01-19 08:38:22
9307,Spring,30.24,2026-01-19 08:38:22
9307,Summer,20.49,2026-01-19 08:38:22
9308,Spring,43.45,2026-01-19 08:38:22
9308,Summer,35.97,2026-01-19 08:38:22
9310,Fall,31.94,2026-01-19 08:38:22
9310,Winter,29.84,2026-01-19 08:38:22
9310,Spring,25.13,2026-01-19 08:38:22
9311,Summer,38.05,2026-01-19 08:38:22
9311,Spring,36.95,2026-01-19 08:38:22
9312,Summer,33.33,2026-01-19 08:38:22
9312,Spring,33.33,2026-01-19 08:38:22
9312,Fall,20.83,2026-01-19 08:38:22
9314,Fall,31.22,2026-01-19 08:38:22
9314,Spring,28.51,2026-01-19 08:38:22
9314,Winter,23.98,2026-01-19 08:38:22
9318,Fall,37.13,2026-01-19 08:38:22
9318,Winter,36.53,2026-01-19 08:38:22
9319,Fall,32.69,2026-01-19 08:38:22
9319,Spring,26.65,2026-01-19 08:38:22
9319,Winter,23.63,2026-01-19 08:38:22
9322,Spring,38.92,2026-01-19 08:38:22
9322,Summer,33.53,2026-01-19 08:38:22
9324,Spring,38.64,2026-01-19 08:38:22
9324,Summer,31.27,2026-01-19 08:38:22
9324,Fall,20.35,2026-01-19 08:38:22
9328,Fall,39.52,2026-01-19 08:38:22
9328,Winter,35.05,2026-01-19 08:38:22
9335,Fall,50.0,2026-01-19 08:38:22
9335,Summer,25.0,2026-01-19 08:38:22
9335,Spring,25.0,2026-01-19 08:38:22
9336,Summer,47.18,2026-01-19 08:38:22
9336,Spring,41.94,2026-01-19 08:38:22
9339,Fall,29.08,2026-01-19 08:38:22
9339,Spring,25.53,2026-01-19 08:38:22
9339,Winter,24.11,2026-01-19 08:38:22
9339,Summer,21.28,2026-01-19 08:38:22
9342,Summer,52.27,2026-01-19 08:38:22
9342,Spring,43.18,2026-01-19 08:38:22
9345,Winter,43.05,2026-01-19 08:38:22
9345,Fall,42.95,2026-01-19 08:38:22
9346,Summer,57.69,2026-01-19 08:38:22
9346,Spring,42.31,2026-01-19 08:38:22
9347,Fall,39.67,2026-01-19 08:38:22
9347,Winter,35.54,2026-01-19 08:38:22
9348,Winter,48.53,2026-01-19 08:38:22
9348,Fall,42.65,2026-01-19 08:38:22
9349,Fall,38.66,2026-01-19 08:38:22
9349,Winter,37.29,2026-01-19 08:38:22
9350,Summer,55.32,2026-01-19 08:38:22
9350,Spring,38.3,2026-01-19 08:38:22
9351,Fall,32.23,2026-01-19 08:38:22
9351,Spring,26.45,2026-01-19 08:38:22
9351,Winter,24.79,2026-01-19 08:38:22
9352,Spring,45.56,2026-01-19 08:38:22
9352,Summer,41.94,2026-01-19 08:38:22
9354,Fall,35.0,2026-01-19 08:38:22
9354,Spring,27.5,2026-01-19 08:38:22
9354,Winter,22.5,2026-01-19 08:38:22
9355,Fall,37.7,2026-01-19 08:38:22
9355,Winter,34.43,2026-01-19 08:38:22
9355,Spring,21.31,2026-01-19 08:38:22
9357,Fall,39.02,2026-01-19 08:38:22
9357,Winter,37.46,2026-01-19 08:38:22
9358,Summer,57.58,2026-01-19 08:38:22
9358,Spring,42.42,2026-01-19 08:38:22
9359,Spring,28.57,2026-01-19 08:38:22
9359,Fall,26.98,2026-01-19 08:38:22
9359,Winter,22.22,2026-01-19 08:38:22
9359,Summer,22.22,2026-01-19 08:38:22
9360,Spring,32.09,2026-01-19 08:38:22
9360,Fall,31.16,2026-01-19 08:38:22
9360,Summer,20.47,2026-01-19 08:38:22
9361,Fall,33.72,2026-01-19 08:38:22
9361,Spring,26.28,2026-01-19 08:38:22
9361,Winter,26.15,2026-01-19 08:38:22
9362,Fall,36.73,2026-01-19 08:38:22
9362,Winter,32.65,2026-01-19 08:38:22
9362,Spring,24.49,2026-01-19 08:38:22
9363,Spring,40.93,2026-01-19 08:38:22
9363,Summer,37.31,2026-01-19 08:38:22
9364,Spring,28.83,2026-01-19 08:38:22
9364,Fall,27.93,2026-01-19 08:38:22
9364,Summer,22.52,2026-01-19 08:38:22
9364,Winter,20.72,2026-01-19 08:38:22
9365,Fall,36.82,2026-01-19 08:38:22
9365,Winter,31.36,2026-01-19 08:38:22
9365,Spring,24.55,2026-01-19 08:38:22
9366,Spring,40.43,2026-01-19 08:38:22
9366,Summer,38.3,2026-01-19 08:38:22
9367,Fall,36.36,2026-01-19 08:38:22
9367,Winter,31.52,2026-01-19 08:38:22
9367,Spring,22.42,2026-01-19 08:38:22
9368,Spring,40.23,2026-01-19 08:38:22
9368,Summer,39.08,2026-01-19 08:38:22
9369,Fall,33.16,2026-01-19 08:38:22
9369,Winter,28.75,2026-01-19 08:38:22
9369,Spring,24.87,2026-01-19 08:38:22
9370,Fall,42.42,2026-01-19 08:38:22
9370,Winter,36.36,2026-01-19 08:38:22
9371,Spring,35.07,2026-01-19 08:38:22
9371,Fall,29.1,2026-01-19 08:38:22
9371,Summer,26.12,2026-01-19 08:38:22
9372,Fall,30.36,2026-01-19 08:38:22
9372,Spring,26.34,2026-01-19 08:38:22
9372,Winter,22.77,2026-01-19 08:38:22
9372,Summer,20.54,2026-01-19 08:38:22
9373,Fall,35.0,2026-01-19 08:38:22
9373,Winter,30.65,2026-01-19 08:38:22
9373,Spring,26.3,2026-01-19 08:38:22
9374,Fall,34.0,2026-01-19 08:38:22
9374,Spring,30.0,2026-01-19 08:38:22
9375,Fall,30.81,2026-01-19 08:38:22
9375,Winter,27.91,2026-01-19 08:38:22
9375,Spring,27.33,2026-01-19 08:38:22
9376,Spring,46.77,2026-01-19 08:38:22
9376,Summer,44.35,2026-01-19 08:38:22
9377,Winter,37.76,2026-01-19 08:38:22
9377,Fall,37.24,2026-01-19 08:38:22
9378,Spring,37.25,2026-01-19 08:38:22
9378,Summer,33.33,2026-01-19 08:38:22
9380,Spring,31.79,2026-01-19 08:38:22
9380,Fall,29.14,2026-01-19 08:38:22
9380,Summer,21.85,2026-01-19 08:38:22
9381,Spring,37.7,2026-01-19 08:38:22
9381,Summer,30.1,2026-01-19 08:38:22
9381,Fall,22.25,2026-01-19 08:38:22
9382,Summer,47.5,2026-01-19 08:38:22
9382,Spring,42.5,2026-01-19 08:38:22
9383,Spring,37.04,2026-01-19 08:38:22
9383,Fall,31.85,2026-01-19 08:38:22
9383,Summer,20.0,2026-01-19 08:38:22
9384,Fall,35.93,2026-01-19 08:38:22
9384,Winter,33.53,2026-01-19 08:38:22
9385,Fall,35.05,2026-01-19 08:38:22
9385,Winter,34.58,2026-01-19 08:38:22
9385,Spring,20.33,2026-01-19 08:38:22
9386,Summer,34.48,2026-01-19 08:38:22
9386,Spring,34.48,2026-01-19 08:38:22
9386,Fall,24.14,2026-01-19 08:38:22
9387,Summer,42.98,2026-01-19 08:38:22
9387,Spring,42.98,2026-01-19 08:38:22
9388,Spring,37.36,2026-01-19 08:38:22
9388,Summer,36.81,2026-01-19 08:38:22
9389,Fall,35.83,2026-01-19 08:38:22
9389,Winter,31.97,2026-01-19 08:38:22
9389,Spring,21.54,2026-01-19 08:38:22
9390,Spring,40.43,2026-01-19 08:38:22
9390,Summer,31.91,2026-01-19 08:38:22
9391,Spring,36.45,2026-01-19 08:38:22
9391,Summer,31.78,2026-01-19 08:38:22
9392,Spring,39.31,2026-01-19 08:38:22
9392,Summer,30.34,2026-01-19 08:38:22
9393,Fall,33.1,2026-01-19 08:38:22
9393,Spring,27.42,2026-01-19 08:38:22
9393,Winter,26.71,2026-01-19 08:38:22
9394,Fall,29.55,2026-01-19 08:38:22
9394,Winter,27.27,2026-01-19 08:38:22
9394,Spring,27.27,2026-01-19 08:38:22
9395,Winter,33.57,2026-01-19 08:38:22
9395,Fall,32.87,2026-01-19 08:38:22
9395,Spring,20.98,2026-01-19 08:38:22
9396,Spring,33.51,2026-01-19 08:38:22
9396,Fall,26.49,2026-01-19 08:38:22
9396,Summer,22.7,2026-01-19 08:38:22
9398,Summer,46.15,2026-01-19 08:38:22
9398,Spring,42.31,2026-01-19 08:38:22
9399,Summer,45.12,2026-01-19 08:38:22
9399,Spring,41.46,2026-01-19 08:38:22
9400,Fall,39.13,2026-01-19 08:38:22
9400,Winter,29.57,2026-01-19 08:38:22
9400,Spring,23.48,2026-01-19 08:38:22
9401,Spring,35.07,2026-01-19 08:38:22
9401,Summer,27.83,2026-01-19 08:38:22
9401,Fall,25.8,2026-01-19 08:38:22
9402,Winter,33.33,2026-01-19 08:38:22
9402,Fall,33.33,2026-01-19 08:38:22
9404,Spring,37.84,2026-01-19 08:38:22
9404,Fall,32.43,2026-01-19 08:38:22
9405,Fall,35.24,2026-01-19 08:38:22
9405,Winter,31.23,2026-01-19 08:38:22
9405,Spring,24.36,2026-01-19 08:38:22
9406,Winter,47.62,2026-01-19 08:38:22
9406,Fall,42.86,2026-01-19 08:38:22
9407,Spring,31.48,2026-01-19 08:38:22
9407,Fall,25.93,2026-01-19 08:38:22
9407,Summer,22.22,2026-01-19 08:38:22
9407,Winter,20.37,2026-01-19 08:38:22
9408,Fall,40.82,2026-01-19 08:38:22
9408,Winter,38.78,2026-01-19 08:38:22
9409,Fall,35.91,2026-01-19 08:38:22
9409,Winter,32.27,2026-01-19 08:38:22
9409,Spring,23.18,2026-01-19 08:38:22
9410,Summer,58.82,2026-01-19 08:38:22
9410,Spring,41.18,2026-01-19 08:38:22
9411,Spring,36.75,2026-01-19 08:38:22
9411,Fall,25.64,2026-01-19 08:38:22
9411,Summer,25.64,2026-01-19 08:38:22
9412,Spring,37.07,2026-01-19 08:38:22
9412,Summer,34.48,2026-01-19 08:38:22
9413,Spring,37.5,2026-01-19 08:38:22
9413,Summer,29.17,2026-01-19 08:38:22
9413,Fall,20.83,2026-01-19 08:38:22
9414,Fall,35.07,2026-01-19 08:38:22
9414,Winter,27.99,2026-01-19 08:38:22
9414,Spring,25.37,2026-01-19 08:38:22
9415,Spring,41.74,2026-01-19 08:38:22
9415,Summer,39.13,2026-01-19 08:38:22
9416,Spring,35.9,2026-01-19 08:38:22
9416,Summer,27.35,2026-01-19 08:38:22
9416,Fall,23.93,2026-01-19 08:38:22
9417,Summer,52.63,2026-01-19 08:38:22
9417,Spring,42.11,2026-01-19 08:38:22
9418,Spring,34.51,2026-01-19 08:38:22
9418,Fall,30.97,2026-01-19 08:38:22
9419,Fall,33.86,2026-01-19 08:38:22
9419,Spring,30.71,2026-01-19 08:38:22
9419,Winter,21.26,2026-01-19 08:38:22
9420,Spring,36.29,2026-01-19 08:38:22
9420,Summer,31.45,2026-01-19 08:38:22
9420,Fall,20.16,2026-01-19 08:38:22
9421,Fall,37.56,2026-01-19 08:38:22
9421,Winter,35.61,2026-01-19 08:38:22
9421,Spring,20.0,2026-01-19 08:38:22
9423,Spring,39.84,2026-01-19 08:38:22
9423,Summer,38.21,2026-01-19 08:38:22
9424,Spring,36.9,2026-01-19 08:38:22
9424,Summer,33.33,2026-01-19 08:38:22
9424,Fall,25.0,2026-01-19 08:38:22
9425,Winter,40.98,2026-01-19 08:38:22
9425,Fall,39.34,2026-01-19 08:38:22
9427,Spring,33.58,2026-01-19 08:38:22
9427,Fall,32.09,2026-01-19 08:38:22
9427,Summer,20.15,2026-01-19 08:38:22
9428,Spring,41.89,2026-01-19 08:38:22
9428,Summer,40.54,2026-01-19 08:38:22
9430,Fall,37.55,2026-01-19 08:38:22
9430,Winter,33.88,2026-01-19 08:38:22
9430,Spring,20.82,2026-01-19 08:38:22
9431,Spring,32.89,2026-01-19 08:38:22
9431,Summer,24.83,2026-01-19 08:38:22
9431,Fall,22.15,2026-01-19 08:38:22
9431,Winter,20.13,2026-01-19 08:38:22
9432,Fall,37.5,2026-01-19 08:38:22
9432,Winter,35.42,2026-01-19 08:38:22
9434,Fall,38.73,2026-01-19 08:38:22
9434,Winter,34.1,2026-01-19 08:38:22
9435,Fall,36.47,2026-01-19 08:38:22
9435,Winter,27.06,2026-01-19 08:38:22
9435,Spring,24.71,2026-01-19 08:38:22
9436,Spring,35.44,2026-01-19 08:38:22
9436,Summer,29.11,2026-01-19 08:38:22
9436,Fall,25.32,2026-01-19 08:38:22
9438,Spring,30.37,2026-01-19 08:38:22
9438,Fall,27.1,2026-01-19 08:38:22
9438,Summer,22.43,2026-01-19 08:38:22
9438,Winter,20.09,2026-01-19 08:38:22
9439,Fall,32.0,2026-01-19 08:38:22
9439,Spring,28.8,2026-01-19 08:38:22
9439,Winter,24.0,2026-01-19 08:38:22
9440,Fall,36.0,2026-01-19 08:38:22
9440,Winter,33.33,2026-01-19 08:38:22
9440,Spring,20.0,2026-01-19 08:38:22
9441,Winter,25.0,2026-01-19 08:38:22
9441,Fall,25.0,2026-01-19 08:38:22
9441,Summer,25.0,2026-01-19 08:38:22
9441,Spring,25.0,2026-01-19 08:38:22
9442,Spring,32.79,2026-01-19 08:38:22
9442,Fall,28.69,2026-01-19 08:38:22
9442,Summer,25.41,2026-01-19 08:38:22
9443,Summer,41.24,2026-01-19 08:38:22
9443,Spring,41.24,2026-01-19 08:38:22
9444,Spring,38.03,2026-01-19 08:38:22
9444,Summer,29.58,2026-01-19 08:38:22
9444,Fall,21.13,2026-01-19 08:38:22
9446,Summer,45.14,2026-01-19 08:38:22
9446,Spring,36.81,2026-01-19 08:38:22
9447,Summer,32.65,2026-01-19 08:38:22
9447,Spring,27.55,2026-01-19 08:38:22
9447,Fall,24.49,2026-01-19 08:38:22
9448,Winter,39.53,2026-01-19 08:38:22
9448,Fall,39.53,2026-01-19 08:38:22
9450,Spring,39.57,2026-01-19 08:38:22
9450,Summer,35.29,2026-01-19 08:38:22
9451,Fall,27.66,2026-01-19 08:38:22
9451,Spring,27.66,2026-01-19 08:38:22
9451,Summer,25.53,2026-01-19 08:38:22
9452,Spring,39.62,2026-01-19 08:38:22
9452,Summer,32.08,2026-01-19 08:38:22
9455,Spring,35.57,2026-01-19 08:38:22
9455,Summer,31.54,2026-01-19 08:38:22
9455,Fall,24.83,2026-01-19 08:38:22
9456,Summer,38.16,2026-01-19 08:38:22
9456,Spring,32.89,2026-01-19 08:38:22
9456,Fall,21.05,2026-01-19 08:38:22
9459,Fall,36.44,2026-01-19 08:38:22
9459,Winter,27.13,2026-01-19 08:38:22
9459,Spring,25.91,2026-01-19 08:38:22
9460,Spring,38.24,2026-01-19 08:38:22
9460,Summer,29.41,2026-01-19 08:38:22
9463,Fall,38.15,2026-01-19 08:38:22
9463,Winter,36.42,2026-01-19 08:38:22
9464,Spring,41.27,2026-01-19 08:38:22
9464,Summer,31.75,2026-01-19 08:38:22
9466,Spring,36.52,2026-01-19 08:38:22
9466,Summer,32.02,2026-01-19 08:38:22
9466,Fall,21.91,2026-01-19 08:38:22
9468,Summer,39.71,2026-01-19 08:38:22
9468,Spring,35.29,2026-01-19 08:38:22
9470,Fall,38.8,2026-01-19 08:38:22
9470,Winter,36.61,2026-01-19 08:38:22
9471,Fall,35.66,2026-01-19 08:38:22
9471,Spring,27.27,2026-01-19 08:38:22
9471,Winter,25.52,2026-01-19 08:38:22
9472,Summer,43.75,2026-01-19 08:38:22
9472,Spring,39.06,2026-01-19 08:38:22
9475,Spring,31.45,2026-01-19 08:38:22
9475,Fall,27.82,2026-01-19 08:38:22
9475,Summer,22.58,2026-01-19 08:38:22
9478,Fall,38.19,2026-01-19 08:38:22
9478,Winter,27.56,2026-01-19 08:38:22
9478,Spring,24.41,2026-01-19 08:38:22
9479,Fall,35.54,2026-01-19 08:38:22
9479,Spring,29.52,2026-01-19 08:38:22
9482,Summer,42.18,2026-01-19 08:38:22
9482,Spring,36.05,2026-01-19 08:38:22
9483,Fall,34.64,2026-01-19 08:38:22
9483,Winter,27.45,2026-01-19 08:38:22
9483,Spring,27.45,2026-01-19 08:38:22
9484,Fall,45.24,2026-01-19 08:38:22
9484,Winter,40.48,2026-01-19 08:38:22
9487,Winter,40.4,2026-01-19 08:38:22
9487,Fall,39.07,2026-01-19 08:38:22
9488,Summer,48.78,2026-01-19 08:38:22
9488,Spring,36.59,2026-01-19 08:38:22
9491,Spring,34.96,2026-01-19 08:38:22
9491,Summer,29.27,2026-01-19 08:38:22
9491,Fall,25.2,2026-01-19 08:38:22
9492,Winter,28.95,2026-01-19 08:38:22
9492,Fall,28.95,2026-01-19 08:38:22
9492,Spring,26.32,2026-01-19 08:38:22
9494,Summer,45.19,2026-01-19 08:38:22
9494,Spring,41.35,2026-01-19 08:38:22
9495,Spring,36.26,2026-01-19 08:38:22
9495,Summer,34.07,2026-01-19 08:38:22
9496,Summer,50.0,2026-01-19 08:38:22
9496,Spring,45.0,2026-01-19 08:38:22
9498,Fall,39.46,2026-01-19 08:38:22
9498,Winter,38.1,2026-01-19 08:38:22
9500,Summer,43.75,2026-01-19 08:38:22
9500,Spring,34.38,2026-01-19 08:38:22
9500,Fall,21.88,2026-01-19 08:38:22
9501,Fall,35.69,2026-01-19 08:38:22
9501,Winter,32.68,2026-01-19 08:38:22
9501,Spring,23.33,2026-01-19 08:38:22
9502,Fall,32.54,2026-01-19 08:38:22
9502,Spring,31.75,2026-01-19 08:38:22
9503,Spring,32.89,2026-01-19 08:38:22
9503,Fall,31.58,2026-01-19 08:38:22
9504,Spring,44.0,2026-01-19 08:38:22
9504,Summer,32.0,2026-01-19 08:38:22
9505,Fall,33.99,2026-01-19 08:38:22
9505,Winter,28.47,2026-01-19 08:38:22
9505,Spring,26.51,2026-01-19 08:38:22
9507,Fall,33.91,2026-01-19 08:38:22
9507,Winter,32.17,2026-01-19 08:38:22
9507,Spring,23.48,2026-01-19 08:38:22
9508,Fall,35.9,2026-01-19 08:38:22
9508,Winter,33.33,2026-01-19 08:38:22
9509,Spring,32.85,2026-01-19 08:38:22
9509,Fall,27.29,2026-01-19 08:38:22
9509,Summer,23.91,2026-01-19 08:38:22
9511,Spring,37.33,2026-01-19 08:38:22
9511,Summer,29.33,2026-01-19 08:38:22
9511,Fall,21.33,2026-01-19 08:38:22
9513,Spring,30.51,2026-01-19 08:38:22
9513,Fall,28.95,2026-01-19 08:38:22
9513,Winter,22.05,2026-01-19 08:38:22
9514,Fall,42.22,2026-01-19 08:38:22
9514,Winter,24.44,2026-01-19 08:38:22
9514,Spring,20.0,2026-01-19 08:38:22
9515,Spring,37.5,2026-01-19 08:38:22
9515,Summer,30.15,2026-01-19 08:38:22
9515,Fall,22.06,2026-01-19 08:38:22
9517,Fall,35.34,2026-01-19 08:38:22
9517,Winter,31.32,2026-01-19 08:38:22
9517,Spring,23.56,2026-01-19 08:38:22
9518,Summer,44.44,2026-01-19 08:38:22
9518,Spring,38.89,2026-01-19 08:38:22
9519,Spring,32.81,2026-01-19 08:38:22
9519,Fall,30.47,2026-01-19 08:38:22
9519,Summer,28.12,2026-01-19 08:38:22
9520,Summer,44.44,2026-01-19 08:38:22
9520,Spring,44.44,2026-01-19 08:38:22
9521,Spring,36.5,2026-01-19 08:38:22
9521,Summer,32.05,2026-01-19 08:38:22
9521,Fall,20.47,2026-01-19 08:38:22
9522,Winter,38.46,2026-01-19 08:38:22
9522,Fall,38.46,2026-01-19 08:38:22
9523,Spring,40.0,2026-01-19 08:38:22
9523,Summer,27.37,2026-01-19 08:38:22
9523,Fall,22.11,2026-01-19 08:38:22
9524,Fall,30.26,2026-01-19 08:38:22
9524,Spring,26.32,2026-01-19 08:38:22
9524,Winter,22.37,2026-01-19 08:38:22
9524,Summer,21.05,2026-01-19 08:38:22
9525,Summer,39.66,2026-01-19 08:38:22
9525,Spring,36.61,2026-01-19 08:38:22
9526,Summer,38.24,2026-01-19 08:38:22
9526,Spring,35.29,2026-01-19 08:38:22
9527,Spring,31.15,2026-01-19 08:38:22
9527,Fall,27.87,2026-01-19 08:38:22
9527,Summer,22.95,2026-01-19 08:38:22
9528,Fall,34.74,2026-01-19 08:38:22
9528,Winter,29.47,2026-01-19 08:38:22
9528,Spring,23.16,2026-01-19 08:38:22
9529,Fall,35.08,2026-01-19 08:38:22
9529,Spring,30.16,2026-01-19 08:38:22
9529,Winter,24.26,2026-01-19 08:38:22
9530,Winter,31.25,2026-01-19 08:38:22
9530,Fall,25.0,2026-01-19 08:38:22
9530,Spring,25.0,2026-01-19 08:38:22
9531,Spring,35.63,2026-01-19 08:38:22
9531,Summer,29.89,2026-01-19 08:38:22
9531,Fall,21.84,2026-01-19 08:38:22
9532,Spring,34.12,2026-01-19 08:38:22
9532,Summer,31.76,2026-01-19 08:38:22
9532,Fall,21.18,2026-01-19 08:38:22
9533,Fall,33.57,2026-01-19 08:38:22
9533,Spring,26.71,2026-01-19 08:38:22
9533,Winter,25.27,2026-01-19 08:38:22
9534,Fall,33.33,2026-01-19 08:38:22
9534,Spring,26.67,2026-01-19 08:38:22
9534,Winter,20.0,2026-01-19 08:38:22
9534,Summer,20.0,2026-01-19 08:38:22
9535,Spring,38.79,2026-01-19 08:38:22
9535,Summer,36.21,2026-01-19 08:38:22
9536,Summer,37.7,2026-01-19 08:38:22
9536,Spring,37.7,2026-01-19 08:38:22
9537,Fall,33.61,2026-01-19 08:38:22
9537,Winter,31.97,2026-01-19 08:38:22
9537,Spring,22.95,2026-01-19 08:38:22
9538,Fall,34.88,2026-01-19 08:38:22
9538,Winter,31.4,2026-01-19 08:38:22
9538,Spring,24.42,2026-01-19 08:38:22
9539,Spring,39.71,2026-01-19 08:38:22
9539,Summer,29.41,2026-01-19 08:38:22
9539,Fall,25.0,2026-01-19 08:38:22
9540,Spring,32.76,2026-01-19 08:38:22
9540,Summer,29.31,2026-01-19 08:38:22
9540,Fall,22.41,2026-01-19 08:38:22
9542,Summer,43.02,2026-01-19 08:38:22
9542,Spring,37.21,2026-01-19 08:38:22
9543,Spring,30.3,2026-01-19 08:38:22
9543,Fall,24.24,2026-01-19 08:38:22
9543,Winter,23.23,2026-01-19 08:38:22
9543,Summer,22.22,2026-01-19 08:38:22
9544,Fall,30.77,2026-01-19 08:38:22
9544,Spring,29.23,2026-01-19 08:38:22
9544,Winter,20.0,2026-01-19 08:38:22
9544,Summer,20.0,2026-01-19 08:38:22
9545,Spring,32.68,2026-01-19 08:38:22
9545,Fall,30.73,2026-01-19 08:38:22
9545,Summer,22.93,2026-01-19 08:38:22
9546,Spring,37.5,2026-01-19 08:38:22
9546,Summer,30.0,2026-01-19 08:38:22
9546,Fall,25.0,2026-01-19 08:38:22
9547,Fall,30.85,2026-01-19 08:38:22
9547,Winter,27.66,2026-01-19 08:38:22
9547,Spring,25.53,2026-01-19 08:38:22
9548,Spring,30.0,2026-01-19 08:38:22
9548,Fall,27.5,2026-01-19 08:38:22
9548,Summer,22.5,2026-01-19 08:38:22
9548,Winter,20.0,2026-01-19 08:38:22
9549,Summer,46.46,2026-01-19 08:38:22
9549,Spring,42.42,2026-01-19 08:38:22
9550,Spring,37.76,2026-01-19 08:38:22
9550,Fall,32.65,2026-01-19 08:38:22
9551,Spring,45.45,2026-01-19 08:38:22
9551,Summer,40.26,2026-01-19 08:38:22
9553,Summer,41.67,2026-01-19 08:38:22
9553,Spring,37.5,2026-01-19 08:38:22
9554,Summer,42.42,2026-01-19 08:38:22
9554,Spring,40.91,2026-01-19 08:38:22
9555,Spring,34.0,2026-01-19 08:38:22
9555,Fall,29.0,2026-01-19 08:38:22
9555,Winter,23.0,2026-01-19 08:38:22
9556,Fall,39.47,2026-01-19 08:38:22
9556,Winter,31.58,2026-01-19 08:38:22
9556,Spring,21.05,2026-01-19 08:38:22
9557,Fall,33.33,2026-01-19 08:38:22
9557,Spring,33.33,2026-01-19 08:38:22
9557,Winter,20.0,2026-01-19 08:38:22
9558,Spring,44.59,2026-01-19 08:38:22
9558,Summer,41.89,2026-01-19 08:38:22
9559,Fall,33.33,2026-01-19 08:38:22
9559,Spring,29.63,2026-01-19 08:38:22
9560,Fall,30.56,2026-01-19 08:38:22
9560,Winter,29.17,2026-01-19 08:38:22
9560,Spring,22.22,2026-01-19 08:38:22
9561,Summer,28.12,2026-01-19 08:38:22
9561,Fall,25.0,2026-01-19 08:38:22
9561,Spring,25.0,2026-01-19 08:38:22
9561,Winter,21.88,2026-01-19 08:38:22
9562,Summer,57.97,2026-01-19 08:38:22
9562,Spring,34.78,2026-01-19 08:38:22
9563,Summer,36.23,2026-01-19 08:38:22
9563,Spring,34.78,2026-01-19 08:38:22
9564,Summer,31.71,2026-01-19 08:38:22
9564,Spring,31.71,2026-01-19 08:38:22
9564,Fall,29.27,2026-01-19 08:38:22
9565,Fall,33.33,2026-01-19 08:38:22
9565,Spring,33.33,2026-01-19 08:38:22
9566,Summer,42.11,2026-01-19 08:38:22
9566,Spring,37.89,2026-01-19 08:38:22
9567,Fall,34.62,2026-01-19 08:38:22
9567,Winter,32.05,2026-01-19 08:38:22
9567,Spring,26.92,2026-01-19 08:38:22
9568,Spring,36.36,2026-01-19 08:38:22
9568,Fall,29.55,2026-01-19 08:38:22
9568,Summer,29.55,2026-01-19 08:38:22
9569,Spring,36.49,2026-01-19 08:38:22
9569,Summer,25.68,2026-01-19 08:38:22
9569,Fall,24.32,2026-01-19 08:38:22
9570,Fall,35.71,2026-01-19 08:38:22
9570,Spring,28.57,2026-01-19 08:38:22
9570,Summer,21.43,2026-01-19 08:38:22
9572,Fall,33.33,2026-01-19 08:38:22
9572,Spring,30.95,2026-01-19 08:38:22
9572,Winter,21.43,2026-01-19 08:38:22
9573,Fall,36.36,2026-01-19 08:38:22
9573,Winter,32.23,2026-01-19 08:38:22
9573,Spring,22.31,2026-01-19 08:38:22
9574,Fall,40.0,2026-01-19 08:38:22
9574,Spring,26.67,2026-01-19 08:38:22
9574,Summer,20.0,2026-01-19 08:38:22
9575,Winter,43.24,2026-01-19 08:38:22
9575,Fall,39.19,2026-01-19 08:38:22
9576,Spring,38.3,2026-01-19 08:38:22
9576,Summer,29.79,2026-01-19 08:38:22
9577,Fall,36.14,2026-01-19 08:38:22
9577,Winter,25.3,2026-01-19 08:38:22
9577,Spring,25.3,2026-01-19 08:38:22
9580,Spring,45.16,2026-01-19 08:38:22
9580,Summer,41.94,2026-01-19 08:38:22
9581,Spring,53.57,2026-01-19 08:38:22
9581,Summer,46.43,2026-01-19 08:38:22
9582,Spring,52.38,2026-01-19 08:38:22
9582,Summer,33.33,2026-01-19 08:38:22
9583,Spring,40.62,2026-01-19 08:38:22
9583,Summer,29.69,2026-01-19 08:38:22
9583,Fall,21.88,2026-01-19 08:38:22
9584,Fall,39.29,2026-01-19 08:38:22
9584,Spring,32.14,2026-01-19 08:38:22
9584,Winter,21.43,2026-01-19 08:38:22
9586,Spring,31.91,2026-01-19 08:38:22
9586,Fall,30.85,2026-01-19 08:38:22
9586,Summer,21.28,2026-01-19 08:38:22
9587,Fall,32.86,2026-01-19 08:38:22
9587,Spring,27.14,2026-01-19 08:38:22
9587,Winter,21.43,2026-01-19 08:38:22
9588,Summer,30.36,2026-01-19 08:38:22
9588,Spring,28.57,2026-01-19 08:38:22
9588,Fall,26.79,2026-01-19 08:38:22
9589,Fall,40.0,2026-01-19 08:38:22
9589,Winter,28.0,2026-01-19 08:38:22
9589,Spring,24.0,2026-01-19 08:38:22
9590,Spring,35.35,2026-01-19 08:38:22
9590,Summer,34.34,2026-01-19 08:38:22
9590,Fall,22.22,2026-01-19 08:38:22
9593,Summer,50.0,2026-01-19 08:38:22
9593,Spring,42.31,2026-01-19 08:38:22
9594,Spring,34.69,2026-01-19 08:38:22
9594,Fall,27.55,2026-01-19 08:38:22
9594,Summer,25.51,2026-01-19 08:38:22
9595,Fall,37.5,2026-01-19 08:38:22
9595,Winter,26.56,2026-01-19 08:38:22
9595,Spring,23.44,2026-01-19 08:38:22
9596,Fall,40.91,2026-01-19 08:38:22
9596,Winter,36.36,2026-01-19 08:38:22
9597,Summer,56.0,2026-01-19 08:38:22
9597,Spring,44.0,2026-01-19 08:38:22
9598,Spring,32.46,2026-01-19 08:38:22
9598,Fall,28.95,2026-01-19 08:38:22
9599,Fall,31.08,2026-01-19 08:38:22
9599,Spring,31.08,2026-01-19 08:38:22
9599,Summer,20.27,2026-01-19 08:38:22
9600,Fall,31.25,2026-01-19 08:38:22
9600,Winter,29.17,2026-01-19 08:38:22
9600,Spring,22.92,2026-01-19 08:38:22
9601,Summer,50.0,2026-01-19 08:38:22
9601,Spring,41.67,2026-01-19 08:38:22
9602,Spring,38.16,2026-01-19 08:38:22
9602,Summer,35.53,2026-01-19 08:38:22
9603,Winter,45.28,2026-01-19 08:38:22
9603,Fall,41.51,2026-01-19 08:38:22
9605,Summer,47.27,2026-01-19 08:38:22
9605,Spring,47.27,2026-01-19 08:38:22
9606,Summer,52.63,2026-01-19 08:38:22
9606,Spring,42.11,2026-01-19 08:38:22
9607,Spring,40.35,2026-01-19 08:38:22
9607,Summer,31.58,2026-01-19 08:38:22
9607,Fall,21.05,2026-01-19 08:38:22
9608,Summer,50.0,2026-01-19 08:38:22
9608,Spring,50.0,2026-01-19 08:38:22
9609,Fall,38.6,2026-01-19 08:38:22
9609,Winter,35.09,2026-01-19 08:38:22
9610,Winter,33.33,2026-01-19 08:38:22
9610,Fall,33.33,2026-01-19 08:38:22
9610,Spring,20.83,2026-01-19 08:38:22
9611,Summer,45.07,2026-01-19 08:38:22
9611,Spring,38.03,2026-01-19 08:38:22
9612,Spring,43.75,2026-01-19 08:38:22
9612,Summer,31.25,2026-01-19 08:38:22
9613,Fall,35.37,2026-01-19 08:38:22
9613,Winter,28.05,2026-01-19 08:38:22
9613,Spring,20.73,2026-01-19 08:38:22
9614,Winter,36.0,2026-01-19 08:38:22
9614,Fall,36.0,2026-01-19 08:38:22
9614,Spring,20.0,2026-01-19 08:38:22
9615,Winter,36.59,2026-01-19 08:38:22
9615,Fall,36.59,2026-01-19 08:38:22
9616,Summer,52.17,2026-01-19 08:38:22
9616,Spring,43.48,2026-01-19 08:38:22
9617,Fall,27.78,2026-01-19 08:38:22
9617,Spring,27.78,2026-01-19 08:38:22
9617,Winter,22.22,2026-01-19 08:38:22
9617,Summer,22.22,2026-01-19 08:38:22
9618,Fall,38.89,2026-01-19 08:38:22
9618,Winter,27.78,2026-01-19 08:38:22
9618,Spring,27.78,2026-01-19 08:38:22
9619,Winter,39.34,2026-01-19 08:38:22
9619,Fall,37.7,2026-01-19 08:38:22
9619,Spring,22.95,2026-01-19 08:38:22
9620,Summer,42.86,2026-01-19 08:38:22
9620,Spring,42.86,2026-01-19 08:38:22
9621,Winter,37.5,2026-01-19 08:38:22
9621,Fall,37.5,2026-01-19 08:38:22
9622,Spring,35.29,2026-01-19 08:38:22
9622,Summer,29.41,2026-01-19 08:38:22
9622,Fall,23.53,2026-01-19 08:38:22
9623,Summer,40.58,2026-01-19 08:38:22
9623,Spring,40.58,2026-01-19 08:38:22
9624,Fall,31.58,2026-01-19 08:38:22
9624,Spring,26.32,2026-01-19 08:38:22
9624,Winter,21.05,2026-01-19 08:38:22
9624,Summer,21.05,2026-01-19 08:38:22
9625,Winter,40.91,2026-01-19 08:38:22
9625,Fall,36.36,2026-01-19 08:38:22
9626,Spring,38.1,2026-01-19 08:38:22
9626,Fall,28.57,2026-01-19 08:38:22
9626,Summer,23.81,2026-01-19 08:38:22
9627,Fall,38.6,2026-01-19 08:38:22
9627,Winter,36.84,2026-01-19 08:38:22
9628,Summer,33.33,2026-01-19 08:38:22
9628,Fall,29.17,2026-01-19 08:38:22
9628,Spring,25.0,2026-01-19 08:38:22
9629,Fall,32.35,2026-01-19 08:38:22
9629,Spring,29.41,2026-01-19 08:38:22
9629,Summer,20.59,2026-01-19 08:38:22
9631,Fall,44.0,2026-01-19 08:38:22
9631,Winter,42.0,2026-01-19 08:38:22
9632,Fall,33.33,2026-01-19 08:38:22
9632,Winter,26.67,2026-01-19 08:38:22
9632,Spring,26.67,2026-01-19 08:38:22
9633,Summer,50.0,2026-01-19 08:38:22
9633,Spring,38.89,2026-01-19 08:38:22
9635,Fall,30.77,2026-01-19 08:38:22
9635,Spring,30.77,2026-01-19 08:38:22
9635,Summer,22.12,2026-01-19 08:38:22
9636,Fall,31.58,2026-01-19 08:38:22
9636,Spring,31.58,2026-01-19 08:38:22
9636,Summer,21.05,2026-01-19 08:38:22
9637,Spring,45.83,2026-01-19 08:38:22
9637,Summer,41.67,2026-01-19 08:38:22
9639,Spring,34.55,2026-01-19 08:38:22
9639,Summer,29.09,2026-01-19 08:38:22
9639,Fall,23.64,2026-01-19 08:38:22
9641,Summer,50.0,2026-01-19 08:38:22
9641,Spring,35.71,2026-01-19 08:38:22
9642,Summer,46.43,2026-01-19 08:38:22
9642,Spring,44.64,2026-01-19 08:38:22
9643,Spring,41.38,2026-01-19 08:38:22
9643,Summer,36.21,2026-01-19 08:38:22
9644,Summer,38.89,2026-01-19 08:38:22
9644,Spring,38.89,2026-01-19 08:38:22
9645,Summer,47.06,2026-01-19 08:38:22
9645,Spring,47.06,2026-01-19 08:38:22
9646,Summer,37.31,2026-01-19 08:38:22
9646,Spring,31.34,2026-01-19 08:38:22
9647,Fall,37.14,2026-01-19 08:38:22
9647,Winter,31.43,2026-01-19 08:38:22
9647,Spring,25.71,2026-01-19 08:38:22
9648,Fall,30.0,2026-01-19 08:38:22
9648,Summer,25.0,2026-01-19 08:38:22
9648,Spring,25.0,2026-01-19 08:38:22
9648,Winter,20.0,2026-01-19 08:38:22
9649,Spring,46.67,2026-01-19 08:38:22
9649,Summer,40.0,2026-01-19 08:38:22
9650,Spring,38.71,2026-01-19 08:38:22
9650,Summer,35.48,2026-01-19 08:38:22
9651,Fall,26.67,2026-01-19 08:38:22
9651,Spring,26.67,2026-01-19 08:38:22
9651,Winter,24.44,2026-01-19 08:38:22
9651,Summer,22.22,2026-01-19 08:38:22
9652,Summer,40.0,2026-01-19 08:38:22
9652,Spring,40.0,2026-01-19 08:38:22
9652,Fall,20.0,2026-01-19 08:38:22
9653,Summer,52.63,2026-01-19 08:38:22
9653,Spring,47.37,2026-01-19 08:38:22
9654,Summer,53.85,2026-01-19 08:38:22
9654,Spring,46.15,2026-01-19 08:38:22
9655,Summer,45.24,2026-01-19 08:38:22
9655,Spring,40.48,2026-01-19 08:38:22
9656,Summer,57.14,2026-01-19 08:38:22
9656,Spring,28.57,2026-01-19 08:38:22
9657,Fall,38.89,2026-01-19 08:38:22
9657,Winter,33.33,2026-01-19 08:38:22
9657,Spring,22.22,2026-01-19 08:38:22
9658,Spring,38.55,2026-01-19 08:38:22
9658,Summer,30.12,2026-01-19 08:38:22
9658,Fall,25.3,2026-01-19 08:38:22
9659,Spring,43.4,2026-01-19 08:38:22
9659,Summer,37.74,2026-01-19 08:38:22
9662,Spring,44.83,2026-01-19 08:38:22
9662,Summer,37.93,2026-01-19 08:38:22
9664,Summer,40.0,2026-01-19 08:38:22
9664,Spring,40.0,2026-01-19 08:38:22
9666,Fall,33.33,2026-01-19 08:38:22
9666,Spring,31.37,2026-01-19 08:38:22
9666,Summer,21.57,2026-01-19 08:38:22
9667,Summer,36.96,2026-01-19 08:38:22
9667,Spring,34.78,2026-01-19 08:38:22
9668,Winter,33.33,2026-01-19 08:38:22
9668,Fall,33.33,2026-01-19 08:38:22
9668,Spring,33.33,2026-01-19 08:38:22
9670,Fall,36.84,2026-01-19 08:38:22
9670,Winter,31.58,2026-01-19 08:38:22
9670,Spring,21.05,2026-01-19 08:38:22
9671,Spring,40.0,2026-01-19 08:38:22
9671,Summer,38.18,2026-01-19 08:38:22
9672,Summer,61.54,2026-01-19 08:38:22
9672,Spring,38.46,2026-01-19 08:38:22
9674,Spring,39.13,2026-01-19 08:38:22
9674,Summer,34.78,2026-01-19 08:38:22
9675,Summer,49.09,2026-01-19 08:38:22
9675,Spring,45.45,2026-01-19 08:38:22
9676,Summer,50.0,2026-01-19 08:38:22
9676,Spring,50.0,2026-01-19 08:38:22
9679,Fall,35.9,2026-01-19 08:38:22
9679,Winter,30.77,2026-01-19 08:38:22
9679,Spring,20.51,2026-01-19 08:38:22
9680,Spring,38.46,2026-01-19 08:38:22
9680,Fall,30.77,2026-01-19 08:38:22
9680,Summer,30.77,2026-01-19 08:38:22
9682,Summer,42.22,2026-01-19 08:38:22
9682,Spring,35.56,2026-01-19 08:38:22
9683,Summer,52.27,2026-01-19 08:38:22
9683,Spring,43.18,2026-01-19 08:38:22
9684,Spring,30.0,2026-01-19 08:38:22
9684,Fall,25.0,2026-01-19 08:38:22
9684,Summer,25.0,2026-01-19 08:38:22
9684,Winter,20.0,2026-01-19 08:38:22
9686,Spring,36.36,2026-01-19 08:38:22
9686,Fall,30.3,2026-01-19 08:38:22
9686,Summer,24.24,2026-01-19 08:38:22
9687,Summer,50.91,2026-01-19 08:38:22
9687,Spring,41.82,2026-01-19 08:38:22
9688,Spring,38.46,2026-01-19 08:38:22
9688,Fall,30.77,2026-01-19 08:38:22
9688,Summer,20.51,2026-01-19 08:38:22
9690,Fall,32.26,2026-01-19 08:38:22
9690,Winter,25.81,2026-01-19 08:38:22
9690,Spring,25.81,2026-01-19 08:38:22
9691,Spring,37.7,2026-01-19 08:38:22
9691,Summer,29.51,2026-01-19 08:38:22
9691,Fall,26.23,2026-01-19 08:38:22
9692,Fall,33.33,2026-01-19 08:38:22
9692,Spring,29.63,2026-01-19 08:38:22
9692,Summer,22.22,2026-01-19 08:38:22
9694,Spring,45.0,2026-01-19 08:38:22
9694,Summer,32.5,2026-01-19 08:38:22
9695,Spring,35.71,2026-01-19 08:38:22
9695,Summer,32.86,2026-01-19 08:38:22
9695,Fall,22.86,2026-01-19 08:38:22
9696,Fall,33.33,2026-01-19 08:38:22
9696,Winter,30.0,2026-01-19 08:38:22
9696,Spring,26.67,2026-01-19 08:38:22
9698,Summer,48.65,2026-01-19 08:38:22
9698,Spring,40.54,2026-01-19 08:38:22
9699,Winter,39.58,2026-01-19 08:38:22
9699,Fall,39.58,2026-01-19 08:38:22
9700,Fall,40.0,2026-01-19 08:38:22
9700,Spring,40.0,2026-01-19 08:38:22
9701,Winter,25.0,2026-01-19 08:38:22
9701,Fall,25.0,2026-01-19 08:38:22
9701,Summer,25.0,2026-01-19 08:38:22
9701,Spring,25.0,2026-01-19 08:38:22
9702,Fall,29.41,2026-01-19 08:38:22
9702,Spring,29.41,2026-01-19 08:38:22
9702,Summer,22.06,2026-01-19 08:38:22
9703,Spring,35.71,2026-01-19 08:38:22
9703,Fall,26.79,2026-01-19 08:38:22
9703,Summer,26.79,2026-01-19 08:38:22
9704,Spring,45.83,2026-01-19 08:38:22
9704,Summer,37.5,2026-01-19 08:38:22
9706,Fall,34.69,2026-01-19 08:38:22
9706,Spring,28.57,2026-01-19 08:38:22
9707,Fall,29.17,2026-01-19 08:38:22
9707,Winter,27.08,2026-01-19 08:38:22
9707,Spring,25.0,2026-01-19 08:38:22
9708,Fall,27.59,2026-01-19 08:38:22
9708,Winter,24.14,2026-01-19 08:38:22
9708,Summer,24.14,2026-01-19 08:38:22
9708,Spring,24.14,2026-01-19 08:38:22
9710,Summer,38.3,2026-01-19 08:38:22
9710,Spring,38.3,2026-01-19 08:38:22
9711,Spring,29.41,2026-01-19 08:38:22
9711,Fall,27.45,2026-01-19 08:38:22
9711,Summer,25.49,2026-01-19 08:38:22
9712,Fall,29.17,2026-01-19 08:38:22
9712,Summer,25.0,2026-01-19 08:38:22
9712,Spring,25.0,2026-01-19 08:38:22
9712,Winter,20.83,2026-01-19 08:38:22
9714,Spring,29.41,2026-01-19 08:38:22
9714,Fall,27.45,2026-01-19 08:38:22
9714,Winter,25.49,2026-01-19 08:38:22
9715,Summer,33.33,2026-01-19 08:38:22
9715,Spring,33.33,2026-01-19 08:38:22
9718,Winter,38.46,2026-01-19 08:38:22
9718,Fall,34.62,2026-01-19 08:38:22
9719,Summer,33.8,2026-01-19 08:38:22
9719,Spring,33.8,2026-01-19 08:38:22
9719,Fall,22.54,2026-01-19 08:38:22
9722,Spring,45.24,2026-01-19 08:38:22
9722,Summer,40.48,2026-01-19 08:38:22
9725,Fall,33.33,2026-01-19 08:38:22
9725,Spring,28.57,2026-01-19 08:38:22
9726,Fall,40.0,2026-01-19 08:38:22
9726,Spring,26.0,2026-01-19 08:38:22
9726,Winter,20.0,2026-01-19 08:38:22
9727,Fall,35.71,2026-01-19 08:38:22
9727,Winter,32.14,2026-01-19 08:38:22
9727,Spring,25.0,2026-01-19 08:38:22
9730,Fall,38.1,2026-01-19 08:38:22
9730,Spring,23.81,2026-01-19 08:38:22
9732,Summer,33.33,2026-01-19 08:38:22
9732,Spring,27.78,2026-01-19 08:38:22
9732,Fall,25.0,2026-01-19 08:38:22
9733,Fall,43.75,2026-01-19 08:38:22
9733,Spring,43.75,2026-01-19 08:38:22
9734,Fall,31.03,2026-01-19 08:38:22
9734,Winter,27.59,2026-01-19 08:38:22
9734,Spring,24.14,2026-01-19 08:38:22
9736,Summer,48.21,2026-01-19 08:38:22
9736,Spring,44.64,2026-01-19 08:38:22
9737,Fall,55.56,2026-01-19 08:38:22
9737,Winter,44.44,2026-01-19 08:38:22
9738,Spring,34.29,2026-01-19 08:38:22
9738,Summer,31.43,2026-01-19 08:38:22
9738,Fall,22.86,2026-01-19 08:38:22
9739,Fall,36.36,2026-01-19 08:38:22
9739,Winter,27.27,2026-01-19 08:38:22
9740,Summer,50.0,2026-01-19 08:38:22
9740,Spring,42.86,2026-01-19 08:38:22
9741,Winter,38.46,2026-01-19 08:38:22
9741,Fall,38.46,2026-01-19 08:38:22
9742,Spring,37.84,2026-01-19 08:38:22
9742,Summer,35.14,2026-01-19 08:38:22
9743,Summer,50.0,2026-01-19 08:38:22
9743,Spring,40.0,2026-01-19 08:38:22
9744,Spring,50.0,2026-01-19 08:38:22
9744,Summer,39.29,2026-01-19 08:38:22
9745,Fall,30.0,2026-01-19 08:38:22
9745,Spring,30.0,2026-01-19 08:38:22
9745,Winter,20.0,2026-01-19 08:38:22
9745,Summer,20.0,2026-01-19 08:38:22
9746,Spring,36.84,2026-01-19 08:38:22
9746,Fall,31.58,2026-01-19 08:38:22
9746,Winter,21.05,2026-01-19 08:38:22
9747,Spring,47.37,2026-01-19 08:38:22
9747,Summer,42.11,2026-01-19 08:38:22
9748,Summer,46.15,2026-01-19 08:38:22
9748,Spring,40.38,2026-01-19 08:38:22
9750,Summer,41.67,2026-01-19 08:38:22
9750,Spring,37.5,2026-01-19 08:38:22
9751,Winter,43.33,2026-01-19 08:38:22
9751,Fall,36.67,2026-01-19 08:38:22
9752,Fall,33.33,2026-01-19 08:38:22
9752,Spring,26.09,2026-01-19 08:38:22
9752,Winter,20.29,2026-01-19 08:38:22
9752,Summer,20.29,2026-01-19 08:38:22
9755,Fall,37.04,2026-01-19 08:38:22
9755,Spring,33.33,2026-01-19 08:38:22
9755,Winter,29.63,2026-01-19 08:38:22
9756,Spring,38.0,2026-01-19 08:38:22
9756,Summer,30.0,2026-01-19 08:38:22
9756,Fall,26.0,2026-01-19 08:38:22
9757,Winter,28.57,2026-01-19 08:38:22
9757,Fall,28.57,2026-01-19 08:38:22
9757,Spring,28.57,2026-01-19 08:38:22
9758,Summer,50.0,2026-01-19 08:38:22
9758,Spring,50.0,2026-01-19 08:38:22
9759,Spring,30.77,2026-01-19 08:38:22
9759,Fall,25.64,2026-01-19 08:38:22
9759,Summer,23.08,2026-01-19 08:38:22
9759,Winter,20.51,2026-01-19 08:38:22
9760,Spring,35.09,2026-01-19 08:38:22
9760,Summer,33.33,2026-01-19 08:38:22
9760,Fall,22.81,2026-01-19 08:38:22
9762,Spring,35.71,2026-01-19 08:38:22
9762,Fall,28.57,2026-01-19 08:38:22
9762,Summer,28.57,2026-01-19 08:38:22
9763,Fall,33.33,2026-01-19 08:38:22
9763,Spring,33.33,2026-01-19 08:38:22
9763,Winter,25.93,2026-01-19 08:38:22
9764,Summer,45.0,2026-01-19 08:38:22
9764,Spring,32.5,2026-01-19 08:38:22
9765,Spring,33.33,2026-01-19 08:38:22
9765,Winter,22.22,2026-01-19 08:38:22
9765,Fall,22.22,2026-01-19 08:38:22
9765,Summer,22.22,2026-01-19 08:38:22
9766,Spring,35.85,2026-01-19 08:38:22
9766,Fall,30.19,2026-01-19 08:38:22
9766,Summer,22.64,2026-01-19 08:38:22
9767,Spring,40.0,2026-01-19 08:38:22
9767,Summer,28.0,2026-01-19 08:38:22
9767,Fall,20.0,2026-01-19 08:38:22
9768,Summer,34.78,2026-01-19 08:38:22
9768,Fall,30.43,2026-01-19 08:38:22
9770,Summer,40.0,2026-01-19 08:38:22
9770,Winter,20.0,2026-01-19 08:38:22
9770,Fall,20.0,2026-01-19 08:38:22
9770,Spring,20.0,2026-01-19 08:38:22
9771,Spring,32.69,2026-01-19 08:38:22
9771,Summer,26.92,2026-01-19 08:38:22
9771,Fall,25.0,2026-01-19 08:38:22
9772,Summer,40.54,2026-01-19 08:38:22
9772,Spring,37.84,2026-01-19 08:38:22
9774,Winter,36.36,2026-01-19 08:38:22
9774,Fall,36.36,2026-01-19 08:38:22
9775,Summer,47.22,2026-01-19 08:38:22
9775,Spring,41.67,2026-01-19 08:38:22
9776,Spring,37.93,2026-01-19 08:38:22
9776,Fall,34.48,2026-01-19 08:38:22
9778,Fall,57.14,2026-01-19 08:38:22
9778,Winter,28.57,2026-01-19 08:38:22
9779,Fall,30.77,2026-01-19 08:38:22
9779,Summer,28.21,2026-01-19 08:38:22
9779,Spring,28.21,2026-01-19 08:38:22
9780,Fall,36.36,2026-01-19 08:38:22
9780,Winter,33.33,2026-01-19 08:38:22
9780,Spring,21.21,2026-01-19 08:38:22
9782,Fall,40.0,2026-01-19 08:38:22
9782,Spring,40.0,2026-01-19 08:38:22
9782,Winter,20.0,2026-01-19 08:38:22
9783,Spring,43.14,2026-01-19 08:38:22
9783,Summer,39.22,2026-01-19 08:38:22
9784,Spring,38.46,2026-01-19 08:38:22
9784,Summer,26.92,2026-01-19 08:38:22
9787,Fall,43.75,2026-01-19 08:38:22
9787,Winter,34.38,2026-01-19 08:38:22
9787,Spring,21.88,2026-01-19 08:38:22
9788,Winter,52.38,2026-01-19 08:38:22
9788,Fall,42.86,2026-01-19 08:38:22
9790,Summer,50.0,2026-01-19 08:38:22
9790,Spring,50.0,2026-01-19 08:38:22
9793,Fall,33.33,2026-01-19 08:38:22
9793,Summer,33.33,2026-01-19 08:38:22
9793,Spring,33.33,2026-01-19 08:38:22
9794,Summer,50.0,2026-01-19 08:38:22
9794,Spring,50.0,2026-01-19 08:38:22
9795,Fall,36.67,2026-01-19 08:38:22
9795,Winter,23.33,2026-01-19 08:38:22
9795,Summer,20.0,2026-01-19 08:38:22
9795,Spring,20.0,2026-01-19 08:38:22
9796,Spring,39.13,2026-01-19 08:38:22
9796,Fall,26.09,2026-01-19 08:38:22
9796,Summer,26.09,2026-01-19 08:38:22
9798,Summer,66.67,2026-01-19 08:38:22
9798,Spring,33.33,2026-01-19 08:38:22
9799,Winter,36.36,2026-01-19 08:38:22
9799,Fall,36.36,2026-01-19 08:38:22
9800,Winter,41.18,2026-01-19 08:38:22
9800,Fall,35.29,2026-01-19 08:38:22
9801,Summer,44.44,2026-01-19 08:38:22
9801,Spring,44.44,2026-01-19 08:38:22
9802,Summer,50.0,2026-01-19 08:38:22
9802,Spring,50.0,2026-01-19 08:38:22
9803,Summer,42.5,2026-01-19 08:38:22
9803,Spring,40.0,2026-01-19 08:38:22
9804,Spring,57.14,2026-01-19 08:38:22
9804,Summer,42.86,2026-01-19 08:38:22
9806,Winter,50.0,2026-01-19 08:38:22
9806,Fall,50.0,2026-01-19 08:38:22
9807,Spring,41.67,2026-01-19 08:38:22
9807,Summer,39.58,2026-01-19 08:38:22
9808,Fall,36.36,2026-01-19 08:38:22
9808,Winter,27.27,2026-01-19 08:38:22
9808,Spring,27.27,2026-01-19 08:38:22
9811,Spring,39.02,2026-01-19 08:38:22
9811,Summer,29.27,2026-01-19 08:38:22
9812,Fall,37.5,2026-01-19 08:38:22
9812,Spring,25.0,2026-01-19 08:38:22
9812,Winter,20.83,2026-01-19 08:38:22
9815,Fall,29.17,2026-01-19 08:38:22
9815,Spring,29.17,2026-01-19 08:38:22
9815,Winter,20.83,2026-01-19 08:38:22
9815,Summer,20.83,2026-01-19 08:38:22
9816,Fall,41.18,2026-01-19 08:38:22
9816,Winter,32.35,2026-01-19 08:38:22
9818,Fall,31.82,2026-01-19 08:38:22
9818,Spring,31.82,2026-01-19 08:38:22
9818,Winter,22.73,2026-01-19 08:38:22
9820,Spring,57.69,2026-01-19 08:38:22
9820,Summer,42.31,2026-01-19 08:38:22
9821,Summer,50.0,2026-01-19 08:38:22
9821,Spring,50.0,2026-01-19 08:38:22
9822,Summer,42.86,2026-01-19 08:38:22
9822,Spring,42.86,2026-01-19 08:38:22
9823,Spring,41.18,2026-01-19 08:38:22
9823,Fall,23.53,2026-01-19 08:38:22
9823,Summer,23.53,2026-01-19 08:38:22
9824,Summer,37.5,2026-01-19 08:38:22
9824,Spring,34.38,2026-01-19 08:38:22
9825,Fall,50.0,2026-01-19 08:38:22
9825,Spring,50.0,2026-01-19 08:38:22
9826,Spring,36.36,2026-01-19 08:38:22
9826,Winter,27.27,2026-01-19 08:38:22
9826,Fall,27.27,2026-01-19 08:38:22
9827,Spring,29.55,2026-01-19 08:38:22
9827,Fall,27.27,2026-01-19 08:38:22
9827,Winter,25.0,2026-01-19 08:38:22
9828,Summer,41.3,2026-01-19 08:38:22
9828,Spring,39.13,2026-01-19 08:38:22
9829,Summer,60.0,2026-01-19 08:38:22
9829,Spring,40.0,2026-01-19 08:38:22
9830,Spring,66.67,2026-01-19 08:38:22
9830,Summer,33.33,2026-01-19 08:38:22
9831,Fall,34.62,2026-01-19 08:38:22
9831,Winter,23.08,2026-01-19 08:38:22
9831,Spring,23.08,2026-01-19 08:38:22
9832,Spring,36.59,2026-01-19 08:38:22
9832,Summer,29.27,2026-01-19 08:38:22
9832,Fall,24.39,2026-01-19 08:38:22
9835,Spring,36.36,2026-01-19 08:38:22
9835,Summer,33.33,2026-01-19 08:38:22
9835,Fall,21.21,2026-01-19 08:38:22
9836,Summer,50.0,2026-01-19 08:38:22
9836,Spring,36.67,2026-01-19 08:38:22
9839,Spring,48.57,2026-01-19 08:38:22
9839,Summer,34.29,2026-01-19 08:38:22
9840,Spring,36.67,2026-01-19 08:38:22
9840,Summer,30.0,2026-01-19 08:38:22
9840,Fall,20.0,2026-01-19 08:38:22
9842,Fall,40.0,2026-01-19 08:38:22
9842,Winter,20.0,2026-01-19 08:38:22
9842,Summer,20.0,2026-01-19 08:38:22
9842,Spring,20.0,2026-01-19 08:38:22
9843,Spring,43.24,2026-01-19 08:38:22
9843,Summer,40.54,2026-01-19 08:38:22
9844,Winter,30.77,2026-01-19 08:38:22
9844,Fall,30.77,2026-01-19 08:38:22
9844,Spring,30.77,2026-01-19 08:38:22
9846,Fall,66.67,2026-01-19 08:38:22
9846,Winter,33.33,2026-01-19 08:38:22
9847,Spring,28.95,2026-01-19 08:38:22
9847,Fall,26.32,2026-01-19 08:38:22
9847,Summer,23.68,2026-01-19 08:38:22
9847,Winter,21.05,2026-01-19 08:38:22
9848,Fall,29.27,2026-01-19 08:38:22
9848,Spring,26.83,2026-01-19 08:38:22
9848,Summer,24.39,2026-01-19 08:38:22
9850,Summer,50.0,2026-01-19 08:38:22
9850,Spring,50.0,2026-01-19 08:38:22
9851,Spring,37.5,2026-01-19 08:38:22
9851,Summer,30.0,2026-01-19 08:38:22
9851,Fall,22.5,2026-01-19 08:38:22
9852,Summer,35.71,2026-01-19 08:38:22
9852,Spring,35.71,2026-01-19 08:38:22
9854,Winter,50.0,2026-01-19 08:38:22
9854,Fall,50.0,2026-01-19 08:38:22
9855,Summer,46.43,2026-01-19 08:38:22
9855,Spring,46.43,2026-01-19 08:38:22
9856,Summer,40.0,2026-01-19 08:38:22
9856,Spring,36.67,2026-01-19 08:38:22
9858,Winter,33.33,2026-01-19 08:38:22
9858,Fall,33.33,2026-01-19 08:38:22
9858,Spring,22.22,2026-01-19 08:38:22
9859,Winter,38.46,2026-01-19 08:38:22
9859,Fall,30.77,2026-01-19 08:38:22
9860,Fall,30.77,2026-01-19 08:38:22
9860,Spring,30.77,2026-01-19 08:38:22
9860,Winter,26.92,2026-01-19 08:38:22
9863,Spring,42.86,2026-01-19 08:38:22
9863,Fall,28.57,2026-01-19 08:38:22
9863,Summer,28.57,2026-01-19 08:38:22
9866,Summer,33.33,2026-01-19 08:38:22
9866,Spring,33.33,2026-01-19 08:38:22
9867,Summer,36.0,2026-01-19 08:38:22
9867,Spring,36.0,2026-01-19 08:38:22
9867,Fall,20.0,2026-01-19 08:38:22
9868,Spring,43.75,2026-01-19 08:38:22
9868,Summer,31.25,2026-01-19 08:38:22
9870,Summer,50.0,2026-01-19 08:38:22
9870,Spring,50.0,2026-01-19 08:38:22
9871,Winter,34.38,2026-01-19 08:38:22
9871,Fall,34.38,2026-01-19 08:38:22
9871,Spring,31.25,2026-01-19 08:38:22
9872,Fall,40.74,2026-01-19 08:38:22
9872,Winter,33.33,2026-01-19 08:38:22
9874,Spring,42.86,2026-01-19 08:38:22
9874,Summer,35.71,2026-01-19 08:38:22
9874,Fall,21.43,2026-01-19 08:38:22
9875,Spring,48.39,2026-01-19 08:38:22
9875,Summer,41.94,2026-01-19 08:38:22
9876,Spring,43.75,2026-01-19 08:38:22
9876,Summer,37.5,2026-01-19 08:38:22
9878,Fall,33.33,2026-01-19 08:38:22
9878,Summer,33.33,2026-01-19 08:38:22
9878,Spring,33.33,2026-01-19 08:38:22
9880,Winter,42.86,2026-01-19 08:38:22
9880,Fall,35.71,2026-01-19 08:38:22
9880,Spring,21.43,2026-01-19 08:38:22
9882,Spring,66.67,2026-01-19 08:38:22
9882,Summer,33.33,2026-01-19 08:38:22
9883,Spring,44.83,2026-01-19 08:38:22
9883,Summer,37.93,2026-01-19 08:38:22
9884,Winter,38.89,2026-01-19 08:38:22
9884,Fall,38.89,2026-01-19 08:38:22
9884,Spring,22.22,2026-01-19 08:38:22
9885,Summer,50.0,2026-01-19 08:38:22
9885,Spring,50.0,2026-01-19 08:38:22
9887,Fall,37.93,2026-01-19 08:38:22
9887,Winter,27.59,2026-01-19 08:38:22
9887,Spring,20.69,2026-01-19 08:38:22
9888,Fall,44.0,2026-01-19 08:38:22
9888,Winter,40.0,2026-01-19 08:38:22
9890,Fall,60.0,2026-01-19 08:38:22
9890,Winter,40.0,2026-01-19 08:38:22
9891,Spring,35.0,2026-01-19 08:38:22
9891,Winter,30.0,2026-01-19 08:38:22
9891,Fall,30.0,2026-01-19 08:38:22
9892,Spring,42.11,2026-01-19 08:38:22
9892,Summer,39.47,2026-01-19 08:38:22
9893,Fall,40.0,2026-01-19 08:38:22
9893,Winter,20.0,2026-01-19 08:38:22
9893,Summer,20.0,2026-01-19 08:38:22
9893,Spring,20.0,2026-01-19 08:38:22
9895,Spring,58.33,2026-01-19 08:38:22
9895,Summer,33.33,2026-01-19 08:38:22
9897,Fall,42.86,2026-01-19 08:38:22
9897,Winter,28.57,2026-01-19 08:38:22
9897,Spring,21.43,2026-01-19 08:38:22
9898,Summer,50.0,2026-01-19 08:38:22
9898,Spring,50.0,2026-01-19 08:38:22
9899,Summer,50.0,2026-01-19 08:38:22
9899,Spring,41.67,2026-01-19 08:38:22
9900,Summer,47.83,2026-01-19 08:38:22
9900,Spring,47.83,2026-01-19 08:38:22
9902,Summer,50.0,2026-01-19 08:38:22
9902,Spring,50.0,2026-01-19 08:38:22
9903,Spring,46.43,2026-01-19 08:38:22
9903,Summer,25.0,2026-01-19 08:38:22
9904,Summer,40.0,2026-01-19 08:38:22
9904,Spring,40.0,2026-01-19 08:38:22
9904,Fall,20.0,2026-01-19 08:38:22
9906,Summer,66.67,2026-01-19 08:38:22
9906,Spring,33.33,2026-01-19 08:38:22
9908,Summer,53.57,2026-01-19 08:38:22
9908,Spring,46.43,2026-01-19 08:38:22
9909,Fall,47.62,2026-01-19 08:38:22
9909,Winter,28.57,2026-01-19 08:38:22
9910,Fall,33.33,2026-01-19 08:38:22
9910,Summer,33.33,2026-01-19 08:38:22
9910,Spring,33.33,2026-01-19 08:38:22
9912,Spring,40.91,2026-01-19 08:38:22
9912,Fall,27.27,2026-01-19 08:38:22
9913,Fall,38.46,2026-01-19 08:38:22
9913,Winter,30.77,2026-01-19 08:38:22
9914,Winter,50.0,2026-01-19 08:38:22
9914,Fall,50.0,2026-01-19 08:38:22
9916,Spring,42.86,2026-01-19 08:38:22
9916,Fall,38.1,2026-01-19 08:38:22
9917,Spring,40.0,2026-01-19 08:38:22
9917,Fall,33.33,2026-01-19 08:38:22
9917,Summer,20.0,2026-01-19 08:38:22
9918,Fall,33.33,2026-01-19 08:38:22
9918,Summer,33.33,2026-01-19 08:38:22
9918,Spring,33.33,2026-01-19 08:38:22
9919,Fall,30.77,2026-01-19 08:38:22
9919,Spring,30.77,2026-01-19 08:38:22
9919,Summer,26.92,2026-01-19 08:38:22
9921,Winter,42.11,2026-01-19 08:38:22
9921,Fall,42.11,2026-01-19 08:38:22
9922,Summer,50.0,2026-01-19 08:38:22
9922,Spring,50.0,2026-01-19 08:38:22
9923,Summer,47.37,2026-01-19 08:38:22
9923,Spring,36.84,2026-01-19 08:38:22
9924,Spring,44.44,2026-01-19 08:38:22
9924,Summer,27.78,2026-01-19 08:38:22
9927,Spring,50.0,2026-01-19 08:38:22
9927,Summer,43.75,2026-01-19 08:38:22
9929,Spring,33.33,2026-01-19 08:38:22
9929,Fall,27.27,2026-01-19 08:38:22
9929,Summer,21.21,2026-01-19 08:38:22
9930,Winter,100.0,2026-01-19 08:38:22
9931,Summer,42.86,2026-01-19 08:38:22
9931,Spring,39.29,2026-01-19 08:38:22
9933,Fall,35.71,2026-01-19 08:38:22
9933,Spring,35.71,2026-01-19 08:38:22
9933,Summer,21.43,2026-01-19 08:38:22
9934,Winter,33.33,2026-01-19 08:38:22
9934,Fall,33.33,2026-01-19 08:38:22
9934,Spring,33.33,2026-01-19 08:38:22
9935,Spring,47.06,2026-01-19 08:38:22
9935,Summer,41.18,2026-01-19 08:38:22
9942,Fall,33.33,2026-01-19 08:38:22
9942,Summer,33.33,2026-01-19 08:38:22
9942,Spring,33.33,2026-01-19 08:38:22
9943,Summer,56.25,2026-01-19 08:38:22
9943,Spring,43.75,2026-01-19 08:38:22
9945,Fall,33.33,2026-01-19 08:38:22
9945,Spring,30.3,2026-01-19 08:38:22
9945,Winter,21.21,2026-01-19 08:38:22
9946,Winter,33.33,2026-01-19 08:38:22
9946,Fall,33.33,2026-01-19 08:38:22
9947,Spring,45.0,2026-01-19 08:38:22
9947,Summer,35.0,2026-01-19 08:38:22
9947,Fall,20.0,2026-01-19 08:38:22
9949,Spring,36.36,2026-01-19 08:38:22
9949,Fall,27.27,2026-01-19 08:38:22
9951,Fall,41.67,2026-01-19 08:38:22
9951,Spring,41.67,2026-01-19 08:38:22
9953,Spring,42.86,2026-01-19 08:38:22
9953,Summer,28.57,2026-01-19 08:38:22
9954,Summer,50.0,2026-01-19 08:38:22
9954,Spring,50.0,2026-01-19 08:38:22
9955,Spring,46.15,2026-01-19 08:38:22
9955,Summer,38.46,2026-01-19 08:38:22
9956,Winter,100.0,2026-01-19 08:38:22
9957,Summer,44.44,2026-01-19 08:38:22
9957,Spring,44.44,2026-01-19 08:38:22
9958,Fall,100.0,2026-01-19 08:38:22
9959,Summer,44.44,2026-01-19 08:38:22
9959,Spring,44.44,2026-01-19 08:38:22
9960,Winter,25.0,2026-01-19 08:38:22
9960,Fall,25.0,2026-01-19 08:38:22
9960,Summer,25.0,2026-01-19 08:38:22
9960,Spring,25.0,2026-01-19 08:38:22
9961,Spring,38.89,2026-01-19 08:38:22
9961,Summer,33.33,2026-01-19 08:38:22
9961,Fall,22.22,2026-01-19 08:38:22
9962,Fall,33.33,2026-01-19 08:38:22
9962,Summer,33.33,2026-01-19 08:38:22
9962,Spring,33.33,2026-01-19 08:38:22
9963,Summer,50.0,2026-01-19 08:38:22
9963,Spring,50.0,2026-01-19 08:38:22
9965,Summer,50.0,2026-01-19 08:38:22
9965,Spring,37.5,2026-01-19 08:38:22
9967,Summer,41.67,2026-01-19 08:38:22
9967,Spring,33.33,2026-01-19 08:38:22
9969,Summer,37.5,2026-01-19 08:38:22
9969,Spring,37.5,2026-01-19 08:38:22
9971,Summer,53.85,2026-01-19 08:38:22
9971,Spring,46.15,2026-01-19 08:38:22
9972,Summer,39.13,2026-01-19 08:38:22
9972,Spring,39.13,2026-01-19 08:38:22
9975,Summer,45.45,2026-01-19 08:38:22
9975,Spring,45.45,2026-01-19 08:38:22
9976,Fall,27.78,2026-01-19 08:38:22
9976,Spring,27.78,2026-01-19 08:38:22
9976,Winter,22.22,2026-01-19 08:38:22
9976,Summer,22.22,2026-01-19 08:38:22
9979,Fall,33.33,2026-01-19 08:38:22
9979,Spring,33.33,2026-01-19 08:38:22
9979,Winter,25.0,2026-01-19 08:38:22
9980,Summer,43.75,2026-01-19 08:38:22
9980,Spring,37.5,2026-01-19 08:38:22
9982,Spring,60.0,2026-01-19 08:38:22
9982,Fall,20.0,2026-01-19 08:38:22
9982,Summer,20.0,2026-01-19 08:38:22
9983,Spring,42.86,2026-01-19 08:38:22
9983,Summer,35.71,2026-01-19 08:38:22
9985,Summer,36.36,2026-01-19 08:38:22
9985,Spring,36.36,2026-01-19 08:38:22
9987,Winter,42.86,2026-01-19 08:38:22
9987,Fall,42.86,2026-01-19 08:38:22
9990,Summer,55.56,2026-01-19 08:38:22
9990,Spring,33.33,2026-01-19 08:38:22
9993,Summer,40.43,2026-01-19 08:38:22
9993,Spring,39.55,2026-01-19 08:38:22
9995,Spring,30.77,2026-01-19 08:38:22
9995,Winter,23.08,2026-01-19 08:38:22
9995,Fall,23.08,2026-01-19 08:38:22
9995,Summer,23.08,2026-01-19 08:38:22
9998,Spring,31.03,2026-01-19 08:38:22
9998,Fall,26.45,2026-01-19 08:38:22
9998,Summer,24.2,2026-01-19 08:38:22
10002,Spring,42.02,2026-01-19 08:38:22
10002,Summer,41.74,2026-01-19 08:38:22
10004,Summer,42.86,2026-01-19 08:38:22
10004,Fall,28.57,2026-01-19 08:38:22
10004,Spring,28.57,2026-01-19 08:38:22
10005,Fall,32.08,2026-01-19 08:38:22
10005,Winter,26.22,2026-01-19 08:38:22
10005,Spring,26.12,2026-01-19 08:38:22
10006,Winter,33.33,2026-01-19 08:38:22
10006,Fall,33.33,2026-01-19 08:38:22
10006,Spring,20.0,2026-01-19 08:38:22
10013,Spring,31.21,2026-01-19 08:38:22
10013,Fall,27.3,2026-01-19 08:38:22
10013,Summer,24.11,2026-01-19 08:38:22
10014,Summer,44.44,2026-01-19 08:38:22
10014,Spring,44.44,2026-01-19 08:38:22
10017,Fall,36.24,2026-01-19 08:38:22
10017,Winter,32.67,2026-01-19 08:38:22
10017,Spring,22.88,2026-01-19 08:38:22
10018,Summer,46.15,2026-01-19 08:38:22
10018,Spring,46.15,2026-01-19 08:38:22
10021,Winter,25.0,2026-01-19 08:38:22
10021,Fall,25.0,2026-01-19 08:38:22
10021,Summer,25.0,2026-01-19 08:38:22
10021,Spring,25.0,2026-01-19 08:38:22
10022,Fall,32.09,2026-01-19 08:38:22
10022,Spring,29.25,2026-01-19 08:38:22
10022,Winter,20.9,2026-01-19 08:38:22
10025,Summer,50.0,2026-01-19 08:38:22
10025,Spring,50.0,2026-01-19 08:38:22
10026,Fall,33.03,2026-01-19 08:38:22
10026,Spring,28.78,2026-01-19 08:38:22
10026,Winter,21.4,2026-01-19 08:38:22
10029,Spring,35.98,2026-01-19 08:38:22
10029,Summer,33.11,2026-01-19 08:38:22
10029,Fall,20.53,2026-01-19 08:38:22
10030,Winter,30.77,2026-01-19 08:38:22
10030,Fall,30.77,2026-01-19 08:38:22
10030,Spring,23.08,2026-01-19 08:38:22
10033,Fall,35.93,2026-01-19 08:38:22
10033,Winter,30.39,2026-01-19 08:38:22
10033,Spring,23.82,2026-01-19 08:38:22
10034,Spring,36.36,2026-01-19 08:38:22
10034,Fall,27.27,2026-01-19 08:38:22
10034,Summer,27.27,2026-01-19 08:38:22
10035,Summer,50.0,2026-01-19 08:38:22
10035,Spring,50.0,2026-01-19 08:38:22
10037,Spring,37.47,2026-01-19 08:38:22
10037,Summer,32.99,2026-01-19 08:38:22
10037,Fall,20.37,2026-01-19 08:38:22
10038,Fall,50.0,2026-01-19 08:38:22
10038,Winter,37.5,2026-01-19 08:38:22
10041,Winter,42.86,2026-01-19 08:38:22
10041,Fall,42.86,2026-01-19 08:38:22
10042,Fall,36.4,2026-01-19 08:38:22
10042,Spring,26.45,2026-01-19 08:38:22
10042,Winter,26.27,2026-01-19 08:38:22
10045,Spring,38.18,2026-01-19 08:38:22
10045,Summer,37.93,2026-01-19 08:38:22
10049,Spring,32.3,2026-01-19 08:38:22
10049,Fall,30.12,2026-01-19 08:38:22
10049,Winter,20.5,2026-01-19 08:38:22
10050,Summer,50.0,2026-01-19 08:38:22
10050,Spring,43.75,2026-01-19 08:38:22
10053,Spring,40.0,2026-01-19 08:38:22
10053,Summer,37.1,2026-01-19 08:38:22
10054,Winter,25.0,2026-01-19 08:38:22
10054,Fall,25.0,2026-01-19 08:38:22
10054,Summer,25.0,2026-01-19 08:38:22
10054,Spring,25.0,2026-01-19 08:38:22
10057,Spring,39.04,2026-01-19 08:38:22
10057,Summer,31.51,2026-01-19 08:38:22
10057,Fall,20.89,2026-01-19 08:38:22
10058,Summer,40.0,2026-01-19 08:38:22
10058,Spring,40.0,2026-01-19 08:38:22
10061,Spring,37.12,2026-01-19 08:38:22
10061,Summer,33.13,2026-01-19 08:38:22
10061,Fall,21.78,2026-01-19 08:38:22
10065,Fall,38.7,2026-01-19 08:38:22
10065,Winter,35.59,2026-01-19 08:38:22
10066,Fall,28.57,2026-01-19 08:38:22
10066,Summer,28.57,2026-01-19 08:38:22
10066,Spring,28.57,2026-01-19 08:38:22
10067,Fall,34.6,2026-01-19 08:38:22
10067,Winter,31.11,2026-01-19 08:38:22
10067,Spring,21.43,2026-01-19 08:38:22
10069,Summer,44.78,2026-01-19 08:38:22
10069,Spring,37.39,2026-01-19 08:38:22
10070,Summer,50.0,2026-01-19 08:38:22
10070,Spring,50.0,2026-01-19 08:38:22
10072,Summer,47.91,2026-01-19 08:38:22
10072,Spring,41.44,2026-01-19 08:38:22
10073,Winter,36.87,2026-01-19 08:38:22
10073,Fall,35.86,2026-01-19 08:38:22
10076,Summer,40.67,2026-01-19 08:38:22
10076,Spring,40.67,2026-01-19 08:38:22
10077,Spring,36.05,2026-01-19 08:38:22
10077,Summer,31.29,2026-01-19 08:38:22
10077,Fall,24.49,2026-01-19 08:38:22
10078,Summer,33.33,2026-01-19 08:38:22
10078,Spring,33.33,2026-01-19 08:38:22
10078,Fall,20.0,2026-01-19 08:38:22
10080,Spring,30.87,2026-01-19 08:38:22
10080,Fall,26.96,2026-01-19 08:38:22
10080,Winter,21.3,2026-01-19 08:38:22
10080,Summer,20.87,2026-01-19 08:38:22
10081,Spring,37.78,2026-01-19 08:38:22
10081,Summer,30.37,2026-01-19 08:38:22
10081,Fall,21.85,2026-01-19 08:38:22
10082,Fall,33.33,2026-01-19 08:38:22
10082,Summer,33.33,2026-01-19 08:38:22
10082,Spring,33.33,2026-01-19 08:38:22
10084,Spring,29.14,2026-01-19 08:38:22
10084,Fall,27.15,2026-01-19 08:38:22
10084,Summer,25.17,2026-01-19 08:38:22
10085,Spring,38.29,2026-01-19 08:38:22
10085,Summer,30.11,2026-01-19 08:38:22
10085,Fall,24.16,2026-01-19 08:38:22
10086,Fall,33.33,2026-01-19 08:38:22
10086,Spring,33.33,2026-01-19 08:38:22
10088,Summer,49.71,2026-01-19 08:38:22
10088,Spring,40.0,2026-01-19 08:38:22
10089,Winter,37.1,2026-01-19 08:38:22
10089,Fall,36.29,2026-01-19 08:38:22
10090,Summer,50.0,2026-01-19 08:38:22
10090,Spring,50.0,2026-01-19 08:38:22
10093,Spring,33.33,2026-01-19 08:38:22
10093,Fall,25.29,2026-01-19 08:38:22
10093,Summer,24.14,2026-01-19 08:38:22
10094,Fall,33.33,2026-01-19 08:38:22
10094,Spring,33.33,2026-01-19 08:38:22
10094,Winter,22.22,2026-01-19 08:38:22
10096,Summer,44.5,2026-01-19 08:38:22
10096,Spring,36.36,2026-01-19 08:38:22
10097,Spring,42.42,2026-01-19 08:38:22
10097,Summer,39.39,2026-01-19 08:38:22
10098,Fall,36.36,2026-01-19 08:38:22
10098,Winter,27.27,2026-01-19 08:38:22
10098,Spring,27.27,2026-01-19 08:38:22
10100,Spring,42.86,2026-01-19 08:38:22
10100,Summer,36.26,2026-01-19 08:38:22
10101,Winter,25.0,2026-01-19 08:38:22
10101,Fall,25.0,2026-01-19 08:38:22
10101,Summer,25.0,2026-01-19 08:38:22
10101,Spring,25.0,2026-01-19 08:38:22
10102,Fall,32.93,2026-01-19 08:38:22
10102,Winter,25.61,2026-01-19 08:38:22
10102,Spring,21.95,2026-01-19 08:38:22
10106,Spring,39.29,2026-01-19 08:38:22
10106,Summer,37.5,2026-01-19 08:38:22
10108,Fall,37.61,2026-01-19 08:38:22
10108,Winter,34.96,2026-01-19 08:38:22
10108,Spring,21.24,2026-01-19 08:38:22
10109,Spring,50.0,2026-01-19 08:38:22
10109,Fall,25.0,2026-01-19 08:38:22
10109,Summer,25.0,2026-01-19 08:38:22
10110,Fall,29.41,2026-01-19 08:38:22
10110,Winter,26.47,2026-01-19 08:38:22
10110,Spring,26.47,2026-01-19 08:38:22
10112,Summer,40.2,2026-01-19 08:38:22
10112,Spring,38.73,2026-01-19 08:38:22
10114,Fall,41.67,2026-01-19 08:38:22
10114,Winter,36.11,2026-01-19 08:38:22
10116,Spring,37.0,2026-01-19 08:38:22
10116,Summer,35.5,2026-01-19 08:38:22
10117,Summer,40.0,2026-01-19 08:38:22
10117,Spring,40.0,2026-01-19 08:38:22
10117,Fall,20.0,2026-01-19 08:38:22
10118,Fall,37.5,2026-01-19 08:38:22
10118,Spring,31.25,2026-01-19 08:38:22
10118,Winter,25.0,2026-01-19 08:38:22
10120,Spring,31.32,2026-01-19 08:38:22
10120,Fall,26.92,2026-01-19 08:38:22
10120,Summer,25.82,2026-01-19 08:38:22
10125,Spring,42.78,2026-01-19 08:38:22
10125,Summer,35.56,2026-01-19 08:38:22
10126,Summer,43.75,2026-01-19 08:38:22
10126,Spring,43.75,2026-01-19 08:38:22
10129,Spring,43.31,2026-01-19 08:38:22
10129,Summer,35.67,2026-01-19 08:38:22
10130,Summer,31.58,2026-01-19 08:38:22
10130,Spring,31.58,2026-01-19 08:38:22
10130,Fall,21.05,2026-01-19 08:38:22
10132,Spring,40.0,2026-01-19 08:38:22
10132,Winter,20.0,2026-01-19 08:38:22
10132,Fall,20.0,2026-01-19 08:38:22
10132,Summer,20.0,2026-01-19 08:38:22
10133,Fall,36.57,2026-01-19 08:38:22
10133,Winter,30.29,2026-01-19 08:38:22
10133,Spring,21.14,2026-01-19 08:38:22
10134,Summer,41.67,2026-01-19 08:38:22
10134,Spring,41.67,2026-01-19 08:38:22
10137,Spring,33.71,2026-01-19 08:38:22
10137,Fall,31.43,2026-01-19 08:38:22
10137,Summer,22.29,2026-01-19 08:38:22
10138,Fall,27.27,2026-01-19 08:38:22
10138,Spring,27.27,2026-01-19 08:38:22
10138,Winter,22.73,2026-01-19 08:38:22
10138,Summer,22.73,2026-01-19 08:38:22
10140,Fall,33.33,2026-01-19 08:38:22
10140,Summer,33.33,2026-01-19 08:38:22
10140,Spring,33.33,2026-01-19 08:38:22
10141,Fall,41.3,2026-01-19 08:38:22
10141,Winter,39.13,2026-01-19 08:38:22
10142,Winter,50.0,2026-01-19 08:38:22
10142,Fall,50.0,2026-01-19 08:38:22
10145,Fall,37.61,2026-01-19 08:38:22
10145,Winter,34.86,2026-01-19 08:38:22
10146,Summer,55.56,2026-01-19 08:38:22
10146,Spring,44.44,2026-01-19 08:38:22
10153,Summer,50.0,2026-01-19 08:38:22
10153,Spring,50.0,2026-01-19 08:38:22
10154,Summer,50.0,2026-01-19 08:38:22
10154,Spring,50.0,2026-01-19 08:38:22
10156,Summer,44.44,2026-01-19 08:38:22
10156,Spring,44.44,2026-01-19 08:38:22
10158,Summer,50.0,2026-01-19 08:38:22
10158,Spring,50.0,2026-01-19 08:38:22
10161,Fall,50.0,2026-01-19 08:38:22
10161,Spring,50.0,2026-01-19 08:38:22
10164,Fall,50.0,2026-01-19 08:38:22
10164,Spring,50.0,2026-01-19 08:38:22
10168,Winter,25.0,2026-01-19 08:38:22
10168,Fall,25.0,2026-01-19 08:38:22
10168,Summer,25.0,2026-01-19 08:38:22
10168,Spring,25.0,2026-01-19 08:38:22
10169,Fall,50.0,2026-01-19 08:38:22
10169,Spring,50.0,2026-01-19 08:38:22
10170,Summer,100.0,2026-01-19 08:38:22
10174,Winter,33.33,2026-01-19 08:38:22
10174,Fall,33.33,2026-01-19 08:38:22
10176,Fall,28.57,2026-01-19 08:38:22
10176,Summer,28.57,2026-01-19 08:38:22
10176,Spring,28.57,2026-01-19 08:38:22
10177,Winter,50.0,2026-01-19 08:38:22
10177,Fall,50.0,2026-01-19 08:38:22
10180,Summer,50.0,2026-01-19 08:38:22
10180,Spring,50.0,2026-01-19 08:38:22
10181,Winter,25.0,2026-01-19 08:38:22
10181,Fall,25.0,2026-01-19 08:38:22
10181,Summer,25.0,2026-01-19 08:38:22
10181,Spring,25.0,2026-01-19 08:38:22
10185,Fall,50.0,2026-01-19 08:38:22
10185,Winter,25.0,2026-01-19 08:38:22
10185,Summer,25.0,2026-01-19 08:38:22
10186,Summer,50.0,2026-01-19 08:38:22
10186,Spring,50.0,2026-01-19 08:38:22
10192,Summer,50.0,2026-01-19 08:38:22
10192,Spring,50.0,2026-01-19 08:38:22
10193,Summer,50.0,2026-01-19 08:38:22
10193,Spring,50.0,2026-01-19 08:38:22
10196,Summer,41.67,2026-01-19 08:38:22
10196,Spring,41.67,2026-01-19 08:38:22
10197,Spring,40.0,2026-01-19 08:38:22
10197,Winter,20.0,2026-01-19 08:38:22
10197,Fall,20.0,2026-01-19 08:38:22
10197,Summer,20.0,2026-01-19 08:38:22
10204,Winter,42.86,2026-01-19 08:38:22
10204,Fall,42.86,2026-01-19 08:38:22
10208,Summer,40.0,2026-01-19 08:38:22
10208,Spring,40.0,2026-01-19 08:38:22
10208,Fall,20.0,2026-01-19 08:38:22
10209,Summer,50.0,2026-01-19 08:38:22
10209,Spring,50.0,2026-01-19 08:38:22
10216,Summer,50.0,2026-01-19 08:38:22
10216,Spring,50.0,2026-01-19 08:38:22
10217,Summer,50.0,2026-01-19 08:38:22
10217,Spring,50.0,2026-01-19 08:38:22
10220,Summer,30.0,2026-01-19 08:38:22
10220,Spring,30.0,2026-01-19 08:38:22
10220,Winter,20.0,2026-01-19 08:38:22
10220,Fall,20.0,2026-01-19 08:38:22
10228,Fall,40.0,2026-01-19 08:38:22
10228,Spring,40.0,2026-01-19 08:38:22
10228,Summer,20.0,2026-01-19 08:38:22
10229,Fall,40.0,2026-01-19 08:38:22
10229,Winter,20.0,2026-01-19 08:38:22
10229,Summer,20.0,2026-01-19 08:38:22
10229,Spring,20.0,2026-01-19 08:38:22
10232,Summer,37.5,2026-01-19 08:38:22
10232,Spring,37.5,2026-01-19 08:38:22
10234,Summer,42.37,2026-01-19 08:38:22
10234,Spring,41.53,2026-01-19 08:38:22
10238,Spring,38.89,2026-01-19 08:38:22
10238,Summer,37.96,2026-01-19 08:38:22
10242,Fall,35.54,2026-01-19 08:38:22
10242,Winter,27.27,2026-01-19 08:38:22
10242,Spring,22.31,2026-01-19 08:38:22
10244,Summer,41.67,2026-01-19 08:38:22
10244,Spring,41.67,2026-01-19 08:38:22
10246,Fall,40.95,2026-01-19 08:38:22
10246,Winter,36.19,2026-01-19 08:38:22
10254,Fall,30.59,2026-01-19 08:38:22
10254,Spring,30.59,2026-01-19 08:38:22
10254,Summer,21.18,2026-01-19 08:38:22
10258,Summer,31.19,2026-01-19 08:38:22
10258,Spring,31.19,2026-01-19 08:38:22
10258,Fall,24.77,2026-01-19 08:38:22
10259,Summer,50.0,2026-01-19 08:38:22
10259,Spring,50.0,2026-01-19 08:38:22
10262,Fall,36.89,2026-01-19 08:38:22
10262,Winter,26.21,2026-01-19 08:38:22
10262,Spring,23.3,2026-01-19 08:38:22
10266,Spring,33.33,2026-01-19 08:38:22
10266,Fall,30.77,2026-01-19 08:38:22
10268,Winter,25.0,2026-01-19 08:38:22
10268,Fall,25.0,2026-01-19 08:38:22
10268,Summer,25.0,2026-01-19 08:38:22
10268,Spring,25.0,2026-01-19 08:38:22
10270,Spring,29.76,2026-01-19 08:38:22
10270,Summer,28.57,2026-01-19 08:38:22
10270,Fall,23.81,2026-01-19 08:38:22
10272,Winter,33.33,2026-01-19 08:38:22
10272,Fall,33.33,2026-01-19 08:38:22
10272,Summer,33.33,2026-01-19 08:38:22
10274,Winter,35.29,2026-01-19 08:38:22
10274,Fall,35.29,2026-01-19 08:38:22
10274,Spring,22.35,2026-01-19 08:38:22
10276,Fall,50.0,2026-01-19 08:38:22
10276,Spring,50.0,2026-01-19 08:38:22
10279,Fall,35.06,2026-01-19 08:38:22
10279,Winter,32.47,2026-01-19 08:38:22
10279,Spring,22.08,2026-01-19 08:38:22
10284,Spring,37.21,2026-01-19 08:38:22
10284,Summer,32.56,2026-01-19 08:38:22
10284,Fall,20.93,2026-01-19 08:38:22
10288,Summer,42.68,2026-01-19 08:38:22
10288,Spring,42.68,2026-01-19 08:38:22
10290,Winter,100.0,2026-01-19 08:38:22
10292,Spring,33.96,2026-01-19 08:38:22
10292,Fall,26.42,2026-01-19 08:38:22
10292,Summer,22.64,2026-01-19 08:38:22
10295,Fall,33.62,2026-01-19 08:38:22
10295,Winter,31.14,2026-01-19 08:38:22
10295,Spring,23.5,2026-01-19 08:38:22
10296,Spring,40.0,2026-01-19 08:38:22
10296,Summer,34.55,2026-01-19 08:38:22
10296,Fall,20.0,2026-01-19 08:38:22
10299,Spring,36.2,2026-01-19 08:38:22
10299,Summer,29.43,2026-01-19 08:38:22
10299,Fall,21.35,2026-01-19 08:38:22
10300,Summer,32.84,2026-01-19 08:38:22
10300,Spring,31.34,2026-01-19 08:38:22
10300,Fall,23.88,2026-01-19 08:38:22
10303,Spring,30.16,2026-01-19 08:38:22
10303,Fall,28.57,2026-01-19 08:38:22
10303,Summer,23.81,2026-01-19 08:38:22
10304,Fall,38.89,2026-01-19 08:38:22
10304,Winter,36.64,2026-01-19 08:38:22
10305,Fall,31.88,2026-01-19 08:38:22
10305,Spring,31.88,2026-01-19 08:38:22
10305,Winter,21.01,2026-01-19 08:38:22
10307,Spring,27.59,2026-01-19 08:38:22
10307,Winter,25.86,2026-01-19 08:38:22
10307,Fall,24.14,2026-01-19 08:38:22
10307,Summer,22.41,2026-01-19 08:38:22
10308,Fall,33.0,2026-01-19 08:38:22
10308,Winter,28.57,2026-01-19 08:38:22
10308,Spring,25.0,2026-01-19 08:38:22
10309,Summer,39.77,2026-01-19 08:38:22
10309,Spring,38.64,2026-01-19 08:38:22
10311,Spring,39.34,2026-01-19 08:38:22
10311,Summer,37.7,2026-01-19 08:38:22
10312,Fall,36.13,2026-01-19 08:38:22
10312,Winter,35.08,2026-01-19 08:38:22
10312,Spring,20.59,2026-01-19 08:38:22
10315,Summer,50.0,2026-01-19 08:38:22
10315,Spring,50.0,2026-01-19 08:38:22
10316,Fall,33.87,2026-01-19 08:38:22
10316,Winter,30.47,2026-01-19 08:38:22
10316,Spring,23.12,2026-01-19 08:38:22
10317,Spring,39.53,2026-01-19 08:38:22
10317,Summer,25.58,2026-01-19 08:38:22
10317,Fall,24.42,2026-01-19 08:38:22
10319,Winter,33.33,2026-01-19 08:38:22
10319,Summer,33.33,2026-01-19 08:38:22
10319,Spring,33.33,2026-01-19 08:38:22
10320,Fall,33.61,2026-01-19 08:38:22
10320,Winter,29.22,2026-01-19 08:38:22
10320,Spring,23.99,2026-01-19 08:38:22
10321,Spring,41.67,2026-01-19 08:38:22
10321,Summer,34.72,2026-01-19 08:38:22
10322,Winter,50.0,2026-01-19 08:38:22
10322,Fall,50.0,2026-01-19 08:38:22
10323,Spring,66.67,2026-01-19 08:38:22
10323,Summer,33.33,2026-01-19 08:38:22
10324,Winter,43.88,2026-01-19 08:38:22
10324,Fall,40.18,2026-01-19 08:38:22
10325,Spring,37.1,2026-01-19 08:38:22
10325,Summer,30.65,2026-01-19 08:38:22
10325,Fall,20.97,2026-01-19 08:38:22
10327,Summer,50.0,2026-01-19 08:38:22
10327,Spring,50.0,2026-01-19 08:38:22
10328,Fall,32.76,2026-01-19 08:38:22
10328,Spring,26.94,2026-01-19 08:38:22
10328,Winter,23.06,2026-01-19 08:38:22
10329,Spring,38.46,2026-01-19 08:38:22
10329,Summer,30.77,2026-01-19 08:38:22
10329,Fall,21.15,2026-01-19 08:38:22
10330,Summer,50.0,2026-01-19 08:38:22
10330,Spring,50.0,2026-01-19 08:38:22
10331,Winter,50.0,2026-01-19 08:38:22
10331,Fall,50.0,2026-01-19 08:38:22
10332,Spring,39.56,2026-01-19 08:38:22
10332,Summer,32.21,2026-01-19 08:38:22
10333,Spring,46.0,2026-01-19 08:38:22
10333,Summer,40.0,2026-01-19 08:38:22
10335,Winter,100.0,2026-01-19 08:38:22
10336,Fall,36.43,2026-01-19 08:38:22
10336,Winter,31.41,2026-01-19 08:38:22
10336,Spring,21.86,2026-01-19 08:38:22
10337,Spring,37.29,2026-01-19 08:38:22
10337,Fall,28.81,2026-01-19 08:38:22
10340,Spring,32.59,2026-01-19 08:38:22
10340,Fall,28.79,2026-01-19 08:38:22
10341,Spring,41.86,2026-01-19 08:38:22
10341,Summer,37.21,2026-01-19 08:38:22
10341,Fall,20.93,2026-01-19 08:38:22
10344,Fall,37.11,2026-01-19 08:38:22
10344,Winter,33.68,2026-01-19 08:38:22
10344,Spring,21.05,2026-01-19 08:38:22
10345,Spring,50.0,2026-01-19 08:38:22
10345,Summer,39.29,2026-01-19 08:38:22
10347,Winter,25.0,2026-01-19 08:38:22
10347,Fall,25.0,2026-01-19 08:38:22
10347,Summer,25.0,2026-01-19 08:38:22
10347,Spring,25.0,2026-01-19 08:38:22
10348,Spring,31.8,2026-01-19 08:38:22
10348,Summer,30.58,2026-01-19 08:38:22
10348,Fall,22.94,2026-01-19 08:38:22
10349,Fall,33.33,2026-01-19 08:38:22
10349,Spring,33.33,2026-01-19 08:38:22
10351,Spring,100.0,2026-01-19 08:38:22
10352,Spring,38.3,2026-01-19 08:38:22
10352,Summer,29.53,2026-01-19 08:38:22
10352,Fall,22.81,2026-01-19 08:38:22
10356,Fall,33.33,2026-01-19 08:38:22
10356,Winter,28.57,2026-01-19 08:38:22
10356,Spring,26.98,2026-01-19 08:38:22
10357,Winter,28.57,2026-01-19 08:38:22
10357,Fall,28.57,2026-01-19 08:38:22
10357,Spring,28.57,2026-01-19 08:38:22
10358,Winter,25.0,2026-01-19 08:38:22
10358,Fall,25.0,2026-01-19 08:38:22
10358,Summer,25.0,2026-01-19 08:38:22
10358,Spring,25.0,2026-01-19 08:38:22
10360,Spring,35.22,2026-01-19 08:38:22
10360,Summer,29.24,2026-01-19 08:38:22
10360,Fall,22.59,2026-01-19 08:38:22
10362,Fall,42.86,2026-01-19 08:38:22
10362,Winter,28.57,2026-01-19 08:38:22
10363,Summer,100.0,2026-01-19 08:38:22
10364,Summer,44.52,2026-01-19 08:38:22
10364,Spring,39.53,2026-01-19 08:38:22
10365,Spring,50.0,2026-01-19 08:38:22
10365,Summer,30.0,2026-01-19 08:38:22
10365,Fall,20.0,2026-01-19 08:38:22
10368,Spring,31.06,2026-01-19 08:38:22
10368,Fall,29.69,2026-01-19 08:38:22
10368,Winter,20.48,2026-01-19 08:38:22
10369,Summer,36.36,2026-01-19 08:38:22
10369,Spring,36.36,2026-01-19 08:38:22
10372,Summer,33.33,2026-01-19 08:38:22
10372,Spring,33.33,2026-01-19 08:38:22
10372,Fall,22.22,2026-01-19 08:38:22
10373,Spring,34.98,2026-01-19 08:38:22
10373,Fall,27.38,2026-01-19 08:38:22
10373,Summer,22.43,2026-01-19 08:38:22
10376,Summer,38.35,2026-01-19 08:38:22
10376,Spring,35.92,2026-01-19 08:38:22
10377,Spring,50.0,2026-01-19 08:38:22
10377,Fall,25.0,2026-01-19 08:38:22
10377,Summer,25.0,2026-01-19 08:38:22
10381,Summer,50.0,2026-01-19 08:38:22
10381,Spring,50.0,2026-01-19 08:38:22
10384,Summer,42.56,2026-01-19 08:38:22
10384,Spring,40.51,2026-01-19 08:38:22
10385,Winter,25.0,2026-01-19 08:38:22
10385,Fall,25.0,2026-01-19 08:38:22
10385,Summer,25.0,2026-01-19 08:38:22
10385,Spring,25.0,2026-01-19 08:38:22
10387,Summer,50.0,2026-01-19 08:38:22
10387,Spring,50.0,2026-01-19 08:38:22
10388,Fall,39.44,2026-01-19 08:38:22
10388,Winter,32.39,2026-01-19 08:38:22
10392,Winter,40.0,2026-01-19 08:38:22
10392,Fall,40.0,2026-01-19 08:38:22
10392,Spring,20.0,2026-01-19 08:38:22
10399,Fall,35.9,2026-01-19 08:38:22
10399,Spring,33.33,2026-01-19 08:38:22
10400,Summer,31.73,2026-01-19 08:38:22
10400,Spring,31.25,2026-01-19 08:38:22
10400,Fall,24.52,2026-01-19 08:38:22
10402,Winter,37.5,2026-01-19 08:38:22
10402,Fall,37.5,2026-01-19 08:38:22
10402,Spring,25.0,2026-01-19 08:38:22
10403,Spring,35.48,2026-01-19 08:38:22
10403,Fall,25.81,2026-01-19 08:38:22
10403,Summer,25.81,2026-01-19 08:38:22
10404,Spring,32.7,2026-01-19 08:38:22
10404,Fall,28.91,2026-01-19 08:38:22
10407,Summer,54.55,2026-01-19 08:38:22
10407,Spring,36.36,2026-01-19 08:38:22
10409,Fall,33.33,2026-01-19 08:38:22
10409,Summer,33.33,2026-01-19 08:38:22
10409,Spring,33.33,2026-01-19 08:38:22
10410,Fall,30.99,2026-01-19 08:38:22
10410,Winter,26.9,2026-01-19 08:38:22
10410,Spring,24.56,2026-01-19 08:38:22
10411,Spring,45.0,2026-01-19 08:38:22
10411,Summer,40.0,2026-01-19 08:38:22
10414,Fall,30.05,2026-01-19 08:38:22
10414,Spring,29.02,2026-01-19 08:38:22
10414,Winter,25.39,2026-01-19 08:38:22
10418,Fall,37.5,2026-01-19 08:38:22
10418,Winter,32.5,2026-01-19 08:38:22
10418,Spring,21.0,2026-01-19 08:38:22
10422,Winter,37.74,2026-01-19 08:38:22
10422,Fall,37.11,2026-01-19 08:38:22
10423,Spring,36.36,2026-01-19 08:38:22
10423,Summer,31.82,2026-01-19 08:38:22
10424,Summer,50.0,2026-01-19 08:38:22
10424,Spring,50.0,2026-01-19 08:38:22
10425,Summer,50.0,2026-01-19 08:38:22
10425,Spring,43.75,2026-01-19 08:38:22
10430,Spring,36.0,2026-01-19 08:38:22
10430,Fall,24.0,2026-01-19 08:38:22
10430,Summer,24.0,2026-01-19 08:38:22
10431,Summer,45.29,2026-01-19 08:38:22
10431,Spring,40.0,2026-01-19 08:38:22
10434,Fall,32.57,2026-01-19 08:38:22
10434,Winter,32.0,2026-01-19 08:38:22
10434,Spring,26.29,2026-01-19 08:38:22
10435,Fall,35.71,2026-01-19 08:38:22
10435,Summer,28.57,2026-01-19 08:38:22
10435,Spring,21.43,2026-01-19 08:38:22
10438,Fall,40.79,2026-01-19 08:38:22
10438,Winter,38.82,2026-01-19 08:38:22
10442,Fall,37.93,2026-01-19 08:38:22
10442,Winter,34.48,2026-01-19 08:38:22
10446,Spring,37.96,2026-01-19 08:38:22
10446,Fall,27.01,2026-01-19 08:38:22
10447,Summer,33.33,2026-01-19 08:38:22
10447,Spring,33.33,2026-01-19 08:38:22
10447,Fall,25.0,2026-01-19 08:38:22
10450,Fall,35.34,2026-01-19 08:38:22
10450,Winter,31.58,2026-01-19 08:38:22
10450,Spring,21.8,2026-01-19 08:38:22
10451,Winter,26.67,2026-01-19 08:38:22
10451,Fall,26.67,2026-01-19 08:38:22
10451,Summer,23.33,2026-01-19 08:38:22
10451,Spring,23.33,2026-01-19 08:38:22
10455,Fall,28.57,2026-01-19 08:38:22
10455,Summer,28.57,2026-01-19 08:38:22
10455,Spring,28.57,2026-01-19 08:38:22
10458,Spring,32.19,2026-01-19 08:38:22
10458,Fall,26.71,2026-01-19 08:38:22
10458,Summer,21.92,2026-01-19 08:38:22
10459,Spring,36.36,2026-01-19 08:38:22
10459,Fall,27.27,2026-01-19 08:38:22
10462,Fall,38.51,2026-01-19 08:38:22
10462,Winter,35.81,2026-01-19 08:38:22
10463,Spring,42.86,2026-01-19 08:38:22
10463,Summer,28.57,2026-01-19 08:38:22
10464,Summer,41.19,2026-01-19 08:38:22
10464,Spring,39.34,2026-01-19 08:38:22
10466,Fall,36.07,2026-01-19 08:38:22
10466,Winter,34.43,2026-01-19 08:38:22
10466,Spring,22.95,2026-01-19 08:38:22
10467,Winter,33.33,2026-01-19 08:38:22
10467,Fall,33.33,2026-01-19 08:38:22
10467,Summer,22.22,2026-01-19 08:38:22
10469,Winter,40.29,2026-01-19 08:38:22
10469,Fall,40.08,2026-01-19 08:38:22
10470,Spring,33.9,2026-01-19 08:38:22
10470,Fall,25.42,2026-01-19 08:38:22
10470,Summer,22.03,2026-01-19 08:38:22
10471,Summer,41.67,2026-01-19 08:38:22
10471,Spring,41.67,2026-01-19 08:38:22
10473,Winter,42.7,2026-01-19 08:38:22
10473,Fall,42.7,2026-01-19 08:38:22
10474,Summer,50.39,2026-01-19 08:38:22
10474,Spring,38.85,2026-01-19 08:38:22
10476,Fall,40.83,2026-01-19 08:38:22
10476,Winter,40.52,2026-01-19 08:38:22
10477,Fall,37.7,2026-01-19 08:38:22
10477,Winter,33.61,2026-01-19 08:38:22
10478,Fall,38.28,2026-01-19 08:38:22
10478,Winter,35.73,2026-01-19 08:38:22
10480,Summer,47.95,2026-01-19 08:38:22
10480,Spring,37.43,2026-01-19 08:38:22
10481,Fall,35.61,2026-01-19 08:38:22
10481,Winter,32.58,2026-01-19 08:38:22
10481,Spring,22.73,2026-01-19 08:38:22
10482,Fall,34.39,2026-01-19 08:38:22
10482,Winter,31.48,2026-01-19 08:38:22
10482,Spring,20.11,2026-01-19 08:38:22
10484,Summer,38.07,2026-01-19 08:38:22
10484,Spring,36.54,2026-01-19 08:38:22
10485,Spring,31.88,2026-01-19 08:38:22
10485,Fall,28.99,2026-01-19 08:38:22
10485,Winter,24.64,2026-01-19 08:38:22
10486,Summer,43.03,2026-01-19 08:38:22
10486,Spring,35.61,2026-01-19 08:38:22
10487,Winter,50.0,2026-01-19 08:38:22
10487,Fall,50.0,2026-01-19 08:38:22
10488,Spring,38.11,2026-01-19 08:38:22
10488,Summer,35.54,2026-01-19 08:38:22
10489,Spring,33.8,2026-01-19 08:38:22
10489,Fall,27.46,2026-01-19 08:38:22
10489,Summer,23.94,2026-01-19 08:38:22
10490,Spring,43.1,2026-01-19 08:38:22
10490,Summer,40.0,2026-01-19 08:38:22
10492,Spring,38.32,2026-01-19 08:38:22
10492,Summer,33.64,2026-01-19 08:38:22
10493,Summer,41.44,2026-01-19 08:38:22
10493,Spring,37.72,2026-01-19 08:38:22
10494,Spring,32.18,2026-01-19 08:38:22
10494,Summer,28.71,2026-01-19 08:38:22
10494,Fall,25.24,2026-01-19 08:38:22
10496,Fall,31.92,2026-01-19 08:38:22
10496,Spring,31.67,2026-01-19 08:38:22
10496,Summer,21.7,2026-01-19 08:38:22
10497,Fall,37.89,2026-01-19 08:38:22
10497,Winter,27.02,2026-01-19 08:38:22
10497,Spring,20.5,2026-01-19 08:38:22
10498,Fall,31.94,2026-01-19 08:38:22
10498,Spring,30.56,2026-01-19 08:38:22
10499,Winter,66.67,2026-01-19 08:38:22
10499,Fall,33.33,2026-01-19 08:38:22
10500,Fall,36.85,2026-01-19 08:38:22
10500,Winter,31.67,2026-01-19 08:38:22
10500,Spring,21.71,2026-01-19 08:38:22
10501,Fall,31.23,2026-01-19 08:38:22
10501,Winter,24.29,2026-01-19 08:38:22
10501,Spring,24.29,2026-01-19 08:38:22
10501,Summer,20.19,2026-01-19 08:38:22
10502,Winter,42.11,2026-01-19 08:38:22
10502,Fall,40.0,2026-01-19 08:38:22
10503,Winter,50.0,2026-01-19 08:38:22
10503,Fall,50.0,2026-01-19 08:38:22
10504,Fall,32.18,2026-01-19 08:38:22
10504,Spring,28.74,2026-01-19 08:38:22
10504,Summer,21.84,2026-01-19 08:38:22
10505,Spring,34.43,2026-01-19 08:38:22
10505,Summer,29.18,2026-01-19 08:38:22
10505,Fall,24.26,2026-01-19 08:38:22
10506,Fall,36.45,2026-01-19 08:38:22
10506,Winter,33.64,2026-01-19 08:38:22
10508,Spring,29.57,2026-01-19 08:38:22
10508,Fall,26.09,2026-01-19 08:38:22
10508,Summer,22.61,2026-01-19 08:38:22
10508,Winter,21.74,2026-01-19 08:38:22
10509,Fall,34.35,2026-01-19 08:38:22
10509,Winter,33.33,2026-01-19 08:38:22
10509,Spring,21.77,2026-01-19 08:38:22
10510,Summer,51.89,2026-01-19 08:38:22
10510,Spring,38.49,2026-01-19 08:38:22
10512,Winter,34.57,2026-01-19 08:38:22
10512,Fall,34.57,2026-01-19 08:38:22
10514,Spring,39.1,2026-01-19 08:38:22
10514,Summer,37.5,2026-01-19 08:38:22
10515,Fall,30.58,2026-01-19 08:38:22
10515,Spring,30.58,2026-01-19 08:38:22
10515,Winter,24.05,2026-01-19 08:38:22
10517,Fall,39.78,2026-01-19 08:38:22
10517,Winter,37.63,2026-01-19 08:38:22
10518,Summer,50.0,2026-01-19 08:38:22
10518,Spring,50.0,2026-01-19 08:38:22
10519,Summer,44.86,2026-01-19 08:38:22
10519,Spring,40.19,2026-01-19 08:38:22
10520,Summer,50.0,2026-01-19 08:38:22
10520,Spring,42.11,2026-01-19 08:38:22
10521,Spring,44.82,2026-01-19 08:38:22
10521,Summer,43.7,2026-01-19 08:38:22
10522,Fall,37.8,2026-01-19 08:38:22
10522,Spring,27.27,2026-01-19 08:38:22
10522,Winter,25.84,2026-01-19 08:38:22
10525,Spring,37.57,2026-01-19 08:38:22
10525,Summer,33.6,2026-01-19 08:38:22
10526,Spring,33.93,2026-01-19 08:38:22
10526,Fall,28.57,2026-01-19 08:38:22
10526,Summer,23.66,2026-01-19 08:38:22
10527,Summer,50.0,2026-01-19 08:38:22
10527,Spring,50.0,2026-01-19 08:38:22
10528,Summer,43.61,2026-01-19 08:38:22
10528,Spring,40.98,2026-01-19 08:38:22
10529,Winter,35.87,2026-01-19 08:38:22
10529,Fall,34.78,2026-01-19 08:38:22
10529,Spring,20.65,2026-01-19 08:38:22
10530,Fall,37.27,2026-01-19 08:38:22
10530,Winter,35.91,2026-01-19 08:38:22
10532,Fall,29.05,2026-01-19 08:38:22
10532,Spring,26.19,2026-01-19 08:38:22
10532,Winter,23.33,2026-01-19 08:38:22
10532,Summer,21.43,2026-01-19 08:38:22
10533,Spring,29.93,2026-01-19 08:38:22
10533,Fall,27.96,2026-01-19 08:38:22
10533,Summer,25.0,2026-01-19 08:38:22
10535,Winter,39.66,2026-01-19 08:38:22
10535,Fall,37.93,2026-01-19 08:38:22
10535,Spring,22.41,2026-01-19 08:38:22
10536,Spring,33.33,2026-01-19 08:38:22
10536,Summer,30.3,2026-01-19 08:38:22
10536,Fall,24.24,2026-01-19 08:38:22
10537,Spring,31.3,2026-01-19 08:38:22
10537,Fall,29.39,2026-01-19 08:38:22
10537,Summer,24.05,2026-01-19 08:38:22
10539,Fall,37.35,2026-01-19 08:38:22
10539,Winter,32.53,2026-01-19 08:38:22
10539,Spring,24.1,2026-01-19 08:38:22
10540,Spring,31.44,2026-01-19 08:38:22
10540,Summer,24.75,2026-01-19 08:38:22
10540,Fall,23.02,2026-01-19 08:38:22
10540,Winter,20.79,2026-01-19 08:38:22
10542,Spring,44.08,2026-01-19 08:38:22
10542,Summer,42.18,2026-01-19 08:38:22
10543,Spring,31.25,2026-01-19 08:38:22
10543,Summer,26.56,2026-01-19 08:38:22
10543,Fall,23.44,2026-01-19 08:38:22
10544,Fall,34.44,2026-01-19 08:38:22
10544,Spring,28.89,2026-01-19 08:38:22
10544,Winter,21.48,2026-01-19 08:38:22
10547,Spring,36.76,2026-01-19 08:38:22
10547,Fall,26.47,2026-01-19 08:38:22
10547,Summer,23.53,2026-01-19 08:38:22
10549,Summer,37.31,2026-01-19 08:38:22
10549,Spring,36.7,2026-01-19 08:38:22
10551,Fall,31.76,2026-01-19 08:38:22
10551,Winter,28.24,2026-01-19 08:38:22
10551,Spring,24.71,2026-01-19 08:38:22
10554,Spring,32.55,2026-01-19 08:38:22
10554,Fall,26.51,2026-01-19 08:38:22
10554,Summer,24.15,2026-01-19 08:38:22
10555,Spring,33.33,2026-01-19 08:38:22
10555,Fall,29.17,2026-01-19 08:38:22
10555,Winter,20.83,2026-01-19 08:38:22
10558,Spring,30.55,2026-01-19 08:38:22
10558,Fall,27.09,2026-01-19 08:38:22
10558,Summer,23.34,2026-01-19 08:38:22
10559,Fall,35.53,2026-01-19 08:38:22
10559,Spring,28.95,2026-01-19 08:38:22
10562,Spring,36.61,2026-01-19 08:38:22
10562,Summer,34.65,2026-01-19 08:38:22
10562,Fall,20.87,2026-01-19 08:38:22
10563,Spring,38.46,2026-01-19 08:38:22
10563,Summer,31.87,2026-01-19 08:38:22
10566,Fall,37.22,2026-01-19 08:38:22
10566,Winter,31.23,2026-01-19 08:38:22
10566,Spring,20.82,2026-01-19 08:38:22
10567,Spring,37.65,2026-01-19 08:38:22
10567,Summer,30.59,2026-01-19 08:38:22
10570,Spring,36.45,2026-01-19 08:38:22
10570,Summer,33.18,2026-01-19 08:38:22
10570,Fall,20.56,2026-01-19 08:38:22
10572,Fall,33.33,2026-01-19 08:38:22
10572,Summer,33.33,2026-01-19 08:38:22
10572,Spring,33.33,2026-01-19 08:38:22
10574,Fall,34.81,2026-01-19 08:38:22
10574,Winter,31.01,2026-01-19 08:38:22
10574,Spring,24.68,2026-01-19 08:38:22
10575,Spring,32.84,2026-01-19 08:38:22
10575,Fall,28.36,2026-01-19 08:38:22
10575,Summer,20.9,2026-01-19 08:38:22
10578,Fall,29.39,2026-01-19 08:38:22
10578,Spring,29.01,2026-01-19 08:38:22
10578,Summer,25.57,2026-01-19 08:38:22
10579,Spring,42.25,2026-01-19 08:38:22
10579,Summer,35.21,2026-01-19 08:38:22
10582,Spring,41.94,2026-01-19 08:38:22
10582,Summer,40.32,2026-01-19 08:38:22
10583,Fall,28.07,2026-01-19 08:38:22
10583,Summer,24.56,2026-01-19 08:38:22
10583,Spring,24.56,2026-01-19 08:38:22
10583,Winter,22.81,2026-01-19 08:38:22
10586,Summer,40.46,2026-01-19 08:38:22
10586,Spring,39.69,2026-01-19 08:38:22
10587,Spring,41.79,2026-01-19 08:38:22
10587,Summer,35.82,2026-01-19 08:38:22
10591,Fall,33.8,2026-01-19 08:38:22
10591,Spring,28.24,2026-01-19 08:38:22
10591,Winter,21.76,2026-01-19 08:38:22
10593,Summer,44.07,2026-01-19 08:38:22
10593,Spring,35.59,2026-01-19 08:38:22
10594,Spring,33.05,2026-01-19 08:38:22
10594,Fall,26.61,2026-01-19 08:38:22
10594,Summer,24.46,2026-01-19 08:38:22
10598,Fall,37.5,2026-01-19 08:38:22
10598,Winter,28.57,2026-01-19 08:38:22
10598,Spring,23.21,2026-01-19 08:38:22
10599,Fall,50.0,2026-01-19 08:38:22
10599,Spring,50.0,2026-01-19 08:38:22
10601,Summer,35.29,2026-01-19 08:38:22
10601,Spring,35.29,2026-01-19 08:38:22
10601,Fall,21.76,2026-01-19 08:38:22
10602,Summer,38.3,2026-01-19 08:38:22
10602,Spring,36.17,2026-01-19 08:38:22
10605,Spring,37.14,2026-01-19 08:38:22
10605,Summer,35.71,2026-01-19 08:38:22
10607,Winter,40.94,2026-01-19 08:38:22
10607,Fall,38.26,2026-01-19 08:38:22
10611,Spring,41.67,2026-01-19 08:38:22
10611,Summer,40.0,2026-01-19 08:38:22
10613,Summer,38.18,2026-01-19 08:38:22
10613,Spring,36.36,2026-01-19 08:38:22
10614,Winter,28.57,2026-01-19 08:38:22
10614,Summer,28.57,2026-01-19 08:38:22
10614,Spring,28.57,2026-01-19 08:38:22
10615,Summer,39.74,2026-01-19 08:38:22
10615,Spring,35.9,2026-01-19 08:38:22
10618,Spring,40.3,2026-01-19 08:38:22
10618,Summer,37.31,2026-01-19 08:38:22
10619,Fall,36.05,2026-01-19 08:38:22
10619,Winter,27.89,2026-01-19 08:38:22
10619,Spring,25.85,2026-01-19 08:38:22
10622,Fall,47.06,2026-01-19 08:38:22
10622,Winter,35.29,2026-01-19 08:38:22
10623,Spring,38.12,2026-01-19 08:38:22
10623,Summer,30.04,2026-01-19 08:38:22
10623,Fall,21.52,2026-01-19 08:38:22
10625,Spring,32.23,2026-01-19 08:38:22
10625,Summer,28.1,2026-01-19 08:38:22
10625,Fall,26.86,2026-01-19 08:38:22
10626,Spring,36.0,2026-01-19 08:38:22
10626,Fall,30.0,2026-01-19 08:38:22
10627,Summer,44.55,2026-01-19 08:38:22
10627,Spring,42.57,2026-01-19 08:38:22
10629,Fall,40.0,2026-01-19 08:38:22
10629,Winter,35.0,2026-01-19 08:38:22
10630,Spring,33.9,2026-01-19 08:38:22
10630,Summer,30.08,2026-01-19 08:38:22
10630,Fall,26.69,2026-01-19 08:38:22
10631,Spring,38.85,2026-01-19 08:38:22
10631,Summer,32.48,2026-01-19 08:38:22
10633,Spring,30.51,2026-01-19 08:38:22
10633,Fall,28.81,2026-01-19 08:38:22
10633,Summer,27.12,2026-01-19 08:38:22
10634,Spring,44.21,2026-01-19 08:38:22
10634,Summer,35.79,2026-01-19 08:38:22
10635,Fall,37.99,2026-01-19 08:38:22
10635,Winter,29.05,2026-01-19 08:38:22
10635,Spring,26.26,2026-01-19 08:38:22
10636,Summer,36.36,2026-01-19 08:38:22
10636,Spring,36.36,2026-01-19 08:38:22
10636,Fall,27.27,2026-01-19 08:38:22
10637,Winter,33.33,2026-01-19 08:38:22
10637,Fall,33.33,2026-01-19 08:38:22
10637,Spring,21.67,2026-01-19 08:38:22
10638,Summer,47.8,2026-01-19 08:38:22
10638,Spring,40.25,2026-01-19 08:38:22
10639,Winter,44.0,2026-01-19 08:38:22
10639,Fall,40.0,2026-01-19 08:38:22
10642,Spring,39.79,2026-01-19 08:38:22
10642,Summer,37.17,2026-01-19 08:38:22
10643,Summer,48.98,2026-01-19 08:38:22
10643,Spring,40.14,2026-01-19 08:38:22
10644,Fall,36.36,2026-01-19 08:38:22
10644,Spring,27.27,2026-01-19 08:38:22
10645,Spring,38.0,2026-01-19 08:38:22
10645,Summer,32.0,2026-01-19 08:38:22
10646,Spring,35.55,2026-01-19 08:38:22
10646,Summer,28.44,2026-01-19 08:38:22
10646,Fall,24.64,2026-01-19 08:38:22
10647,Winter,42.06,2026-01-19 08:38:22
10647,Fall,39.68,2026-01-19 08:38:22
10649,Summer,57.58,2026-01-19 08:38:22
10649,Spring,42.42,2026-01-19 08:38:22
10650,Summer,44.53,2026-01-19 08:38:22
10650,Spring,42.19,2026-01-19 08:38:22
10651,Winter,43.48,2026-01-19 08:38:22
10651,Fall,40.0,2026-01-19 08:38:22
10652,Winter,50.0,2026-01-19 08:38:22
10652,Fall,50.0,2026-01-19 08:38:22
10653,Spring,34.15,2026-01-19 08:38:22
10653,Summer,31.71,2026-01-19 08:38:22
10653,Fall,26.83,2026-01-19 08:38:22
10654,Spring,42.68,2026-01-19 08:38:22
10654,Summer,37.58,2026-01-19 08:38:22
10655,Spring,32.9,2026-01-19 08:38:22
10655,Summer,31.61,2026-01-19 08:38:22
10655,Fall,25.81,2026-01-19 08:38:22
10657,Spring,37.04,2026-01-19 08:38:22
10657,Summer,33.33,2026-01-19 08:38:22
10657,Fall,24.07,2026-01-19 08:38:22
10658,Spring,28.57,2026-01-19 08:38:22
10658,Summer,26.71,2026-01-19 08:38:22
10658,Fall,24.84,2026-01-19 08:38:22
10659,Spring,33.33,2026-01-19 08:38:22
10659,Fall,24.24,2026-01-19 08:38:22
10659,Summer,23.64,2026-01-19 08:38:22
10661,Summer,51.85,2026-01-19 08:38:22
10661,Spring,37.04,2026-01-19 08:38:22
10663,Fall,36.72,2026-01-19 08:38:22
10663,Winter,31.64,2026-01-19 08:38:22
10663,Spring,22.6,2026-01-19 08:38:22
10664,Summer,40.0,2026-01-19 08:38:22
10664,Spring,40.0,2026-01-19 08:38:22
10665,Summer,34.88,2026-01-19 08:38:22
10665,Spring,34.88,2026-01-19 08:38:22
10666,Spring,40.6,2026-01-19 08:38:22
10666,Summer,35.34,2026-01-19 08:38:22
10668,Summer,37.5,2026-01-19 08:38:22
10668,Spring,37.5,2026-01-19 08:38:22
10669,Spring,35.71,2026-01-19 08:38:22
10669,Summer,33.33,2026-01-19 08:38:22
10669,Fall,26.19,2026-01-19 08:38:22
10670,Fall,34.45,2026-01-19 08:38:22
10670,Winter,33.61,2026-01-19 08:38:22
10670,Spring,23.53,2026-01-19 08:38:22
10671,Spring,36.09,2026-01-19 08:38:22
10671,Summer,33.08,2026-01-19 08:38:22
10671,Fall,23.31,2026-01-19 08:38:22
10673,Summer,45.83,2026-01-19 08:38:22
10673,Spring,45.83,2026-01-19 08:38:22
10674,Spring,40.28,2026-01-19 08:38:22
10674,Summer,38.19,2026-01-19 08:38:22
10675,Fall,35.62,2026-01-19 08:38:22
10675,Winter,30.63,2026-01-19 08:38:22
10675,Spring,20.0,2026-01-19 08:38:22
10676,Spring,100.0,2026-01-19 08:38:22
10677,Fall,30.51,2026-01-19 08:38:22
10677,Spring,28.81,2026-01-19 08:38:22
10677,Winter,27.12,2026-01-19 08:38:22
10678,Winter,40.16,2026-01-19 08:38:22
10678,Fall,37.01,2026-01-19 08:38:22
10682,Summer,37.86,2026-01-19 08:38:22
10682,Spring,36.43,2026-01-19 08:38:22
10683,Winter,40.0,2026-01-19 08:38:22
10683,Spring,40.0,2026-01-19 08:38:22
10683,Fall,20.0,2026-01-19 08:38:22
10684,Spring,32.92,2026-01-19 08:38:22
10684,Fall,29.19,2026-01-19 08:38:22
10684,Winter,20.5,2026-01-19 08:38:22
10685,Fall,29.73,2026-01-19 08:38:22
10685,Winter,24.32,2026-01-19 08:38:22
10685,Summer,24.32,2026-01-19 08:38:22
10685,Spring,21.62,2026-01-19 08:38:22
10686,Fall,41.18,2026-01-19 08:38:22
10686,Winter,32.35,2026-01-19 08:38:22
10688,Spring,36.07,2026-01-19 08:38:22
10688,Fall,31.15,2026-01-19 08:38:22
10688,Summer,25.41,2026-01-19 08:38:22
10689,Winter,34.78,2026-01-19 08:38:22
10689,Fall,34.78,2026-01-19 08:38:22
10690,Spring,37.5,2026-01-19 08:38:22
10690,Summer,36.76,2026-01-19 08:38:22
10692,Summer,43.71,2026-01-19 08:38:22
10692,Spring,39.74,2026-01-19 08:38:22
10695,Spring,35.9,2026-01-19 08:38:22
10695,Summer,32.48,2026-01-19 08:38:22
10696,Spring,30.0,2026-01-19 08:38:22
10696,Fall,26.47,2026-01-19 08:38:22
10696,Summer,22.94,2026-01-19 08:38:22
10696,Winter,20.59,2026-01-19 08:38:22
10697,Spring,35.29,2026-01-19 08:38:22
10697,Fall,29.41,2026-01-19 08:38:22
10697,Summer,23.53,2026-01-19 08:38:22
10699,Spring,42.2,2026-01-19 08:38:22
10699,Summer,36.7,2026-01-19 08:38:22
10700,Fall,33.33,2026-01-19 08:38:22
10700,Winter,28.89,2026-01-19 08:38:22
10700,Spring,26.67,2026-01-19 08:38:22
10701,Fall,25.71,2026-01-19 08:38:22
10701,Summer,25.71,2026-01-19 08:38:22
10701,Spring,25.71,2026-01-19 08:38:22
10701,Winter,22.86,2026-01-19 08:38:22
10703,Fall,30.91,2026-01-19 08:38:22
10703,Spring,30.0,2026-01-19 08:38:22
10703,Winter,20.0,2026-01-19 08:38:22
10704,Spring,36.61,2026-01-19 08:38:22
10704,Summer,32.14,2026-01-19 08:38:22
10704,Fall,21.43,2026-01-19 08:38:22
10705,Fall,44.0,2026-01-19 08:38:22
10705,Winter,40.0,2026-01-19 08:38:22
10708,Spring,31.4,2026-01-19 08:38:22
10708,Fall,26.16,2026-01-19 08:38:22
10708,Summer,22.67,2026-01-19 08:38:22
10709,Spring,32.0,2026-01-19 08:38:22
10709,Summer,28.0,2026-01-19 08:38:22
10709,Fall,24.0,2026-01-19 08:38:22
10712,Fall,35.95,2026-01-19 08:38:22
10712,Winter,28.76,2026-01-19 08:38:22
10712,Spring,24.18,2026-01-19 08:38:22
10713,Spring,36.36,2026-01-19 08:38:22
10713,Summer,33.33,2026-01-19 08:38:22
10713,Fall,21.21,2026-01-19 08:38:22
10716,Fall,29.81,2026-01-19 08:38:22
10716,Spring,26.09,2026-01-19 08:38:22
10716,Winter,24.84,2026-01-19 08:38:22
10717,Spring,32.0,2026-01-19 08:38:22
10717,Fall,28.0,2026-01-19 08:38:22
10717,Summer,28.0,2026-01-19 08:38:22
10720,Spring,31.25,2026-01-19 08:38:22
10720,Fall,30.63,2026-01-19 08:38:22
10720,Summer,21.25,2026-01-19 08:38:22
10721,Fall,31.43,2026-01-19 08:38:22
10721,Winter,25.71,2026-01-19 08:38:22
10721,Spring,25.71,2026-01-19 08:38:22
10723,Winter,33.33,2026-01-19 08:38:22
10723,Fall,33.33,2026-01-19 08:38:22
10723,Spring,33.33,2026-01-19 08:38:22
10724,Spring,44.55,2026-01-19 08:38:22
10724,Summer,43.56,2026-01-19 08:38:22
10725,Spring,30.56,2026-01-19 08:38:22
10725,Fall,25.0,2026-01-19 08:38:22
10725,Summer,25.0,2026-01-19 08:38:22
10728,Winter,44.29,2026-01-19 08:38:22
10728,Fall,42.86,2026-01-19 08:38:22
10729,Summer,30.77,2026-01-19 08:38:22
10729,Spring,30.77,2026-01-19 08:38:22
10729,Fall,23.08,2026-01-19 08:38:22
10731,Summer,50.0,2026-01-19 08:38:22
10731,Spring,50.0,2026-01-19 08:38:22
10732,Fall,38.74,2026-01-19 08:38:22
10732,Winter,30.63,2026-01-19 08:38:22
10732,Spring,20.72,2026-01-19 08:38:22
10733,Fall,34.78,2026-01-19 08:38:22
10733,Spring,26.09,2026-01-19 08:38:22
10733,Summer,21.74,2026-01-19 08:38:22
10735,Winter,33.33,2026-01-19 08:38:22
10735,Fall,33.33,2026-01-19 08:38:22
10735,Spring,33.33,2026-01-19 08:38:22
10736,Spring,41.61,2026-01-19 08:38:22
10736,Summer,39.42,2026-01-19 08:38:22
10737,Fall,38.1,2026-01-19 08:38:22
10737,Winter,33.33,2026-01-19 08:38:22
10737,Spring,23.81,2026-01-19 08:38:22
10740,Fall,40.0,2026-01-19 08:38:22
10740,Winter,36.36,2026-01-19 08:38:22
10741,Spring,30.0,2026-01-19 08:38:22
10741,Fall,25.0,2026-01-19 08:38:22
10741,Summer,25.0,2026-01-19 08:38:22
10741,Winter,20.0,2026-01-19 08:38:22
10743,Winter,50.0,2026-01-19 08:38:22
10743,Fall,50.0,2026-01-19 08:38:22
10744,Fall,37.37,2026-01-19 08:38:22
10744,Winter,29.29,2026-01-19 08:38:22
10744,Spring,23.23,2026-01-19 08:38:22
10745,Spring,36.0,2026-01-19 08:38:22
10745,Fall,28.0,2026-01-19 08:38:22
10745,Winter,20.0,2026-01-19 08:38:22
10748,Summer,36.94,2026-01-19 08:38:22
10748,Spring,36.04,2026-01-19 08:38:22
10749,Fall,35.29,2026-01-19 08:38:22
10749,Winter,29.41,2026-01-19 08:38:22
10749,Spring,23.53,2026-01-19 08:38:22
10752,Fall,36.52,2026-01-19 08:38:22
10752,Spring,27.83,2026-01-19 08:38:22
10752,Winter,26.09,2026-01-19 08:38:22
10753,Fall,29.17,2026-01-19 08:38:22
10753,Summer,29.17,2026-01-19 08:38:22
10753,Spring,29.17,2026-01-19 08:38:22
10756,Spring,45.56,2026-01-19 08:38:22
10756,Summer,41.11,2026-01-19 08:38:22
10758,Spring,35.29,2026-01-19 08:38:22
10758,Fall,29.41,2026-01-19 08:38:22
10758,Summer,29.41,2026-01-19 08:38:22
10760,Fall,30.67,2026-01-19 08:38:22
10760,Spring,28.0,2026-01-19 08:38:22
10760,Winter,24.0,2026-01-19 08:38:22
10762,Summer,41.67,2026-01-19 08:38:22
10762,Spring,33.33,2026-01-19 08:38:22
10765,Fall,34.48,2026-01-19 08:38:22
10765,Spring,34.48,2026-01-19 08:38:22
10766,Summer,50.0,2026-01-19 08:38:22
10766,Spring,33.33,2026-01-19 08:38:22
10768,Fall,34.41,2026-01-19 08:38:22
10768,Winter,31.18,2026-01-19 08:38:22
10768,Spring,24.73,2026-01-19 08:38:22
10772,Fall,35.44,2026-01-19 08:38:22
10772,Winter,29.11,2026-01-19 08:38:22
10772,Spring,27.85,2026-01-19 08:38:22
10773,Summer,36.36,2026-01-19 08:38:22
10773,Spring,36.36,2026-01-19 08:38:22
10773,Fall,27.27,2026-01-19 08:38:22
10776,Fall,35.62,2026-01-19 08:38:22
10776,Spring,32.88,2026-01-19 08:38:22
10776,Winter,21.92,2026-01-19 08:38:22
10781,Fall,33.33,2026-01-19 08:38:22
10781,Spring,33.33,2026-01-19 08:38:22
10781,Winter,26.67,2026-01-19 08:38:22
10785,Summer,50.0,2026-01-19 08:38:22
10785,Spring,50.0,2026-01-19 08:38:22
10786,Spring,38.3,2026-01-19 08:38:22
10786,Summer,27.66,2026-01-19 08:38:22
10786,Fall,20.21,2026-01-19 08:38:22
10788,Fall,42.86,2026-01-19 08:38:22
10788,Winter,33.33,2026-01-19 08:38:22
10789,Winter,25.0,2026-01-19 08:38:22
10789,Fall,25.0,2026-01-19 08:38:22
10789,Summer,25.0,2026-01-19 08:38:22
10789,Spring,25.0,2026-01-19 08:38:22
10790,Spring,40.48,2026-01-19 08:38:22
10790,Summer,39.29,2026-01-19 08:38:22
10792,Spring,40.32,2026-01-19 08:38:22
10792,Summer,35.48,2026-01-19 08:38:22
10793,Fall,41.67,2026-01-19 08:38:22
10793,Spring,41.67,2026-01-19 08:38:22
10794,Spring,33.33,2026-01-19 08:38:22
10794,Fall,24.69,2026-01-19 08:38:22
10794,Summer,24.69,2026-01-19 08:38:22
10796,Spring,41.67,2026-01-19 08:38:22
10796,Summer,34.72,2026-01-19 08:38:22
10797,Fall,43.24,2026-01-19 08:38:22
10797,Winter,37.84,2026-01-19 08:38:22
10798,Fall,33.33,2026-01-19 08:38:22
10798,Winter,27.78,2026-01-19 08:38:22
10798,Spring,27.78,2026-01-19 08:38:22
10800,Fall,30.11,2026-01-19 08:38:22
10800,Spring,27.96,2026-01-19 08:38:22
10800,Winter,21.51,2026-01-19 08:38:22
10800,Summer,20.43,2026-01-19 08:38:22
10801,Spring,39.22,2026-01-19 08:38:22
10801,Summer,27.45,2026-01-19 08:38:22
10801,Fall,25.49,2026-01-19 08:38:22
10803,Fall,30.77,2026-01-19 08:38:22
10803,Winter,23.08,2026-01-19 08:38:22
10803,Summer,23.08,2026-01-19 08:38:22
10803,Spring,23.08,2026-01-19 08:38:22
10805,Spring,50.0,2026-01-19 08:38:22
10805,Summer,35.71,2026-01-19 08:38:22
10806,Fall,33.9,2026-01-19 08:38:22
10806,Winter,27.12,2026-01-19 08:38:22
10806,Spring,25.42,2026-01-19 08:38:22
10807,Spring,47.83,2026-01-19 08:38:22
10807,Summer,37.68,2026-01-19 08:38:22
10808,Summer,38.46,2026-01-19 08:38:22
10808,Spring,38.46,2026-01-19 08:38:22
10810,Summer,41.27,2026-01-19 08:38:22
10810,Spring,38.1,2026-01-19 08:38:22
10812,Summer,50.0,2026-01-19 08:38:22
10812,Spring,50.0,2026-01-19 08:38:22
10814,Fall,44.44,2026-01-19 08:38:22
10814,Winter,41.67,2026-01-19 08:38:22
10815,Summer,31.75,2026-01-19 08:38:22
10815,Spring,31.75,2026-01-19 08:38:22
10815,Fall,23.81,2026-01-19 08:38:22
10816,Fall,37.14,2026-01-19 08:38:22
10816,Winter,34.29,2026-01-19 08:38:22
10816,Spring,20.0,2026-01-19 08:38:22
10817,Winter,35.29,2026-01-19 08:38:22
10817,Fall,35.29,2026-01-19 08:38:22
10817,Spring,29.41,2026-01-19 08:38:22
10819,Spring,34.25,2026-01-19 08:38:22
10819,Fall,24.66,2026-01-19 08:38:22
10819,Summer,23.29,2026-01-19 08:38:22
10822,Spring,35.19,2026-01-19 08:38:22
10822,Fall,27.78,2026-01-19 08:38:22
10822,Summer,24.07,2026-01-19 08:38:22
10823,Summer,44.26,2026-01-19 08:38:22
10823,Spring,37.7,2026-01-19 08:38:22
10824,Winter,33.33,2026-01-19 08:38:22
10824,Fall,33.33,2026-01-19 08:38:22
10824,Spring,22.22,2026-01-19 08:38:22
10826,Winter,44.0,2026-01-19 08:38:22
10826,Fall,44.0,2026-01-19 08:38:22
10827,Fall,37.5,2026-01-19 08:38:22
10827,Winter,35.71,2026-01-19 08:38:22
10828,Spring,32.61,2026-01-19 08:38:22
10828,Summer,30.43,2026-01-19 08:38:22
10828,Fall,26.09,2026-01-19 08:38:22
10830,Winter,28.57,2026-01-19 08:38:22
10830,Fall,28.57,2026-01-19 08:38:22
10830,Spring,28.57,2026-01-19 08:38:22
10831,Spring,37.66,2026-01-19 08:38:22
10831,Summer,35.06,2026-01-19 08:38:22
10832,Winter,44.74,2026-01-19 08:38:22
10832,Fall,42.11,2026-01-19 08:38:22
10834,Winter,37.5,2026-01-19 08:38:22
10834,Fall,37.5,2026-01-19 08:38:22
10834,Spring,25.0,2026-01-19 08:38:22
10835,Spring,41.54,2026-01-19 08:38:22
10835,Summer,38.46,2026-01-19 08:38:22
10838,Winter,25.0,2026-01-19 08:38:22
10838,Fall,25.0,2026-01-19 08:38:22
10838,Summer,25.0,2026-01-19 08:38:22
10838,Spring,25.0,2026-01-19 08:38:22
10841,Spring,43.75,2026-01-19 08:38:22
10841,Summer,31.25,2026-01-19 08:38:22
10842,Summer,50.0,2026-01-19 08:38:22
10842,Spring,50.0,2026-01-19 08:38:22
10843,Summer,42.86,2026-01-19 08:38:22
10843,Spring,38.78,2026-01-19 08:38:22
10845,Summer,43.33,2026-01-19 08:38:22
10845,Spring,36.67,2026-01-19 08:38:22
10846,Summer,36.36,2026-01-19 08:38:22
10846,Spring,36.36,2026-01-19 08:38:22
10847,Spring,41.54,2026-01-19 08:38:22
10847,Summer,32.31,2026-01-19 08:38:22
10849,Spring,34.69,2026-01-19 08:38:22
10849,Fall,26.53,2026-01-19 08:38:22
10849,Summer,26.53,2026-01-19 08:38:22
10850,Winter,40.0,2026-01-19 08:38:22
10850,Fall,40.0,2026-01-19 08:38:22
10851,Spring,37.25,2026-01-19 08:38:22
10851,Summer,27.45,2026-01-19 08:38:22
10853,Winter,31.37,2026-01-19 08:38:22
10853,Fall,31.37,2026-01-19 08:38:22
10853,Spring,21.57,2026-01-19 08:38:22
10854,Winter,40.0,2026-01-19 08:38:22
10854,Fall,40.0,2026-01-19 08:38:22
10855,Summer,29.17,2026-01-19 08:38:22
10855,Spring,29.17,2026-01-19 08:38:22
10855,Fall,25.0,2026-01-19 08:38:22
10857,Spring,42.31,2026-01-19 08:38:22
10857,Summer,38.46,2026-01-19 08:38:22
10858,Winter,27.27,2026-01-19 08:38:22
10858,Fall,27.27,2026-01-19 08:38:22
10858,Summer,22.73,2026-01-19 08:38:22
10858,Spring,22.73,2026-01-19 08:38:22
10861,Spring,33.33,2026-01-19 08:38:22
10861,Fall,27.08,2026-01-19 08:38:22
10861,Summer,25.0,2026-01-19 08:38:22
10862,Summer,33.33,2026-01-19 08:38:22
10862,Spring,33.33,2026-01-19 08:38:22
10862,Fall,25.0,2026-01-19 08:38:22
10863,Fall,36.59,2026-01-19 08:38:22
10863,Winter,29.27,2026-01-19 08:38:22
10865,Spring,36.11,2026-01-19 08:38:22
10865,Fall,30.56,2026-01-19 08:38:22
10866,Summer,55.56,2026-01-19 08:38:22
10866,Spring,44.44,2026-01-19 08:38:22
10869,Fall,30.77,2026-01-19 08:38:22
10869,Winter,25.64,2026-01-19 08:38:22
10869,Spring,25.64,2026-01-19 08:38:22
10873,Fall,36.36,2026-01-19 08:38:22
10873,Spring,36.36,2026-01-19 08:38:22
10874,Summer,46.67,2026-01-19 08:38:22
10874,Spring,36.67,2026-01-19 08:38:22
10877,Fall,33.33,2026-01-19 08:38:22
10877,Spring,33.33,2026-01-19 08:38:22
10879,Summer,42.31,2026-01-19 08:38:22
10879,Spring,34.62,2026-01-19 08:38:22
10881,Spring,42.86,2026-01-19 08:38:22
10881,Fall,28.57,2026-01-19 08:38:22
10881,Summer,28.57,2026-01-19 08:38:22
10882,Spring,35.5,2026-01-19 08:38:22
10882,Summer,27.14,2026-01-19 08:38:22
10882,Fall,22.89,2026-01-19 08:38:22
10885,Summer,35.71,2026-01-19 08:38:22
10885,Spring,35.71,2026-01-19 08:38:22
10886,Spring,34.57,2026-01-19 08:38:22
10886,Fall,27.62,2026-01-19 08:38:22
10886,Summer,25.47,2026-01-19 08:38:22
10890,Fall,29.64,2026-01-19 08:38:22
10890,Spring,29.17,2026-01-19 08:38:22
10890,Winter,23.71,2026-01-19 08:38:22
10893,Fall,33.33,2026-01-19 08:38:22
10893,Summer,26.67,2026-01-19 08:38:22
10893,Spring,26.67,2026-01-19 08:38:22
10894,Winter,33.33,2026-01-19 08:38:22
10894,Fall,33.33,2026-01-19 08:38:22
10894,Spring,33.33,2026-01-19 08:38:22
10895,Spring,29.91,2026-01-19 08:38:22
10895,Fall,28.97,2026-01-19 08:38:22
10895,Summer,24.53,2026-01-19 08:38:22
10899,Spring,40.0,2026-01-19 08:38:22
10899,Summer,34.92,2026-01-19 08:38:22
10902,Spring,41.67,2026-01-19 08:38:22
10902,Summer,38.89,2026-01-19 08:38:22
10903,Spring,42.66,2026-01-19 08:38:22
10903,Summer,38.86,2026-01-19 08:38:22
10905,Fall,26.32,2026-01-19 08:38:22
10905,Summer,26.32,2026-01-19 08:38:22
10905,Spring,26.32,2026-01-19 08:38:22
10905,Winter,21.05,2026-01-19 08:38:22
10907,Summer,40.0,2026-01-19 08:38:22
10907,Spring,40.0,2026-01-19 08:38:22
10907,Fall,20.0,2026-01-19 08:38:22
10909,Spring,50.0,2026-01-19 08:38:22
10909,Summer,44.44,2026-01-19 08:38:22
10910,Spring,60.0,2026-01-19 08:38:22
10910,Fall,40.0,2026-01-19 08:38:22
10911,Spring,33.91,2026-01-19 08:38:22
10911,Summer,30.45,2026-01-19 08:38:22
10911,Fall,24.57,2026-01-19 08:38:22
10913,Spring,37.5,2026-01-19 08:38:22
10913,Summer,31.25,2026-01-19 08:38:22
10914,Fall,31.94,2026-01-19 08:38:22
10914,Spring,26.96,2026-01-19 08:38:22
10914,Winter,26.44,2026-01-19 08:38:22
10915,Winter,30.77,2026-01-19 08:38:22
10915,Fall,30.77,2026-01-19 08:38:22
10915,Spring,23.08,2026-01-19 08:38:22
10917,Fall,35.82,2026-01-19 08:38:22
10917,Winter,32.98,2026-01-19 08:38:22
10917,Spring,21.99,2026-01-19 08:38:22
10918,Fall,33.33,2026-01-19 08:38:22
10918,Spring,33.33,2026-01-19 08:38:22
10918,Winter,25.0,2026-01-19 08:38:22
10919,Spring,33.33,2026-01-19 08:38:22
10919,Fall,26.67,2026-01-19 08:38:22
10919,Summer,23.33,2026-01-19 08:38:22
10921,Spring,33.86,2026-01-19 08:38:22
10921,Fall,29.88,2026-01-19 08:38:22
10921,Winter,20.72,2026-01-19 08:38:22
10925,Summer,45.45,2026-01-19 08:38:22
10925,Spring,45.45,2026-01-19 08:38:22
10927,Fall,34.82,2026-01-19 08:38:22
10927,Spring,26.79,2026-01-19 08:38:22
10927,Winter,22.77,2026-01-19 08:38:22
10929,Fall,35.71,2026-01-19 08:38:22
10929,Winter,28.57,2026-01-19 08:38:22
10929,Spring,28.57,2026-01-19 08:38:22
10930,Fall,33.92,2026-01-19 08:38:22
10930,Spring,28.19,2026-01-19 08:38:22
10930,Winter,22.47,2026-01-19 08:38:22
10931,Winter,37.5,2026-01-19 08:38:22
10931,Fall,37.5,2026-01-19 08:38:22
10931,Spring,25.0,2026-01-19 08:38:22
10933,Spring,50.0,2026-01-19 08:38:22
10933,Summer,37.5,2026-01-19 08:38:22
10934,Summer,47.37,2026-01-19 08:38:22
10934,Spring,42.11,2026-01-19 08:38:22
10935,Spring,40.48,2026-01-19 08:38:22
10935,Summer,36.19,2026-01-19 08:38:22
10937,Winter,37.5,2026-01-19 08:38:22
10937,Spring,37.5,2026-01-19 08:38:22
10937,Fall,25.0,2026-01-19 08:38:22
10938,Spring,31.91,2026-01-19 08:38:22
10938,Fall,25.96,2026-01-19 08:38:22
10938,Summer,24.68,2026-01-19 08:38:22
10939,Summer,33.33,2026-01-19 08:38:22
10939,Spring,33.33,2026-01-19 08:38:22
10942,Spring,34.57,2026-01-19 08:38:22
10942,Summer,32.45,2026-01-19 08:38:22
10942,Fall,22.34,2026-01-19 08:38:22
10943,Summer,40.0,2026-01-19 08:38:22
10943,Spring,40.0,2026-01-19 08:38:22
10943,Fall,20.0,2026-01-19 08:38:22
10945,Summer,50.0,2026-01-19 08:38:22
10945,Spring,50.0,2026-01-19 08:38:22
10946,Spring,41.84,2026-01-19 08:38:22
10946,Summer,38.3,2026-01-19 08:38:22
10947,Summer,30.0,2026-01-19 08:38:22
10947,Spring,30.0,2026-01-19 08:38:22
10947,Winter,20.0,2026-01-19 08:38:22
10947,Fall,20.0,2026-01-19 08:38:22
10950,Winter,30.0,2026-01-19 08:38:22
10950,Fall,30.0,2026-01-19 08:38:22
10950,Summer,20.0,2026-01-19 08:38:22
10950,Spring,20.0,2026-01-19 08:38:22
10951,Fall,30.0,2026-01-19 08:38:22
10951,Spring,30.0,2026-01-19 08:38:22
10951,Winter,20.91,2026-01-19 08:38:22
10953,Winter,28.57,2026-01-19 08:38:22
10953,Fall,28.57,2026-01-19 08:38:22
10953,Spring,28.57,2026-01-19 08:38:22
10954,Spring,35.43,2026-01-19 08:38:22
10954,Fall,25.98,2026-01-19 08:38:22
10954,Summer,23.62,2026-01-19 08:38:22
10955,Winter,50.0,2026-01-19 08:38:22
10955,Fall,50.0,2026-01-19 08:38:22
10957,Winter,28.57,2026-01-19 08:38:22
10957,Fall,28.57,2026-01-19 08:38:22
10957,Spring,28.57,2026-01-19 08:38:22
10958,Spring,39.35,2026-01-19 08:38:22
10958,Summer,37.42,2026-01-19 08:38:22
10966,Fall,35.29,2026-01-19 08:38:22
10966,Spring,29.41,2026-01-19 08:38:22
10970,Spring,32.14,2026-01-19 08:38:22
10970,Fall,28.57,2026-01-19 08:38:22
10970,Summer,25.0,2026-01-19 08:38:22
10972,Spring,66.67,2026-01-19 08:38:22
10972,Summer,33.33,2026-01-19 08:38:22
10974,Summer,40.91,2026-01-19 08:38:22
10974,Spring,36.36,2026-01-19 08:38:22
10977,Winter,33.33,2026-01-19 08:38:22
10977,Fall,33.33,2026-01-19 08:38:22
10977,Spring,33.33,2026-01-19 08:38:22
10978,Spring,46.15,2026-01-19 08:38:22
10978,Summer,34.62,2026-01-19 08:38:22
10982,Summer,53.85,2026-01-19 08:38:22
10982,Spring,38.46,2026-01-19 08:38:22
10987,Spring,45.45,2026-01-19 08:38:22
10987,Summer,39.39,2026-01-19 08:38:22
10991,Fall,29.73,2026-01-19 08:38:22
10991,Spring,29.73,2026-01-19 08:38:22
10991,Summer,21.62,2026-01-19 08:38:22
10993,Fall,37.5,2026-01-19 08:38:22
10993,Spring,37.5,2026-01-19 08:38:22
10995,Winter,36.36,2026-01-19 08:38:22
10995,Fall,27.27,2026-01-19 08:38:22
10999,Spring,47.62,2026-01-19 08:38:22
10999,Fall,28.57,2026-01-19 08:38:22
11000,Winter,100.0,2026-01-19 08:38:22
11003,Summer,43.75,2026-01-19 08:38:22
11003,Spring,37.5,2026-01-19 08:38:22
11007,Summer,40.91,2026-01-19 08:38:22
11007,Spring,40.91,2026-01-19 08:38:22
11011,Summer,38.46,2026-01-19 08:38:22
11011,Spring,34.62,2026-01-19 08:38:22
11013,Fall,33.33,2026-01-19 08:38:22
11013,Summer,33.33,2026-01-19 08:38:22
11013,Spring,33.33,2026-01-19 08:38:22
11016,Fall,26.67,2026-01-19 08:38:22
11016,Spring,26.67,2026-01-19 08:38:22
11016,Winter,23.33,2026-01-19 08:38:22
11016,Summer,23.33,2026-01-19 08:38:22
11020,Spring,38.46,2026-01-19 08:38:22
11020,Fall,23.08,2026-01-19 08:38:22
11020,Summer,23.08,2026-01-19 08:38:22
11028,Fall,38.46,2026-01-19 08:38:22
11028,Spring,38.46,2026-01-19 08:38:22
11028,Summer,23.08,2026-01-19 08:38:22
11032,Winter,28.57,2026-01-19 08:38:22
11032,Fall,28.57,2026-01-19 08:38:22
11032,Spring,28.57,2026-01-19 08:38:22
11036,Summer,66.67,2026-01-19 08:38:22
11036,Spring,33.33,2026-01-19 08:38:22
11039,Summer,57.14,2026-01-19 08:38:22
11039,Spring,42.86,2026-01-19 08:38:22
11045,Fall,33.33,2026-01-19 08:38:22
11045,Winter,22.22,2026-01-19 08:38:22
11045,Summer,22.22,2026-01-19 08:38:22
11045,Spring,22.22,2026-01-19 08:38:22
11048,Summer,50.0,2026-01-19 08:38:22
11048,Spring,30.0,2026-01-19 08:38:22
11060,Summer,55.56,2026-01-19 08:38:22
11060,Spring,44.44,2026-01-19 08:38:22
11079,Summer,40.0,2026-01-19 08:38:22
11079,Spring,40.0,2026-01-19 08:38:22
11079,Fall,20.0,2026-01-19 08:38:22
11084,Winter,33.33,2026-01-19 08:38:22
11084,Fall,33.33,2026-01-19 08:38:22
11084,Spring,33.33,2026-01-19 08:38:22
11087,Fall,28.57,2026-01-19 08:38:22
11087,Summer,28.57,2026-01-19 08:38:22
11087,Spring,28.57,2026-01-19 08:38:22
11103,Summer,50.0,2026-01-19 08:38:22
11103,Spring,50.0,2026-01-19 08:38:22
11106,Summer,34.83,2026-01-19 08:38:22
11106,Spring,34.83,2026-01-19 08:38:22
11108,Winter,50.0,2026-01-19 08:38:22
11108,Fall,50.0,2026-01-19 08:38:22
11110,Fall,35.59,2026-01-19 08:38:22
11110,Winter,33.9,2026-01-19 08:38:22
11110,Spring,22.03,2026-01-19 08:38:22
11122,Spring,31.82,2026-01-19 08:38:22
11122,Fall,27.27,2026-01-19 08:38:22
11122,Winter,22.73,2026-01-19 08:38:22
11125,Spring,37.35,2026-01-19 08:38:22
11125,Summer,30.12,2026-01-19 08:38:22
11125,Fall,21.69,2026-01-19 08:38:22
11126,Summer,66.67,2026-01-19 08:38:22
11126,Spring,26.67,2026-01-19 08:38:22
11128,Summer,50.0,2026-01-19 08:38:22
11128,Spring,50.0,2026-01-19 08:38:22
11129,Spring,34.75,2026-01-19 08:38:22
11129,Fall,31.21,2026-01-19 08:38:22
11133,Fall,33.33,2026-01-19 08:38:22
11133,Winter,28.76,2026-01-19 08:38:22
11133,Spring,21.57,2026-01-19 08:38:22
11137,Spring,36.96,2026-01-19 08:38:22
11137,Summer,28.99,2026-01-19 08:38:22
11137,Fall,21.74,2026-01-19 08:38:22
11138,Winter,42.11,2026-01-19 08:38:22
11138,Fall,42.11,2026-01-19 08:38:22
11145,Spring,40.5,2026-01-19 08:38:22
11145,Summer,34.71,2026-01-19 08:38:22
11149,Fall,29.91,2026-01-19 08:38:22
11149,Spring,26.5,2026-01-19 08:38:22
11149,Winter,23.08,2026-01-19 08:38:22
11149,Summer,20.51,2026-01-19 08:38:22
11150,Fall,33.33,2026-01-19 08:38:22
11150,Spring,30.3,2026-01-19 08:38:22
11150,Winter,24.24,2026-01-19 08:38:22
11153,Spring,32.53,2026-01-19 08:38:22
11153,Summer,31.33,2026-01-19 08:38:22
11153,Fall,24.1,2026-01-19 08:38:22
11154,Summer,44.44,2026-01-19 08:38:22
11154,Spring,33.33,2026-01-19 08:38:22
11157,Spring,35.64,2026-01-19 08:38:22
11157,Summer,29.7,2026-01-19 08:38:22
11162,Fall,41.67,2026-01-19 08:38:22
11162,Winter,33.33,2026-01-19 08:38:22
11165,Spring,45.68,2026-01-19 08:38:22
11165,Summer,41.98,2026-01-19 08:38:22
11166,Summer,61.54,2026-01-19 08:38:22
11166,Spring,38.46,2026-01-19 08:38:22
11169,Spring,38.53,2026-01-19 08:38:22
11169,Summer,34.86,2026-01-19 08:38:22
11170,Summer,33.33,2026-01-19 08:38:22
11170,Spring,33.33,2026-01-19 08:38:22
11170,Fall,22.22,2026-01-19 08:38:22
11173,Spring,40.91,2026-01-19 08:38:22
11173,Summer,34.09,2026-01-19 08:38:22
11177,Spring,34.78,2026-01-19 08:38:22
11177,Fall,28.26,2026-01-19 08:38:22
11177,Summer,23.91,2026-01-19 08:38:22
11178,Summer,40.0,2026-01-19 08:38:22
11178,Spring,40.0,2026-01-19 08:38:22
11178,Fall,20.0,2026-01-19 08:38:22
11181,Spring,40.23,2026-01-19 08:38:22
11181,Summer,34.48,2026-01-19 08:38:22
11185,Spring,38.75,2026-01-19 08:38:22
11185,Summer,32.5,2026-01-19 08:38:22
11186,Fall,28.57,2026-01-19 08:38:22
11186,Summer,28.57,2026-01-19 08:38:22
11186,Spring,28.57,2026-01-19 08:38:22
11190,Spring,31.82,2026-01-19 08:38:22
11190,Summer,27.27,2026-01-19 08:38:22
11190,Fall,22.73,2026-01-19 08:38:22
11193,Winter,60.0,2026-01-19 08:38:22
11193,Fall,40.0,2026-01-19 08:38:22
11194,Summer,42.31,2026-01-19 08:38:22
11194,Spring,42.31,2026-01-19 08:38:22
11197,Summer,33.33,2026-01-19 08:38:22
11197,Spring,33.33,2026-01-19 08:38:22
11197,Fall,25.0,2026-01-19 08:38:22
11198,Spring,36.36,2026-01-19 08:38:22
11198,Summer,31.82,2026-01-19 08:38:22
11198,Fall,21.21,2026-01-19 08:38:22
11202,Spring,38.46,2026-01-19 08:38:22
11202,Summer,36.54,2026-01-19 08:38:22
11205,Spring,42.86,2026-01-19 08:38:22
11205,Summer,28.57,2026-01-19 08:38:22
11206,Winter,25.0,2026-01-19 08:38:22
11206,Fall,25.0,2026-01-19 08:38:22
11206,Summer,25.0,2026-01-19 08:38:22
11206,Spring,25.0,2026-01-19 08:38:22
11209,Winter,40.0,2026-01-19 08:38:22
11209,Fall,40.0,2026-01-19 08:38:22
11209,Spring,20.0,2026-01-19 08:38:22
11217,Winter,50.0,2026-01-19 08:38:22
11217,Fall,50.0,2026-01-19 08:38:22
11221,Summer,42.86,2026-01-19 08:38:22
11221,Spring,42.86,2026-01-19 08:38:22
11231,Summer,42.86,2026-01-19 08:38:22
11231,Spring,42.86,2026-01-19 08:38:22
11243,Summer,37.5,2026-01-19 08:38:22
11243,Fall,25.0,2026-01-19 08:38:22
11243,Spring,25.0,2026-01-19 08:38:22
11247,Winter,25.0,2026-01-19 08:38:22
11247,Fall,25.0,2026-01-19 08:38:22
11247,Summer,25.0,2026-01-19 08:38:22
11247,Spring,25.0,2026-01-19 08:38:22
11252,Summer,37.5,2026-01-19 08:38:22
11252,Spring,37.5,2026-01-19 08:38:22
11252,Fall,25.0,2026-01-19 08:38:22
11263,Winter,50.0,2026-01-19 08:38:22
11263,Fall,33.33,2026-01-19 08:38:22
11267,Summer,40.0,2026-01-19 08:38:22
11267,Spring,30.0,2026-01-19 08:38:22
11267,Fall,20.0,2026-01-19 08:38:22
11272,Winter,66.67,2026-01-19 08:38:22
11272,Fall,33.33,2026-01-19 08:38:22
11280,Summer,66.67,2026-01-19 08:38:22
11280,Spring,33.33,2026-01-19 08:38:22
11286,Fall,66.67,2026-01-19 08:38:22
11286,Spring,33.33,2026-01-19 08:38:22
11287,Spring,32.5,2026-01-19 08:38:22
11287,Summer,31.25,2026-01-19 08:38:22
11287,Fall,21.25,2026-01-19 08:38:22
11288,Fall,29.58,2026-01-19 08:38:22
11288,Spring,27.22,2026-01-19 08:38:22
11288,Winter,24.9,2026-01-19 08:38:22
11290,Fall,66.67,2026-01-19 08:38:22
11290,Winter,33.33,2026-01-19 08:38:22
11291,Fall,42.5,2026-01-19 08:38:22
11291,Winter,32.5,2026-01-19 08:38:22
11292,Fall,33.95,2026-01-19 08:38:22
11292,Winter,32.31,2026-01-19 08:38:22
11292,Spring,23.56,2026-01-19 08:38:22
11294,Fall,31.94,2026-01-19 08:38:22
11294,Spring,26.39,2026-01-19 08:38:22
11294,Winter,22.22,2026-01-19 08:38:22
11296,Winter,43.81,2026-01-19 08:38:22
11296,Fall,40.51,2026-01-19 08:38:22
11299,Fall,31.67,2026-01-19 08:38:22
11299,Spring,31.67,2026-01-19 08:38:22
11299,Summer,20.0,2026-01-19 08:38:22
11300,Summer,38.16,2026-01-19 08:38:22
11300,Spring,33.79,2026-01-19 08:38:22
11303,Spring,42.37,2026-01-19 08:38:22
11303,Summer,37.29,2026-01-19 08:38:22
11303,Fall,20.34,2026-01-19 08:38:22
11304,Summer,44.69,2026-01-19 08:38:22
11304,Spring,39.23,2026-01-19 08:38:22
11306,Winter,30.0,2026-01-19 08:38:22
11306,Fall,30.0,2026-01-19 08:38:22
11306,Summer,20.0,2026-01-19 08:38:22
11306,Spring,20.0,2026-01-19 08:38:22
11307,Fall,37.21,2026-01-19 08:38:22
11307,Winter,32.56,2026-01-19 08:38:22
11307,Spring,20.93,2026-01-19 08:38:22
11308,Summer,36.2,2026-01-19 08:38:22
11308,Spring,34.74,2026-01-19 08:38:22
11310,Summer,40.34,2026-01-19 08:38:22
11310,Spring,40.34,2026-01-19 08:38:22
11311,Spring,36.54,2026-01-19 08:38:22
11311,Summer,32.69,2026-01-19 08:38:22
11311,Fall,23.08,2026-01-19 08:38:22
11312,Fall,35.24,2026-01-19 08:38:22
11312,Winter,31.4,2026-01-19 08:38:22
11312,Spring,22.74,2026-01-19 08:38:22
11314,Spring,31.93,2026-01-19 08:38:22
11314,Summer,29.41,2026-01-19 08:38:22
11314,Fall,22.69,2026-01-19 08:38:22
11315,Spring,32.08,2026-01-19 08:38:22
11315,Fall,26.42,2026-01-19 08:38:22
11315,Summer,26.42,2026-01-19 08:38:22
11316,Winter,38.21,2026-01-19 08:38:22
11316,Fall,37.54,2026-01-19 08:38:22
11320,Fall,37.97,2026-01-19 08:38:22
11320,Winter,34.37,2026-01-19 08:38:22
11320,Spring,20.13,2026-01-19 08:38:22
11322,Summer,40.28,2026-01-19 08:38:22
11322,Spring,37.5,2026-01-19 08:38:22
11323,Spring,40.0,2026-01-19 08:38:22
11323,Summer,38.18,2026-01-19 08:38:22
11324,Fall,32.12,2026-01-19 08:38:22
11324,Winter,29.24,2026-01-19 08:38:22
11324,Spring,23.93,2026-01-19 08:38:22
11326,Spring,35.25,2026-01-19 08:38:22
11326,Summer,28.69,2026-01-19 08:38:22
11326,Fall,23.77,2026-01-19 08:38:22
11327,Spring,40.43,2026-01-19 08:38:22
11327,Summer,36.17,2026-01-19 08:38:22
11328,Fall,39.07,2026-01-19 08:38:22
11328,Winter,38.35,2026-01-19 08:38:22
11330,Spring,31.25,2026-01-19 08:38:22
11330,Fall,27.68,2026-01-19 08:38:22
11330,Summer,25.0,2026-01-19 08:38:22
11331,Spring,34.04,2026-01-19 08:38:22
11331,Fall,27.66,2026-01-19 08:38:22
11331,Summer,25.53,2026-01-19 08:38:22
11332,Fall,35.84,2026-01-19 08:38:22
11332,Winter,34.25,2026-01-19 08:38:22
11332,Spring,20.81,2026-01-19 08:38:22
11335,Spring,41.86,2026-01-19 08:38:22
11335,Summer,32.56,2026-01-19 08:38:22
11336,Winter,36.31,2026-01-19 08:38:22
11336,Fall,35.73,2026-01-19 08:38:22
11338,Summer,50.0,2026-01-19 08:38:22
11338,Spring,50.0,2026-01-19 08:38:22
11339,Fall,38.0,2026-01-19 08:38:22
11339,Winter,34.0,2026-01-19 08:38:22
11340,Fall,36.6,2026-01-19 08:38:22
11340,Winter,33.97,2026-01-19 08:38:22
11340,Spring,22.49,2026-01-19 08:38:22
11342,Fall,32.26,2026-01-19 08:38:22
11342,Spring,25.81,2026-01-19 08:38:22
11342,Summer,22.58,2026-01-19 08:38:22
11343,Spring,38.46,2026-01-19 08:38:22
11343,Summer,32.31,2026-01-19 08:38:22
11343,Fall,20.0,2026-01-19 08:38:22
11344,Fall,34.48,2026-01-19 08:38:22
11344,Winter,31.47,2026-01-19 08:38:22
11344,Spring,25.0,2026-01-19 08:38:22
11346,Spring,34.21,2026-01-19 08:38:22
11346,Summer,31.58,2026-01-19 08:38:22
11346,Fall,26.32,2026-01-19 08:38:22
11347,Summer,34.15,2026-01-19 08:38:22
11347,Spring,29.27,2026-01-19 08:38:22
11347,Fall,25.61,2026-01-19 08:38:22
11348,Winter,37.76,2026-01-19 08:38:22
11348,Fall,37.41,2026-01-19 08:38:22
11351,Spring,33.67,2026-01-19 08:38:22
11351,Fall,30.61,2026-01-19 08:38:22
11351,Summer,20.41,2026-01-19 08:38:22
11352,Spring,30.12,2026-01-19 08:38:22
11352,Summer,26.91,2026-01-19 08:38:22
11352,Fall,24.69,2026-01-19 08:38:22
11354,Spring,44.44,2026-01-19 08:38:22
11354,Fall,22.22,2026-01-19 08:38:22
11354,Summer,22.22,2026-01-19 08:38:22
11355,Fall,45.0,2026-01-19 08:38:22
11355,Winter,32.5,2026-01-19 08:38:22
11356,Spring,34.31,2026-01-19 08:38:22
11356,Summer,26.41,2026-01-19 08:38:22
11356,Fall,22.57,2026-01-19 08:38:22
11358,Summer,43.33,2026-01-19 08:38:22
11358,Spring,40.0,2026-01-19 08:38:22
11359,Spring,32.71,2026-01-19 08:38:22
11359,Summer,28.97,2026-01-19 08:38:22
11359,Fall,25.23,2026-01-19 08:38:22
11360,Summer,46.06,2026-01-19 08:38:22
11360,Spring,41.34,2026-01-19 08:38:22
11362,Winter,31.25,2026-01-19 08:38:22
11362,Fall,31.25,2026-01-19 08:38:22
11362,Spring,21.88,2026-01-19 08:38:22
11363,Fall,32.94,2026-01-19 08:38:22
11363,Spring,28.24,2026-01-19 08:38:22
11363,Winter,24.71,2026-01-19 08:38:22
11364,Fall,37.91,2026-01-19 08:38:22
11364,Winter,34.31,2026-01-19 08:38:22
11364,Spring,21.24,2026-01-19 08:38:22
11367,Fall,33.33,2026-01-19 08:38:22
11367,Winter,28.89,2026-01-19 08:38:22
11367,Spring,25.56,2026-01-19 08:38:22
11368,Fall,41.33,2026-01-19 08:38:22
11368,Winter,36.33,2026-01-19 08:38:22
11371,Summer,37.5,2026-01-19 08:38:22
11371,Spring,35.42,2026-01-19 08:38:22
11371,Fall,20.83,2026-01-19 08:38:22
11372,Fall,38.12,2026-01-19 08:38:22
11372,Winter,32.81,2026-01-19 08:38:22
11372,Spring,20.0,2026-01-19 08:38:22
11375,Fall,41.54,2026-01-19 08:38:22
11375,Winter,38.46,2026-01-19 08:38:22
11376,Fall,35.08,2026-01-19 08:38:22
11376,Winter,31.94,2026-01-19 08:38:22
11376,Spring,21.99,2026-01-19 08:38:22
11379,Fall,28.57,2026-01-19 08:38:22
11379,Winter,27.55,2026-01-19 08:38:22
11379,Spring,27.55,2026-01-19 08:38:22
11383,Spring,44.78,2026-01-19 08:38:22
11383,Summer,34.33,2026-01-19 08:38:22
11384,Summer,42.65,2026-01-19 08:38:22
11384,Spring,38.97,2026-01-19 08:38:22
11387,Summer,43.75,2026-01-19 08:38:22
11387,Spring,40.62,2026-01-19 08:38:22
11388,Summer,39.66,2026-01-19 08:38:22
11388,Spring,39.66,2026-01-19 08:38:22
11391,Summer,32.14,2026-01-19 08:38:22
11391,Spring,32.14,2026-01-19 08:38:22
11391,Fall,21.43,2026-01-19 08:38:22
11392,Fall,39.66,2026-01-19 08:38:22
11392,Winter,38.36,2026-01-19 08:38:22
11394,Fall,28.12,2026-01-19 08:38:22
11394,Spring,28.12,2026-01-19 08:38:22
11394,Winter,25.0,2026-01-19 08:38:22
11395,Winter,40.32,2026-01-19 08:38:22
11395,Fall,37.1,2026-01-19 08:38:22
11398,Fall,35.29,2026-01-19 08:38:22
11398,Winter,23.53,2026-01-19 08:38:22
11398,Spring,23.53,2026-01-19 08:38:22
11399,Spring,42.5,2026-01-19 08:38:22
11399,Summer,36.25,2026-01-19 08:38:22
11400,Spring,32.06,2026-01-19 08:38:22
11400,Fall,28.24,2026-01-19 08:38:22
11400,Summer,21.37,2026-01-19 08:38:22
11404,Fall,28.3,2026-01-19 08:38:22
11404,Spring,27.83,2026-01-19 08:38:22
11404,Winter,22.64,2026-01-19 08:38:22
11404,Summer,21.23,2026-01-19 08:38:22
11407,Spring,34.78,2026-01-19 08:38:22
11407,Summer,30.43,2026-01-19 08:38:22
11407,Fall,26.09,2026-01-19 08:38:22
11408,Spring,42.31,2026-01-19 08:38:22
11408,Summer,40.66,2026-01-19 08:38:22
11410,Spring,50.0,2026-01-19 08:38:22
11410,Summer,30.0,2026-01-19 08:38:22
11410,Fall,20.0,2026-01-19 08:38:22
11411,Spring,31.25,2026-01-19 08:38:22
11411,Fall,28.12,2026-01-19 08:38:22
11411,Summer,25.0,2026-01-19 08:38:22
11414,Spring,46.15,2026-01-19 08:38:22
11414,Winter,23.08,2026-01-19 08:38:22
11414,Fall,23.08,2026-01-19 08:38:22
11415,Fall,36.51,2026-01-19 08:38:22
11415,Spring,31.75,2026-01-19 08:38:22
11415,Winter,22.22,2026-01-19 08:38:22
11417,Spring,31.4,2026-01-19 08:38:22
11417,Fall,29.07,2026-01-19 08:38:22
11417,Summer,24.42,2026-01-19 08:38:22
11418,Summer,33.33,2026-01-19 08:38:22
11418,Spring,33.33,2026-01-19 08:38:22
11419,Fall,30.11,2026-01-19 08:38:22
11419,Spring,26.88,2026-01-19 08:38:22
11419,Winter,25.81,2026-01-19 08:38:22
11421,Fall,35.9,2026-01-19 08:38:22
11421,Winter,30.13,2026-01-19 08:38:22
11421,Spring,25.0,2026-01-19 08:38:22
11422,Winter,26.67,2026-01-19 08:38:22
11422,Fall,26.67,2026-01-19 08:38:22
11422,Spring,26.67,2026-01-19 08:38:22
11422,Summer,20.0,2026-01-19 08:38:22
11423,Fall,34.62,2026-01-19 08:38:22
11423,Winter,28.85,2026-01-19 08:38:22
11423,Spring,25.0,2026-01-19 08:38:22
11425,Fall,33.57,2026-01-19 08:38:22
11425,Winter,30.71,2026-01-19 08:38:22
11425,Spring,24.29,2026-01-19 08:38:22
11428,Summer,36.96,2026-01-19 08:38:22
11428,Spring,34.78,2026-01-19 08:38:22
11428,Fall,23.91,2026-01-19 08:38:22
11429,Fall,28.0,2026-01-19 08:38:22
11429,Spring,27.2,2026-01-19 08:38:22
11429,Winter,23.2,2026-01-19 08:38:22
11429,Summer,21.6,2026-01-19 08:38:22
11432,Summer,46.67,2026-01-19 08:38:22
11432,Spring,40.0,2026-01-19 08:38:22
11433,Fall,32.08,2026-01-19 08:38:22
11433,Winter,27.67,2026-01-19 08:38:22
11433,Spring,25.79,2026-01-19 08:38:22
11436,Spring,39.22,2026-01-19 08:38:22
11436,Summer,29.41,2026-01-19 08:38:22
11437,Fall,32.79,2026-01-19 08:38:22
11437,Winter,31.15,2026-01-19 08:38:22
11437,Spring,24.59,2026-01-19 08:38:22
11440,Spring,41.38,2026-01-19 08:38:22
11440,Summer,37.93,2026-01-19 08:38:22
11441,Spring,39.42,2026-01-19 08:38:22
11441,Summer,36.54,2026-01-19 08:38:22
11445,Fall,30.0,2026-01-19 08:38:22
11445,Winter,26.0,2026-01-19 08:38:22
11445,Spring,25.0,2026-01-19 08:38:22
11448,Spring,30.77,2026-01-19 08:38:22
11448,Fall,28.85,2026-01-19 08:38:22
11448,Winter,21.15,2026-01-19 08:38:22
11449,Fall,35.16,2026-01-19 08:38:22
11449,Winter,28.57,2026-01-19 08:38:22
11449,Spring,21.98,2026-01-19 08:38:22
11451,Spring,43.18,2026-01-19 08:38:22
11451,Summer,38.64,2026-01-19 08:38:22
11453,Fall,34.15,2026-01-19 08:38:22
11453,Spring,28.05,2026-01-19 08:38:22
11453,Winter,26.83,2026-01-19 08:38:22
11454,Spring,36.48,2026-01-19 08:38:22
11454,Summer,34.17,2026-01-19 08:38:22
11454,Fall,20.01,2026-01-19 08:38:22
11455,Spring,42.55,2026-01-19 08:38:22
11455,Summer,40.43,2026-01-19 08:38:22
11457,Spring,31.19,2026-01-19 08:38:22
11457,Fall,28.44,2026-01-19 08:38:22
11457,Summer,22.02,2026-01-19 08:38:22
11458,Spring,32.33,2026-01-19 08:38:22
11458,Summer,27.34,2026-01-19 08:38:22
11458,Fall,26.74,2026-01-19 08:38:22
11459,Fall,29.41,2026-01-19 08:38:22
11459,Summer,29.41,2026-01-19 08:38:22
11459,Spring,29.41,2026-01-19 08:38:22
11461,Spring,36.54,2026-01-19 08:38:22
11461,Fall,26.92,2026-01-19 08:38:22
11461,Summer,26.92,2026-01-19 08:38:22
11462,Spring,33.33,2026-01-19 08:38:22
11462,Fall,26.67,2026-01-19 08:38:22
11462,Winter,20.0,2026-01-19 08:38:22
11462,Summer,20.0,2026-01-19 08:38:22
11464,Spring,37.88,2026-01-19 08:38:22
11464,Summer,32.53,2026-01-19 08:38:22
11465,Fall,39.18,2026-01-19 08:38:22
11465,Winter,28.87,2026-01-19 08:38:22
11465,Spring,22.68,2026-01-19 08:38:22
11467,Spring,45.0,2026-01-19 08:38:22
11467,Summer,32.5,2026-01-19 08:38:22
11468,Spring,35.58,2026-01-19 08:38:22
11468,Summer,32.5,2026-01-19 08:38:22
11469,Spring,32.67,2026-01-19 08:38:22
11469,Fall,30.69,2026-01-19 08:38:22
11469,Winter,21.78,2026-01-19 08:38:22
11471,Spring,35.56,2026-01-19 08:38:22
11471,Summer,31.11,2026-01-19 08:38:22
11471,Fall,22.22,2026-01-19 08:38:22
11472,Fall,35.64,2026-01-19 08:38:22
11472,Winter,30.19,2026-01-19 08:38:22
11472,Spring,23.48,2026-01-19 08:38:22
11473,Spring,37.31,2026-01-19 08:38:22
11473,Summer,26.87,2026-01-19 08:38:22
11473,Fall,22.39,2026-01-19 08:38:22
11475,Spring,31.91,2026-01-19 08:38:22
11475,Fall,29.79,2026-01-19 08:38:22
11475,Winter,21.28,2026-01-19 08:38:22
11476,Fall,33.72,2026-01-19 08:38:22
11476,Spring,28.13,2026-01-19 08:38:22
11476,Winter,24.86,2026-01-19 08:38:22
11479,Spring,37.5,2026-01-19 08:38:22
11479,Summer,31.25,2026-01-19 08:38:22
11479,Fall,25.0,2026-01-19 08:38:22
11480,Spring,47.01,2026-01-19 08:38:22
11480,Summer,35.84,2026-01-19 08:38:22
11481,Fall,30.86,2026-01-19 08:38:22
11481,Spring,30.86,2026-01-19 08:38:22
11481,Winter,24.69,2026-01-19 08:38:22
11483,Spring,38.1,2026-01-19 08:38:22
11483,Summer,33.33,2026-01-19 08:38:22
11484,Spring,31.77,2026-01-19 08:38:22
11484,Fall,27.1,2026-01-19 08:38:22
11484,Summer,26.12,2026-01-19 08:38:22
11485,Spring,28.75,2026-01-19 08:38:22
11485,Fall,27.5,2026-01-19 08:38:22
11485,Winter,22.5,2026-01-19 08:38:22
11485,Summer,21.25,2026-01-19 08:38:22
11488,Spring,33.92,2026-01-19 08:38:22
11488,Summer,30.9,2026-01-19 08:38:22
11488,Fall,22.36,2026-01-19 08:38:22
11489,Spring,43.59,2026-01-19 08:38:22
11489,Summer,38.46,2026-01-19 08:38:22
11491,Summer,34.88,2026-01-19 08:38:22
11491,Spring,34.88,2026-01-19 08:38:22
11492,Fall,39.47,2026-01-19 08:38:22
11492,Winter,36.26,2026-01-19 08:38:22
11493,Spring,35.29,2026-01-19 08:38:22
11493,Summer,31.37,2026-01-19 08:38:22
11496,Fall,34.34,2026-01-19 08:38:22
11496,Winter,27.11,2026-01-19 08:38:22
11496,Spring,24.7,2026-01-19 08:38:22
11497,Spring,40.0,2026-01-19 08:38:22
11497,Summer,37.5,2026-01-19 08:38:22
11499,Fall,47.62,2026-01-19 08:38:22
11499,Winter,38.1,2026-01-19 08:38:22
11500,Spring,31.9,2026-01-19 08:38:22
11500,Fall,30.11,2026-01-19 08:38:22
11500,Summer,22.94,2026-01-19 08:38:22
11501,Summer,44.44,2026-01-19 08:38:22
11501,Spring,37.78,2026-01-19 08:38:22
11503,Fall,39.29,2026-01-19 08:38:22
11503,Winter,35.71,2026-01-19 08:38:22
11503,Spring,25.0,2026-01-19 08:38:22
11504,Summer,46.99,2026-01-19 08:38:22
11504,Spring,40.6,2026-01-19 08:38:22
11507,Winter,38.1,2026-01-19 08:38:22
11507,Fall,38.1,2026-01-19 08:38:22
11508,Fall,33.99,2026-01-19 08:38:22
11508,Spring,29.74,2026-01-19 08:38:22
11508,Winter,26.14,2026-01-19 08:38:22
11510,Summer,35.0,2026-01-19 08:38:22
11510,Spring,35.0,2026-01-19 08:38:22
11510,Fall,20.0,2026-01-19 08:38:22
11512,Fall,34.83,2026-01-19 08:38:22
11512,Winter,26.97,2026-01-19 08:38:22
11512,Spring,25.56,2026-01-19 08:38:22
11513,Summer,42.31,2026-01-19 08:38:22
11513,Spring,38.46,2026-01-19 08:38:22
11515,Spring,36.11,2026-01-19 08:38:22
11515,Summer,33.33,2026-01-19 08:38:22
11516,Fall,34.11,2026-01-19 08:38:22
11516,Spring,27.91,2026-01-19 08:38:22
11516,Summer,20.16,2026-01-19 08:38:22
11517,Spring,34.88,2026-01-19 08:38:22
11517,Fall,32.56,2026-01-19 08:38:22
11517,Winter,20.93,2026-01-19 08:38:22
11518,Spring,33.33,2026-01-19 08:38:22
11518,Fall,25.0,2026-01-19 08:38:22
11518,Summer,25.0,2026-01-19 08:38:22
11520,Fall,32.01,2026-01-19 08:38:22
11520,Spring,29.7,2026-01-19 08:38:22
11520,Winter,21.12,2026-01-19 08:38:22
11521,Spring,37.78,2026-01-19 08:38:22
11521,Summer,28.89,2026-01-19 08:38:22
11521,Fall,22.22,2026-01-19 08:38:22
11523,Spring,41.67,2026-01-19 08:38:22
11523,Summer,33.33,2026-01-19 08:38:22
11523,Fall,25.0,2026-01-19 08:38:22
11524,Spring,33.61,2026-01-19 08:38:22
11524,Fall,28.15,2026-01-19 08:38:22
11524,Summer,23.95,2026-01-19 08:38:22
11525,Winter,30.0,2026-01-19 08:38:22
11525,Fall,30.0,2026-01-19 08:38:22
11525,Spring,22.5,2026-01-19 08:38:22
11527,Summer,44.44,2026-01-19 08:38:22
11527,Spring,40.74,2026-01-19 08:38:22
11528,Spring,45.99,2026-01-19 08:38:22
11528,Summer,38.33,2026-01-19 08:38:22
11529,Spring,41.67,2026-01-19 08:38:22
11529,Summer,37.5,2026-01-19 08:38:22
11531,Summer,43.33,2026-01-19 08:38:22
11531,Spring,43.33,2026-01-19 08:38:22
11532,Fall,37.76,2026-01-19 08:38:22
11532,Winter,33.92,2026-01-19 08:38:22
11532,Spring,21.68,2026-01-19 08:38:22
11533,Summer,50.0,2026-01-19 08:38:22
11533,Spring,41.67,2026-01-19 08:38:22
11535,Fall,41.18,2026-01-19 08:38:22
11535,Winter,35.29,2026-01-19 08:38:22
11535,Spring,23.53,2026-01-19 08:38:22
11536,Fall,44.07,2026-01-19 08:38:22
11536,Winter,42.37,2026-01-19 08:38:22
11537,Summer,45.45,2026-01-19 08:38:22
11537,Spring,40.91,2026-01-19 08:38:22
11539,Winter,30.77,2026-01-19 08:38:22
11539,Fall,30.77,2026-01-19 08:38:22
11539,Spring,23.08,2026-01-19 08:38:22
11540,Fall,36.02,2026-01-19 08:38:22
11540,Winter,25.67,2026-01-19 08:38:22
11540,Spring,23.37,2026-01-19 08:38:22
11541,Summer,52.38,2026-01-19 08:38:22
11541,Spring,38.1,2026-01-19 08:38:22
11543,Fall,34.62,2026-01-19 08:38:22
11543,Spring,26.92,2026-01-19 08:38:22
11543,Winter,23.08,2026-01-19 08:38:22
11544,Fall,38.31,2026-01-19 08:38:22
11544,Winter,30.27,2026-01-19 08:38:22
11544,Spring,21.07,2026-01-19 08:38:22
11545,Spring,39.13,2026-01-19 08:38:22
11545,Summer,34.78,2026-01-19 08:38:22
11548,Winter,41.95,2026-01-19 08:38:22
11548,Fall,40.8,2026-01-19 08:38:22
11549,Fall,34.48,2026-01-19 08:38:22
11549,Winter,27.59,2026-01-19 08:38:22
11549,Spring,24.14,2026-01-19 08:38:22
11552,Spring,41.08,2026-01-19 08:38:22
11552,Summer,36.22,2026-01-19 08:38:22
11553,Summer,43.33,2026-01-19 08:38:22
11553,Spring,40.0,2026-01-19 08:38:22
11555,Fall,38.89,2026-01-19 08:38:22
11555,Spring,38.89,2026-01-19 08:38:22
11555,Winter,22.22,2026-01-19 08:38:22
11556,Fall,29.72,2026-01-19 08:38:22
11556,Spring,29.72,2026-01-19 08:38:22
11556,Summer,22.89,2026-01-19 08:38:22
11557,Spring,32.0,2026-01-19 08:38:22
11557,Fall,24.0,2026-01-19 08:38:22
11557,Summer,24.0,2026-01-19 08:38:22
11557,Winter,20.0,2026-01-19 08:38:22
11559,Spring,35.0,2026-01-19 08:38:22
11559,Summer,32.5,2026-01-19 08:38:22
11559,Fall,22.5,2026-01-19 08:38:22
11560,Summer,36.61,2026-01-19 08:38:22
11560,Spring,34.82,2026-01-19 08:38:22
11560,Fall,20.09,2026-01-19 08:38:22
11563,Spring,44.83,2026-01-19 08:38:22
11563,Summer,34.48,2026-01-19 08:38:22
11564,Fall,41.45,2026-01-19 08:38:22
11564,Winter,33.16,2026-01-19 08:38:22
11567,Spring,45.45,2026-01-19 08:38:22
11567,Summer,27.27,2026-01-19 08:38:22
11568,Fall,38.46,2026-01-19 08:38:22
11568,Winter,34.87,2026-01-19 08:38:22
11571,Fall,37.5,2026-01-19 08:38:22
11571,Winter,34.38,2026-01-19 08:38:22
11571,Spring,21.88,2026-01-19 08:38:22
11572,Spring,33.33,2026-01-19 08:38:22
11572,Summer,29.08,2026-01-19 08:38:22
11572,Fall,25.53,2026-01-19 08:38:22
11575,Winter,50.0,2026-01-19 08:38:22
11575,Fall,41.67,2026-01-19 08:38:22
11576,Spring,30.67,2026-01-19 08:38:22
11576,Fall,30.0,2026-01-19 08:38:22
11576,Winter,20.67,2026-01-19 08:38:22
11579,Fall,38.1,2026-01-19 08:38:22
11579,Winter,28.57,2026-01-19 08:38:22
11579,Spring,28.57,2026-01-19 08:38:22
11583,Summer,50.0,2026-01-19 08:38:22
11583,Spring,37.5,2026-01-19 08:38:22
11584,Fall,41.74,2026-01-19 08:38:22
11584,Winter,33.91,2026-01-19 08:38:22
11587,Summer,31.82,2026-01-19 08:38:22
11587,Spring,31.82,2026-01-19 08:38:22
11588,Spring,40.91,2026-01-19 08:38:22
11588,Summer,28.57,2026-01-19 08:38:22
11588,Fall,21.43,2026-01-19 08:38:22
11589,Fall,37.81,2026-01-19 08:38:22
11589,Winter,35.31,2026-01-19 08:38:22
11591,Fall,28.0,2026-01-19 08:38:22
11591,Spring,28.0,2026-01-19 08:38:22
11591,Summer,24.0,2026-01-19 08:38:22
11591,Winter,20.0,2026-01-19 08:38:22
11592,Fall,38.84,2026-01-19 08:38:22
11592,Winter,31.4,2026-01-19 08:38:22
11592,Spring,20.66,2026-01-19 08:38:22
11593,Fall,30.96,2026-01-19 08:38:22
11593,Spring,28.79,2026-01-19 08:38:22
11593,Summer,22.29,2026-01-19 08:38:22
11595,Summer,46.67,2026-01-19 08:38:22
11595,Spring,46.67,2026-01-19 08:38:22
11596,Fall,36.36,2026-01-19 08:38:22
11596,Winter,30.58,2026-01-19 08:38:22
11596,Spring,22.31,2026-01-19 08:38:22
11597,Fall,40.6,2026-01-19 08:38:22
11597,Winter,39.74,2026-01-19 08:38:22
11599,Spring,39.07,2026-01-19 08:38:22
11599,Summer,27.15,2026-01-19 08:38:22
11599,Fall,23.18,2026-01-19 08:38:22
11600,Fall,40.0,2026-01-19 08:38:22
11600,Winter,30.0,2026-01-19 08:38:22
11600,Spring,20.0,2026-01-19 08:38:22
11601,Summer,48.76,2026-01-19 08:38:22
11601,Spring,38.43,2026-01-19 08:38:22
11603,Summer,32.56,2026-01-19 08:38:22
11603,Spring,30.23,2026-01-19 08:38:22
11603,Fall,25.58,2026-01-19 08:38:22
11605,Spring,48.81,2026-01-19 08:38:22
11605,Summer,38.1,2026-01-19 08:38:22
11607,Spring,34.35,2026-01-19 08:38:22
11607,Fall,25.95,2026-01-19 08:38:22
11607,Summer,22.9,2026-01-19 08:38:22
11608,Spring,37.5,2026-01-19 08:38:22
11608,Winter,25.0,2026-01-19 08:38:22
11608,Fall,25.0,2026-01-19 08:38:22
11609,Summer,55.81,2026-01-19 08:38:22
11609,Spring,37.21,2026-01-19 08:38:22
11611,Fall,30.77,2026-01-19 08:38:22
11611,Spring,25.87,2026-01-19 08:38:22
11611,Winter,21.68,2026-01-19 08:38:22
11611,Summer,21.68,2026-01-19 08:38:22
11612,Winter,42.86,2026-01-19 08:38:22
11612,Fall,42.86,2026-01-19 08:38:22
11613,Fall,32.72,2026-01-19 08:38:22
11613,Spring,27.78,2026-01-19 08:38:22
11613,Winter,20.99,2026-01-19 08:38:22
11615,Winter,35.56,2026-01-19 08:38:22
11615,Fall,35.56,2026-01-19 08:38:22
11618,Fall,32.67,2026-01-19 08:38:22
11618,Winter,25.33,2026-01-19 08:38:22
11618,Spring,24.67,2026-01-19 08:38:22
11620,Spring,37.5,2026-01-19 08:38:22
11620,Fall,25.0,2026-01-19 08:38:22
11620,Summer,25.0,2026-01-19 08:38:22
11622,Spring,42.19,2026-01-19 08:38:22
11622,Summer,34.38,2026-01-19 08:38:22
11623,Spring,31.03,2026-01-19 08:38:22
11623,Fall,30.17,2026-01-19 08:38:22
11623,Summer,21.55,2026-01-19 08:38:22
11624,Summer,30.0,2026-01-19 08:38:22
11624,Spring,30.0,2026-01-19 08:38:22
11624,Winter,20.0,2026-01-19 08:38:22
11624,Fall,20.0,2026-01-19 08:38:22
11625,Winter,50.0,2026-01-19 08:38:22
11625,Fall,50.0,2026-01-19 08:38:22
11627,Fall,35.17,2026-01-19 08:38:22
11627,Winter,28.28,2026-01-19 08:38:22
11627,Spring,26.21,2026-01-19 08:38:22
11628,Winter,33.33,2026-01-19 08:38:22
11628,Fall,33.33,2026-01-19 08:38:22
11628,Spring,33.33,2026-01-19 08:38:22
11629,Winter,33.33,2026-01-19 08:38:22
11629,Fall,33.33,2026-01-19 08:38:22
11630,Fall,38.1,2026-01-19 08:38:22
11630,Winter,34.01,2026-01-19 08:38:22
11631,Summer,50.0,2026-01-19 08:38:22
11631,Spring,50.0,2026-01-19 08:38:22
11632,Spring,37.14,2026-01-19 08:38:22
11632,Summer,32.86,2026-01-19 08:38:22
11632,Fall,20.71,2026-01-19 08:38:22
11633,Winter,33.33,2026-01-19 08:38:22
11633,Fall,33.33,2026-01-19 08:38:22
11634,Summer,44.06,2026-01-19 08:38:22
11634,Spring,40.56,2026-01-19 08:38:22
11635,Summer,50.0,2026-01-19 08:38:22
11635,Spring,50.0,2026-01-19 08:38:22
11636,Fall,36.89,2026-01-19 08:38:22
11636,Winter,28.16,2026-01-19 08:38:22
11636,Spring,24.27,2026-01-19 08:38:22
11638,Fall,39.62,2026-01-19 08:38:22
11638,Winter,37.74,2026-01-19 08:38:22
11639,Spring,41.67,2026-01-19 08:38:22
11639,Summer,33.33,2026-01-19 08:38:22
11640,Spring,32.5,2026-01-19 08:38:22
11640,Summer,30.0,2026-01-19 08:38:22
11640,Fall,25.0,2026-01-19 08:38:22
11641,Fall,50.0,2026-01-19 08:38:22
11641,Spring,50.0,2026-01-19 08:38:22
11643,Spring,35.24,2026-01-19 08:38:22
11643,Summer,34.29,2026-01-19 08:38:22
11644,Spring,42.17,2026-01-19 08:38:22
11644,Summer,39.76,2026-01-19 08:38:22
11646,Fall,33.33,2026-01-19 08:38:22
11646,Summer,33.33,2026-01-19 08:38:22
11646,Spring,33.33,2026-01-19 08:38:22
11647,Summer,48.05,2026-01-19 08:38:22
11647,Spring,38.96,2026-01-19 08:38:22
11648,Summer,40.51,2026-01-19 08:38:22
11648,Spring,37.97,2026-01-19 08:38:22
11650,Fall,31.96,2026-01-19 08:38:22
11650,Spring,29.9,2026-01-19 08:38:22
11651,Fall,40.0,2026-01-19 08:38:22
11651,Winter,33.33,2026-01-19 08:38:22
11651,Spring,26.67,2026-01-19 08:38:22
11658,Fall,36.84,2026-01-19 08:38:22
11658,Winter,27.63,2026-01-19 08:38:22
11658,Spring,26.32,2026-01-19 08:38:22
11659,Winter,38.11,2026-01-19 08:38:22
11659,Fall,38.11,2026-01-19 08:38:22
11661,Fall,66.67,2026-01-19 08:38:22
11661,Winter,33.33,2026-01-19 08:38:22
11662,Spring,40.54,2026-01-19 08:38:22
11662,Summer,31.08,2026-01-19 08:38:22
11663,Winter,42.41,2026-01-19 08:38:22
11663,Fall,40.62,2026-01-19 08:38:22
11665,Summer,66.67,2026-01-19 08:38:22
11665,Spring,33.33,2026-01-19 08:38:22
11666,Summer,46.43,2026-01-19 08:38:22
11666,Spring,41.67,2026-01-19 08:38:22
11668,Winter,50.0,2026-01-19 08:38:22
11668,Fall,50.0,2026-01-19 08:38:22
11669,Winter,42.86,2026-01-19 08:38:22
11669,Fall,42.86,2026-01-19 08:38:22
11670,Summer,40.91,2026-01-19 08:38:22
11670,Spring,37.88,2026-01-19 08:38:22
11671,Spring,32.29,2026-01-19 08:38:22
11671,Fall,29.78,2026-01-19 08:38:22
11671,Summer,20.69,2026-01-19 08:38:22
11672,Summer,50.0,2026-01-19 08:38:22
11672,Spring,50.0,2026-01-19 08:38:22
11673,Winter,33.33,2026-01-19 08:38:22
11673,Fall,33.33,2026-01-19 08:38:22
11674,Fall,41.43,2026-01-19 08:38:22
11674,Winter,38.57,2026-01-19 08:38:22
11675,Spring,32.11,2026-01-19 08:38:22
11675,Summer,28.86,2026-01-19 08:38:22
11675,Fall,25.2,2026-01-19 08:38:22
11677,Summer,66.67,2026-01-19 08:38:22
11677,Spring,33.33,2026-01-19 08:38:22
11678,Summer,44.59,2026-01-19 08:38:22
11678,Spring,37.84,2026-01-19 08:38:22
11679,Fall,34.42,2026-01-19 08:38:22
11679,Spring,29.3,2026-01-19 08:38:22
11679,Winter,24.65,2026-01-19 08:38:22
11681,Fall,50.0,2026-01-19 08:38:22
11681,Spring,50.0,2026-01-19 08:38:22
11685,Summer,50.0,2026-01-19 08:38:22
11685,Spring,50.0,2026-01-19 08:38:22
11686,Fall,32.43,2026-01-19 08:38:22
11686,Winter,28.38,2026-01-19 08:38:22
11686,Spring,24.32,2026-01-19 08:38:22
11687,Winter,33.33,2026-01-19 08:38:22
11687,Fall,33.33,2026-01-19 08:38:22
11687,Spring,22.22,2026-01-19 08:38:22
11688,Fall,37.8,2026-01-19 08:38:22
11688,Spring,25.61,2026-01-19 08:38:22
11688,Winter,20.73,2026-01-19 08:38:22
11689,Summer,33.33,2026-01-19 08:38:22
11689,Spring,33.33,2026-01-19 08:38:22
11690,Fall,34.84,2026-01-19 08:38:22
11690,Winter,33.55,2026-01-19 08:38:22
11690,Spring,22.58,2026-01-19 08:38:22
11692,Spring,41.82,2026-01-19 08:38:22
11692,Summer,32.73,2026-01-19 08:38:22
11692,Fall,20.0,2026-01-19 08:38:22
11693,Winter,25.0,2026-01-19 08:38:22
11693,Fall,25.0,2026-01-19 08:38:22
11693,Summer,25.0,2026-01-19 08:38:22
11693,Spring,25.0,2026-01-19 08:38:22
11694,Fall,37.85,2026-01-19 08:38:22
11694,Winter,36.45,2026-01-19 08:38:22
11696,Summer,42.68,2026-01-19 08:38:22
11696,Spring,35.37,2026-01-19 08:38:22
11698,Fall,33.05,2026-01-19 08:38:22
11698,Spring,29.66,2026-01-19 08:38:22
11698,Winter,22.03,2026-01-19 08:38:22
11699,Summer,50.0,2026-01-19 08:38:22
11699,Spring,50.0,2026-01-19 08:38:22
11700,Spring,39.13,2026-01-19 08:38:22
11700,Summer,33.33,2026-01-19 08:38:22
11700,Fall,21.74,2026-01-19 08:38:22
11701,Winter,33.33,2026-01-19 08:38:22
11701,Fall,33.33,2026-01-19 08:38:22
11702,Summer,43.04,2026-01-19 08:38:22
11702,Spring,41.77,2026-01-19 08:38:22
11704,Summer,43.75,2026-01-19 08:38:22
11704,Spring,37.5,2026-01-19 08:38:22
11705,Winter,25.0,2026-01-19 08:38:22
11705,Fall,25.0,2026-01-19 08:38:22
11705,Summer,25.0,2026-01-19 08:38:22
11705,Spring,25.0,2026-01-19 08:38:22
11706,Winter,40.28,2026-01-19 08:38:22
11706,Fall,36.81,2026-01-19 08:38:22
11707,Spring,50.0,2026-01-19 08:38:22
11707,Summer,37.5,2026-01-19 08:38:22
11708,Spring,37.33,2026-01-19 08:38:22
11708,Summer,33.33,2026-01-19 08:38:22
11708,Fall,22.67,2026-01-19 08:38:22
11709,Winter,33.33,2026-01-19 08:38:22
11709,Spring,33.33,2026-01-19 08:38:22
11710,Fall,37.44,2026-01-19 08:38:22
11710,Winter,37.0,2026-01-19 08:38:22
11712,Fall,38.57,2026-01-19 08:38:22
11712,Winter,30.0,2026-01-19 08:38:22
11712,Spring,21.43,2026-01-19 08:38:22
11713,Fall,28.57,2026-01-19 08:38:22
11713,Summer,28.57,2026-01-19 08:38:22
11713,Spring,28.57,2026-01-19 08:38:22
11714,Spring,31.91,2026-01-19 08:38:22
11714,Fall,29.79,2026-01-19 08:38:22
11714,Summer,21.81,2026-01-19 08:38:22
11715,Winter,25.0,2026-01-19 08:38:22
11715,Fall,25.0,2026-01-19 08:38:22
11715,Summer,25.0,2026-01-19 08:38:22
11715,Spring,25.0,2026-01-19 08:38:22
11716,Summer,43.04,2026-01-19 08:38:22
11716,Spring,35.44,2026-01-19 08:38:22
11717,Fall,37.5,2026-01-19 08:38:22
11717,Spring,37.5,2026-01-19 08:38:22
11717,Winter,25.0,2026-01-19 08:38:22
11718,Fall,35.88,2026-01-19 08:38:22
11718,Winter,29.77,2026-01-19 08:38:22
11718,Spring,21.37,2026-01-19 08:38:22
11720,Spring,46.03,2026-01-19 08:38:22
11720,Summer,44.44,2026-01-19 08:38:22
11721,Winter,33.33,2026-01-19 08:38:22
11721,Summer,33.33,2026-01-19 08:38:22
11721,Spring,33.33,2026-01-19 08:38:22
11723,Fall,38.36,2026-01-19 08:38:22
11723,Winter,32.88,2026-01-19 08:38:22
11723,Spring,21.23,2026-01-19 08:38:22
11726,Fall,33.33,2026-01-19 08:38:22
11726,Spring,33.33,2026-01-19 08:38:22
11727,Spring,32.14,2026-01-19 08:38:22
11727,Fall,29.76,2026-01-19 08:38:22
11728,Fall,35.19,2026-01-19 08:38:22
11728,Winter,31.48,2026-01-19 08:38:22
11729,Winter,33.33,2026-01-19 08:38:22
11729,Fall,33.33,2026-01-19 08:38:22
11731,Fall,31.97,2026-01-19 08:38:22
11731,Spring,30.61,2026-01-19 08:38:22
11731,Winter,21.09,2026-01-19 08:38:22
11732,Spring,35.0,2026-01-19 08:38:22
11732,Fall,28.33,2026-01-19 08:38:22
11732,Summer,28.33,2026-01-19 08:38:22
11733,Winter,50.0,2026-01-19 08:38:22
11733,Fall,25.0,2026-01-19 08:38:22
11733,Summer,25.0,2026-01-19 08:38:22
11736,Fall,35.94,2026-01-19 08:38:22
11736,Winter,29.69,2026-01-19 08:38:22
11736,Spring,21.88,2026-01-19 08:38:22
11737,Fall,100.0,2026-01-19 08:38:22
11739,Fall,30.58,2026-01-19 08:38:22
11739,Winter,27.27,2026-01-19 08:38:22
11739,Spring,27.27,2026-01-19 08:38:22
11740,Winter,25.0,2026-01-19 08:38:22
11740,Fall,25.0,2026-01-19 08:38:22
11740,Summer,25.0,2026-01-19 08:38:22
11740,Spring,25.0,2026-01-19 08:38:22
11741,Summer,37.5,2026-01-19 08:38:22
11741,Spring,37.5,2026-01-19 08:38:22
11743,Winter,37.74,2026-01-19 08:38:22
11743,Fall,34.91,2026-01-19 08:38:22
11746,Fall,41.3,2026-01-19 08:38:22
11746,Winter,32.61,2026-01-19 08:38:22
11747,Spring,33.62,2026-01-19 08:38:22
11747,Fall,23.28,2026-01-19 08:38:22
11747,Summer,23.28,2026-01-19 08:38:22
11748,Summer,100.0,2026-01-19 08:38:22
11750,Spring,30.3,2026-01-19 08:38:22
11750,Fall,27.27,2026-01-19 08:38:22
11750,Summer,25.76,2026-01-19 08:38:22
11751,Summer,39.71,2026-01-19 08:38:22
11751,Spring,35.29,2026-01-19 08:38:22
11752,Spring,100.0,2026-01-19 08:38:22
11753,Summer,50.0,2026-01-19 08:38:22
11753,Spring,50.0,2026-01-19 08:38:22
11754,Spring,30.95,2026-01-19 08:38:22
11754,Fall,28.57,2026-01-19 08:38:22
11754,Summer,23.81,2026-01-19 08:38:22
11755,Winter,30.88,2026-01-19 08:38:22
11755,Fall,29.41,2026-01-19 08:38:22
11755,Spring,22.06,2026-01-19 08:38:22
11756,Summer,33.33,2026-01-19 08:38:22
11756,Spring,33.33,2026-01-19 08:38:22
11756,Fall,22.22,2026-01-19 08:38:22
11758,Fall,36.0,2026-01-19 08:38:22
11758,Winter,26.0,2026-01-19 08:38:22
11758,Spring,26.0,2026-01-19 08:38:22
11759,Fall,35.71,2026-01-19 08:38:22
11759,Winter,32.14,2026-01-19 08:38:22
11759,Spring,21.43,2026-01-19 08:38:22
11762,Summer,44.19,2026-01-19 08:38:22
11762,Spring,37.21,2026-01-19 08:38:22
11764,Summer,50.0,2026-01-19 08:38:22
11764,Spring,37.5,2026-01-19 08:38:22
11765,Spring,40.0,2026-01-19 08:38:22
11765,Fall,25.71,2026-01-19 08:38:22
11765,Summer,25.71,2026-01-19 08:38:22
11768,Summer,33.33,2026-01-19 08:38:22
11768,Spring,33.33,2026-01-19 08:38:22
11768,Winter,22.22,2026-01-19 08:38:22
11769,Fall,32.35,2026-01-19 08:38:22
11769,Spring,27.94,2026-01-19 08:38:22
11769,Winter,26.47,2026-01-19 08:38:22
11771,Fall,33.33,2026-01-19 08:38:22
11771,Summer,33.33,2026-01-19 08:38:22
11771,Spring,33.33,2026-01-19 08:38:22
11773,Winter,37.78,2026-01-19 08:38:22
11773,Fall,37.78,2026-01-19 08:38:22
11775,Summer,57.14,2026-01-19 08:38:22
11775,Spring,42.86,2026-01-19 08:38:22
11776,Summer,50.0,2026-01-19 08:38:22
11776,Spring,50.0,2026-01-19 08:38:22
11777,Fall,39.62,2026-01-19 08:38:22
11777,Winter,30.19,2026-01-19 08:38:22
11777,Spring,24.53,2026-01-19 08:38:22
11780,Winter,25.0,2026-01-19 08:38:22
11780,Fall,25.0,2026-01-19 08:38:22
11780,Summer,25.0,2026-01-19 08:38:22
11780,Spring,25.0,2026-01-19 08:38:22
11781,Summer,38.1,2026-01-19 08:38:22
11781,Spring,35.71,2026-01-19 08:38:22
11784,Fall,33.33,2026-01-19 08:38:22
11784,Summer,33.33,2026-01-19 08:38:22
11784,Spring,33.33,2026-01-19 08:38:22
11785,Spring,35.42,2026-01-19 08:38:22
11785,Summer,27.08,2026-01-19 08:38:22
11785,Fall,22.92,2026-01-19 08:38:22
11787,Winter,30.0,2026-01-19 08:38:22
11787,Fall,30.0,2026-01-19 08:38:22
11787,Summer,20.0,2026-01-19 08:38:22
11787,Spring,20.0,2026-01-19 08:38:22
11789,Fall,34.48,2026-01-19 08:38:22
11789,Spring,31.03,2026-01-19 08:38:22
11789,Winter,27.59,2026-01-19 08:38:22
11791,Spring,66.67,2026-01-19 08:38:22
11791,Summer,33.33,2026-01-19 08:38:22
11792,Summer,50.0,2026-01-19 08:38:22
11792,Spring,50.0,2026-01-19 08:38:22
11793,Spring,30.61,2026-01-19 08:38:22
11793,Fall,28.57,2026-01-19 08:38:22
11793,Winter,20.41,2026-01-19 08:38:22
11793,Summer,20.41,2026-01-19 08:38:22
11796,Summer,40.0,2026-01-19 08:38:22
11796,Spring,35.0,2026-01-19 08:38:22
11800,Fall,40.62,2026-01-19 08:38:22
11800,Winter,34.38,2026-01-19 08:38:22
11802,Summer,50.0,2026-01-19 08:38:22
11802,Spring,50.0,2026-01-19 08:38:22
11803,Fall,33.33,2026-01-19 08:38:22
11803,Spring,33.33,2026-01-19 08:38:22
11804,Fall,33.33,2026-01-19 08:38:22
11804,Spring,27.27,2026-01-19 08:38:22
11804,Winter,24.24,2026-01-19 08:38:22
11806,Summer,100.0,2026-01-19 08:38:22
11808,Winter,29.63,2026-01-19 08:38:22
11808,Fall,29.63,2026-01-19 08:38:22
11808,Spring,22.22,2026-01-19 08:38:22
11810,Summer,36.36,2026-01-19 08:38:22
11810,Fall,27.27,2026-01-19 08:38:22
11810,Spring,27.27,2026-01-19 08:38:22
11811,Summer,50.0,2026-01-19 08:38:22
11811,Spring,50.0,2026-01-19 08:38:22
11812,Fall,32.61,2026-01-19 08:38:22
11812,Spring,30.43,2026-01-19 08:38:22
11812,Winter,26.09,2026-01-19 08:38:22
11816,Fall,30.77,2026-01-19 08:38:22
11816,Summer,30.77,2026-01-19 08:38:22
11816,Spring,30.77,2026-01-19 08:38:22
11818,Winter,50.0,2026-01-19 08:38:22
11818,Fall,50.0,2026-01-19 08:38:22
11819,Winter,25.0,2026-01-19 08:38:22
11819,Fall,25.0,2026-01-19 08:38:22
11819,Summer,25.0,2026-01-19 08:38:22
11819,Spring,25.0,2026-01-19 08:38:22
11820,Winter,50.0,2026-01-19 08:38:22
11820,Fall,50.0,2026-01-19 08:38:22
11822,Spring,30.77,2026-01-19 08:38:22
11822,Winter,23.08,2026-01-19 08:38:22
11822,Fall,23.08,2026-01-19 08:38:22
11822,Summer,23.08,2026-01-19 08:38:22
11823,Winter,33.33,2026-01-19 08:38:22
11823,Fall,33.33,2026-01-19 08:38:22
11823,Spring,33.33,2026-01-19 08:38:22
11826,Winter,33.33,2026-01-19 08:38:22
11826,Fall,33.33,2026-01-19 08:38:22
11826,Spring,33.33,2026-01-19 08:38:22
11830,Winter,33.33,2026-01-19 08:38:22
11830,Fall,33.33,2026-01-19 08:38:22
11830,Spring,33.33,2026-01-19 08:38:22
11831,Winter,25.0,2026-01-19 08:38:22
11831,Fall,25.0,2026-01-19 08:38:22
11831,Summer,25.0,2026-01-19 08:38:22
11831,Spring,25.0,2026-01-19 08:38:22
11834,Summer,50.0,2026-01-19 08:38:22
11834,Spring,50.0,2026-01-19 08:38:22
11838,Spring,100.0,2026-01-19 08:38:22
11842,Fall,100.0,2026-01-19 08:38:22
11844,Winter,25.0,2026-01-19 08:38:22
11844,Fall,25.0,2026-01-19 08:38:22
11844,Summer,25.0,2026-01-19 08:38:22
11844,Spring,25.0,2026-01-19 08:38:22
11846,Summer,50.0,2026-01-19 08:38:22
11850,Summer,75.0,2026-01-19 08:38:22
11850,Spring,25.0,2026-01-19 08:38:22
11853,Fall,35.9,2026-01-19 08:38:22
11853,Spring,28.21,2026-01-19 08:38:22
11853,Winter,23.08,2026-01-19 08:38:22
11854,Summer,100.0,2026-01-19 08:38:22
11856,Summer,50.0,2026-01-19 08:38:22
11856,Spring,50.0,2026-01-19 08:38:22
11857,Fall,29.27,2026-01-19 08:38:22
11857,Spring,29.27,2026-01-19 08:38:22
11857,Summer,24.39,2026-01-19 08:38:22
11860,Winter,50.0,2026-01-19 08:38:22
11860,Fall,50.0,2026-01-19 08:38:22
11861,Spring,47.5,2026-01-19 08:38:22
11861,Summer,30.0,2026-01-19 08:38:22
11862,Summer,50.0,2026-01-19 08:38:22
11862,Spring,50.0,2026-01-19 08:38:22
11865,Winter,36.84,2026-01-19 08:38:22
11865,Fall,36.84,2026-01-19 08:38:22
11869,Spring,41.94,2026-01-19 08:38:22
11869,Summer,29.03,2026-01-19 08:38:22
11869,Fall,22.58,2026-01-19 08:38:22
11870,Winter,25.0,2026-01-19 08:38:22
11870,Fall,25.0,2026-01-19 08:38:22
11870,Summer,25.0,2026-01-19 08:38:22
11870,Spring,25.0,2026-01-19 08:38:22
11872,Spring,41.18,2026-01-19 08:38:22
11872,Fall,23.53,2026-01-19 08:38:22
11872,Summer,23.53,2026-01-19 08:38:22
11877,Spring,36.11,2026-01-19 08:38:22
11877,Summer,33.33,2026-01-19 08:38:22
11878,Summer,60.0,2026-01-19 08:38:22
11878,Spring,40.0,2026-01-19 08:38:22
11879,Winter,33.33,2026-01-19 08:38:22
11879,Fall,33.33,2026-01-19 08:38:22
11879,Spring,33.33,2026-01-19 08:38:22
11881,Fall,29.73,2026-01-19 08:38:22
11881,Winter,27.03,2026-01-19 08:38:22
11881,Summer,21.62,2026-01-19 08:38:22
11881,Spring,21.62,2026-01-19 08:38:22
11882,Spring,66.67,2026-01-19 08:38:22
11882,Summer,33.33,2026-01-19 08:38:22
11883,Fall,36.06,2026-01-19 08:38:22
11883,Winter,33.32,2026-01-19 08:38:22
11883,Spring,21.92,2026-01-19 08:38:22
11885,Spring,29.63,2026-01-19 08:38:22
11885,Fall,25.93,2026-01-19 08:38:22
11885,Winter,22.22,2026-01-19 08:38:22
11885,Summer,22.22,2026-01-19 08:38:22
11886,Fall,100.0,2026-01-19 08:38:22
11887,Winter,49.44,2026-01-19 08:38:22
11887,Fall,41.13,2026-01-19 08:38:22
11889,Summer,33.33,2026-01-19 08:38:22
11889,Spring,33.33,2026-01-19 08:38:22
11889,Fall,20.51,2026-01-19 08:38:22
11890,Summer,50.0,2026-01-19 08:38:22
11891,Winter,43.37,2026-01-19 08:38:22
11891,Fall,41.79,2026-01-19 08:38:22
11893,Winter,41.18,2026-01-19 08:38:22
11893,Fall,41.18,2026-01-19 08:38:22
11894,Fall,33.33,2026-01-19 08:38:22
11894,Summer,33.33,2026-01-19 08:38:22
11894,Spring,33.33,2026-01-19 08:38:22
11895,Fall,32.57,2026-01-19 08:38:22
11895,Winter,29.29,2026-01-19 08:38:22
11895,Spring,24.14,2026-01-19 08:38:22
11897,Spring,41.67,2026-01-19 08:38:22
11897,Summer,30.56,2026-01-19 08:38:22
11898,Summer,33.33,2026-01-19 08:38:22
11898,Spring,33.33,2026-01-19 08:38:22
11900,Fall,38.1,2026-01-19 08:38:22
11900,Winter,33.33,2026-01-19 08:38:22
11901,Fall,28.57,2026-01-19 08:38:22
11901,Summer,28.57,2026-01-19 08:38:22
11901,Spring,28.57,2026-01-19 08:38:22
11902,Fall,38.45,2026-01-19 08:38:22
11902,Winter,36.95,2026-01-19 08:38:22
11904,Fall,42.86,2026-01-19 08:38:22
11904,Winter,38.1,2026-01-19 08:38:22
11906,Fall,34.3,2026-01-19 08:38:22
11906,Winter,29.97,2026-01-19 08:38:22
11906,Spring,24.36,2026-01-19 08:38:22
11907,Winter,35.71,2026-01-19 08:38:22
11907,Fall,35.71,2026-01-19 08:38:22
11907,Spring,28.57,2026-01-19 08:38:22
11908,Spring,37.5,2026-01-19 08:38:22
11908,Fall,25.0,2026-01-19 08:38:22
11908,Summer,25.0,2026-01-19 08:38:22
11909,Winter,33.33,2026-01-19 08:38:22
11909,Fall,33.33,2026-01-19 08:38:22
11909,Spring,33.33,2026-01-19 08:38:22
11910,Winter,38.7,2026-01-19 08:38:22
11910,Fall,38.09,2026-01-19 08:38:22
11914,Fall,38.16,2026-01-19 08:38:22
11914,Winter,37.18,2026-01-19 08:38:22
11915,Fall,33.33,2026-01-19 08:38:22
11915,Winter,23.81,2026-01-19 08:38:22
11915,Spring,23.81,2026-01-19 08:38:22
11917,Spring,100.0,2026-01-19 08:38:22
11918,Summer,48.25,2026-01-19 08:38:22
11918,Spring,35.34,2026-01-19 08:38:22
11920,Winter,39.13,2026-01-19 08:38:22
11920,Fall,39.13,2026-01-19 08:38:22
11920,Spring,21.74,2026-01-19 08:38:22
11922,Spring,32.47,2026-01-19 08:38:22
11922,Fall,28.1,2026-01-19 08:38:22
11922,Summer,23.66,2026-01-19 08:38:22
11924,Spring,41.67,2026-01-19 08:38:22
11924,Summer,33.33,2026-01-19 08:38:22
11925,Fall,100.0,2026-01-19 08:38:22
11926,Fall,38.57,2026-01-19 08:38:22
11926,Winter,38.48,2026-01-19 08:38:22
11928,Fall,31.25,2026-01-19 08:38:22
11928,Summer,31.25,2026-01-19 08:38:22
11931,Summer,52.23,2026-01-19 08:38:22
11931,Spring,40.07,2026-01-19 08:38:22
11932,Spring,38.46,2026-01-19 08:38:22
11932,Fall,23.08,2026-01-19 08:38:22
11932,Summer,23.08,2026-01-19 08:38:22
11933,Summer,33.33,2026-01-19 08:38:22
11933,Spring,33.33,2026-01-19 08:38:22
11933,Fall,22.22,2026-01-19 08:38:22
11935,Summer,37.5,2026-01-19 08:38:22
11935,Spring,37.5,2026-01-19 08:38:22
11936,Winter,100.0,2026-01-19 08:38:22
11937,Summer,52.94,2026-01-19 08:38:22
11937,Spring,38.37,2026-01-19 08:38:22
11939,Summer,30.0,2026-01-19 08:38:22
11939,Spring,30.0,2026-01-19 08:38:22
11939,Fall,25.0,2026-01-19 08:38:22
11940,Spring,40.0,2026-01-19 08:38:22
11940,Winter,20.0,2026-01-19 08:38:22
11940,Fall,20.0,2026-01-19 08:38:22
11940,Summer,20.0,2026-01-19 08:38:22
11941,Spring,32.47,2026-01-19 08:38:22
11941,Summer,29.72,2026-01-19 08:38:22
11941,Fall,26.16,2026-01-19 08:38:22
11943,Fall,29.41,2026-01-19 08:38:22
11943,Spring,29.41,2026-01-19 08:38:22
11943,Summer,23.53,2026-01-19 08:38:22
11945,Summer,51.52,2026-01-19 08:38:22
11945,Spring,39.53,2026-01-19 08:38:22
11948,Fall,41.67,2026-01-19 08:38:22
11948,Spring,33.33,2026-01-19 08:38:22
11949,Spring,34.06,2026-01-19 08:38:22
11949,Summer,32.31,2026-01-19 08:38:22
11949,Fall,23.0,2026-01-19 08:38:22
11952,Summer,45.45,2026-01-19 08:38:22
11952,Spring,45.45,2026-01-19 08:38:22
11953,Winter,40.4,2026-01-19 08:38:22
11953,Fall,39.41,2026-01-19 08:38:22
11954,Winter,60.0,2026-01-19 08:38:22
11954,Fall,40.0,2026-01-19 08:38:22
11955,Summer,30.0,2026-01-19 08:38:22
11955,Spring,30.0,2026-01-19 08:38:22
11955,Winter,20.0,2026-01-19 08:38:22
11955,Fall,20.0,2026-01-19 08:38:22
11956,Fall,35.01,2026-01-19 08:38:22
11956,Winter,27.51,2026-01-19 08:38:22
11956,Spring,26.14,2026-01-19 08:38:22
11957,Spring,31.54,2026-01-19 08:38:22
11957,Fall,28.36,2026-01-19 08:38:22
11957,Summer,26.41,2026-01-19 08:38:22
11958,Summer,50.0,2026-01-19 08:38:22
11958,Spring,50.0,2026-01-19 08:38:22
11959,Summer,41.18,2026-01-19 08:38:22
11959,Spring,35.29,2026-01-19 08:38:22
11960,Fall,37.18,2026-01-19 08:38:22
11960,Winter,33.21,2026-01-19 08:38:22
11960,Spring,22.02,2026-01-19 08:38:22
11965,Fall,33.57,2026-01-19 08:38:22
11965,Spring,27.34,2026-01-19 08:38:22
11965,Winter,24.65,2026-01-19 08:38:22
11967,Summer,50.0,2026-01-19 08:38:22
11967,Spring,50.0,2026-01-19 08:38:22
11968,Summer,43.96,2026-01-19 08:38:22
11968,Spring,36.22,2026-01-19 08:38:22
11969,Fall,40.34,2026-01-19 08:38:22
11969,Winter,35.62,2026-01-19 08:38:22
11970,Spring,100.0,2026-01-19 08:38:22
11971,Summer,30.77,2026-01-19 08:38:22
11971,Spring,30.77,2026-01-19 08:38:22
11971,Fall,23.08,2026-01-19 08:38:22
11972,Summer,50.0,2026-01-19 08:38:22
11972,Fall,25.0,2026-01-19 08:38:22
11972,Spring,25.0,2026-01-19 08:38:22
11973,Winter,41.76,2026-01-19 08:38:22
11973,Fall,41.2,2026-01-19 08:38:22
11974,Fall,38.63,2026-01-19 08:38:22
11974,Winter,37.75,2026-01-19 08:38:22
11975,Spring,33.33,2026-01-19 08:38:22
11975,Winter,22.22,2026-01-19 08:38:22
11975,Fall,22.22,2026-01-19 08:38:22
11975,Summer,22.22,2026-01-19 08:38:22
11976,Spring,60.0,2026-01-19 08:38:22
11976,Summer,40.0,2026-01-19 08:38:22
11977,Winter,40.34,2026-01-19 08:38:22
11977,Fall,39.5,2026-01-19 08:38:22
11978,Spring,37.64,2026-01-19 08:38:22
11978,Summer,37.08,2026-01-19 08:38:22
11981,Fall,37.38,2026-01-19 08:38:22
11981,Winter,34.5,2026-01-19 08:38:22
11981,Spring,21.09,2026-01-19 08:38:22
11982,Summer,36.75,2026-01-19 08:38:22
11982,Spring,35.41,2026-01-19 08:38:22
11982,Fall,20.27,2026-01-19 08:38:22
11984,Fall,37.98,2026-01-19 08:38:22
11984,Winter,34.49,2026-01-19 08:38:22
11984,Spring,20.56,2026-01-19 08:38:22
11986,Spring,35.53,2026-01-19 08:38:22
11986,Fall,26.21,2026-01-19 08:38:22
11986,Summer,23.5,2026-01-19 08:38:22
11989,Fall,40.68,2026-01-19 08:38:22
11989,Winter,37.27,2026-01-19 08:38:22
11990,Fall,50.0,2026-01-19 08:38:22
11990,Spring,50.0,2026-01-19 08:38:22
11991,Spring,34.89,2026-01-19 08:38:22
11991,Summer,33.17,2026-01-19 08:38:22
11991,Fall,23.1,2026-01-19 08:38:22
11993,Spring,50.0,2026-01-19 08:38:22
11993,Fall,25.0,2026-01-19 08:38:22
11993,Summer,25.0,2026-01-19 08:38:22
11995,Spring,33.14,2026-01-19 08:38:22
11995,Fall,28.24,2026-01-19 08:38:22
11995,Summer,23.63,2026-01-19 08:38:22
11996,Summer,40.0,2026-01-19 08:38:22
11996,Spring,40.0,2026-01-19 08:38:22
11996,Fall,20.0,2026-01-19 08:38:22
11997,Fall,35.84,2026-01-19 08:38:22
11997,Winter,35.16,2026-01-19 08:38:22
11997,Spring,22.15,2026-01-19 08:38:22
11999,Fall,41.54,2026-01-19 08:38:22
11999,Winter,40.26,2026-01-19 08:38:22
12000,Fall,38.06,2026-01-19 08:38:22
12000,Winter,37.12,2026-01-19 08:38:22
12002,Winter,25.0,2026-01-19 08:38:22
12002,Fall,25.0,2026-01-19 08:38:22
12002,Summer,25.0,2026-01-19 08:38:22
12002,Spring,25.0,2026-01-19 08:38:22
12003,Spring,31.36,2026-01-19 08:38:22
12003,Fall,30.33,2026-01-19 08:38:22
12003,Summer,21.08,2026-01-19 08:38:22
12006,Spring,31.65,2026-01-19 08:38:22
12006,Summer,26.59,2026-01-19 08:38:22
12006,Fall,23.08,2026-01-19 08:38:22
12007,Fall,35.6,2026-01-19 08:38:22
12007,Winter,34.06,2026-01-19 08:38:22
12007,Spring,22.91,2026-01-19 08:38:22
12010,Fall,35.43,2026-01-19 08:38:22
12010,Winter,31.43,2026-01-19 08:38:22
12010,Spring,21.71,2026-01-19 08:38:22
12011,Spring,30.04,2026-01-19 08:38:22
12011,Fall,27.19,2026-01-19 08:38:22
12011,Summer,25.0,2026-01-19 08:38:22
12012,Winter,25.0,2026-01-19 08:38:22
12012,Fall,25.0,2026-01-19 08:38:22
12012,Summer,25.0,2026-01-19 08:38:22
12012,Spring,25.0,2026-01-19 08:38:22
12014,Fall,30.48,2026-01-19 08:38:22
12014,Spring,27.63,2026-01-19 08:38:22
12014,Winter,22.81,2026-01-19 08:38:22
12015,Spring,34.87,2026-01-19 08:38:22
12015,Fall,26.64,2026-01-19 08:38:22
12015,Summer,25.0,2026-01-19 08:38:22
12016,Summer,100.0,2026-01-19 08:38:22
12018,Fall,38.36,2026-01-19 08:38:22
12018,Winter,35.98,2026-01-19 08:38:22
12018,Spring,20.63,2026-01-19 08:38:22
12019,Fall,39.02,2026-01-19 08:38:22
12019,Winter,37.56,2026-01-19 08:38:22
12020,Winter,25.0,2026-01-19 08:38:22
12020,Fall,25.0,2026-01-19 08:38:22
12020,Summer,25.0,2026-01-19 08:38:22
12020,Spring,25.0,2026-01-19 08:38:22
12022,Fall,30.22,2026-01-19 08:38:22
12022,Spring,29.48,2026-01-19 08:38:22
12022,Winter,22.6,2026-01-19 08:38:22
12023,Fall,43.75,2026-01-19 08:38:22
12023,Winter,39.73,2026-01-19 08:38:22
12027,Fall,39.23,2026-01-19 08:38:22
12027,Winter,34.23,2026-01-19 08:38:22
12027,Spring,21.15,2026-01-19 08:38:22
12030,Summer,47.43,2026-01-19 08:38:22
12030,Spring,37.55,2026-01-19 08:38:22
12033,Fall,35.82,2026-01-19 08:38:22
12033,Winter,26.03,2026-01-19 08:38:22
12033,Spring,24.74,2026-01-19 08:38:22
12035,Summer,50.0,2026-01-19 08:38:22
12035,Spring,50.0,2026-01-19 08:38:22
12036,Spring,39.29,2026-01-19 08:38:22
12036,Summer,24.21,2026-01-19 08:38:22
12036,Fall,23.41,2026-01-19 08:38:22
12038,Fall,29.4,2026-01-19 08:38:22
12038,Spring,29.12,2026-01-19 08:38:22
12038,Summer,20.88,2026-01-19 08:38:22
12038,Winter,20.6,2026-01-19 08:38:22
12041,Summer,39.92,2026-01-19 08:38:22
12041,Spring,39.52,2026-01-19 08:38:22
12042,Fall,31.11,2026-01-19 08:38:22
12042,Spring,28.02,2026-01-19 08:38:22
12042,Winter,22.11,2026-01-19 08:38:22
12043,Fall,50.0,2026-01-19 08:38:22
12043,Winter,33.33,2026-01-19 08:38:22
12045,Fall,41.18,2026-01-19 08:38:22
12045,Winter,39.71,2026-01-19 08:38:22
12046,Fall,37.68,2026-01-19 08:38:22
12046,Winter,29.8,2026-01-19 08:38:22
12046,Spring,24.14,2026-01-19 08:38:22
12047,Spring,40.0,2026-01-19 08:38:22
12047,Winter,20.0,2026-01-19 08:38:22
12047,Fall,20.0,2026-01-19 08:38:22
12047,Summer,20.0,2026-01-19 08:38:22
12049,Fall,37.3,2026-01-19 08:38:22
12049,Winter,35.14,2026-01-19 08:38:22
12049,Spring,21.62,2026-01-19 08:38:22
12050,Fall,36.34,2026-01-19 08:38:22
12050,Winter,32.08,2026-01-19 08:38:22
12050,Spring,23.06,2026-01-19 08:38:22
12051,Summer,100.0,2026-01-19 08:38:22
12053,Fall,37.72,2026-01-19 08:38:22
12053,Winter,36.68,2026-01-19 08:38:22
12054,Winter,40.74,2026-01-19 08:38:22
12054,Fall,38.43,2026-01-19 08:38:22
12057,Summer,39.23,2026-01-19 08:38:22
12057,Spring,34.41,2026-01-19 08:38:22
12057,Fall,20.26,2026-01-19 08:38:22
12058,Winter,33.33,2026-01-19 08:38:22
12058,Fall,33.33,2026-01-19 08:38:22
12058,Spring,33.33,2026-01-19 08:38:22
12060,Fall,32.65,2026-01-19 08:38:22
12060,Spring,26.79,2026-01-19 08:38:22
12060,Winter,25.77,2026-01-19 08:38:22
12061,Spring,34.85,2026-01-19 08:38:22
12061,Fall,26.52,2026-01-19 08:38:22
12061,Summer,23.48,2026-01-19 08:38:22
12064,Fall,36.89,2026-01-19 08:38:22
12064,Winter,28.28,2026-01-19 08:38:22
12064,Spring,23.77,2026-01-19 08:38:22
12065,Summer,45.21,2026-01-19 08:38:22
12065,Spring,36.17,2026-01-19 08:38:22
12066,Summer,37.5,2026-01-19 08:38:22
12066,Spring,37.5,2026-01-19 08:38:22
12068,Fall,33.57,2026-01-19 08:38:22
12068,Spring,28.32,2026-01-19 08:38:22
12068,Winter,23.08,2026-01-19 08:38:22
12069,Fall,31.35,2026-01-19 08:38:22
12069,Spring,28.71,2026-01-19 08:38:22
12069,Winter,20.13,2026-01-19 08:38:22
12070,Winter,50.0,2026-01-19 08:38:22
12070,Summer,50.0,2026-01-19 08:38:22
12071,Fall,36.83,2026-01-19 08:38:22
12071,Winter,30.97,2026-01-19 08:38:22
12071,Spring,22.82,2026-01-19 08:38:22
12072,Fall,31.65,2026-01-19 08:38:22
12072,Spring,29.97,2026-01-19 08:38:22
12072,Winter,20.88,2026-01-19 08:38:22
12073,Spring,31.82,2026-01-19 08:38:22
12073,Summer,28.32,2026-01-19 08:38:22
12073,Fall,25.17,2026-01-19 08:38:22
12074,Winter,50.0,2026-01-19 08:38:22
12074,Fall,50.0,2026-01-19 08:38:22
12075,Fall,39.54,2026-01-19 08:38:22
12075,Winter,35.09,2026-01-19 08:38:22
12076,Fall,37.25,2026-01-19 08:38:22
12076,Winter,33.6,2026-01-19 08:38:22
12076,Spring,21.05,2026-01-19 08:38:22
12077,Spring,44.34,2026-01-19 08:38:22
12077,Summer,37.56,2026-01-19 08:38:22
12078,Fall,50.0,2026-01-19 08:38:22
12078,Winter,25.0,2026-01-19 08:38:22
12078,Summer,25.0,2026-01-19 08:38:22
12079,Spring,32.07,2026-01-19 08:38:22
12079,Fall,29.96,2026-01-19 08:38:22
12080,Spring,33.4,2026-01-19 08:38:22
12080,Fall,29.09,2026-01-19 08:38:22
12080,Summer,25.86,2026-01-19 08:38:22
12082,Fall,66.67,2026-01-19 08:38:22
12082,Winter,33.33,2026-01-19 08:38:22
12083,Fall,31.52,2026-01-19 08:38:22
12083,Spring,28.37,2026-01-19 08:38:22
12083,Winter,24.07,2026-01-19 08:38:22
12084,Fall,35.08,2026-01-19 08:38:22
12084,Winter,31.51,2026-01-19 08:38:22
12084,Spring,22.35,2026-01-19 08:38:22
12087,Spring,35.45,2026-01-19 08:38:22
12087,Summer,32.46,2026-01-19 08:38:22
12087,Fall,22.39,2026-01-19 08:38:22
12088,Summer,36.91,2026-01-19 08:38:22
12088,Spring,36.21,2026-01-19 08:38:22
12089,Spring,42.86,2026-01-19 08:38:22
12089,Summer,28.02,2026-01-19 08:38:22
12091,Winter,44.66,2026-01-19 08:38:22
12091,Fall,40.78,2026-01-19 08:38:22
12092,Spring,29.67,2026-01-19 08:38:22
12092,Fall,28.46,2026-01-19 08:38:22
12092,Summer,22.3,2026-01-19 08:38:22
12093,Spring,37.19,2026-01-19 08:38:22
12093,Summer,26.63,2026-01-19 08:38:22
12093,Fall,22.11,2026-01-19 08:38:22
12095,Fall,43.08,2026-01-19 08:38:22
12095,Winter,42.05,2026-01-19 08:38:22
12096,Winter,28.57,2026-01-19 08:38:22
12096,Fall,28.57,2026-01-19 08:38:22
12096,Spring,28.57,2026-01-19 08:38:22
12097,Fall,33.93,2026-01-19 08:38:22
12097,Winter,27.68,2026-01-19 08:38:22
12097,Spring,24.55,2026-01-19 08:38:22
12098,Spring,34.16,2026-01-19 08:38:22
12098,Summer,28.57,2026-01-19 08:38:22
12098,Fall,23.9,2026-01-19 08:38:22
12099,Winter,37.82,2026-01-19 08:38:22
12099,Fall,36.86,2026-01-19 08:38:22
12100,Winter,33.33,2026-01-19 08:38:22
12100,Summer,33.33,2026-01-19 08:38:22
12100,Spring,33.33,2026-01-19 08:38:22
12101,Spring,38.07,2026-01-19 08:38:22
12101,Summer,29.36,2026-01-19 08:38:22
12101,Fall,22.48,2026-01-19 08:38:22
12102,Fall,31.59,2026-01-19 08:38:22
12102,Winter,26.52,2026-01-19 08:38:22
12102,Spring,26.01,2026-01-19 08:38:22
12103,Fall,34.43,2026-01-19 08:38:22
12103,Spring,27.46,2026-01-19 08:38:22
12103,Winter,25.41,2026-01-19 08:38:22
12105,Fall,33.97,2026-01-19 08:38:22
12105,Spring,30.13,2026-01-19 08:38:22
12105,Winter,23.08,2026-01-19 08:38:22
12106,Spring,30.65,2026-01-19 08:38:22
12106,Fall,30.43,2026-01-19 08:38:22
12106,Summer,20.36,2026-01-19 08:38:22
12107,Fall,35.91,2026-01-19 08:38:22
12107,Winter,27.73,2026-01-19 08:38:22
12107,Spring,26.82,2026-01-19 08:38:22
12108,Summer,100.0,2026-01-19 08:38:22
12109,Fall,36.46,2026-01-19 08:38:22
12109,Spring,27.62,2026-01-19 08:38:22
12109,Winter,22.1,2026-01-19 08:38:22
12110,Spring,30.86,2026-01-19 08:38:22
12110,Fall,30.62,2026-01-19 08:38:22
12110,Winter,20.0,2026-01-19 08:38:22
12111,Fall,30.48,2026-01-19 08:38:22
12111,Spring,27.62,2026-01-19 08:38:22
12111,Winter,25.24,2026-01-19 08:38:22
12112,Spring,66.67,2026-01-19 08:38:22
12112,Summer,33.33,2026-01-19 08:38:22
12113,Fall,40.34,2026-01-19 08:38:22
12113,Winter,36.97,2026-01-19 08:38:22
12115,Spring,33.55,2026-01-19 08:38:22
12115,Summer,30.97,2026-01-19 08:38:22
12115,Fall,22.58,2026-01-19 08:38:22
12116,Summer,50.0,2026-01-19 08:38:22
12116,Spring,50.0,2026-01-19 08:38:22
12117,Fall,38.1,2026-01-19 08:38:22
12117,Winter,34.52,2026-01-19 08:38:22
12118,Fall,34.43,2026-01-19 08:38:22
12118,Spring,34.43,2026-01-19 08:38:22
12119,Fall,39.5,2026-01-19 08:38:22
12119,Winter,37.5,2026-01-19 08:38:22
12120,Spring,100.0,2026-01-19 08:38:22
12121,Fall,40.58,2026-01-19 08:38:22
12121,Winter,35.51,2026-01-19 08:38:22
12123,Fall,36.68,2026-01-19 08:38:22
12123,Winter,29.26,2026-01-19 08:38:22
12123,Spring,24.45,2026-01-19 08:38:22
12124,Spring,32.2,2026-01-19 08:38:22
12124,Fall,27.4,2026-01-19 08:38:22
12124,Summer,22.6,2026-01-19 08:38:22
12125,Fall,43.86,2026-01-19 08:38:22
12125,Winter,35.09,2026-01-19 08:38:22
12126,Summer,50.0,2026-01-19 08:38:22
12126,Spring,50.0,2026-01-19 08:38:22
12127,Fall,37.71,2026-01-19 08:38:22
12127,Winter,36.0,2026-01-19 08:38:22
12127,Spring,20.57,2026-01-19 08:38:22
12128,Fall,32.29,2026-01-19 08:38:22
12128,Spring,30.56,2026-01-19 08:38:22
12128,Winter,20.83,2026-01-19 08:38:22
12129,Fall,34.12,2026-01-19 08:38:22
12129,Spring,28.82,2026-01-19 08:38:22
12129,Winter,20.59,2026-01-19 08:38:22
12131,Fall,28.24,2026-01-19 08:38:22
12131,Spring,25.0,2026-01-19 08:38:22
12131,Summer,23.61,2026-01-19 08:38:22
12131,Winter,23.15,2026-01-19 08:38:22
12132,Spring,38.91,2026-01-19 08:38:22
12132,Summer,35.75,2026-01-19 08:38:22
12133,Spring,40.5,2026-01-19 08:38:22
12133,Summer,32.0,2026-01-19 08:38:22
12134,Summer,50.0,2026-01-19 08:38:22
12134,Spring,50.0,2026-01-19 08:38:22
12135,Winter,42.38,2026-01-19 08:38:22
12135,Fall,36.42,2026-01-19 08:38:22
12136,Spring,30.03,2026-01-19 08:38:22
12136,Fall,29.7,2026-01-19 08:38:22
12136,Winter,20.79,2026-01-19 08:38:22
12137,Fall,35.75,2026-01-19 08:38:22
12137,Winter,29.05,2026-01-19 08:38:22
12137,Spring,26.82,2026-01-19 08:38:22
12138,Summer,50.0,2026-01-19 08:38:22
12138,Spring,50.0,2026-01-19 08:38:22
12139,Fall,34.3,2026-01-19 08:38:22
12139,Spring,30.43,2026-01-19 08:38:22
12141,Spring,32.98,2026-01-19 08:38:22
12141,Fall,30.32,2026-01-19 08:38:22
12141,Summer,20.21,2026-01-19 08:38:22
12144,Spring,33.54,2026-01-19 08:38:22
12144,Fall,27.85,2026-01-19 08:38:22
12145,Spring,37.04,2026-01-19 08:38:22
12145,Summer,31.48,2026-01-19 08:38:22
12145,Fall,22.22,2026-01-19 08:38:22
12146,Winter,40.0,2026-01-19 08:38:22
12146,Fall,20.0,2026-01-19 08:38:22
12146,Summer,20.0,2026-01-19 08:38:22
12146,Spring,20.0,2026-01-19 08:38:22
12147,Winter,38.54,2026-01-19 08:38:22
12147,Fall,36.98,2026-01-19 08:38:22
12148,Fall,41.73,2026-01-19 08:38:22
12148,Winter,40.16,2026-01-19 08:38:22
12149,Summer,40.59,2026-01-19 08:38:22
12149,Spring,40.59,2026-01-19 08:38:22
12150,Winter,50.0,2026-01-19 08:38:22
12150,Fall,50.0,2026-01-19 08:38:22
12151,Spring,31.51,2026-01-19 08:38:22
12151,Fall,29.68,2026-01-19 08:38:22
12151,Winter,20.09,2026-01-19 08:38:22
12152,Spring,35.94,2026-01-19 08:38:22
12152,Summer,29.69,2026-01-19 08:38:22
12152,Fall,23.44,2026-01-19 08:38:22
12153,Fall,36.0,2026-01-19 08:38:22
12153,Spring,31.33,2026-01-19 08:38:22
12154,Winter,33.33,2026-01-19 08:38:22
12154,Fall,33.33,2026-01-19 08:38:22
12154,Spring,33.33,2026-01-19 08:38:22
12155,Fall,37.3,2026-01-19 08:38:22
12155,Spring,30.16,2026-01-19 08:38:22
12156,Spring,34.19,2026-01-19 08:38:22
12156,Summer,33.55,2026-01-19 08:38:22
12156,Fall,20.0,2026-01-19 08:38:22
12157,Spring,34.04,2026-01-19 08:38:22
12157,Fall,31.91,2026-01-19 08:38:22
12158,Winter,33.33,2026-01-19 08:38:22
12158,Fall,33.33,2026-01-19 08:38:22
12158,Summer,33.33,2026-01-19 08:38:22
12159,Fall,37.82,2026-01-19 08:38:22
12159,Winter,35.26,2026-01-19 08:38:22
12160,Fall,35.43,2026-01-19 08:38:22
12160,Winter,29.92,2026-01-19 08:38:22
12160,Spring,25.2,2026-01-19 08:38:22
12161,Spring,33.75,2026-01-19 08:38:22
12161,Fall,28.75,2026-01-19 08:38:22
12161,Summer,20.0,2026-01-19 08:38:22
12163,Summer,45.69,2026-01-19 08:38:22
12163,Spring,37.07,2026-01-19 08:38:22
12165,Fall,33.33,2026-01-19 08:38:22
12165,Winter,26.67,2026-01-19 08:38:22
12165,Spring,24.44,2026-01-19 08:38:22
12166,Winter,33.33,2026-01-19 08:38:22
12166,Fall,33.33,2026-01-19 08:38:22
12167,Summer,48.18,2026-01-19 08:38:22
12167,Spring,36.36,2026-01-19 08:38:22
12168,Fall,31.33,2026-01-19 08:38:22
12168,Winter,25.9,2026-01-19 08:38:22
12168,Spring,25.3,2026-01-19 08:38:22
12169,Fall,40.66,2026-01-19 08:38:22
12169,Winter,37.36,2026-01-19 08:38:22
12170,Winter,25.0,2026-01-19 08:38:22
12170,Fall,25.0,2026-01-19 08:38:22
12170,Summer,25.0,2026-01-19 08:38:22
12170,Spring,25.0,2026-01-19 08:38:22
12171,Fall,35.65,2026-01-19 08:38:22
12171,Winter,30.43,2026-01-19 08:38:22
12171,Spring,23.48,2026-01-19 08:38:22
12172,Fall,38.27,2026-01-19 08:38:22
12172,Winter,33.33,2026-01-19 08:38:22
12172,Spring,23.46,2026-01-19 08:38:22
12175,Spring,41.27,2026-01-19 08:38:22
12175,Summer,40.48,2026-01-19 08:38:22
12176,Fall,34.82,2026-01-19 08:38:22
12176,Spring,31.25,2026-01-19 08:38:22
12177,Fall,36.23,2026-01-19 08:38:22
12177,Winter,29.71,2026-01-19 08:38:22
12177,Spring,23.19,2026-01-19 08:38:22
12178,Winter,25.0,2026-01-19 08:38:22
12178,Fall,25.0,2026-01-19 08:38:22
12178,Summer,25.0,2026-01-19 08:38:22
12178,Spring,25.0,2026-01-19 08:38:22
12179,Spring,29.8,2026-01-19 08:38:22
12179,Fall,29.14,2026-01-19 08:38:22
12179,Summer,23.18,2026-01-19 08:38:22
12180,Fall,32.2,2026-01-19 08:38:22
12180,Spring,30.51,2026-01-19 08:38:22
12180,Winter,22.03,2026-01-19 08:38:22
12182,Fall,39.59,2026-01-19 08:38:22
12182,Winter,36.55,2026-01-19 08:38:22
12183,Spring,28.79,2026-01-19 08:38:22
12183,Fall,28.03,2026-01-19 08:38:22
12183,Winter,23.48,2026-01-19 08:38:22
12184,Summer,33.33,2026-01-19 08:38:22
12184,Spring,33.33,2026-01-19 08:38:22
12184,Fall,23.19,2026-01-19 08:38:22
12186,Fall,40.72,2026-01-19 08:38:22
12186,Winter,40.12,2026-01-19 08:38:22
12188,Fall,38.71,2026-01-19 08:38:22
12188,Winter,32.26,2026-01-19 08:38:22
12188,Spring,22.58,2026-01-19 08:38:22
12190,Fall,33.09,2026-01-19 08:38:22
12190,Winter,24.26,2026-01-19 08:38:22
12190,Spring,23.53,2026-01-19 08:38:22
12191,Fall,36.43,2026-01-19 08:38:22
12191,Winter,31.01,2026-01-19 08:38:22
12191,Spring,24.03,2026-01-19 08:38:22
12192,Summer,44.83,2026-01-19 08:38:22
12192,Spring,32.76,2026-01-19 08:38:22
12193,Winter,33.33,2026-01-19 08:38:22
12193,Fall,33.33,2026-01-19 08:38:22
12193,Spring,33.33,2026-01-19 08:38:22
12194,Summer,37.82,2026-01-19 08:38:22
12194,Spring,36.97,2026-01-19 08:38:22
12195,Spring,31.58,2026-01-19 08:38:22
12195,Fall,26.32,2026-01-19 08:38:22
12195,Summer,21.93,2026-01-19 08:38:22
12195,Winter,20.18,2026-01-19 08:38:22
12196,Summer,40.38,2026-01-19 08:38:22
12196,Spring,36.54,2026-01-19 08:38:22
12197,Winter,25.0,2026-01-19 08:38:22
12197,Fall,25.0,2026-01-19 08:38:22
12197,Summer,25.0,2026-01-19 08:38:22
12197,Spring,25.0,2026-01-19 08:38:22
12198,Fall,33.52,2026-01-19 08:38:22
12198,Spring,29.12,2026-01-19 08:38:22
12198,Winter,23.08,2026-01-19 08:38:22
12199,Spring,37.27,2026-01-19 08:38:22
12199,Fall,23.64,2026-01-19 08:38:22
12199,Summer,22.73,2026-01-19 08:38:22
12200,Fall,31.03,2026-01-19 08:38:22
12200,Winter,25.86,2026-01-19 08:38:22
12200,Spring,25.86,2026-01-19 08:38:22
12202,Fall,36.18,2026-01-19 08:38:22
12202,Winter,32.89,2026-01-19 08:38:22
12202,Spring,23.03,2026-01-19 08:38:22
12203,Spring,30.69,2026-01-19 08:38:22
12203,Fall,28.71,2026-01-19 08:38:22
12203,Summer,20.79,2026-01-19 08:38:22
12204,Winter,25.0,2026-01-19 08:38:22
12204,Fall,25.0,2026-01-19 08:38:22
12204,Summer,25.0,2026-01-19 08:38:22
12204,Spring,25.0,2026-01-19 08:38:22
12205,Spring,38.89,2026-01-19 08:38:22
12205,Summer,33.33,2026-01-19 08:38:22
12205,Fall,22.22,2026-01-19 08:38:22
12206,Fall,33.81,2026-01-19 08:38:22
12206,Spring,28.06,2026-01-19 08:38:22
12206,Winter,23.02,2026-01-19 08:38:22
12207,Spring,37.5,2026-01-19 08:38:22
12207,Fall,28.75,2026-01-19 08:38:22
12207,Summer,25.0,2026-01-19 08:38:22
12209,Spring,32.23,2026-01-19 08:38:22
12209,Summer,26.45,2026-01-19 08:38:22
12209,Fall,23.14,2026-01-19 08:38:22
12210,Fall,32.0,2026-01-19 08:38:22
12210,Spring,32.0,2026-01-19 08:38:22
12210,Summer,24.0,2026-01-19 08:38:22
12211,Spring,43.3,2026-01-19 08:38:22
12211,Summer,34.02,2026-01-19 08:38:22
12213,Summer,45.45,2026-01-19 08:38:22
12213,Spring,35.45,2026-01-19 08:38:22
12214,Spring,31.25,2026-01-19 08:38:22
12214,Fall,28.12,2026-01-19 08:38:22
12214,Summer,25.0,2026-01-19 08:38:22
12215,Fall,35.23,2026-01-19 08:38:22
12215,Winter,31.82,2026-01-19 08:38:22
12215,Spring,22.73,2026-01-19 08:38:22
12216,Summer,33.33,2026-01-19 08:38:22
12216,Spring,33.33,2026-01-19 08:38:22
12217,Fall,37.41,2026-01-19 08:38:22
12217,Winter,29.93,2026-01-19 08:38:22
12217,Spring,24.49,2026-01-19 08:38:22
12218,Summer,28.85,2026-01-19 08:38:22
12218,Spring,28.85,2026-01-19 08:38:22
12218,Fall,23.08,2026-01-19 08:38:22
12219,Summer,50.0,2026-01-19 08:38:22
12219,Winter,25.0,2026-01-19 08:38:22
12219,Fall,25.0,2026-01-19 08:38:22
12220,Fall,30.63,2026-01-19 08:38:22
12220,Spring,27.93,2026-01-19 08:38:22
12220,Summer,23.42,2026-01-19 08:38:22
12221,Spring,36.61,2026-01-19 08:38:22
12221,Fall,28.57,2026-01-19 08:38:22
12223,Winter,33.33,2026-01-19 08:38:22
12223,Fall,30.3,2026-01-19 08:38:22
12223,Spring,21.21,2026-01-19 08:38:22
12224,Fall,30.86,2026-01-19 08:38:22
12224,Spring,30.86,2026-01-19 08:38:22
12224,Summer,20.99,2026-01-19 08:38:22
12225,Summer,50.68,2026-01-19 08:38:22
12225,Spring,39.73,2026-01-19 08:38:22
12228,Fall,30.38,2026-01-19 08:38:22
12228,Spring,29.11,2026-01-19 08:38:22
12228,Winter,22.78,2026-01-19 08:38:22
12229,Winter,35.9,2026-01-19 08:38:22
12229,Fall,34.62,2026-01-19 08:38:22
12229,Spring,20.51,2026-01-19 08:38:22
12231,Summer,35.71,2026-01-19 08:38:22
12231,Spring,35.71,2026-01-19 08:38:22
12231,Fall,21.43,2026-01-19 08:38:22
12232,Fall,31.94,2026-01-19 08:38:22
12232,Spring,30.56,2026-01-19 08:38:22
12232,Winter,23.61,2026-01-19 08:38:22
12233,Fall,35.62,2026-01-19 08:38:22
12233,Winter,31.51,2026-01-19 08:38:22
12233,Spring,23.29,2026-01-19 08:38:22
12236,Spring,40.91,2026-01-19 08:38:22
12236,Summer,36.36,2026-01-19 08:38:22
12237,Spring,37.21,2026-01-19 08:38:22
12237,Summer,25.58,2026-01-19 08:38:22
12237,Fall,24.03,2026-01-19 08:38:22
12238,Summer,44.44,2026-01-19 08:38:22
12238,Spring,33.33,2026-01-19 08:38:22
12241,Fall,45.65,2026-01-19 08:38:22
12241,Winter,41.3,2026-01-19 08:38:22
12242,Summer,31.25,2026-01-19 08:38:22
12242,Spring,31.25,2026-01-19 08:38:22
12243,Spring,36.17,2026-01-19 08:38:22
12243,Summer,34.04,2026-01-19 08:38:22
12243,Fall,21.28,2026-01-19 08:38:22
12245,Fall,34.85,2026-01-19 08:38:22
12245,Spring,28.03,2026-01-19 08:38:22
12245,Winter,26.52,2026-01-19 08:38:22
12247,Spring,31.58,2026-01-19 08:38:22
12247,Fall,30.26,2026-01-19 08:38:22
12247,Winter,22.37,2026-01-19 08:38:22
12248,Summer,100.0,2026-01-19 08:38:22
12249,Spring,33.03,2026-01-19 08:38:22
12249,Summer,27.52,2026-01-19 08:38:22
12249,Fall,25.69,2026-01-19 08:38:22
12251,Spring,34.33,2026-01-19 08:38:22
12251,Fall,29.85,2026-01-19 08:38:22
12251,Summer,23.88,2026-01-19 08:38:22
12253,Fall,36.59,2026-01-19 08:38:22
12253,Winter,32.93,2026-01-19 08:38:22
12253,Spring,20.73,2026-01-19 08:38:22
12257,Fall,36.51,2026-01-19 08:38:22
12257,Winter,26.98,2026-01-19 08:38:22
12257,Spring,26.19,2026-01-19 08:38:22
12261,Fall,37.23,2026-01-19 08:38:22
12261,Spring,26.6,2026-01-19 08:38:22
12261,Winter,24.47,2026-01-19 08:38:22
12264,Spring,43.4,2026-01-19 08:38:22
12264,Summer,33.96,2026-01-19 08:38:22
12265,Fall,33.9,2026-01-19 08:38:22
12265,Winter,28.81,2026-01-19 08:38:22
12265,Spring,23.73,2026-01-19 08:38:22
12267,Winter,33.33,2026-01-19 08:38:22
12267,Fall,33.33,2026-01-19 08:38:22
12268,Fall,36.54,2026-01-19 08:38:22
12268,Winter,30.77,2026-01-19 08:38:22
12268,Spring,25.0,2026-01-19 08:38:22
12269,Fall,35.21,2026-01-19 08:38:22
12269,Winter,28.17,2026-01-19 08:38:22
12269,Spring,23.94,2026-01-19 08:38:22
12271,Summer,66.67,2026-01-19 08:38:22
12271,Spring,33.33,2026-01-19 08:38:22
12274,Spring,37.11,2026-01-19 08:38:22
12274,Summer,25.77,2026-01-19 08:38:22
12274,Fall,23.71,2026-01-19 08:38:22
12276,Fall,37.78,2026-01-19 08:38:22
12276,Winter,33.33,2026-01-19 08:38:22
12276,Spring,22.22,2026-01-19 08:38:22
12278,Fall,30.43,2026-01-19 08:38:22
12278,Spring,28.99,2026-01-19 08:38:22
12278,Winter,21.74,2026-01-19 08:38:22
12280,Spring,35.71,2026-01-19 08:38:22
12280,Fall,28.57,2026-01-19 08:38:22
12280,Summer,21.43,2026-01-19 08:38:22
12282,Spring,33.72,2026-01-19 08:38:22
12282,Fall,26.74,2026-01-19 08:38:22
12282,Summer,20.93,2026-01-19 08:38:22
12284,Spring,32.35,2026-01-19 08:38:22
12284,Fall,26.47,2026-01-19 08:38:22
12284,Summer,23.53,2026-01-19 08:38:22
12286,Spring,36.71,2026-01-19 08:38:22
12286,Summer,32.91,2026-01-19 08:38:22
12287,Fall,50.0,2026-01-19 08:38:22
12287,Summer,25.0,2026-01-19 08:38:22
12287,Spring,25.0,2026-01-19 08:38:22
12288,Winter,32.26,2026-01-19 08:38:22
12288,Fall,32.26,2026-01-19 08:38:22
12288,Spring,25.81,2026-01-19 08:38:22
12290,Fall,33.01,2026-01-19 08:38:22
12290,Winter,32.04,2026-01-19 08:38:22
12290,Spring,26.21,2026-01-19 08:38:22
12292,Fall,30.0,2026-01-19 08:38:22
12292,Winter,26.67,2026-01-19 08:38:22
12292,Spring,26.67,2026-01-19 08:38:22
12295,Summer,50.0,2026-01-19 08:38:22
12295,Spring,50.0,2026-01-19 08:38:22
12296,Spring,31.71,2026-01-19 08:38:22
12296,Fall,26.83,2026-01-19 08:38:22
12296,Winter,21.95,2026-01-19 08:38:22
12298,Summer,48.57,2026-01-19 08:38:22
12298,Spring,37.14,2026-01-19 08:38:22
12300,Fall,29.63,2026-01-19 08:38:22
12300,Summer,25.93,2026-01-19 08:38:22
12300,Spring,25.93,2026-01-19 08:38:22
12302,Fall,31.94,2026-01-19 08:38:22
12302,Spring,27.78,2026-01-19 08:38:22
12302,Summer,22.22,2026-01-19 08:38:22
12303,Winter,25.0,2026-01-19 08:38:22
12303,Fall,25.0,2026-01-19 08:38:22
12303,Summer,25.0,2026-01-19 08:38:22
12303,Spring,25.0,2026-01-19 08:38:22
12304,Fall,32.43,2026-01-19 08:38:22
12304,Spring,29.73,2026-01-19 08:38:22
12304,Winter,24.32,2026-01-19 08:38:22
12306,Spring,33.33,2026-01-19 08:38:22
12306,Summer,26.67,2026-01-19 08:38:22
12306,Fall,25.33,2026-01-19 08:38:22
12308,Spring,35.9,2026-01-19 08:38:22
12308,Fall,28.21,2026-01-19 08:38:22
12308,Summer,28.21,2026-01-19 08:38:22
12309,Fall,30.36,2026-01-19 08:38:22
12309,Spring,28.57,2026-01-19 08:38:22
12309,Winter,26.79,2026-01-19 08:38:22
12310,Spring,30.88,2026-01-19 08:38:22
12310,Summer,27.23,2026-01-19 08:38:22
12310,Fall,25.21,2026-01-19 08:38:22
12311,Summer,50.0,2026-01-19 08:38:22
12311,Spring,50.0,2026-01-19 08:38:22
12312,Fall,34.48,2026-01-19 08:38:22
12312,Winter,27.59,2026-01-19 08:38:22
12312,Spring,24.14,2026-01-19 08:38:22
12315,Fall,35.28,2026-01-19 08:38:22
12315,Winter,31.88,2026-01-19 08:38:22
12315,Spring,24.09,2026-01-19 08:38:22
12316,Spring,47.06,2026-01-19 08:38:22
12316,Summer,35.29,2026-01-19 08:38:22
12317,Fall,33.33,2026-01-19 08:38:22
12317,Spring,29.82,2026-01-19 08:38:22
12317,Winter,24.56,2026-01-19 08:38:22
12318,Fall,50.0,2026-01-19 08:38:22
12318,Spring,50.0,2026-01-19 08:38:22
12319,Fall,33.95,2026-01-19 08:38:22
12319,Winter,31.59,2026-01-19 08:38:22
12319,Spring,23.72,2026-01-19 08:38:22
12320,Fall,38.1,2026-01-19 08:38:22
12320,Spring,33.33,2026-01-19 08:38:22
12321,Spring,29.03,2026-01-19 08:38:22
12321,Fall,25.81,2026-01-19 08:38:22
12321,Winter,22.58,2026-01-19 08:38:22
12321,Summer,22.58,2026-01-19 08:38:22
12323,Spring,31.82,2026-01-19 08:38:22
12323,Summer,28.8,2026-01-19 08:38:22
12323,Fall,26.4,2026-01-19 08:38:22
12324,Summer,42.86,2026-01-19 08:38:22
12324,Spring,38.1,2026-01-19 08:38:22
12325,Winter,39.29,2026-01-19 08:38:22
12325,Fall,39.29,2026-01-19 08:38:22
12325,Spring,21.43,2026-01-19 08:38:22
12326,Summer,50.0,2026-01-19 08:38:22
12326,Fall,25.0,2026-01-19 08:38:22
12326,Spring,25.0,2026-01-19 08:38:22
12327,Spring,32.84,2026-01-19 08:38:22
12327,Fall,27.12,2026-01-19 08:38:22
12327,Summer,22.65,2026-01-19 08:38:22
12328,Fall,33.33,2026-01-19 08:38:22
12328,Spring,25.93,2026-01-19 08:38:22
12328,Summer,22.22,2026-01-19 08:38:22
12329,Winter,39.29,2026-01-19 08:38:22
12329,Fall,35.71,2026-01-19 08:38:22
12330,Summer,50.0,2026-01-19 08:38:22
12330,Spring,50.0,2026-01-19 08:38:22
12331,Spring,30.53,2026-01-19 08:38:22
12331,Fall,28.0,2026-01-19 08:38:22
12331,Summer,22.85,2026-01-19 08:38:22
12332,Summer,34.62,2026-01-19 08:38:22
12332,Spring,34.62,2026-01-19 08:38:22
12334,Fall,31.43,2026-01-19 08:38:22
12334,Spring,28.57,2026-01-19 08:38:22
12334,Winter,22.86,2026-01-19 08:38:22
12335,Fall,31.58,2026-01-19 08:38:22
12335,Winter,26.32,2026-01-19 08:38:22
12335,Spring,26.32,2026-01-19 08:38:22
12336,Summer,36.82,2026-01-19 08:38:22
12336,Spring,34.81,2026-01-19 08:38:22
12336,Fall,21.06,2026-01-19 08:38:22
12338,Summer,32.35,2026-01-19 08:38:22
12338,Spring,29.41,2026-01-19 08:38:22
12338,Fall,26.47,2026-01-19 08:38:22
12339,Fall,35.67,2026-01-19 08:38:22
12339,Winter,33.97,2026-01-19 08:38:22
12339,Spring,20.06,2026-01-19 08:38:22
12340,Winter,38.46,2026-01-19 08:38:22
12340,Fall,38.46,2026-01-19 08:38:22
12342,Fall,28.57,2026-01-19 08:38:22
12342,Spring,28.57,2026-01-19 08:38:22
12342,Winter,21.43,2026-01-19 08:38:22
12342,Summer,21.43,2026-01-19 08:38:22
12343,Spring,40.0,2026-01-19 08:38:22
12343,Fall,30.0,2026-01-19 08:38:22
12343,Summer,30.0,2026-01-19 08:38:22
12344,Spring,37.5,2026-01-19 08:38:22
12344,Summer,35.57,2026-01-19 08:38:22
12346,Spring,36.36,2026-01-19 08:38:22
12346,Winter,22.73,2026-01-19 08:38:22
12346,Fall,22.73,2026-01-19 08:38:22
12347,Spring,33.55,2026-01-19 08:38:22
12347,Summer,27.44,2026-01-19 08:38:22
12347,Fall,23.59,2026-01-19 08:38:22
12348,Fall,36.36,2026-01-19 08:38:22
12348,Winter,27.27,2026-01-19 08:38:22
12348,Spring,27.27,2026-01-19 08:38:22
12350,Fall,31.25,2026-01-19 08:38:22
12350,Winter,28.12,2026-01-19 08:38:22
12350,Spring,28.12,2026-01-19 08:38:22
12352,Spring,36.24,2026-01-19 08:38:22
12352,Summer,33.53,2026-01-19 08:38:22
12352,Fall,21.5,2026-01-19 08:38:22
12353,Fall,40.0,2026-01-19 08:38:22
12353,Spring,40.0,2026-01-19 08:38:22
12353,Winter,20.0,2026-01-19 08:38:22
12354,Fall,38.46,2026-01-19 08:38:22
12354,Spring,28.21,2026-01-19 08:38:22
12354,Winter,20.51,2026-01-19 08:38:22
12355,Spring,60.0,2026-01-19 08:38:22
12355,Summer,40.0,2026-01-19 08:38:22
12356,Spring,31.34,2026-01-19 08:38:22
12356,Fall,28.36,2026-01-19 08:38:22
12356,Summer,23.22,2026-01-19 08:38:22
12358,Fall,41.67,2026-01-19 08:38:22
12358,Winter,33.33,2026-01-19 08:38:22
12359,Fall,33.33,2026-01-19 08:38:22
12359,Winter,28.21,2026-01-19 08:38:22
12359,Spring,23.08,2026-01-19 08:38:22
12360,Spring,32.71,2026-01-19 08:38:22
12360,Fall,27.29,2026-01-19 08:38:22
12360,Summer,25.42,2026-01-19 08:38:22
12361,Winter,25.0,2026-01-19 08:38:22
12361,Fall,25.0,2026-01-19 08:38:22
12361,Summer,25.0,2026-01-19 08:38:22
12361,Spring,25.0,2026-01-19 08:38:22
12362,Spring,40.0,2026-01-19 08:38:22
12362,Winter,20.0,2026-01-19 08:38:22
12362,Fall,20.0,2026-01-19 08:38:22
12362,Summer,20.0,2026-01-19 08:38:22
12363,Fall,44.83,2026-01-19 08:38:22
12363,Winter,37.93,2026-01-19 08:38:22
12364,Spring,32.7,2026-01-19 08:38:22
12364,Summer,29.31,2026-01-19 08:38:22
12364,Fall,24.89,2026-01-19 08:38:22
12365,Winter,25.0,2026-01-19 08:38:22
12365,Fall,25.0,2026-01-19 08:38:22
12365,Summer,25.0,2026-01-19 08:38:22
12365,Spring,25.0,2026-01-19 08:38:22
12366,Winter,38.1,2026-01-19 08:38:22
12366,Fall,38.1,2026-01-19 08:38:22
12368,Spring,33.86,2026-01-19 08:38:22
12368,Fall,25.31,2026-01-19 08:38:22
12368,Summer,23.04,2026-01-19 08:38:22
12369,Summer,42.86,2026-01-19 08:38:22
12369,Spring,42.86,2026-01-19 08:38:22
12370,Winter,37.5,2026-01-19 08:38:22
12370,Fall,37.5,2026-01-19 08:38:22
12372,Spring,34.95,2026-01-19 08:38:22
12372,Summer,29.62,2026-01-19 08:38:22
12372,Fall,21.16,2026-01-19 08:38:22
12373,Summer,50.0,2026-01-19 08:38:22
12373,Spring,38.89,2026-01-19 08:38:22
12375,Winter,33.33,2026-01-19 08:38:22
12375,Fall,33.33,2026-01-19 08:38:22
12375,Spring,33.33,2026-01-19 08:38:22
12376,Spring,33.65,2026-01-19 08:38:22
12376,Summer,29.11,2026-01-19 08:38:22
12376,Fall,24.57,2026-01-19 08:38:22
12378,Fall,30.77,2026-01-19 08:38:22
12378,Summer,30.77,2026-01-19 08:38:22
12378,Spring,30.77,2026-01-19 08:38:22
12379,Winter,25.0,2026-01-19 08:38:22
12379,Fall,25.0,2026-01-19 08:38:22
12379,Summer,25.0,2026-01-19 08:38:22
12379,Spring,25.0,2026-01-19 08:38:22
12380,Spring,28.97,2026-01-19 08:38:22
12380,Fall,28.04,2026-01-19 08:38:22
12380,Winter,22.14,2026-01-19 08:38:22
12380,Summer,20.85,2026-01-19 08:38:22
12381,Winter,25.0,2026-01-19 08:38:22
12381,Fall,25.0,2026-01-19 08:38:22
12381,Summer,25.0,2026-01-19 08:38:22
12381,Spring,25.0,2026-01-19 08:38:22
12382,Spring,40.0,2026-01-19 08:38:22
12382,Summer,30.0,2026-01-19 08:38:22
12382,Fall,20.0,2026-01-19 08:38:22
12383,Summer,37.5,2026-01-19 08:38:22
12383,Spring,37.5,2026-01-19 08:38:22
12384,Fall,29.33,2026-01-19 08:38:22
12384,Spring,27.92,2026-01-19 08:38:22
12384,Winter,23.32,2026-01-19 08:38:22
12386,Fall,35.29,2026-01-19 08:38:22
12386,Winter,29.41,2026-01-19 08:38:22
12386,Spring,23.53,2026-01-19 08:38:22
12388,Fall,37.28,2026-01-19 08:38:22
12388,Winter,34.7,2026-01-19 08:38:22
12388,Spring,20.47,2026-01-19 08:38:22
12390,Winter,35.0,2026-01-19 08:38:22
12390,Fall,35.0,2026-01-19 08:38:22
12390,Spring,20.0,2026-01-19 08:38:22
12392,Spring,31.98,2026-01-19 08:38:22
12392,Fall,31.17,2026-01-19 08:38:22
12392,Summer,20.65,2026-01-19 08:38:22
12394,Winter,33.33,2026-01-19 08:38:22
12394,Fall,33.33,2026-01-19 08:38:22
12394,Spring,33.33,2026-01-19 08:38:22
12396,Fall,31.41,2026-01-19 08:38:22
12396,Spring,27.08,2026-01-19 08:38:22
12396,Winter,24.91,2026-01-19 08:38:22
12398,Fall,50.0,2026-01-19 08:38:22
12398,Winter,40.0,2026-01-19 08:38:22
12399,Summer,50.0,2026-01-19 08:38:22
12399,Spring,50.0,2026-01-19 08:38:22
12400,Fall,37.46,2026-01-19 08:38:22
12400,Winter,34.11,2026-01-19 08:38:22
12400,Spring,20.74,2026-01-19 08:38:22
12402,Fall,50.0,2026-01-19 08:38:22
12402,Spring,50.0,2026-01-19 08:38:22
12404,Spring,32.0,2026-01-19 08:38:22
12404,Fall,30.8,2026-01-19 08:38:22
12404,Summer,20.4,2026-01-19 08:38:22
12406,Winter,26.67,2026-01-19 08:38:22
12406,Fall,26.67,2026-01-19 08:38:22
12406,Spring,26.67,2026-01-19 08:38:22
12406,Summer,20.0,2026-01-19 08:38:22
12407,Summer,50.0,2026-01-19 08:38:22
12407,Spring,50.0,2026-01-19 08:38:22
12408,Summer,37.35,2026-01-19 08:38:22
12408,Spring,37.35,2026-01-19 08:38:22
12412,Fall,31.02,2026-01-19 08:38:22
12412,Spring,28.54,2026-01-19 08:38:22
12412,Winter,22.83,2026-01-19 08:38:22
12415,Summer,50.0,2026-01-19 08:38:22
12415,Spring,50.0,2026-01-19 08:38:22
12416,Fall,36.93,2026-01-19 08:38:22
12416,Winter,33.61,2026-01-19 08:38:22
12416,Spring,22.41,2026-01-19 08:38:22
12418,Winter,50.0,2026-01-19 08:38:22
12418,Fall,50.0,2026-01-19 08:38:22
12420,Fall,34.15,2026-01-19 08:38:22
12420,Winter,28.69,2026-01-19 08:38:22
12420,Spring,22.13,2026-01-19 08:38:22
12423,Winter,33.33,2026-01-19 08:38:22
12423,Fall,33.33,2026-01-19 08:38:22
12423,Summer,33.33,2026-01-19 08:38:22
12424,Summer,40.0,2026-01-19 08:38:22
12424,Spring,36.97,2026-01-19 08:38:22
12426,Summer,50.0,2026-01-19 08:38:22
12426,Spring,50.0,2026-01-19 08:38:22
12429,Spring,35.94,2026-01-19 08:38:22
12429,Summer,32.74,2026-01-19 08:38:22
12429,Fall,20.28,2026-01-19 08:38:22
12431,Summer,50.0,2026-01-19 08:38:22
12431,Spring,50.0,2026-01-19 08:38:22
12433,Spring,41.29,2026-01-19 08:38:22
12433,Summer,34.83,2026-01-19 08:38:22
12434,Winter,25.0,2026-01-19 08:38:22
12434,Fall,25.0,2026-01-19 08:38:22
12434,Summer,25.0,2026-01-19 08:38:22
12434,Spring,25.0,2026-01-19 08:38:22
12436,Spring,40.8,2026-01-19 08:38:22
12436,Summer,36.21,2026-01-19 08:38:22
12442,Summer,50.0,2026-01-19 08:38:22
12442,Spring,50.0,2026-01-19 08:38:22
12445,Spring,36.25,2026-01-19 08:38:22
12445,Summer,35.83,2026-01-19 08:38:22
12445,Fall,21.67,2026-01-19 08:38:22
12446,Winter,33.33,2026-01-19 08:38:22
12446,Fall,33.33,2026-01-19 08:38:22
12446,Summer,33.33,2026-01-19 08:38:22
12450,Spring,35.24,2026-01-19 08:38:22
12450,Summer,26.19,2026-01-19 08:38:22
12450,Fall,24.29,2026-01-19 08:38:22
12454,Spring,33.86,2026-01-19 08:38:22
12454,Fall,25.5,2026-01-19 08:38:22
12454,Summer,25.1,2026-01-19 08:38:22
12458,Spring,36.76,2026-01-19 08:38:22
12458,Summer,31.35,2026-01-19 08:38:22
12458,Fall,22.7,2026-01-19 08:38:22
12461,Summer,50.0,2026-01-19 08:38:22
12461,Spring,50.0,2026-01-19 08:38:22
12462,Fall,36.0,2026-01-19 08:38:22
12462,Winter,34.0,2026-01-19 08:38:22
12462,Spring,22.0,2026-01-19 08:38:22
12466,Spring,37.75,2026-01-19 08:38:22
12466,Summer,32.84,2026-01-19 08:38:22
12466,Fall,20.59,2026-01-19 08:38:22
12470,Spring,32.16,2026-01-19 08:38:22
12470,Summer,25.99,2026-01-19 08:38:22
12470,Fall,25.55,2026-01-19 08:38:22
12471,Winter,25.0,2026-01-19 08:38:22
12471,Fall,25.0,2026-01-19 08:38:22
12471,Summer,25.0,2026-01-19 08:38:22
12471,Spring,25.0,2026-01-19 08:38:22
12474,Spring,29.91,2026-01-19 08:38:22
12474,Fall,29.49,2026-01-19 08:38:22
12474,Winter,21.37,2026-01-19 08:38:22
12477,Summer,50.0,2026-01-19 08:38:22
12477,Spring,50.0,2026-01-19 08:38:22
12478,Spring,39.56,2026-01-19 08:38:22
12478,Summer,35.16,2026-01-19 08:38:22
12482,Spring,39.01,2026-01-19 08:38:22
12482,Summer,36.17,2026-01-19 08:38:22
12482,Fall,20.57,2026-01-19 08:38:22
12483,Spring,34.02,2026-01-19 08:38:22
12483,Summer,30.57,2026-01-19 08:38:22
12483,Fall,22.18,2026-01-19 08:38:22
12486,Summer,39.74,2026-01-19 08:38:22
12486,Spring,36.22,2026-01-19 08:38:22
12487,Spring,34.18,2026-01-19 08:38:22
12487,Summer,32.28,2026-01-19 08:38:22
12490,Spring,32.35,2026-01-19 08:38:22
12490,Summer,29.39,2026-01-19 08:38:22
12490,Fall,25.22,2026-01-19 08:38:22
12491,Summer,41.27,2026-01-19 08:38:22
12491,Spring,36.51,2026-01-19 08:38:22
12493,Winter,100.0,2026-01-19 08:38:22
12494,Fall,34.29,2026-01-19 08:38:22
12494,Winter,31.9,2026-01-19 08:38:22
12494,Spring,23.1,2026-01-19 08:38:22
12495,Fall,34.27,2026-01-19 08:38:22
12495,Winter,30.07,2026-01-19 08:38:22
12495,Spring,23.78,2026-01-19 08:38:22
12498,Spring,36.35,2026-01-19 08:38:22
12498,Summer,30.45,2026-01-19 08:38:22
12498,Fall,21.22,2026-01-19 08:38:22
12499,Fall,35.71,2026-01-19 08:38:22
12499,Winter,34.92,2026-01-19 08:38:22
12499,Spring,23.02,2026-01-19 08:38:22
12502,Winter,42.78,2026-01-19 08:38:22
12502,Fall,39.84,2026-01-19 08:38:22
12503,Fall,32.03,2026-01-19 08:38:22
12503,Spring,28.91,2026-01-19 08:38:22
12503,Winter,20.31,2026-01-19 08:38:22
12506,Winter,36.53,2026-01-19 08:38:22
12506,Fall,36.53,2026-01-19 08:38:22
12507,Summer,33.33,2026-01-19 08:38:22
12507,Spring,31.78,2026-01-19 08:38:22
12507,Fall,24.81,2026-01-19 08:38:22
12510,Fall,34.7,2026-01-19 08:38:22
12510,Winter,32.46,2026-01-19 08:38:22
12510,Spring,24.25,2026-01-19 08:38:22
12514,Summer,40.09,2026-01-19 08:38:22
12514,Spring,35.68,2026-01-19 08:38:22
12515,Spring,40.37,2026-01-19 08:38:22
12515,Summer,37.61,2026-01-19 08:38:22
12518,Fall,38.75,2026-01-19 08:38:22
12518,Winter,38.01,2026-01-19 08:38:22
12519,Fall,35.09,2026-01-19 08:38:22
12519,Winter,33.33,2026-01-19 08:38:22
12522,Fall,34.74,2026-01-19 08:38:22
12522,Winter,31.58,2026-01-19 08:38:22
12522,Spring,24.74,2026-01-19 08:38:22
12523,Summer,47.31,2026-01-19 08:38:22
12523,Spring,45.16,2026-01-19 08:38:22
12526,Summer,37.22,2026-01-19 08:38:22
12526,Spring,35.43,2026-01-19 08:38:22
12527,Spring,30.34,2026-01-19 08:38:22
12527,Fall,29.66,2026-01-19 08:38:22
12527,Winter,22.07,2026-01-19 08:38:22
12530,Fall,36.69,2026-01-19 08:38:22
12530,Winter,35.48,2026-01-19 08:38:22
12531,Spring,43.9,2026-01-19 08:38:22
12531,Summer,41.46,2026-01-19 08:38:22
12534,Spring,33.49,2026-01-19 08:38:22
12534,Summer,26.32,2026-01-19 08:38:22
12534,Fall,23.44,2026-01-19 08:38:22
12535,Summer,43.75,2026-01-19 08:38:22
12535,Spring,35.94,2026-01-19 08:38:22
12537,Spring,100.0,2026-01-19 08:38:22
12538,Fall,42.54,2026-01-19 08:38:22
12538,Winter,41.44,2026-01-19 08:38:22
12539,Fall,35.0,2026-01-19 08:38:22
12539,Winter,32.5,2026-01-19 08:38:22
12539,Spring,25.0,2026-01-19 08:38:22
12542,Fall,36.47,2026-01-19 08:38:22
12542,Winter,34.71,2026-01-19 08:38:22
12542,Spring,20.59,2026-01-19 08:38:22
12544,Spring,34.58,2026-01-19 08:38:22
12544,Fall,27.1,2026-01-19 08:38:22
12544,Summer,21.5,2026-01-19 08:38:22
12545,Fall,50.0,2026-01-19 08:38:22
12545,Summer,50.0,2026-01-19 08:38:22
12547,Spring,34.64,2026-01-19 08:38:22
12547,Summer,27.93,2026-01-19 08:38:22
12547,Fall,25.14,2026-01-19 08:38:22
12548,Fall,33.33,2026-01-19 08:38:22
12548,Spring,29.82,2026-01-19 08:38:22
12548,Winter,26.32,2026-01-19 08:38:22
12549,Summer,66.67,2026-01-19 08:38:22
12549,Spring,33.33,2026-01-19 08:38:22
12551,Spring,35.02,2026-01-19 08:38:22
12551,Summer,30.88,2026-01-19 08:38:22
12551,Fall,20.74,2026-01-19 08:38:22
12552,Fall,36.7,2026-01-19 08:38:22
12552,Winter,33.03,2026-01-19 08:38:22
12552,Spring,23.85,2026-01-19 08:38:22
12553,Fall,40.0,2026-01-19 08:38:22
12553,Summer,40.0,2026-01-19 08:38:22
12553,Spring,20.0,2026-01-19 08:38:22
12555,Spring,34.57,2026-01-19 08:38:22
12555,Summer,32.72,2026-01-19 08:38:22
12555,Fall,20.37,2026-01-19 08:38:22
12556,Summer,50.0,2026-01-19 08:38:22
12556,Spring,50.0,2026-01-19 08:38:22
12557,Spring,39.74,2026-01-19 08:38:22
12557,Summer,30.77,2026-01-19 08:38:22
12558,Winter,42.14,2026-01-19 08:38:22
12558,Fall,38.99,2026-01-19 08:38:22
12561,Spring,43.24,2026-01-19 08:38:22
12561,Summer,40.54,2026-01-19 08:38:22
12562,Fall,32.22,2026-01-19 08:38:22
12562,Spring,28.33,2026-01-19 08:38:22
12562,Winter,25.0,2026-01-19 08:38:22
12565,Winter,39.53,2026-01-19 08:38:22
12565,Fall,36.05,2026-01-19 08:38:22
12566,Fall,35.52,2026-01-19 08:38:22
12566,Winter,34.43,2026-01-19 08:38:22
12569,Spring,30.23,2026-01-19 08:38:22
12569,Fall,25.58,2026-01-19 08:38:22
12569,Winter,23.26,2026-01-19 08:38:22
12569,Summer,20.93,2026-01-19 08:38:22
12570,Fall,39.41,2026-01-19 08:38:22
12570,Winter,29.41,2026-01-19 08:38:22
12570,Spring,20.0,2026-01-19 08:38:22
12573,Spring,35.71,2026-01-19 08:38:22
12573,Summer,29.76,2026-01-19 08:38:22
12573,Fall,22.62,2026-01-19 08:38:22
12574,Spring,35.67,2026-01-19 08:38:22
12574,Summer,31.58,2026-01-19 08:38:22
12574,Fall,22.22,2026-01-19 08:38:22
12576,Summer,50.0,2026-01-19 08:38:22
12576,Spring,50.0,2026-01-19 08:38:22
12577,Spring,34.15,2026-01-19 08:38:22
12577,Fall,29.27,2026-01-19 08:38:22
12577,Winter,20.73,2026-01-19 08:38:22
12578,Fall,39.16,2026-01-19 08:38:22
12578,Winter,33.57,2026-01-19 08:38:22
12578,Spring,20.28,2026-01-19 08:38:22
12581,Spring,28.97,2026-01-19 08:38:22
12581,Summer,27.1,2026-01-19 08:38:22
12581,Fall,24.3,2026-01-19 08:38:22
12582,Spring,32.92,2026-01-19 08:38:22
12582,Fall,26.71,2026-01-19 08:38:22
12582,Summer,24.84,2026-01-19 08:38:22
12585,Spring,40.85,2026-01-19 08:38:22
12585,Summer,36.62,2026-01-19 08:38:22
12586,Fall,34.27,2026-01-19 08:38:22
12586,Winter,27.27,2026-01-19 08:38:22
12586,Spring,27.27,2026-01-19 08:38:22
12588,Summer,100.0,2026-01-19 08:38:22
12589,Fall,39.34,2026-01-19 08:38:22
12589,Winter,37.7,2026-01-19 08:38:22
12590,Spring,36.29,2026-01-19 08:38:22
12590,Summer,29.03,2026-01-19 08:38:22
12590,Fall,20.97,2026-01-19 08:38:22
12592,Summer,100.0,2026-01-19 08:38:22
12593,Summer,40.74,2026-01-19 08:38:22
12593,Spring,38.89,2026-01-19 08:38:22
12594,Spring,29.27,2026-01-19 08:38:22
12594,Summer,26.83,2026-01-19 08:38:22
12594,Fall,26.02,2026-01-19 08:38:22
12596,Summer,50.0,2026-01-19 08:38:22
12596,Spring,50.0,2026-01-19 08:38:22
12597,Spring,31.82,2026-01-19 08:38:22
12597,Fall,27.27,2026-01-19 08:38:22
12597,Summer,25.76,2026-01-19 08:38:22
12598,Spring,35.16,2026-01-19 08:38:22
12598,Summer,28.12,2026-01-19 08:38:22
12598,Fall,23.44,2026-01-19 08:38:22
12600,Summer,50.0,2026-01-19 08:38:22
12600,Spring,50.0,2026-01-19 08:38:22
12601,Fall,35.38,2026-01-19 08:38:22
12601,Spring,29.23,2026-01-19 08:38:22
12601,Winter,26.15,2026-01-19 08:38:22
12602,Fall,32.32,2026-01-19 08:38:22
12602,Winter,27.27,2026-01-19 08:38:22
12602,Spring,25.25,2026-01-19 08:38:22
12605,Winter,40.0,2026-01-19 08:38:22
12605,Fall,32.5,2026-01-19 08:38:22
12606,Spring,30.91,2026-01-19 08:38:22
12606,Fall,29.09,2026-01-19 08:38:22
12606,Winter,21.82,2026-01-19 08:38:22
12609,Fall,28.89,2026-01-19 08:38:22
12609,Spring,26.67,2026-01-19 08:38:22
12609,Winter,22.22,2026-01-19 08:38:22
12609,Summer,22.22,2026-01-19 08:38:22
12610,Spring,33.66,2026-01-19 08:38:22
12610,Fall,29.7,2026-01-19 08:38:22
12613,Spring,51.61,2026-01-19 08:38:22
12613,Summer,48.39,2026-01-19 08:38:22
12616,Summer,50.0,2026-01-19 08:38:22
12616,Spring,50.0,2026-01-19 08:38:22
12617,Fall,30.43,2026-01-19 08:38:22
12617,Winter,28.26,2026-01-19 08:38:22
12617,Spring,21.74,2026-01-19 08:38:22
12618,Fall,37.19,2026-01-19 08:38:22
12618,Winter,33.88,2026-01-19 08:38:22
12618,Spring,21.49,2026-01-19 08:38:22
12621,Fall,42.86,2026-01-19 08:38:22
12621,Winter,39.29,2026-01-19 08:38:22
12622,Fall,35.79,2026-01-19 08:38:22
12622,Winter,30.53,2026-01-19 08:38:22
12622,Spring,22.11,2026-01-19 08:38:22
12624,Spring,100.0,2026-01-19 08:38:22
12625,Fall,33.33,2026-01-19 08:38:22
12625,Winter,27.78,2026-01-19 08:38:22
12625,Spring,25.93,2026-01-19 08:38:22
12629,Winter,35.56,2026-01-19 08:38:22
12629,Fall,31.11,2026-01-19 08:38:22
12629,Spring,26.67,2026-01-19 08:38:22
12631,Spring,32.61,2026-01-19 08:38:22
12631,Fall,28.26,2026-01-19 08:38:22
12631,Winter,21.74,2026-01-19 08:38:22
12633,Spring,29.79,2026-01-19 08:38:22
12633,Winter,27.66,2026-01-19 08:38:22
12633,Fall,27.66,2026-01-19 08:38:22
12634,Spring,33.33,2026-01-19 08:38:22
12634,Summer,27.35,2026-01-19 08:38:22
12634,Fall,24.79,2026-01-19 08:38:22
12635,Winter,49.53,2026-01-19 08:38:22
12635,Fall,42.17,2026-01-19 08:38:22
12637,Spring,29.27,2026-01-19 08:38:22
12637,Winter,26.83,2026-01-19 08:38:22
12637,Fall,26.83,2026-01-19 08:38:22
12638,Fall,31.94,2026-01-19 08:38:22
12638,Winter,28.38,2026-01-19 08:38:22
12638,Spring,25.77,2026-01-19 08:38:22
12639,Spring,34.52,2026-01-19 08:38:22
12639,Summer,30.95,2026-01-19 08:38:22
12639,Fall,22.62,2026-01-19 08:38:22
12641,Fall,31.03,2026-01-19 08:38:22
12641,Spring,31.03,2026-01-19 08:38:22
12641,Summer,20.69,2026-01-19 08:38:22
12642,Summer,35.44,2026-01-19 08:38:22
12642,Spring,30.38,2026-01-19 08:38:22
12642,Fall,21.52,2026-01-19 08:38:22
12644,Winter,44.25,2026-01-19 08:38:22
12644,Fall,42.3,2026-01-19 08:38:22
12645,Fall,31.82,2026-01-19 08:38:22
12645,Spring,31.82,2026-01-19 08:38:22
12646,Spring,35.48,2026-01-19 08:38:22
12646,Summer,29.03,2026-01-19 08:38:22
12646,Fall,24.73,2026-01-19 08:38:22
12647,Winter,100.0,2026-01-19 08:38:22
12648,Fall,38.87,2026-01-19 08:38:22
12648,Winter,37.79,2026-01-19 08:38:22
12649,Spring,33.33,2026-01-19 08:38:22
12649,Summer,27.78,2026-01-19 08:38:22
12649,Fall,22.22,2026-01-19 08:38:22
12650,Winter,41.89,2026-01-19 08:38:22
12650,Fall,38.4,2026-01-19 08:38:22
12652,Fall,33.33,2026-01-19 08:38:22
12652,Spring,28.99,2026-01-19 08:38:22
12652,Winter,21.74,2026-01-19 08:38:22
12653,Winter,32.14,2026-01-19 08:38:22
12653,Fall,32.14,2026-01-19 08:38:22
12653,Spring,21.43,2026-01-19 08:38:22
12655,Fall,36.75,2026-01-19 08:38:22
12655,Winter,30.6,2026-01-19 08:38:22
12655,Spring,22.54,2026-01-19 08:38:22
12656,Fall,33.33,2026-01-19 08:38:22
12656,Winter,32.1,2026-01-19 08:38:22
12656,Spring,23.46,2026-01-19 08:38:22
12660,Fall,32.77,2026-01-19 08:38:22
12660,Spring,27.73,2026-01-19 08:38:22
12660,Winter,24.58,2026-01-19 08:38:22
12665,Fall,50.0,2026-01-19 08:38:22
12665,Winter,25.0,2026-01-19 08:38:22
12665,Summer,25.0,2026-01-19 08:38:22
12666,Summer,38.46,2026-01-19 08:38:22
12666,Spring,36.54,2026-01-19 08:38:22
12667,Winter,28.0,2026-01-19 08:38:22
12667,Fall,28.0,2026-01-19 08:38:22
12667,Spring,28.0,2026-01-19 08:38:22
12671,Fall,33.33,2026-01-19 08:38:22
12671,Spring,33.33,2026-01-19 08:38:22
12674,Spring,33.33,2026-01-19 08:38:22
12674,Fall,28.57,2026-01-19 08:38:22
12674,Summer,21.43,2026-01-19 08:38:22
12675,Winter,30.77,2026-01-19 08:38:22
12675,Spring,30.77,2026-01-19 08:38:22
12675,Summer,23.08,2026-01-19 08:38:22
12676,Fall,33.05,2026-01-19 08:38:22
12676,Winter,28.97,2026-01-19 08:38:22
12676,Spring,27.68,2026-01-19 08:38:22
12679,Spring,35.09,2026-01-19 08:38:22
12679,Summer,31.58,2026-01-19 08:38:22
12679,Fall,21.05,2026-01-19 08:38:22
12680,Winter,39.73,2026-01-19 08:38:22
12680,Fall,39.73,2026-01-19 08:38:22
12681,Winter,50.0,2026-01-19 08:38:22
12681,Spring,50.0,2026-01-19 08:38:22
12683,Fall,36.11,2026-01-19 08:38:22
12683,Winter,33.33,2026-01-19 08:38:22
12683,Spring,22.22,2026-01-19 08:38:22
12687,Spring,31.75,2026-01-19 08:38:22
12687,Summer,26.98,2026-01-19 08:38:22
12687,Fall,25.4,2026-01-19 08:38:22
12688,Fall,32.06,2026-01-19 08:38:22
12688,Winter,27.03,2026-01-19 08:38:22
12688,Spring,25.84,2026-01-19 08:38:22
12691,Fall,29.17,2026-01-19 08:38:22
12691,Winter,27.08,2026-01-19 08:38:22
12691,Spring,27.08,2026-01-19 08:38:22
12692,Fall,31.78,2026-01-19 08:38:22
12692,Spring,26.69,2026-01-19 08:38:22
12692,Winter,25.0,2026-01-19 08:38:22
12696,Fall,44.27,2026-01-19 08:38:22
12696,Winter,38.54,2026-01-19 08:38:22
12698,Spring,30.77,2026-01-19 08:38:22
12698,Summer,28.85,2026-01-19 08:38:22
12698,Fall,25.0,2026-01-19 08:38:22
12700,Summer,39.69,2026-01-19 08:38:22
12700,Spring,39.69,2026-01-19 08:38:22
12704,Spring,35.15,2026-01-19 08:38:22
12704,Summer,31.38,2026-01-19 08:38:22
12704,Fall,23.01,2026-01-19 08:38:22
12707,Fall,30.19,2026-01-19 08:38:22
12707,Spring,26.42,2026-01-19 08:38:22
12707,Summer,24.53,2026-01-19 08:38:22
12711,Fall,30.95,2026-01-19 08:38:22
12711,Spring,28.57,2026-01-19 08:38:22
12711,Winter,23.81,2026-01-19 08:38:22
12712,Fall,34.65,2026-01-19 08:38:22
12712,Spring,27.06,2026-01-19 08:38:22
12712,Winter,26.07,2026-01-19 08:38:22
12719,Fall,37.84,2026-01-19 08:38:22
12719,Winter,35.14,2026-01-19 08:38:22
12719,Spring,21.62,2026-01-19 08:38:22
12720,Fall,41.94,2026-01-19 08:38:22
12720,Winter,39.25,2026-01-19 08:38:22
12722,Spring,31.58,2026-01-19 08:38:22
12722,Winter,28.95,2026-01-19 08:38:22
12722,Fall,26.32,2026-01-19 08:38:22
12724,Fall,31.48,2026-01-19 08:38:22
12724,Spring,27.78,2026-01-19 08:38:22
12724,Winter,25.93,2026-01-19 08:38:22
12725,Summer,50.0,2026-01-19 08:38:22
12725,Spring,50.0,2026-01-19 08:38:22
12728,Summer,40.39,2026-01-19 08:38:22
12728,Spring,40.39,2026-01-19 08:38:22
12730,Fall,41.18,2026-01-19 08:38:22
12730,Winter,35.29,2026-01-19 08:38:22
12732,Fall,33.88,2026-01-19 08:38:22
12732,Winter,30.61,2026-01-19 08:38:22
12732,Spring,22.04,2026-01-19 08:38:22
12734,Spring,35.48,2026-01-19 08:38:22
12734,Summer,25.81,2026-01-19 08:38:22
12734,Fall,22.58,2026-01-19 08:38:22
12736,Summer,43.51,2026-01-19 08:38:22
12736,Spring,38.17,2026-01-19 08:38:22
12738,Winter,40.91,2026-01-19 08:38:22
12738,Fall,36.36,2026-01-19 08:38:22
12740,Fall,39.82,2026-01-19 08:38:22
12740,Winter,38.91,2026-01-19 08:38:22
12744,Fall,37.3,2026-01-19 08:38:22
12744,Winter,34.84,2026-01-19 08:38:22
12747,Summer,34.29,2026-01-19 08:38:22
12747,Spring,34.29,2026-01-19 08:38:22
12747,Fall,22.86,2026-01-19 08:38:22
12748,Winter,25.0,2026-01-19 08:38:22
12748,Fall,25.0,2026-01-19 08:38:22
12748,Summer,25.0,2026-01-19 08:38:22
12748,Spring,25.0,2026-01-19 08:38:22
12749,Fall,40.0,2026-01-19 08:38:22
12749,Winter,38.82,2026-01-19 08:38:22
12750,Fall,31.82,2026-01-19 08:38:22
12750,Spring,31.82,2026-01-19 08:38:22
12750,Summer,27.27,2026-01-19 08:38:22
12752,Summer,38.23,2026-01-19 08:38:22
12752,Spring,36.42,2026-01-19 08:38:22
12753,Fall,32.17,2026-01-19 08:38:22
12753,Winter,28.29,2026-01-19 08:38:22
12753,Spring,25.19,2026-01-19 08:38:22
12754,Spring,28.0,2026-01-19 08:38:22
12754,Fall,26.0,2026-01-19 08:38:22
12754,Summer,24.0,2026-01-19 08:38:22
12754,Winter,22.0,2026-01-19 08:38:22
12756,Spring,36.24,2026-01-19 08:38:22
12756,Summer,33.33,2026-01-19 08:38:22
12756,Fall,22.69,2026-01-19 08:38:22
12757,Fall,39.16,2026-01-19 08:38:22
12757,Winter,32.87,2026-01-19 08:38:22
12757,Spring,21.68,2026-01-19 08:38:22
12758,Fall,32.35,2026-01-19 08:38:22
12758,Winter,26.47,2026-01-19 08:38:22
12758,Spring,26.47,2026-01-19 08:38:22
12760,Summer,41.04,2026-01-19 08:38:22
12760,Spring,38.06,2026-01-19 08:38:22
12761,Fall,37.68,2026-01-19 08:38:22
12761,Winter,37.49,2026-01-19 08:38:22
12762,Fall,33.33,2026-01-19 08:38:22
12762,Spring,33.33,2026-01-19 08:38:22
12764,Spring,35.2,2026-01-19 08:38:22
12764,Summer,29.08,2026-01-19 08:38:22
12764,Fall,21.94,2026-01-19 08:38:22
12765,Summer,39.36,2026-01-19 08:38:22
12765,Spring,36.88,2026-01-19 08:38:22
12766,Winter,36.36,2026-01-19 08:38:22
12766,Fall,36.36,2026-01-19 08:38:22
12766,Spring,21.21,2026-01-19 08:38:22
12767,Summer,50.0,2026-01-19 08:38:22
12767,Spring,50.0,2026-01-19 08:38:22
12768,Spring,32.57,2026-01-19 08:38:22
12768,Fall,32.0,2026-01-19 08:38:22
12768,Winter,24.0,2026-01-19 08:38:22
12769,Summer,33.98,2026-01-19 08:38:22
12769,Spring,33.87,2026-01-19 08:38:22
12769,Fall,22.65,2026-01-19 08:38:22
12770,Fall,32.0,2026-01-19 08:38:22
12770,Spring,28.0,2026-01-19 08:38:22
12770,Winter,24.0,2026-01-19 08:38:22
12772,Fall,35.2,2026-01-19 08:38:22
12772,Winter,34.69,2026-01-19 08:38:22
12773,Summer,48.48,2026-01-19 08:38:22
12773,Spring,39.63,2026-01-19 08:38:22
12774,Summer,41.67,2026-01-19 08:38:22
12774,Spring,41.67,2026-01-19 08:38:22
12776,Spring,34.95,2026-01-19 08:38:22
12776,Summer,29.03,2026-01-19 08:38:22
12776,Fall,25.81,2026-01-19 08:38:22
12777,Summer,37.29,2026-01-19 08:38:22
12777,Spring,36.14,2026-01-19 08:38:22
12777,Fall,20.31,2026-01-19 08:38:22
12778,Spring,37.5,2026-01-19 08:38:22
12778,Summer,33.33,2026-01-19 08:38:22
12778,Fall,25.0,2026-01-19 08:38:22
12779,Winter,50.0,2026-01-19 08:38:22
12779,Fall,50.0,2026-01-19 08:38:22
12780,Spring,32.89,2026-01-19 08:38:22
12780,Fall,28.19,2026-01-19 08:38:22
12780,Winter,24.83,2026-01-19 08:38:22
12781,Fall,36.33,2026-01-19 08:38:22
12781,Winter,34.76,2026-01-19 08:38:22
12781,Spring,20.54,2026-01-19 08:38:22
12782,Winter,35.29,2026-01-19 08:38:22
12782,Fall,35.29,2026-01-19 08:38:22
12784,Winter,44.72,2026-01-19 08:38:22
12784,Fall,43.09,2026-01-19 08:38:22
12785,Fall,35.16,2026-01-19 08:38:22
12785,Winter,30.1,2026-01-19 08:38:22
12785,Spring,24.21,2026-01-19 08:38:22
12786,Fall,36.36,2026-01-19 08:38:22
12786,Winter,33.33,2026-01-19 08:38:22
12786,Spring,21.21,2026-01-19 08:38:22
12789,Fall,35.05,2026-01-19 08:38:22
12789,Winter,32.48,2026-01-19 08:38:22
12789,Spring,23.13,2026-01-19 08:38:22
12790,Summer,27.27,2026-01-19 08:38:22
12790,Spring,27.27,2026-01-19 08:38:22
12790,Fall,24.24,2026-01-19 08:38:22
12790,Winter,21.21,2026-01-19 08:38:22
12792,Spring,31.78,2026-01-19 08:38:22
12792,Summer,28.68,2026-01-19 08:38:22
12792,Fall,25.58,2026-01-19 08:38:22
12793,Fall,35.33,2026-01-19 08:38:22
12793,Winter,32.79,2026-01-19 08:38:22
12793,Spring,23.01,2026-01-19 08:38:22
12794,Spring,37.5,2026-01-19 08:38:22
12794,Summer,31.25,2026-01-19 08:38:22
12796,Winter,39.68,2026-01-19 08:38:22
12796,Fall,38.1,2026-01-19 08:38:22
12798,Winter,33.33,2026-01-19 08:38:22
12798,Fall,33.33,2026-01-19 08:38:22
12798,Spring,22.22,2026-01-19 08:38:22
12799,Spring,31.22,2026-01-19 08:38:22
12799,Fall,27.14,2026-01-19 08:38:22
12799,Summer,27.14,2026-01-19 08:38:22
12800,Spring,32.14,2026-01-19 08:38:22
12800,Fall,29.39,2026-01-19 08:38:22
12800,Summer,21.35,2026-01-19 08:38:22
12802,Fall,32.98,2026-01-19 08:38:22
12802,Winter,28.32,2026-01-19 08:38:22
12802,Spring,25.72,2026-01-19 08:38:22
12803,Fall,33.98,2026-01-19 08:38:22
12803,Spring,27.18,2026-01-19 08:38:22
12803,Winter,24.92,2026-01-19 08:38:22
12804,Spring,33.24,2026-01-19 08:38:22
12804,Summer,28.92,2026-01-19 08:38:22
12804,Fall,25.14,2026-01-19 08:38:22
12806,Spring,32.69,2026-01-19 08:38:22
12806,Summer,27.8,2026-01-19 08:38:22
12806,Fall,24.62,2026-01-19 08:38:22
12807,Spring,32.92,2026-01-19 08:38:22
12807,Summer,29.54,2026-01-19 08:38:22
12807,Fall,26.77,2026-01-19 08:38:22
12808,Summer,37.46,2026-01-19 08:38:22
12808,Spring,36.75,2026-01-19 08:38:22
12810,Fall,30.5,2026-01-19 08:38:22
12810,Spring,28.94,2026-01-19 08:38:22
12810,Winter,23.48,2026-01-19 08:38:22
12811,Fall,31.95,2026-01-19 08:38:22
12811,Spring,30.45,2026-01-19 08:38:22
12812,Fall,34.64,2026-01-19 08:38:22
12812,Winter,34.38,2026-01-19 08:38:22
12812,Spring,21.35,2026-01-19 08:38:22
12814,Fall,39.23,2026-01-19 08:38:22
12814,Winter,38.65,2026-01-19 08:38:22
12815,Spring,31.07,2026-01-19 08:38:22
12815,Fall,30.0,2026-01-19 08:38:22
12815,Summer,23.93,2026-01-19 08:38:22
12816,Fall,35.02,2026-01-19 08:38:22
12816,Winter,33.57,2026-01-19 08:38:22
12816,Spring,22.02,2026-01-19 08:38:22
12818,Spring,33.66,2026-01-19 08:38:22
12818,Fall,27.72,2026-01-19 08:38:22
12818,Summer,25.74,2026-01-19 08:38:22
12819,Fall,30.54,2026-01-19 08:38:22
12819,Spring,28.54,2026-01-19 08:38:22
12819,Winter,21.86,2026-01-19 08:38:22
12820,Fall,36.43,2026-01-19 08:38:22
12820,Winter,34.5,2026-01-19 08:38:22
12820,Spring,21.71,2026-01-19 08:38:22
12822,Spring,30.89,2026-01-19 08:38:22
12822,Fall,29.84,2026-01-19 08:38:22
12822,Summer,24.08,2026-01-19 08:38:22
12823,Winter,44.57,2026-01-19 08:38:22
12823,Fall,43.76,2026-01-19 08:38:22
12824,Spring,30.79,2026-01-19 08:38:22
12824,Fall,29.66,2026-01-19 08:38:22
12826,Fall,33.33,2026-01-19 08:38:22
12826,Spring,30.73,2026-01-19 08:38:22
12826,Winter,21.88,2026-01-19 08:38:22
12827,Spring,32.97,2026-01-19 08:38:22
12827,Summer,29.38,2026-01-19 08:38:22
12827,Fall,25.07,2026-01-19 08:38:22
12828,Fall,37.96,2026-01-19 08:38:22
12828,Winter,36.86,2026-01-19 08:38:22
12830,Fall,36.2,2026-01-19 08:38:22
12830,Winter,30.67,2026-01-19 08:38:22
12830,Spring,23.31,2026-01-19 08:38:22
12831,Spring,33.81,2026-01-19 08:38:22
12831,Summer,27.09,2026-01-19 08:38:22
12831,Fall,25.83,2026-01-19 08:38:22
12832,Fall,30.97,2026-01-19 08:38:22
12832,Spring,29.35,2026-01-19 08:38:22
12832,Winter,23.23,2026-01-19 08:38:22
12834,Summer,47.54,2026-01-19 08:38:22
12834,Spring,40.16,2026-01-19 08:38:22
12835,Fall,35.02,2026-01-19 08:38:22
12835,Winter,29.43,2026-01-19 08:38:22
12835,Spring,25.03,2026-01-19 08:38:22
12836,Fall,36.57,2026-01-19 08:38:22
12836,Winter,35.07,2026-01-19 08:38:22
12836,Spring,20.15,2026-01-19 08:38:22
12837,Winter,33.33,2026-01-19 08:38:22
12837,Fall,33.33,2026-01-19 08:38:22
12837,Spring,33.33,2026-01-19 08:38:22
12838,Spring,34.69,2026-01-19 08:38:22
12838,Summer,26.53,2026-01-19 08:38:22
12838,Fall,23.81,2026-01-19 08:38:22
12839,Fall,31.38,2026-01-19 08:38:22
12839,Winter,27.08,2026-01-19 08:38:22
12839,Spring,26.2,2026-01-19 08:38:22
12842,Spring,31.0,2026-01-19 08:38:22
12842,Fall,30.0,2026-01-19 08:38:22
12842,Summer,21.0,2026-01-19 08:38:22
12843,Fall,37.31,2026-01-19 08:38:22
12843,Winter,34.3,2026-01-19 08:38:22
12843,Spring,20.04,2026-01-19 08:38:22
12844,Spring,32.81,2026-01-19 08:38:22
12844,Summer,28.85,2026-01-19 08:38:22
12844,Fall,25.3,2026-01-19 08:38:22
12846,Spring,40.77,2026-01-19 08:38:22
12846,Summer,36.15,2026-01-19 08:38:22
12847,Fall,32.15,2026-01-19 08:38:22
12847,Winter,27.35,2026-01-19 08:38:22
12847,Spring,25.31,2026-01-19 08:38:22
12849,Fall,33.21,2026-01-19 08:38:22
12849,Winter,28.57,2026-01-19 08:38:22
12849,Spring,25.36,2026-01-19 08:38:22
12850,Spring,32.29,2026-01-19 08:38:22
12850,Fall,28.12,2026-01-19 08:38:22
12851,Fall,38.28,2026-01-19 08:38:22
12851,Winter,36.38,2026-01-19 08:38:22
12852,Summer,100.0,2026-01-19 08:38:22
12853,Fall,36.29,2026-01-19 08:38:22
12853,Winter,29.11,2026-01-19 08:38:22
12853,Spring,24.05,2026-01-19 08:38:22
12854,Spring,38.98,2026-01-19 08:38:22
12854,Summer,27.97,2026-01-19 08:38:22
12854,Fall,21.19,2026-01-19 08:38:22
12855,Fall,35.95,2026-01-19 08:38:22
12855,Winter,31.55,2026-01-19 08:38:22
12855,Spring,21.99,2026-01-19 08:38:22
12857,Fall,31.91,2026-01-19 08:38:22
12857,Spring,29.28,2026-01-19 08:38:22
12857,Winter,24.34,2026-01-19 08:38:22
12858,Fall,28.35,2026-01-19 08:38:22
12858,Spring,27.56,2026-01-19 08:38:22
12858,Winter,22.05,2026-01-19 08:38:22
12858,Summer,22.05,2026-01-19 08:38:22
12859,Fall,37.1,2026-01-19 08:38:22
12859,Winter,35.88,2026-01-19 08:38:22
12859,Spring,20.76,2026-01-19 08:38:22
12861,Spring,29.84,2026-01-19 08:38:22
12861,Fall,29.18,2026-01-19 08:38:22
12861,Winter,22.3,2026-01-19 08:38:22
12862,Spring,39.33,2026-01-19 08:38:22
12862,Summer,26.97,2026-01-19 08:38:22
12862,Fall,24.72,2026-01-19 08:38:22
12863,Winter,25.0,2026-01-19 08:38:22
12863,Fall,25.0,2026-01-19 08:38:22
12863,Summer,25.0,2026-01-19 08:38:22
12863,Spring,25.0,2026-01-19 08:38:22
12864,Spring,30.7,2026-01-19 08:38:22
12864,Fall,28.51,2026-01-19 08:38:22
12864,Summer,23.46,2026-01-19 08:38:22
12868,Fall,39.19,2026-01-19 08:38:22
12868,Winter,38.31,2026-01-19 08:38:22
12869,Fall,30.39,2026-01-19 08:38:22
12869,Winter,28.27,2026-01-19 08:38:22
12869,Spring,25.09,2026-01-19 08:38:22
12870,Spring,37.33,2026-01-19 08:38:22
12870,Summer,33.33,2026-01-19 08:38:22
12870,Fall,20.0,2026-01-19 08:38:22
12872,Winter,39.54,2026-01-19 08:38:22
12872,Fall,37.87,2026-01-19 08:38:22
12873,Fall,32.02,2026-01-19 08:38:22
12873,Spring,31.58,2026-01-19 08:38:22
12873,Winter,24.56,2026-01-19 08:38:22
12874,Spring,38.36,2026-01-19 08:38:22
12874,Summer,36.99,2026-01-19 08:38:22
12876,Winter,43.32,2026-01-19 08:38:22
12876,Fall,42.24,2026-01-19 08:38:22
12879,Summer,50.0,2026-01-19 08:38:22
12879,Spring,36.96,2026-01-19 08:38:22
12884,Spring,30.22,2026-01-19 08:38:22
12884,Fall,29.67,2026-01-19 08:38:22
12884,Summer,20.33,2026-01-19 08:38:22
12885,Summer,41.76,2026-01-19 08:38:22
12885,Spring,39.41,2026-01-19 08:38:22
12886,Spring,27.89,2026-01-19 08:38:22
12886,Fall,27.21,2026-01-19 08:38:22
12886,Summer,25.85,2026-01-19 08:38:22
12888,Winter,41.58,2026-01-19 08:38:22
12888,Fall,39.66,2026-01-19 08:38:22
12890,Spring,34.94,2026-01-19 08:38:22
12890,Fall,26.51,2026-01-19 08:38:22
12890,Summer,23.49,2026-01-19 08:38:22
12892,Fall,38.82,2026-01-19 08:38:22
12892,Winter,36.61,2026-01-19 08:38:22
12893,Spring,34.06,2026-01-19 08:38:22
12893,Fall,29.71,2026-01-19 08:38:22
12893,Summer,23.91,2026-01-19 08:38:22
12894,Fall,33.05,2026-01-19 08:38:22
12894,Winter,29.66,2026-01-19 08:38:22
12894,Spring,24.58,2026-01-19 08:38:22
12896,Fall,35.88,2026-01-19 08:38:22
12896,Winter,29.94,2026-01-19 08:38:22
12896,Spring,22.08,2026-01-19 08:38:22
12897,Fall,30.85,2026-01-19 08:38:22
12897,Spring,28.72,2026-01-19 08:38:22
12897,Winter,25.0,2026-01-19 08:38:22
12898,Summer,100.0,2026-01-19 08:38:22
12899,Spring,32.93,2026-01-19 08:38:22
12899,Fall,25.75,2026-01-19 08:38:22
12899,Summer,23.95,2026-01-19 08:38:22
12900,Winter,43.95,2026-01-19 08:38:22
12900,Fall,38.14,2026-01-19 08:38:22
12901,Spring,34.29,2026-01-19 08:38:22
12901,Fall,30.48,2026-01-19 08:38:22
12901,Summer,23.81,2026-01-19 08:38:22
12902,Winter,33.33,2026-01-19 08:38:22
12902,Fall,33.33,2026-01-19 08:38:22
12902,Summer,33.33,2026-01-19 08:38:22
12903,Fall,36.52,2026-01-19 08:38:22
12903,Spring,26.09,2026-01-19 08:38:22
12903,Winter,24.35,2026-01-19 08:38:22
12904,Fall,37.84,2026-01-19 08:38:22
12904,Winter,33.78,2026-01-19 08:38:22
12904,Spring,21.62,2026-01-19 08:38:22
12905,Fall,36.15,2026-01-19 08:38:22
12905,Winter,35.68,2026-01-19 08:38:22
12905,Spring,20.19,2026-01-19 08:38:22
12906,Summer,100.0,2026-01-19 08:38:22
12907,Summer,40.0,2026-01-19 08:38:22
12907,Spring,40.0,2026-01-19 08:38:22
12908,Spring,35.52,2026-01-19 08:38:22
12908,Fall,25.06,2026-01-19 08:38:22
12908,Summer,23.6,2026-01-19 08:38:22
12909,Winter,37.86,2026-01-19 08:38:22
12909,Fall,37.86,2026-01-19 08:38:22
12911,Winter,40.57,2026-01-19 08:38:22
12911,Fall,40.57,2026-01-19 08:38:22
12912,Spring,37.15,2026-01-19 08:38:22
12912,Summer,33.33,2026-01-19 08:38:22
12912,Fall,20.83,2026-01-19 08:38:22
12913,Winter,36.75,2026-01-19 08:38:22
12913,Fall,36.14,2026-01-19 08:38:22
12913,Spring,20.48,2026-01-19 08:38:22
12915,Spring,34.91,2026-01-19 08:38:22
12915,Summer,25.47,2026-01-19 08:38:22
12915,Fall,23.58,2026-01-19 08:38:22
12918,Summer,50.0,2026-01-19 08:38:22
12918,Spring,50.0,2026-01-19 08:38:22
12920,Fall,37.58,2026-01-19 08:38:22
12920,Winter,31.21,2026-01-19 08:38:22
12920,Spring,22.42,2026-01-19 08:38:22
12921,Spring,38.92,2026-01-19 08:38:22
12921,Summer,32.97,2026-01-19 08:38:22
12923,Fall,35.11,2026-01-19 08:38:22
12923,Winter,28.72,2026-01-19 08:38:22
12923,Spring,24.47,2026-01-19 08:38:22
12924,Spring,33.33,2026-01-19 08:38:22
12924,Summer,26.99,2026-01-19 08:38:22
12924,Fall,23.93,2026-01-19 08:38:22
12925,Fall,33.19,2026-01-19 08:38:22
12925,Spring,29.2,2026-01-19 08:38:22
12925,Winter,23.89,2026-01-19 08:38:22
12927,Fall,42.53,2026-01-19 08:38:22
12927,Winter,36.78,2026-01-19 08:38:22
12928,Fall,37.31,2026-01-19 08:38:22
12928,Winter,35.22,2026-01-19 08:38:22
12929,Spring,28.57,2026-01-19 08:38:22
12929,Fall,28.1,2026-01-19 08:38:22
12929,Winter,23.33,2026-01-19 08:38:22
12929,Summer,20.0,2026-01-19 08:38:22
12930,Winter,25.0,2026-01-19 08:38:22
12930,Fall,25.0,2026-01-19 08:38:22
12930,Summer,25.0,2026-01-19 08:38:22
12930,Spring,25.0,2026-01-19 08:38:22
12931,Summer,36.8,2026-01-19 08:38:22
12931,Spring,36.0,2026-01-19 08:38:22
12931,Fall,20.0,2026-01-19 08:38:22
12932,Fall,30.03,2026-01-19 08:38:22
12932,Spring,29.22,2026-01-19 08:38:22
12932,Winter,20.64,2026-01-19 08:38:22
12932,Summer,20.11,2026-01-19 08:38:22
12933,Fall,35.54,2026-01-19 08:38:22
12933,Winter,33.13,2026-01-19 08:38:22
12933,Spring,25.3,2026-01-19 08:38:22
12934,Summer,50.0,2026-01-19 08:38:22
12934,Spring,50.0,2026-01-19 08:38:22
12935,Spring,38.04,2026-01-19 08:38:22
12935,Summer,29.35,2026-01-19 08:38:22
12935,Fall,22.83,2026-01-19 08:38:22
12936,Spring,33.8,2026-01-19 08:38:22
12936,Summer,30.05,2026-01-19 08:38:22
12936,Fall,24.41,2026-01-19 08:38:22
12937,Fall,36.21,2026-01-19 08:38:22
12937,Winter,33.33,2026-01-19 08:38:22
12939,Fall,38.81,2026-01-19 08:38:22
12939,Winter,31.34,2026-01-19 08:38:22
12940,Fall,37.81,2026-01-19 08:38:22
12940,Winter,36.82,2026-01-19 08:38:22
12941,Spring,32.64,2026-01-19 08:38:22
12941,Fall,26.94,2026-01-19 08:38:22
12941,Summer,23.83,2026-01-19 08:38:22
12942,Summer,100.0,2026-01-19 08:38:22
12943,Winter,39.33,2026-01-19 08:38:22
12943,Fall,37.08,2026-01-19 08:38:22
12944,Fall,31.4,2026-01-19 08:38:22
12944,Spring,27.91,2026-01-19 08:38:22
12944,Winter,22.38,2026-01-19 08:38:22
12945,Spring,32.93,2026-01-19 08:38:22
12945,Fall,25.15,2026-01-19 08:38:22
12945,Summer,23.95,2026-01-19 08:38:22
12947,Summer,40.26,2026-01-19 08:38:22
12947,Spring,37.66,2026-01-19 08:38:22
12948,Spring,33.19,2026-01-19 08:38:22
12948,Summer,29.65,2026-01-19 08:38:22
12948,Fall,24.34,2026-01-19 08:38:22
12949,Spring,32.43,2026-01-19 08:38:22
12949,Summer,28.38,2026-01-19 08:38:22
12949,Fall,27.03,2026-01-19 08:38:22
12951,Summer,42.86,2026-01-19 08:38:22
12951,Spring,38.1,2026-01-19 08:38:22
12952,Fall,31.0,2026-01-19 08:38:22
12952,Spring,28.33,2026-01-19 08:38:22
12952,Winter,22.67,2026-01-19 08:38:22
12953,Fall,29.41,2026-01-19 08:38:22
12953,Spring,29.41,2026-01-19 08:38:22
12953,Summer,24.12,2026-01-19 08:38:22
12955,Spring,34.55,2026-01-19 08:38:22
12955,Fall,29.09,2026-01-19 08:38:22
12955,Summer,20.0,2026-01-19 08:38:22
12956,Spring,36.84,2026-01-19 08:38:22
12956,Summer,29.82,2026-01-19 08:38:22
12956,Fall,23.1,2026-01-19 08:38:22
12957,Spring,31.96,2026-01-19 08:38:22
12957,Fall,27.85,2026-01-19 08:38:22
12957,Winter,21.92,2026-01-19 08:38:22
12958,Summer,100.0,2026-01-19 08:38:22
12959,Spring,34.29,2026-01-19 08:38:22
12959,Fall,27.14,2026-01-19 08:38:22
12959,Summer,25.71,2026-01-19 08:38:22
12960,Fall,38.51,2026-01-19 08:38:22
12960,Winter,32.3,2026-01-19 08:38:22
12962,Fall,34.15,2026-01-19 08:38:22
12962,Winter,32.52,2026-01-19 08:38:22
12963,Spring,37.21,2026-01-19 08:38:22
12963,Summer,34.88,2026-01-19 08:38:22
12964,Winter,40.0,2026-01-19 08:38:22
12964,Fall,40.0,2026-01-19 08:38:22
12966,Fall,35.26,2026-01-19 08:38:22
12966,Winter,34.21,2026-01-19 08:38:22
12967,Spring,33.78,2026-01-19 08:38:22
12967,Summer,31.08,2026-01-19 08:38:22
12967,Fall,22.97,2026-01-19 08:38:22
12968,Fall,31.82,2026-01-19 08:38:22
12968,Spring,27.27,2026-01-19 08:38:22
12968,Winter,22.73,2026-01-19 08:38:22
12970,Fall,33.56,2026-01-19 08:38:22
12970,Spring,26.71,2026-01-19 08:38:22
12970,Winter,23.97,2026-01-19 08:38:22
12971,Spring,35.05,2026-01-19 08:38:22
12971,Fall,30.93,2026-01-19 08:38:22
12971,Summer,20.62,2026-01-19 08:38:22
12972,Fall,28.57,2026-01-19 08:38:22
12972,Spring,28.57,2026-01-19 08:38:22
12972,Summer,23.81,2026-01-19 08:38:22
12974,Spring,45.36,2026-01-19 08:38:22
12974,Summer,39.18,2026-01-19 08:38:22
12975,Summer,52.83,2026-01-19 08:38:22
12975,Spring,35.85,2026-01-19 08:38:22
12976,Winter,37.5,2026-01-19 08:38:22
12976,Fall,37.5,2026-01-19 08:38:22
12978,Fall,33.08,2026-01-19 08:38:22
12978,Winter,28.57,2026-01-19 08:38:22
12978,Spring,25.56,2026-01-19 08:38:22
12979,Winter,40.0,2026-01-19 08:38:22
12979,Fall,40.0,2026-01-19 08:38:22
12979,Spring,20.0,2026-01-19 08:38:22
12980,Summer,52.63,2026-01-19 08:38:22
12980,Spring,42.11,2026-01-19 08:38:22
12982,Spring,30.13,2026-01-19 08:38:22
12982,Fall,26.92,2026-01-19 08:38:22
12982,Winter,22.44,2026-01-19 08:38:22
12982,Summer,20.51,2026-01-19 08:38:22
12983,Winter,37.5,2026-01-19 08:38:22
12983,Fall,31.25,2026-01-19 08:38:22
12983,Spring,25.0,2026-01-19 08:38:22
12984,Spring,32.22,2026-01-19 08:38:22
12984,Fall,30.0,2026-01-19 08:38:22
12984,Summer,23.33,2026-01-19 08:38:22
12986,Fall,37.0,2026-01-19 08:38:22
12986,Winter,35.0,2026-01-19 08:38:22
12987,Fall,29.41,2026-01-19 08:38:22
12987,Summer,29.41,2026-01-19 08:38:22
12987,Spring,29.41,2026-01-19 08:38:22
12988,Spring,31.94,2026-01-19 08:38:22
12988,Fall,30.56,2026-01-19 08:38:22
12989,Summer,50.0,2026-01-19 08:38:22
12989,Spring,50.0,2026-01-19 08:38:22
12990,Fall,32.53,2026-01-19 08:38:22
12990,Winter,30.12,2026-01-19 08:38:22
12990,Spring,24.1,2026-01-19 08:38:22
12991,Summer,33.33,2026-01-19 08:38:22
12991,Spring,33.33,2026-01-19 08:38:22
12991,Fall,25.0,2026-01-19 08:38:22
12992,Fall,37.29,2026-01-19 08:38:22
12992,Spring,27.12,2026-01-19 08:38:22
12992,Winter,20.34,2026-01-19 08:38:22
12994,Spring,44.93,2026-01-19 08:38:22
12994,Summer,42.03,2026-01-19 08:38:22
12995,Fall,41.67,2026-01-19 08:38:22
12995,Winter,33.33,2026-01-19 08:38:22
12995,Spring,25.0,2026-01-19 08:38:22
12996,Fall,35.71,2026-01-19 08:38:22
12996,Spring,32.14,2026-01-19 08:38:22
12998,Spring,30.83,2026-01-19 08:38:22
12998,Fall,27.5,2026-01-19 08:38:22
12998,Summer,21.67,2026-01-19 08:38:22
12998,Winter,20.0,2026-01-19 08:38:22
13001,Spring,30.26,2026-01-19 08:38:22
13001,Fall,27.63,2026-01-19 08:38:22
13001,Summer,26.32,2026-01-19 08:38:22
13002,Fall,33.33,2026-01-19 08:38:22
13002,Spring,28.21,2026-01-19 08:38:22
13002,Winter,23.93,2026-01-19 08:38:22
13004,Summer,30.43,2026-01-19 08:38:22
13004,Spring,30.43,2026-01-19 08:38:22
13004,Fall,26.09,2026-01-19 08:38:22
13005,Fall,30.77,2026-01-19 08:38:22
13005,Spring,26.92,2026-01-19 08:38:22
13005,Winter,23.08,2026-01-19 08:38:22
13006,Fall,31.65,2026-01-19 08:38:22
13006,Spring,28.78,2026-01-19 08:38:22
13006,Winter,23.74,2026-01-19 08:38:22
13008,Spring,41.67,2026-01-19 08:38:22
13008,Summer,37.5,2026-01-19 08:38:22
13008,Fall,20.83,2026-01-19 08:38:22
13009,Winter,33.33,2026-01-19 08:38:22
13009,Fall,33.33,2026-01-19 08:38:22
13009,Spring,33.33,2026-01-19 08:38:22
13010,Spring,30.3,2026-01-19 08:38:22
13010,Fall,27.27,2026-01-19 08:38:22
13010,Summer,22.73,2026-01-19 08:38:22
13011,Fall,66.67,2026-01-19 08:38:22
13011,Winter,33.33,2026-01-19 08:38:22
13012,Fall,35.56,2026-01-19 08:38:22
13012,Winter,26.67,2026-01-19 08:38:22
13012,Spring,24.44,2026-01-19 08:38:22
13013,Winter,40.0,2026-01-19 08:38:22
13013,Fall,40.0,2026-01-19 08:38:22
13013,Spring,20.0,2026-01-19 08:38:22
13014,Spring,36.96,2026-01-19 08:38:22
13014,Summer,30.43,2026-01-19 08:38:22
13014,Fall,21.74,2026-01-19 08:38:22
13016,Winter,30.77,2026-01-19 08:38:22
13016,Fall,30.77,2026-01-19 08:38:22
13016,Spring,30.77,2026-01-19 08:38:22
13017,Spring,40.91,2026-01-19 08:38:22
13017,Summer,29.55,2026-01-19 08:38:22
13017,Fall,25.0,2026-01-19 08:38:22
13018,Fall,33.02,2026-01-19 08:38:22
13018,Winter,32.08,2026-01-19 08:38:22
13018,Spring,23.58,2026-01-19 08:38:22
13020,Spring,37.5,2026-01-19 08:38:22
13020,Fall,25.0,2026-01-19 08:38:22
13020,Summer,25.0,2026-01-19 08:38:22
13021,Summer,47.06,2026-01-19 08:38:22
13021,Spring,32.35,2026-01-19 08:38:22
13022,Winter,36.36,2026-01-19 08:38:22
13022,Fall,36.36,2026-01-19 08:38:22
13024,Spring,32.26,2026-01-19 08:38:22
13024,Fall,29.03,2026-01-19 08:38:22
13024,Winter,25.81,2026-01-19 08:38:22
13025,Winter,50.0,2026-01-19 08:38:22
13025,Fall,50.0,2026-01-19 08:38:22
13026,Fall,29.29,2026-01-19 08:38:22
13026,Spring,29.29,2026-01-19 08:38:22
13026,Summer,21.43,2026-01-19 08:38:22
13026,Winter,20.0,2026-01-19 08:38:22
13028,Spring,47.06,2026-01-19 08:38:22
13028,Summer,45.1,2026-01-19 08:38:22
13029,Winter,33.33,2026-01-19 08:38:22
13029,Fall,33.33,2026-01-19 08:38:22
13030,Summer,43.28,2026-01-19 08:38:22
13030,Spring,35.82,2026-01-19 08:38:22
13032,Spring,34.38,2026-01-19 08:38:22
13032,Fall,31.25,2026-01-19 08:38:22
13032,Summer,21.88,2026-01-19 08:38:22
13034,Spring,32.22,2026-01-19 08:38:22
13034,Fall,28.89,2026-01-19 08:38:22
13034,Summer,21.11,2026-01-19 08:38:22
13036,Fall,32.08,2026-01-19 08:38:22
13036,Spring,30.19,2026-01-19 08:38:22
13036,Winter,28.3,2026-01-19 08:38:22
13038,Spring,40.96,2026-01-19 08:38:22
13038,Summer,38.55,2026-01-19 08:38:22
13038,Fall,20.48,2026-01-19 08:38:22
13040,Fall,35.09,2026-01-19 08:38:22
13040,Winter,28.07,2026-01-19 08:38:22
13040,Spring,24.56,2026-01-19 08:38:22
13042,Spring,29.77,2026-01-19 08:38:22
13042,Fall,28.24,2026-01-19 08:38:22
13042,Winter,24.43,2026-01-19 08:38:22
13044,Summer,40.0,2026-01-19 08:38:22
13044,Spring,40.0,2026-01-19 08:38:22
13045,Fall,31.51,2026-01-19 08:38:22
13045,Spring,27.74,2026-01-19 08:38:22
13045,Winter,23.97,2026-01-19 08:38:22
13046,Fall,32.2,2026-01-19 08:38:22
13046,Spring,29.66,2026-01-19 08:38:22
13046,Winter,22.03,2026-01-19 08:38:22
13047,Winter,50.0,2026-01-19 08:38:22
13047,Spring,50.0,2026-01-19 08:38:22
13048,Fall,31.91,2026-01-19 08:38:22
13048,Spring,29.79,2026-01-19 08:38:22
13048,Winter,23.4,2026-01-19 08:38:22
13050,Fall,31.48,2026-01-19 08:38:22
13050,Winter,29.63,2026-01-19 08:38:22
13050,Spring,21.3,2026-01-19 08:38:22
13052,Spring,45.16,2026-01-19 08:38:22
13052,Summer,41.94,2026-01-19 08:38:22
13053,Spring,35.64,2026-01-19 08:38:22
13053,Summer,28.19,2026-01-19 08:38:22
13053,Fall,26.06,2026-01-19 08:38:22
13054,Fall,34.4,2026-01-19 08:38:22
13054,Spring,30.4,2026-01-19 08:38:22
13054,Winter,21.6,2026-01-19 08:38:22
13056,Summer,48.65,2026-01-19 08:38:22
13056,Spring,40.54,2026-01-19 08:38:22
13057,Winter,44.55,2026-01-19 08:38:22
13057,Fall,41.82,2026-01-19 08:38:22
13058,Spring,40.71,2026-01-19 08:38:22
13058,Summer,30.09,2026-01-19 08:38:22
13060,Spring,36.36,2026-01-19 08:38:22
13060,Fall,27.27,2026-01-19 08:38:22
13060,Summer,27.27,2026-01-19 08:38:22
13061,Winter,39.75,2026-01-19 08:38:22
13061,Fall,38.52,2026-01-19 08:38:22
13062,Spring,33.06,2026-01-19 08:38:22
13062,Fall,28.93,2026-01-19 08:38:22
13062,Winter,20.66,2026-01-19 08:38:22
13064,Fall,33.33,2026-01-19 08:38:22
13064,Spring,33.33,2026-01-19 08:38:22
13064,Winter,20.83,2026-01-19 08:38:22
13065,Spring,32.31,2026-01-19 08:38:22
13065,Fall,29.23,2026-01-19 08:38:22
13065,Summer,23.08,2026-01-19 08:38:22
13066,Spring,33.33,2026-01-19 08:38:22
13066,Fall,24.69,2026-01-19 08:38:22
13066,Summer,24.69,2026-01-19 08:38:22
13068,Summer,53.12,2026-01-19 08:38:22
13068,Spring,37.5,2026-01-19 08:38:22
13069,Summer,39.66,2026-01-19 08:38:22
13069,Spring,35.86,2026-01-19 08:38:22
13071,Fall,34.12,2026-01-19 08:38:22
13071,Winter,25.88,2026-01-19 08:38:22
13071,Spring,25.88,2026-01-19 08:38:22
13072,Summer,50.0,2026-01-19 08:38:22
13072,Spring,50.0,2026-01-19 08:38:22
13073,Fall,34.8,2026-01-19 08:38:22
13073,Winter,29.07,2026-01-19 08:38:22
13073,Spring,25.99,2026-01-19 08:38:22
13075,Spring,36.59,2026-01-19 08:38:22
13075,Fall,24.39,2026-01-19 08:38:22
13075,Summer,24.39,2026-01-19 08:38:22
13076,Fall,38.2,2026-01-19 08:38:22
13076,Winter,35.96,2026-01-19 08:38:22
13077,Fall,31.0,2026-01-19 08:38:22
13077,Spring,26.2,2026-01-19 08:38:22
13077,Winter,23.99,2026-01-19 08:38:22
13079,Spring,37.5,2026-01-19 08:38:22
13079,Summer,29.17,2026-01-19 08:38:22
13079,Fall,25.0,2026-01-19 08:38:22
13080,Spring,33.06,2026-01-19 08:38:22
13080,Fall,24.79,2026-01-19 08:38:22
13080,Summer,23.97,2026-01-19 08:38:22
13081,Fall,36.62,2026-01-19 08:38:22
13081,Winter,33.8,2026-01-19 08:38:22
13081,Spring,23.0,2026-01-19 08:38:22
13083,Spring,35.29,2026-01-19 08:38:22
13083,Summer,32.35,2026-01-19 08:38:22
13083,Fall,23.53,2026-01-19 08:38:22
13084,Spring,28.89,2026-01-19 08:38:22
13084,Fall,27.78,2026-01-19 08:38:22
13084,Summer,22.22,2026-01-19 08:38:22
13084,Winter,21.11,2026-01-19 08:38:22
13086,Fall,35.4,2026-01-19 08:38:22
13086,Winter,27.33,2026-01-19 08:38:22
13086,Spring,26.09,2026-01-19 08:38:22
13087,Fall,30.0,2026-01-19 08:38:22
13087,Spring,25.0,2026-01-19 08:38:22
13087,Winter,22.5,2026-01-19 08:38:22
13087,Summer,22.5,2026-01-19 08:38:22
13088,Fall,31.48,2026-01-19 08:38:22
13088,Spring,28.7,2026-01-19 08:38:22
13088,Winter,23.15,2026-01-19 08:38:22
13089,Spring,30.4,2026-01-19 08:38:22
13089,Fall,28.0,2026-01-19 08:38:22
13089,Winter,21.2,2026-01-19 08:38:22
13089,Summer,20.4,2026-01-19 08:38:22
13090,Summer,50.0,2026-01-19 08:38:22
13090,Spring,50.0,2026-01-19 08:38:22
13091,Spring,36.96,2026-01-19 08:38:22
13091,Summer,34.78,2026-01-19 08:38:22
13091,Fall,23.91,2026-01-19 08:38:22
13092,Spring,30.77,2026-01-19 08:38:22
13092,Fall,27.69,2026-01-19 08:38:22
13092,Winter,21.54,2026-01-19 08:38:22
13092,Summer,20.0,2026-01-19 08:38:22
13093,Spring,31.75,2026-01-19 08:38:22
13093,Fall,30.81,2026-01-19 08:38:22
13095,Fall,32.47,2026-01-19 08:38:22
13095,Winter,29.87,2026-01-19 08:38:22
13095,Spring,23.38,2026-01-19 08:38:22
13096,Summer,47.37,2026-01-19 08:38:22
13096,Spring,36.84,2026-01-19 08:38:22
13097,Fall,33.33,2026-01-19 08:38:22
13097,Winter,28.72,2026-01-19 08:38:22
13097,Spring,26.15,2026-01-19 08:38:22
13099,Winter,28.57,2026-01-19 08:38:22
13099,Fall,28.57,2026-01-19 08:38:22
13099,Spring,25.71,2026-01-19 08:38:22
13100,Fall,28.95,2026-01-19 08:38:22
13100,Spring,28.95,2026-01-19 08:38:22
13100,Summer,23.68,2026-01-19 08:38:22
13103,Spring,35.29,2026-01-19 08:38:22
13103,Fall,29.41,2026-01-19 08:38:22
13103,Summer,20.59,2026-01-19 08:38:22
13104,Fall,39.76,2026-01-19 08:38:22
13104,Winter,34.94,2026-01-19 08:38:22
13106,Winter,50.0,2026-01-19 08:38:22
13106,Fall,50.0,2026-01-19 08:38:22
13107,Summer,35.79,2026-01-19 08:38:22
13107,Spring,34.74,2026-01-19 08:38:22
13108,Spring,33.62,2026-01-19 08:38:22
13108,Fall,27.51,2026-01-19 08:38:22
13108,Summer,22.27,2026-01-19 08:38:22
13110,Spring,32.54,2026-01-19 08:38:22
13110,Fall,31.75,2026-01-19 08:38:22
13111,Summer,60.0,2026-01-19 08:38:22
13111,Spring,33.33,2026-01-19 08:38:22
13115,Winter,35.29,2026-01-19 08:38:22
13115,Fall,35.29,2026-01-19 08:38:22
13117,Fall,31.14,2026-01-19 08:38:22
13117,Spring,31.14,2026-01-19 08:38:22
13117,Summer,22.16,2026-01-19 08:38:22
13118,Fall,36.26,2026-01-19 08:38:22
13118,Winter,34.07,2026-01-19 08:38:22
13119,Summer,48.15,2026-01-19 08:38:22
13119,Spring,44.44,2026-01-19 08:38:22
13121,Spring,37.01,2026-01-19 08:38:22
13121,Summer,33.77,2026-01-19 08:38:22
13121,Fall,21.43,2026-01-19 08:38:22
13122,Spring,33.33,2026-01-19 08:38:22
13122,Fall,27.78,2026-01-19 08:38:22
13123,Summer,35.14,2026-01-19 08:38:22
13123,Spring,33.78,2026-01-19 08:38:22
13123,Fall,22.97,2026-01-19 08:38:22
13125,Winter,40.1,2026-01-19 08:38:22
13125,Fall,37.06,2026-01-19 08:38:22
13126,Fall,30.69,2026-01-19 08:38:22
13126,Spring,30.69,2026-01-19 08:38:22
13126,Summer,20.79,2026-01-19 08:38:22
13127,Fall,40.0,2026-01-19 08:38:22
13127,Winter,37.5,2026-01-19 08:38:22
13129,Fall,50.0,2026-01-19 08:38:22
13129,Winter,33.33,2026-01-19 08:38:22
13130,Fall,31.46,2026-01-19 08:38:22
13130,Spring,28.09,2026-01-19 08:38:22
13130,Winter,25.84,2026-01-19 08:38:22
13131,Spring,30.99,2026-01-19 08:38:22
13131,Fall,26.76,2026-01-19 08:38:22
13131,Summer,25.35,2026-01-19 08:38:22
13134,Summer,40.82,2026-01-19 08:38:22
13134,Spring,38.78,2026-01-19 08:38:22
13135,Spring,34.67,2026-01-19 08:38:22
13135,Fall,28.0,2026-01-19 08:38:22
13135,Summer,20.0,2026-01-19 08:38:22
13136,Winter,28.57,2026-01-19 08:38:22
13136,Fall,28.57,2026-01-19 08:38:22
13136,Spring,28.57,2026-01-19 08:38:22
13138,Fall,36.36,2026-01-19 08:38:22
13138,Spring,34.55,2026-01-19 08:38:22
13139,Fall,29.91,2026-01-19 08:38:22
13139,Spring,29.91,2026-01-19 08:38:22
13139,Winter,23.36,2026-01-19 08:38:22
13142,Winter,36.96,2026-01-19 08:38:22
13142,Fall,36.96,2026-01-19 08:38:22
13143,Spring,36.36,2026-01-19 08:38:22
13143,Fall,32.73,2026-01-19 08:38:22
13143,Winter,20.0,2026-01-19 08:38:22
13144,Winter,50.0,2026-01-19 08:38:22
13144,Fall,50.0,2026-01-19 08:38:22
13146,Fall,41.38,2026-01-19 08:38:22
13146,Winter,37.93,2026-01-19 08:38:22
13146,Spring,20.69,2026-01-19 08:38:22
13148,Summer,50.0,2026-01-19 08:38:22
13148,Spring,50.0,2026-01-19 08:38:22
13150,Summer,45.24,2026-01-19 08:38:22
13150,Spring,42.86,2026-01-19 08:38:22
13151,Winter,37.31,2026-01-19 08:38:22
13151,Fall,37.31,2026-01-19 08:38:22
13154,Spring,44.0,2026-01-19 08:38:22
13154,Summer,40.0,2026-01-19 08:38:22
13155,Fall,31.25,2026-01-19 08:38:22
13155,Winter,28.57,2026-01-19 08:38:22
13155,Spring,25.89,2026-01-19 08:38:22
13158,Fall,34.07,2026-01-19 08:38:22
13158,Winter,28.57,2026-01-19 08:38:22
13158,Spring,23.08,2026-01-19 08:38:22
13159,Fall,32.61,2026-01-19 08:38:22
13159,Spring,30.43,2026-01-19 08:38:22
13159,Winter,21.74,2026-01-19 08:38:22
13161,Winter,33.33,2026-01-19 08:38:22
13161,Fall,33.33,2026-01-19 08:38:22
13162,Fall,33.33,2026-01-19 08:38:22
13162,Winter,32.18,2026-01-19 08:38:22
13162,Spring,21.84,2026-01-19 08:38:22
13163,Fall,34.09,2026-01-19 08:38:22
13163,Spring,29.55,2026-01-19 08:38:22
13163,Winter,25.0,2026-01-19 08:38:22
13166,Winter,35.53,2026-01-19 08:38:22
13166,Fall,35.53,2026-01-19 08:38:22
13167,Summer,36.36,2026-01-19 08:38:22
13167,Spring,36.36,2026-01-19 08:38:22
13167,Fall,22.73,2026-01-19 08:38:22
13170,Fall,36.23,2026-01-19 08:38:22
13170,Winter,33.33,2026-01-19 08:38:22
13170,Spring,20.29,2026-01-19 08:38:22
13172,Spring,33.33,2026-01-19 08:38:22
13172,Fall,30.0,2026-01-19 08:38:22
13172,Summer,20.0,2026-01-19 08:38:22
13176,Winter,45.45,2026-01-19 08:38:22
13176,Fall,36.36,2026-01-19 08:38:22
13178,Spring,31.82,2026-01-19 08:38:22
13178,Fall,27.27,2026-01-19 08:38:22
13178,Summer,21.59,2026-01-19 08:38:22
13180,Summer,38.89,2026-01-19 08:38:22
13180,Spring,27.78,2026-01-19 08:38:22
13180,Fall,22.22,2026-01-19 08:38:22
13181,Summer,50.0,2026-01-19 08:38:22
13181,Spring,50.0,2026-01-19 08:38:22
13184,Fall,34.48,2026-01-19 08:38:22
13184,Spring,31.03,2026-01-19 08:38:22
13188,Fall,30.0,2026-01-19 08:38:22
13188,Spring,30.0,2026-01-19 08:38:22
13188,Summer,25.0,2026-01-19 08:38:22
13191,Fall,32.0,2026-01-19 08:38:22
13191,Spring,28.0,2026-01-19 08:38:22
13191,Winter,25.33,2026-01-19 08:38:22
13192,Fall,50.0,2026-01-19 08:38:22
13192,Winter,41.67,2026-01-19 08:38:22
13193,Winter,50.0,2026-01-19 08:38:22
13193,Fall,50.0,2026-01-19 08:38:22
13195,Spring,35.59,2026-01-19 08:38:22
13195,Fall,27.12,2026-01-19 08:38:22
13195,Summer,23.73,2026-01-19 08:38:22
13196,Winter,50.0,2026-01-19 08:38:22
13196,Fall,50.0,2026-01-19 08:38:22
13199,Fall,34.38,2026-01-19 08:38:22
13199,Spring,28.12,2026-01-19 08:38:22
13199,Winter,26.56,2026-01-19 08:38:22
13200,Summer,37.5,2026-01-19 08:38:22
13200,Spring,37.5,2026-01-19 08:38:22
13203,Fall,29.31,2026-01-19 08:38:22
13203,Winter,27.59,2026-01-19 08:38:22
13203,Spring,24.14,2026-01-19 08:38:22
13207,Spring,35.37,2026-01-19 08:38:22
13207,Fall,30.49,2026-01-19 08:38:22
13208,Spring,40.0,2026-01-19 08:38:22
13208,Fall,30.0,2026-01-19 08:38:22
13208,Summer,20.0,2026-01-19 08:38:22
13210,Summer,36.67,2026-01-19 08:38:22
13210,Spring,33.33,2026-01-19 08:38:22
13210,Fall,23.33,2026-01-19 08:38:22
13211,Fall,28.81,2026-01-19 08:38:22
13211,Spring,28.25,2026-01-19 08:38:22
13211,Winter,22.6,2026-01-19 08:38:22
13211,Summer,20.34,2026-01-19 08:38:22
13212,Fall,33.33,2026-01-19 08:38:22
13212,Summer,33.33,2026-01-19 08:38:22
13212,Spring,33.33,2026-01-19 08:38:22
13214,Winter,31.94,2026-01-19 08:38:22
13214,Fall,31.94,2026-01-19 08:38:22
13214,Spring,23.61,2026-01-19 08:38:22
13215,Spring,50.0,2026-01-19 08:38:22
13215,Summer,40.0,2026-01-19 08:38:22
13216,Fall,28.14,2026-01-19 08:38:22
13216,Spring,27.71,2026-01-19 08:38:22
13216,Winter,25.11,2026-01-19 08:38:22
13217,Summer,50.0,2026-01-19 08:38:22
13217,Spring,50.0,2026-01-19 08:38:22
13220,Fall,37.5,2026-01-19 08:38:22
13220,Winter,36.41,2026-01-19 08:38:22
13220,Spring,20.11,2026-01-19 08:38:22
13221,Fall,33.33,2026-01-19 08:38:22
13221,Summer,33.33,2026-01-19 08:38:22
13221,Spring,33.33,2026-01-19 08:38:22
13222,Spring,35.53,2026-01-19 08:38:22
13222,Fall,28.95,2026-01-19 08:38:22
13224,Fall,34.67,2026-01-19 08:38:22
13224,Winter,32.0,2026-01-19 08:38:22
13224,Spring,23.33,2026-01-19 08:38:22
13227,Spring,41.67,2026-01-19 08:38:22
13227,Summer,30.56,2026-01-19 08:38:22
13228,Spring,38.37,2026-01-19 08:38:22
13228,Summer,34.3,2026-01-19 08:38:22
13228,Fall,20.35,2026-01-19 08:38:22
13230,Fall,32.08,2026-01-19 08:38:22
13230,Winter,28.3,2026-01-19 08:38:22
13230,Spring,28.3,2026-01-19 08:38:22
13232,Fall,36.43,2026-01-19 08:38:22
13232,Winter,28.68,2026-01-19 08:38:22
13232,Spring,22.48,2026-01-19 08:38:22
13236,Fall,37.69,2026-01-19 08:38:22
13236,Winter,36.92,2026-01-19 08:38:22
13238,Fall,30.51,2026-01-19 08:38:22
13238,Winter,28.81,2026-01-19 08:38:22
13238,Spring,27.12,2026-01-19 08:38:22
13239,Fall,39.42,2026-01-19 08:38:22
13239,Winter,36.5,2026-01-19 08:38:22
13242,Fall,34.09,2026-01-19 08:38:22
13242,Spring,27.27,2026-01-19 08:38:22
13242,Winter,25.0,2026-01-19 08:38:22
13243,Summer,38.61,2026-01-19 08:38:22
13243,Spring,36.71,2026-01-19 08:38:22
13246,Winter,32.79,2026-01-19 08:38:22
13246,Fall,31.15,2026-01-19 08:38:22
13246,Spring,21.31,2026-01-19 08:38:22
13247,Summer,46.67,2026-01-19 08:38:22
13247,Spring,44.0,2026-01-19 08:38:22
13250,Spring,30.3,2026-01-19 08:38:22
13250,Fall,25.76,2026-01-19 08:38:22
13250,Summer,25.76,2026-01-19 08:38:22
13251,Fall,39.61,2026-01-19 08:38:22
13251,Winter,37.01,2026-01-19 08:38:22
13252,Winter,25.0,2026-01-19 08:38:22
13252,Fall,25.0,2026-01-19 08:38:22
13252,Summer,25.0,2026-01-19 08:38:22
13252,Spring,25.0,2026-01-19 08:38:22
13254,Spring,38.46,2026-01-19 08:38:22
13254,Fall,30.77,2026-01-19 08:38:22
13256,Spring,34.78,2026-01-19 08:38:22
13256,Summer,31.52,2026-01-19 08:38:22
13256,Fall,22.28,2026-01-19 08:38:22
13257,Winter,46.34,2026-01-19 08:38:22
13257,Fall,41.54,2026-01-19 08:38:22
13258,Fall,31.43,2026-01-19 08:38:22
13258,Winter,25.71,2026-01-19 08:38:22
13258,Spring,25.71,2026-01-19 08:38:22
13260,Fall,36.53,2026-01-19 08:38:22
13260,Spring,31.14,2026-01-19 08:38:22
13261,Fall,34.78,2026-01-19 08:38:22
13261,Winter,26.09,2026-01-19 08:38:22
13261,Spring,26.09,2026-01-19 08:38:22
13264,Spring,33.17,2026-01-19 08:38:22
13264,Fall,27.23,2026-01-19 08:38:22
13264,Summer,23.76,2026-01-19 08:38:22
13265,Fall,32.43,2026-01-19 08:38:22
13265,Winter,29.73,2026-01-19 08:38:22
13265,Spring,27.03,2026-01-19 08:38:22
13266,Winter,45.93,2026-01-19 08:38:22
13266,Fall,39.77,2026-01-19 08:38:22
13268,Summer,40.76,2026-01-19 08:38:22
13268,Spring,39.67,2026-01-19 08:38:22
13269,Spring,37.14,2026-01-19 08:38:22
13269,Summer,34.29,2026-01-19 08:38:22
13270,Winter,39.51,2026-01-19 08:38:22
13270,Fall,38.65,2026-01-19 08:38:22
13271,Fall,50.0,2026-01-19 08:38:22
13271,Summer,50.0,2026-01-19 08:38:22
13273,Spring,33.33,2026-01-19 08:38:22
13273,Fall,28.57,2026-01-19 08:38:22
13273,Summer,23.81,2026-01-19 08:38:22
13274,Winter,38.61,2026-01-19 08:38:22
13274,Fall,37.93,2026-01-19 08:38:22
13277,Fall,33.33,2026-01-19 08:38:22
13277,Winter,25.0,2026-01-19 08:38:22
13277,Spring,25.0,2026-01-19 08:38:22
13278,Fall,38.8,2026-01-19 08:38:22
13278,Winter,36.14,2026-01-19 08:38:22
13278,Spring,20.0,2026-01-19 08:38:22
13280,Fall,38.1,2026-01-19 08:38:22
13280,Winter,34.92,2026-01-19 08:38:22
13283,Fall,43.2,2026-01-19 08:38:22
13283,Winter,42.6,2026-01-19 08:38:22
13284,Fall,44.53,2026-01-19 08:38:22
13284,Winter,39.06,2026-01-19 08:38:22
13285,Spring,32.2,2026-01-19 08:38:22
13285,Summer,30.51,2026-01-19 08:38:22
13285,Fall,22.03,2026-01-19 08:38:22
13287,Winter,45.45,2026-01-19 08:38:22
13287,Fall,42.42,2026-01-19 08:38:22
13288,Spring,40.85,2026-01-19 08:38:22
13288,Summer,36.59,2026-01-19 08:38:22
13289,Winter,30.43,2026-01-19 08:38:22
13289,Fall,26.09,2026-01-19 08:38:22
13289,Spring,26.09,2026-01-19 08:38:22
13291,Fall,39.68,2026-01-19 08:38:22
13291,Winter,39.03,2026-01-19 08:38:22
13293,Fall,30.95,2026-01-19 08:38:22
13293,Spring,28.57,2026-01-19 08:38:22
13293,Summer,21.43,2026-01-19 08:38:22
13294,Winter,25.0,2026-01-19 08:38:22
13294,Fall,25.0,2026-01-19 08:38:22
13294,Summer,25.0,2026-01-19 08:38:22
13294,Spring,25.0,2026-01-19 08:38:22
13295,Spring,32.0,2026-01-19 08:38:22
13295,Fall,25.6,2026-01-19 08:38:22
13295,Summer,22.8,2026-01-19 08:38:22
13298,Winter,28.57,2026-01-19 08:38:22
13298,Spring,28.57,2026-01-19 08:38:22
13298,Summer,22.86,2026-01-19 08:38:22
13298,Fall,20.0,2026-01-19 08:38:22
13299,Winter,36.7,2026-01-19 08:38:22
13299,Fall,35.22,2026-01-19 08:38:22
13302,Summer,51.72,2026-01-19 08:38:22
13302,Spring,39.37,2026-01-19 08:38:22
13303,Winter,27.27,2026-01-19 08:38:22
13303,Fall,27.27,2026-01-19 08:38:22
13303,Spring,27.27,2026-01-19 08:38:22
13306,Winter,39.59,2026-01-19 08:38:22
13306,Fall,38.3,2026-01-19 08:38:22
13307,Spring,28.12,2026-01-19 08:38:22
13307,Fall,25.0,2026-01-19 08:38:22
13307,Summer,25.0,2026-01-19 08:38:22
13307,Winter,21.88,2026-01-19 08:38:22
13310,Fall,30.05,2026-01-19 08:38:22
13310,Spring,26.86,2026-01-19 08:38:22
13310,Winter,26.6,2026-01-19 08:38:22
13311,Spring,42.86,2026-01-19 08:38:22
13311,Fall,23.81,2026-01-19 08:38:22
13314,Fall,30.31,2026-01-19 08:38:22
13314,Spring,28.88,2026-01-19 08:38:22
13314,Summer,22.91,2026-01-19 08:38:22
13315,Spring,30.43,2026-01-19 08:38:22
13315,Winter,26.09,2026-01-19 08:38:22
13315,Fall,26.09,2026-01-19 08:38:22
13318,Fall,34.59,2026-01-19 08:38:22
13318,Winter,29.7,2026-01-19 08:38:22
13318,Spring,23.31,2026-01-19 08:38:22
13322,Spring,35.29,2026-01-19 08:38:22
13322,Fall,23.53,2026-01-19 08:38:22
13322,Summer,23.53,2026-01-19 08:38:22
13324,Fall,39.58,2026-01-19 08:38:22
13324,Winter,38.75,2026-01-19 08:38:22
13326,Summer,40.0,2026-01-19 08:38:22
13326,Spring,40.0,2026-01-19 08:38:22
13332,Summer,40.73,2026-01-19 08:38:22
13332,Spring,34.04,2026-01-19 08:38:22
13336,Winter,41.67,2026-01-19 08:38:22
13336,Fall,38.28,2026-01-19 08:38:22
13338,Winter,33.33,2026-01-19 08:38:22
13338,Fall,33.33,2026-01-19 08:38:22
13338,Spring,33.33,2026-01-19 08:38:22
13340,Spring,30.86,2026-01-19 08:38:22
13340,Fall,29.0,2026-01-19 08:38:22
13340,Winter,20.82,2026-01-19 08:38:22
13341,Spring,100.0,2026-01-19 08:38:22
13342,Fall,28.57,2026-01-19 08:38:22
13342,Spring,28.57,2026-01-19 08:38:22
13342,Summer,23.81,2026-01-19 08:38:22
13344,Fall,31.96,2026-01-19 08:38:22
13344,Spring,27.49,2026-01-19 08:38:22
13344,Winter,25.43,2026-01-19 08:38:22
13346,Spring,33.33,2026-01-19 08:38:22
13346,Summer,27.78,2026-01-19 08:38:22
13346,Fall,22.22,2026-01-19 08:38:22
13348,Fall,37.62,2026-01-19 08:38:22
13348,Winter,30.03,2026-01-19 08:38:22
13348,Spring,21.78,2026-01-19 08:38:22
13350,Spring,34.72,2026-01-19 08:38:22
13350,Summer,26.94,2026-01-19 08:38:22
13350,Fall,26.42,2026-01-19 08:38:22
13351,Winter,34.62,2026-01-19 08:38:22
13351,Fall,34.62,2026-01-19 08:38:22
13351,Spring,23.08,2026-01-19 08:38:22
13352,Summer,43.29,2026-01-19 08:38:22
13352,Spring,41.46,2026-01-19 08:38:22
13354,Winter,30.0,2026-01-19 08:38:22
13354,Fall,30.0,2026-01-19 08:38:22
13354,Summer,20.0,2026-01-19 08:38:22
13354,Spring,20.0,2026-01-19 08:38:22
13355,Fall,36.25,2026-01-19 08:38:22
13355,Winter,28.12,2026-01-19 08:38:22
13355,Spring,23.12,2026-01-19 08:38:22
13357,Spring,33.66,2026-01-19 08:38:22
13357,Fall,26.07,2026-01-19 08:38:22
13357,Summer,25.08,2026-01-19 08:38:22
13358,Spring,39.71,2026-01-19 08:38:22
13358,Summer,30.88,2026-01-19 08:38:22
13358,Fall,22.06,2026-01-19 08:38:22
13359,Fall,29.17,2026-01-19 08:38:22
13359,Spring,29.17,2026-01-19 08:38:22
13359,Winter,25.0,2026-01-19 08:38:22
13361,Spring,32.87,2026-01-19 08:38:22
13361,Fall,26.92,2026-01-19 08:38:22
13361,Summer,26.57,2026-01-19 08:38:22
13362,Spring,31.58,2026-01-19 08:38:22
13362,Fall,26.32,2026-01-19 08:38:22
13362,Summer,26.32,2026-01-19 08:38:22
13363,Fall,40.86,2026-01-19 08:38:22
13363,Winter,38.71,2026-01-19 08:38:22
13363,Spring,20.43,2026-01-19 08:38:22
13364,Summer,100.0,2026-01-19 08:38:22
13365,Fall,34.98,2026-01-19 08:38:22
13365,Winter,31.53,2026-01-19 08:38:22
13365,Spring,24.14,2026-01-19 08:38:22
13366,Fall,31.82,2026-01-19 08:38:22
13366,Winter,22.73,2026-01-19 08:38:22
13366,Summer,22.73,2026-01-19 08:38:22
13366,Spring,22.73,2026-01-19 08:38:22
13367,Spring,30.52,2026-01-19 08:38:22
13367,Fall,28.57,2026-01-19 08:38:22
13367,Summer,28.57,2026-01-19 08:38:22
13369,Fall,29.74,2026-01-19 08:38:22
13369,Spring,29.74,2026-01-19 08:38:22
13369,Winter,20.51,2026-01-19 08:38:22
13369,Summer,20.0,2026-01-19 08:38:22
13371,Fall,35.0,2026-01-19 08:38:22
13371,Winter,30.0,2026-01-19 08:38:22
13371,Spring,25.0,2026-01-19 08:38:22
13373,Fall,40.74,2026-01-19 08:38:22
13373,Winter,40.12,2026-01-19 08:38:22
13374,Spring,34.44,2026-01-19 08:38:22
13374,Summer,28.48,2026-01-19 08:38:22
13374,Fall,23.18,2026-01-19 08:38:22
13375,Fall,37.5,2026-01-19 08:38:22
13375,Spring,37.5,2026-01-19 08:38:22
13375,Winter,25.0,2026-01-19 08:38:22
13376,Fall,39.11,2026-01-19 08:38:22
13376,Winter,33.52,2026-01-19 08:38:22
13376,Spring,21.23,2026-01-19 08:38:22
13378,Spring,49.18,2026-01-19 08:38:22
13378,Summer,45.9,2026-01-19 08:38:22
13379,Summer,37.5,2026-01-19 08:38:22
13379,Spring,25.0,2026-01-19 08:38:22
13381,Spring,32.24,2026-01-19 08:38:22
13381,Fall,25.66,2026-01-19 08:38:22
13381,Summer,25.33,2026-01-19 08:38:22
13382,Summer,28.0,2026-01-19 08:38:22
13382,Spring,28.0,2026-01-19 08:38:22
13382,Fall,24.0,2026-01-19 08:38:22
13382,Winter,20.0,2026-01-19 08:38:22
13383,Winter,40.31,2026-01-19 08:38:22
13383,Fall,37.21,2026-01-19 08:38:22
13385,Fall,38.89,2026-01-19 08:38:22
13385,Winter,38.46,2026-01-19 08:38:22
13386,Winter,27.27,2026-01-19 08:38:22
13386,Fall,27.27,2026-01-19 08:38:22
13386,Summer,22.73,2026-01-19 08:38:22
13386,Spring,22.73,2026-01-19 08:38:22
13388,Fall,38.35,2026-01-19 08:38:22
13388,Winter,37.86,2026-01-19 08:38:22
13389,Fall,30.16,2026-01-19 08:38:22
13389,Spring,28.57,2026-01-19 08:38:22
13389,Winter,22.22,2026-01-19 08:38:22
13390,Spring,33.33,2026-01-19 08:38:22
13390,Winter,25.0,2026-01-19 08:38:22
13390,Fall,25.0,2026-01-19 08:38:22
13391,Fall,33.33,2026-01-19 08:38:22
13391,Summer,33.33,2026-01-19 08:38:22
13391,Spring,33.33,2026-01-19 08:38:22
13396,Spring,36.84,2026-01-19 08:38:22
13396,Fall,26.32,2026-01-19 08:38:22
13396,Winter,21.05,2026-01-19 08:38:22
13397,Spring,33.59,2026-01-19 08:38:22
13397,Summer,28.12,2026-01-19 08:38:22
13397,Fall,26.56,2026-01-19 08:38:22
13398,Fall,32.45,2026-01-19 08:38:22
13398,Winter,31.38,2026-01-19 08:38:22
13398,Spring,20.74,2026-01-19 08:38:22
13401,Spring,39.62,2026-01-19 08:38:22
13401,Summer,34.91,2026-01-19 08:38:22
13402,Fall,32.06,2026-01-19 08:38:22
13402,Spring,29.19,2026-01-19 08:38:22
13402,Winter,22.01,2026-01-19 08:38:22
13403,Summer,100.0,2026-01-19 08:38:22
13405,Fall,36.36,2026-01-19 08:38:22
13405,Winter,32.47,2026-01-19 08:38:22
13405,Spring,22.08,2026-01-19 08:38:22
13406,Summer,39.57,2026-01-19 08:38:22
13406,Spring,34.76,2026-01-19 08:38:22
13409,Fall,37.5,2026-01-19 08:38:22
13409,Winter,33.65,2026-01-19 08:38:22
13409,Spring,20.19,2026-01-19 08:38:22
13410,Spring,32.59,2026-01-19 08:38:22
13410,Fall,30.8,2026-01-19 08:38:22
13410,Summer,23.21,2026-01-19 08:38:22
13412,Winter,37.5,2026-01-19 08:38:22
13412,Fall,37.5,2026-01-19 08:38:22
13413,Winter,40.68,2026-01-19 08:38:22
13413,Fall,38.98,2026-01-19 08:38:22
13414,Fall,34.38,2026-01-19 08:38:22
13414,Winter,31.87,2026-01-19 08:38:22
13414,Spring,23.12,2026-01-19 08:38:22
13416,Winter,28.57,2026-01-19 08:38:22
13416,Fall,28.57,2026-01-19 08:38:22
13416,Spring,28.57,2026-01-19 08:38:22
13418,Fall,38.82,2026-01-19 08:38:22
13418,Winter,34.12,2026-01-19 08:38:22
13421,Summer,44.44,2026-01-19 08:38:22
13421,Spring,42.42,2026-01-19 08:38:22
13422,Fall,32.05,2026-01-19 08:38:22
13422,Spring,30.26,2026-01-19 08:38:22
13422,Winter,23.46,2026-01-19 08:38:22
13424,Winter,30.0,2026-01-19 08:38:22
13424,Fall,30.0,2026-01-19 08:38:22
13424,Summer,20.0,2026-01-19 08:38:22
13424,Spring,20.0,2026-01-19 08:38:22
13425,Fall,42.86,2026-01-19 08:38:22
13425,Winter,41.9,2026-01-19 08:38:22
13426,Spring,35.49,2026-01-19 08:38:22
13426,Summer,28.78,2026-01-19 08:38:22
13426,Fall,25.42,2026-01-19 08:38:22
13428,Winter,30.0,2026-01-19 08:38:22
13428,Fall,30.0,2026-01-19 08:38:22
13428,Spring,30.0,2026-01-19 08:38:22
13429,Spring,38.76,2026-01-19 08:38:22
13429,Summer,37.98,2026-01-19 08:38:22
13430,Summer,45.78,2026-01-19 08:38:22
13430,Spring,40.66,2026-01-19 08:38:22
13432,Spring,100.0,2026-01-19 08:38:22
13433,Spring,29.37,2026-01-19 08:38:22
13433,Fall,28.67,2026-01-19 08:38:22
13433,Summer,22.38,2026-01-19 08:38:22
13434,Spring,41.07,2026-01-19 08:38:22
13434,Summer,37.5,2026-01-19 08:38:22
13436,Winter,31.25,2026-01-19 08:38:22
13436,Fall,31.25,2026-01-19 08:38:22
13437,Spring,45.45,2026-01-19 08:38:22
13437,Summer,44.16,2026-01-19 08:38:22
13438,Summer,42.36,2026-01-19 08:38:22
13438,Spring,38.89,2026-01-19 08:38:22
13440,Fall,100.0,2026-01-19 08:38:22
13441,Fall,39.91,2026-01-19 08:38:22
13441,Winter,36.7,2026-01-19 08:38:22
13443,Fall,30.77,2026-01-19 08:38:22
13443,Spring,27.88,2026-01-19 08:38:22
13443,Winter,25.0,2026-01-19 08:38:22
13444,Spring,35.71,2026-01-19 08:38:22
13444,Fall,28.57,2026-01-19 08:38:22
13444,Summer,28.57,2026-01-19 08:38:22
13446,Spring,36.88,2026-01-19 08:38:22
13446,Summer,28.75,2026-01-19 08:38:22
13446,Fall,20.0,2026-01-19 08:38:22
13447,Spring,34.96,2026-01-19 08:38:22
13447,Fall,27.64,2026-01-19 08:38:22
13447,Summer,26.02,2026-01-19 08:38:22
13449,Spring,30.6,2026-01-19 08:38:22
13449,Fall,26.78,2026-01-19 08:38:22
13449,Summer,26.78,2026-01-19 08:38:22
13451,Spring,40.0,2026-01-19 08:38:22
13451,Summer,34.74,2026-01-19 08:38:22
13452,Winter,30.0,2026-01-19 08:38:22
13452,Fall,30.0,2026-01-19 08:38:22
13452,Spring,30.0,2026-01-19 08:38:22
13454,Summer,42.57,2026-01-19 08:38:22
13454,Spring,40.59,2026-01-19 08:38:22
13458,Fall,30.38,2026-01-19 08:38:22
13458,Spring,30.38,2026-01-19 08:38:22
13458,Winter,29.11,2026-01-19 08:38:22
13460,Summer,45.83,2026-01-19 08:38:22
13460,Spring,37.5,2026-01-19 08:38:22
13462,Fall,34.83,2026-01-19 08:38:22
13462,Spring,25.84,2026-01-19 08:38:22
13462,Winter,22.47,2026-01-19 08:38:22
13463,Fall,33.33,2026-01-19 08:38:22
13463,Spring,33.33,2026-01-19 08:38:22
13464,Spring,37.04,2026-01-19 08:38:22
13464,Fall,23.15,2026-01-19 08:38:22
13464,Summer,22.22,2026-01-19 08:38:22
13466,Spring,35.8,2026-01-19 08:38:22
13466,Fall,30.86,2026-01-19 08:38:22
13468,Summer,43.82,2026-01-19 08:38:22
13468,Spring,34.83,2026-01-19 08:38:22
13470,Fall,29.27,2026-01-19 08:38:22
13470,Spring,27.64,2026-01-19 08:38:22
13470,Summer,24.39,2026-01-19 08:38:22
13471,Winter,33.33,2026-01-19 08:38:22
13471,Fall,33.33,2026-01-19 08:38:22
13471,Spring,33.33,2026-01-19 08:38:22
13472,Spring,41.67,2026-01-19 08:38:22
13472,Summer,40.28,2026-01-19 08:38:22
13474,Spring,37.37,2026-01-19 08:38:22
13474,Summer,35.35,2026-01-19 08:38:22
13476,Summer,43.06,2026-01-19 08:38:22
13476,Spring,41.67,2026-01-19 08:38:22
13478,Fall,39.0,2026-01-19 08:38:22
13478,Winter,35.0,2026-01-19 08:38:22
13480,Fall,30.16,2026-01-19 08:38:22
13480,Spring,28.57,2026-01-19 08:38:22
13480,Summer,22.22,2026-01-19 08:38:22
13483,Fall,29.55,2026-01-19 08:38:22
13483,Spring,26.14,2026-01-19 08:38:22
13483,Winter,23.86,2026-01-19 08:38:22
13483,Summer,20.45,2026-01-19 08:38:22
13484,Winter,30.99,2026-01-19 08:38:22
13484,Fall,30.99,2026-01-19 08:38:22
13484,Spring,25.35,2026-01-19 08:38:22
13487,Winter,36.71,2026-01-19 08:38:22
13487,Fall,34.18,2026-01-19 08:38:22
13487,Spring,20.25,2026-01-19 08:38:22
13488,Summer,47.27,2026-01-19 08:38:22
13488,Spring,40.0,2026-01-19 08:38:22
13489,Winter,50.0,2026-01-19 08:38:22
13489,Fall,50.0,2026-01-19 08:38:22
13491,Fall,33.33,2026-01-19 08:38:22
13491,Winter,29.89,2026-01-19 08:38:22
13491,Spring,22.99,2026-01-19 08:38:22
13492,Spring,41.51,2026-01-19 08:38:22
13492,Summer,35.85,2026-01-19 08:38:22
13495,Fall,29.79,2026-01-19 08:38:22
13495,Spring,29.79,2026-01-19 08:38:22
13495,Summer,25.53,2026-01-19 08:38:22
13496,Spring,42.86,2026-01-19 08:38:22
13496,Summer,30.61,2026-01-19 08:38:22
13499,Fall,33.78,2026-01-19 08:38:22
13499,Spring,28.38,2026-01-19 08:38:22
13499,Winter,22.97,2026-01-19 08:38:22
13501,Spring,30.77,2026-01-19 08:38:22
13501,Fall,28.21,2026-01-19 08:38:22
13501,Winter,23.08,2026-01-19 08:38:22
13503,Fall,33.33,2026-01-19 08:38:22
13503,Spring,31.37,2026-01-19 08:38:22
13507,Winter,37.04,2026-01-19 08:38:22
13507,Fall,33.33,2026-01-19 08:38:22
13507,Spring,20.99,2026-01-19 08:38:22
13510,Fall,34.93,2026-01-19 08:38:22
13510,Winter,30.57,2026-01-19 08:38:22
13510,Spring,22.71,2026-01-19 08:38:22
13511,Fall,35.56,2026-01-19 08:38:22
13511,Winter,33.33,2026-01-19 08:38:22
13511,Spring,23.33,2026-01-19 08:38:22
13514,Winter,36.22,2026-01-19 08:38:22
13514,Fall,35.68,2026-01-19 08:38:22
13514,Spring,20.54,2026-01-19 08:38:22
13515,Spring,33.33,2026-01-19 08:38:22
13515,Fall,28.99,2026-01-19 08:38:22
13515,Summer,21.74,2026-01-19 08:38:22
13518,Spring,38.57,2026-01-19 08:38:22
13518,Summer,30.0,2026-01-19 08:38:22
13518,Fall,20.0,2026-01-19 08:38:22
13521,Spring,34.62,2026-01-19 08:38:22
13521,Fall,25.64,2026-01-19 08:38:22
13521,Summer,25.64,2026-01-19 08:38:22
13522,Spring,35.0,2026-01-19 08:38:22
13522,Summer,31.0,2026-01-19 08:38:22
13522,Fall,21.0,2026-01-19 08:38:22
13523,Spring,100.0,2026-01-19 08:38:22
13525,Fall,33.66,2026-01-19 08:38:22
13525,Spring,24.75,2026-01-19 08:38:22
13525,Winter,23.76,2026-01-19 08:38:22
13526,Fall,36.02,2026-01-19 08:38:22
13526,Winter,33.54,2026-01-19 08:38:22
13526,Spring,23.6,2026-01-19 08:38:22
13528,Fall,31.67,2026-01-19 08:38:22
13528,Spring,28.33,2026-01-19 08:38:22
13528,Winter,25.0,2026-01-19 08:38:22
13530,Fall,31.25,2026-01-19 08:38:22
13530,Winter,29.17,2026-01-19 08:38:22
13530,Spring,25.0,2026-01-19 08:38:22
13532,Summer,38.46,2026-01-19 08:38:22
13532,Spring,36.54,2026-01-19 08:38:22
13534,Spring,33.08,2026-01-19 08:38:22
13534,Summer,27.82,2026-01-19 08:38:22
13534,Fall,22.56,2026-01-19 08:38:22
13536,Spring,38.0,2026-01-19 08:38:22
13536,Summer,34.0,2026-01-19 08:38:22
13536,Fall,20.0,2026-01-19 08:38:22
13538,Spring,33.57,2026-01-19 08:38:22
13538,Summer,25.87,2026-01-19 08:38:22
13538,Fall,24.48,2026-01-19 08:38:22
13540,Fall,36.67,2026-01-19 08:38:22
13540,Winter,31.67,2026-01-19 08:38:22
13540,Spring,26.67,2026-01-19 08:38:22
13542,Fall,36.46,2026-01-19 08:38:22
13542,Winter,32.29,2026-01-19 08:38:22
13542,Spring,22.92,2026-01-19 08:38:22
13544,Fall,36.51,2026-01-19 08:38:22
13544,Winter,30.16,2026-01-19 08:38:22
13544,Spring,20.63,2026-01-19 08:38:22
13545,Fall,36.36,2026-01-19 08:38:22
13545,Winter,28.1,2026-01-19 08:38:22
13545,Spring,22.31,2026-01-19 08:38:22
13549,Fall,43.24,2026-01-19 08:38:22
13549,Winter,41.44,2026-01-19 08:38:22
13552,Fall,32.08,2026-01-19 08:38:22
13552,Spring,26.42,2026-01-19 08:38:22
13552,Winter,24.53,2026-01-19 08:38:22
13553,Fall,37.68,2026-01-19 08:38:22
13553,Winter,34.78,2026-01-19 08:38:22
13556,Spring,32.81,2026-01-19 08:38:22
13556,Fall,28.12,2026-01-19 08:38:22
13556,Summer,23.44,2026-01-19 08:38:22
13557,Fall,33.0,2026-01-19 08:38:22
13557,Winter,26.0,2026-01-19 08:38:22
13557,Spring,23.0,2026-01-19 08:38:22
13558,Fall,32.18,2026-01-19 08:38:22
13558,Spring,28.96,2026-01-19 08:38:22
13558,Winter,23.81,2026-01-19 08:38:22
13561,Spring,32.24,2026-01-19 08:38:22
13561,Summer,29.61,2026-01-19 08:38:22
13561,Fall,24.34,2026-01-19 08:38:22
13563,Fall,39.13,2026-01-19 08:38:22
13563,Winter,31.88,2026-01-19 08:38:22
13563,Spring,20.29,2026-01-19 08:38:22
13564,Winter,40.16,2026-01-19 08:38:22
13564,Fall,39.64,2026-01-19 08:38:22
13565,Summer,44.05,2026-01-19 08:38:22
13565,Spring,40.48,2026-01-19 08:38:22
13567,Fall,31.82,2026-01-19 08:38:22
13567,Winter,28.79,2026-01-19 08:38:22
13567,Spring,24.24,2026-01-19 08:38:22
13568,Winter,43.14,2026-01-19 08:38:22
13568,Fall,40.0,2026-01-19 08:38:22
13569,Fall,33.33,2026-01-19 08:38:22
13569,Winter,31.75,2026-01-19 08:38:22
13569,Spring,24.6,2026-01-19 08:38:22
13571,Summer,38.64,2026-01-19 08:38:22
13571,Spring,34.09,2026-01-19 08:38:22
13572,Spring,33.7,2026-01-19 08:38:22
13572,Fall,25.93,2026-01-19 08:38:22
13572,Summer,25.19,2026-01-19 08:38:22
13573,Fall,31.13,2026-01-19 08:38:22
13573,Spring,27.15,2026-01-19 08:38:22
13573,Winter,24.5,2026-01-19 08:38:22
13575,Fall,44.23,2026-01-19 08:38:22
13575,Winter,38.46,2026-01-19 08:38:22
13577,Fall,38.4,2026-01-19 08:38:22
13577,Winter,37.6,2026-01-19 08:38:22
13579,Spring,37.93,2026-01-19 08:38:22
13579,Summer,34.48,2026-01-19 08:38:22
13580,Fall,35.12,2026-01-19 08:38:22
13580,Winter,29.27,2026-01-19 08:38:22
13580,Spring,23.9,2026-01-19 08:38:22
13581,Spring,38.54,2026-01-19 08:38:22
13581,Summer,37.5,2026-01-19 08:38:22
13583,Spring,35.42,2026-01-19 08:38:22
13583,Summer,27.08,2026-01-19 08:38:22
13583,Fall,22.92,2026-01-19 08:38:22
13584,Summer,36.7,2026-01-19 08:38:22
13584,Spring,34.86,2026-01-19 08:38:22
13584,Fall,21.1,2026-01-19 08:38:22
13585,Summer,57.14,2026-01-19 08:38:22
13585,Spring,42.86,2026-01-19 08:38:22
13587,Summer,47.27,2026-01-19 08:38:22
13587,Spring,38.18,2026-01-19 08:38:22
13588,Spring,39.26,2026-01-19 08:38:22
13588,Summer,30.37,2026-01-19 08:38:22
13588,Fall,22.22,2026-01-19 08:38:22
13589,Spring,48.57,2026-01-19 08:38:22
13589,Summer,31.43,2026-01-19 08:38:22
13589,Fall,20.0,2026-01-19 08:38:22
13591,Spring,34.69,2026-01-19 08:38:22
13591,Summer,26.53,2026-01-19 08:38:22
13591,Fall,22.45,2026-01-19 08:38:22
13592,Fall,36.7,2026-01-19 08:38:22
13592,Winter,34.57,2026-01-19 08:38:22
13592,Spring,21.28,2026-01-19 08:38:22
13593,Spring,39.39,2026-01-19 08:38:22
13593,Fall,24.24,2026-01-19 08:38:22
13593,Summer,24.24,2026-01-19 08:38:22
13595,Fall,31.91,2026-01-19 08:38:22
13595,Spring,25.53,2026-01-19 08:38:22
13595,Summer,23.4,2026-01-19 08:38:22
13596,Spring,38.51,2026-01-19 08:38:22
13596,Summer,29.31,2026-01-19 08:38:22
13596,Fall,22.99,2026-01-19 08:38:22
13599,Fall,29.17,2026-01-19 08:38:22
13599,Spring,29.17,2026-01-19 08:38:22
13599,Winter,25.0,2026-01-19 08:38:22
13600,Summer,42.86,2026-01-19 08:38:22
13600,Spring,28.57,2026-01-19 08:38:22
13600,Fall,21.43,2026-01-19 08:38:22
13601,Spring,30.77,2026-01-19 08:38:22
13601,Fall,25.82,2026-01-19 08:38:22
13601,Summer,23.63,2026-01-19 08:38:22
13603,Fall,34.48,2026-01-19 08:38:22
13603,Winter,31.03,2026-01-19 08:38:22
13604,Spring,34.86,2026-01-19 08:38:22
13604,Summer,31.19,2026-01-19 08:38:22
13604,Fall,23.85,2026-01-19 08:38:22
13605,Winter,33.33,2026-01-19 08:38:22
13605,Fall,33.33,2026-01-19 08:38:22
13605,Spring,27.78,2026-01-19 08:38:22
13607,Winter,43.24,2026-01-19 08:38:22
13607,Fall,37.84,2026-01-19 08:38:22
13608,Summer,46.67,2026-01-19 08:38:22
13608,Spring,42.22,2026-01-19 08:38:22
13609,Summer,35.71,2026-01-19 08:38:22
13609,Spring,35.71,2026-01-19 08:38:22
13611,Spring,42.5,2026-01-19 08:38:22
13611,Summer,40.0,2026-01-19 08:38:22
13612,Summer,33.33,2026-01-19 08:38:22
13612,Spring,33.33,2026-01-19 08:38:22
13613,Fall,31.37,2026-01-19 08:38:22
13613,Spring,29.41,2026-01-19 08:38:22
13613,Winter,26.47,2026-01-19 08:38:22
13615,Summer,36.11,2026-01-19 08:38:22
13615,Spring,36.11,2026-01-19 08:38:22
13616,Summer,40.0,2026-01-19 08:38:22
13616,Spring,40.0,2026-01-19 08:38:22
13619,Summer,41.18,2026-01-19 08:38:22
13619,Spring,35.29,2026-01-19 08:38:22
13622,Summer,45.95,2026-01-19 08:38:22
13622,Spring,36.49,2026-01-19 08:38:22
13623,Summer,43.48,2026-01-19 08:38:22
13623,Spring,43.48,2026-01-19 08:38:22
13626,Spring,45.1,2026-01-19 08:38:22
13626,Summer,35.29,2026-01-19 08:38:22
13628,Spring,45.0,2026-01-19 08:38:22
13628,Summer,35.0,2026-01-19 08:38:22
13630,Fall,39.77,2026-01-19 08:38:22
13630,Winter,38.64,2026-01-19 08:38:22
13632,Winter,33.33,2026-01-19 08:38:22
13632,Fall,33.33,2026-01-19 08:38:22
13632,Spring,20.51,2026-01-19 08:38:22
13634,Fall,33.96,2026-01-19 08:38:22
13634,Spring,26.42,2026-01-19 08:38:22
13634,Winter,22.64,2026-01-19 08:38:22
13636,Spring,29.73,2026-01-19 08:38:22
13636,Winter,24.32,2026-01-19 08:38:22
13636,Fall,24.32,2026-01-19 08:38:22
13636,Summer,21.62,2026-01-19 08:38:22
13638,Spring,35.78,2026-01-19 08:38:22
13638,Fall,26.61,2026-01-19 08:38:22
13638,Summer,24.77,2026-01-19 08:38:22
13640,Fall,29.17,2026-01-19 08:38:22
13640,Summer,25.0,2026-01-19 08:38:22
13640,Spring,25.0,2026-01-19 08:38:22
13640,Winter,20.83,2026-01-19 08:38:22
13642,Fall,37.89,2026-01-19 08:38:22
13642,Winter,34.74,2026-01-19 08:38:22
13643,Fall,38.79,2026-01-19 08:38:22
13643,Winter,34.48,2026-01-19 08:38:22
13644,Fall,40.0,2026-01-19 08:38:22
13644,Winter,36.0,2026-01-19 08:38:22
13646,Summer,43.18,2026-01-19 08:38:22
13646,Spring,40.91,2026-01-19 08:38:22
13647,Winter,40.0,2026-01-19 08:38:22
13647,Fall,38.18,2026-01-19 08:38:22
13648,Spring,34.48,2026-01-19 08:38:22
13648,Fall,27.59,2026-01-19 08:38:22
13648,Summer,27.59,2026-01-19 08:38:22
13650,Spring,33.33,2026-01-19 08:38:22
13650,Summer,29.49,2026-01-19 08:38:22
13650,Fall,25.64,2026-01-19 08:38:22
13651,Summer,36.05,2026-01-19 08:38:22
13651,Spring,36.05,2026-01-19 08:38:22
13652,Winter,29.17,2026-01-19 08:38:22
13652,Fall,29.17,2026-01-19 08:38:22
13652,Spring,29.17,2026-01-19 08:38:22
13655,Fall,40.0,2026-01-19 08:38:22
13655,Winter,31.11,2026-01-19 08:38:22
13656,Spring,46.88,2026-01-19 08:38:22
13656,Summer,37.5,2026-01-19 08:38:22
13659,Spring,30.84,2026-01-19 08:38:22
13659,Summer,27.1,2026-01-19 08:38:22
13659,Fall,25.23,2026-01-19 08:38:22
13660,Spring,40.51,2026-01-19 08:38:22
13660,Summer,30.38,2026-01-19 08:38:22
13660,Fall,20.25,2026-01-19 08:38:22
13661,Spring,38.89,2026-01-19 08:38:22
13661,Summer,36.11,2026-01-19 08:38:22
13663,Spring,33.33,2026-01-19 08:38:22
13663,Fall,26.32,2026-01-19 08:38:22
13663,Winter,21.05,2026-01-19 08:38:22
13664,Spring,32.98,2026-01-19 08:38:22
13664,Summer,27.66,2026-01-19 08:38:22
13664,Fall,23.4,2026-01-19 08:38:22
13665,Fall,35.29,2026-01-19 08:38:22
13665,Spring,35.29,2026-01-19 08:38:22
13667,Fall,39.06,2026-01-19 08:38:22
13667,Winter,37.5,2026-01-19 08:38:22
13668,Spring,38.46,2026-01-19 08:38:22
13668,Fall,34.62,2026-01-19 08:38:22
13668,Summer,26.92,2026-01-19 08:38:22
13669,Summer,42.42,2026-01-19 08:38:22
13669,Spring,37.88,2026-01-19 08:38:22
13671,Spring,36.78,2026-01-19 08:38:22
13671,Summer,31.03,2026-01-19 08:38:22
13671,Fall,21.84,2026-01-19 08:38:22
13672,Fall,28.12,2026-01-19 08:38:22
13672,Spring,28.12,2026-01-19 08:38:22
13672,Summer,25.0,2026-01-19 08:38:22
13673,Spring,31.25,2026-01-19 08:38:22
13673,Fall,27.08,2026-01-19 08:38:22
13673,Summer,27.08,2026-01-19 08:38:22
13675,Spring,34.0,2026-01-19 08:38:22
13675,Fall,31.0,2026-01-19 08:38:22
13676,Fall,30.0,2026-01-19 08:38:22
13676,Summer,30.0,2026-01-19 08:38:22
13676,Spring,30.0,2026-01-19 08:38:22
13677,Summer,46.55,2026-01-19 08:38:22
13677,Spring,44.83,2026-01-19 08:38:22
13679,Summer,42.86,2026-01-19 08:38:22
13679,Spring,42.86,2026-01-19 08:38:22
13680,Spring,31.11,2026-01-19 08:38:22
13680,Fall,28.89,2026-01-19 08:38:22
13680,Winter,22.22,2026-01-19 08:38:22
13681,Spring,35.9,2026-01-19 08:38:22
13681,Summer,30.77,2026-01-19 08:38:22
13681,Fall,23.08,2026-01-19 08:38:22
13683,Summer,38.89,2026-01-19 08:38:22
13683,Spring,38.89,2026-01-19 08:38:22
13685,Spring,36.92,2026-01-19 08:38:22
13685,Summer,29.23,2026-01-19 08:38:22
13685,Fall,24.62,2026-01-19 08:38:22
13687,Summer,45.45,2026-01-19 08:38:22
13687,Spring,45.45,2026-01-19 08:38:22
13688,Fall,30.51,2026-01-19 08:38:22
13688,Spring,28.81,2026-01-19 08:38:22
13688,Winter,20.34,2026-01-19 08:38:22
13688,Summer,20.34,2026-01-19 08:38:22
13689,Spring,36.36,2026-01-19 08:38:22
13689,Summer,29.09,2026-01-19 08:38:22
13689,Fall,20.0,2026-01-19 08:38:22
13691,Summer,40.0,2026-01-19 08:38:22
13691,Spring,40.0,2026-01-19 08:38:22
13691,Fall,20.0,2026-01-19 08:38:22
13692,Fall,32.05,2026-01-19 08:38:22
13692,Spring,26.92,2026-01-19 08:38:22
13692,Winter,23.08,2026-01-19 08:38:22
13695,Spring,45.83,2026-01-19 08:38:22
13695,Summer,41.67,2026-01-19 08:38:22
13696,Summer,33.64,2026-01-19 08:38:22
13696,Spring,32.71,2026-01-19 08:38:22
13696,Fall,21.5,2026-01-19 08:38:22
13697,Spring,39.58,2026-01-19 08:38:22
13697,Summer,29.17,2026-01-19 08:38:22
13697,Fall,22.92,2026-01-19 08:38:22
13699,Winter,38.95,2026-01-19 08:38:22
13699,Fall,37.89,2026-01-19 08:38:22
13700,Summer,38.24,2026-01-19 08:38:22
13700,Spring,38.24,2026-01-19 08:38:22
13701,Spring,37.21,2026-01-19 08:38:22
13701,Summer,32.56,2026-01-19 08:38:22
13701,Fall,23.26,2026-01-19 08:38:22
13703,Winter,38.89,2026-01-19 08:38:22
13703,Fall,38.89,2026-01-19 08:38:22
13705,Spring,37.78,2026-01-19 08:38:22
13705,Summer,35.56,2026-01-19 08:38:22
13707,Spring,33.75,2026-01-19 08:38:22
13707,Fall,27.5,2026-01-19 08:38:22
13707,Summer,27.5,2026-01-19 08:38:22
13708,Summer,40.0,2026-01-19 08:38:22
13708,Spring,32.0,2026-01-19 08:38:22
13708,Fall,28.0,2026-01-19 08:38:22
13709,Summer,41.03,2026-01-19 08:38:22
13709,Spring,41.03,2026-01-19 08:38:22
13710,Summer,50.0,2026-01-19 08:38:22
13710,Spring,50.0,2026-01-19 08:38:22
13711,Spring,43.75,2026-01-19 08:38:22
13711,Summer,37.5,2026-01-19 08:38:22
13712,Fall,36.72,2026-01-19 08:38:22
13712,Winter,35.16,2026-01-19 08:38:22
13713,Summer,51.85,2026-01-19 08:38:22
13713,Spring,48.15,2026-01-19 08:38:22
13715,Fall,33.33,2026-01-19 08:38:22
13715,Spring,33.33,2026-01-19 08:38:22
13715,Winter,26.67,2026-01-19 08:38:22
13716,Fall,32.63,2026-01-19 08:38:22
13716,Spring,28.42,2026-01-19 08:38:22
13716,Winter,24.21,2026-01-19 08:38:22
13720,Spring,47.37,2026-01-19 08:38:22
13720,Summer,42.11,2026-01-19 08:38:22
13722,Summer,40.51,2026-01-19 08:38:22
13722,Spring,37.97,2026-01-19 08:38:22
13723,Fall,39.02,2026-01-19 08:38:22
13723,Winter,24.39,2026-01-19 08:38:22
13723,Spring,21.95,2026-01-19 08:38:22
13724,Winter,29.41,2026-01-19 08:38:22
13724,Fall,29.41,2026-01-19 08:38:22
13724,Spring,29.41,2026-01-19 08:38:22
13726,Fall,36.09,2026-01-19 08:38:22
13726,Winter,33.08,2026-01-19 08:38:22
13726,Spring,21.05,2026-01-19 08:38:22
13727,Spring,38.46,2026-01-19 08:38:22
13727,Summer,33.33,2026-01-19 08:38:22
13728,Summer,38.46,2026-01-19 08:38:22
13728,Spring,38.46,2026-01-19 08:38:22
13730,Spring,33.01,2026-01-19 08:38:22
13730,Summer,32.04,2026-01-19 08:38:22
13730,Fall,22.33,2026-01-19 08:38:22
13731,Fall,32.14,2026-01-19 08:38:22
13731,Spring,32.14,2026-01-19 08:38:22
13732,Spring,45.16,2026-01-19 08:38:22
13732,Summer,29.03,2026-01-19 08:38:22
13734,Fall,32.04,2026-01-19 08:38:22
13734,Winter,31.07,2026-01-19 08:38:22
13734,Spring,22.33,2026-01-19 08:38:22
13735,Summer,35.9,2026-01-19 08:38:22
13735,Spring,35.9,2026-01-19 08:38:22
13736,Spring,50.0,2026-01-19 08:38:22
13736,Summer,25.0,2026-01-19 08:38:22
13738,Spring,30.99,2026-01-19 08:38:22
13738,Fall,29.58,2026-01-19 08:38:22
13738,Summer,21.13,2026-01-19 08:38:22
13739,Spring,32.61,2026-01-19 08:38:22
13739,Summer,30.43,2026-01-19 08:38:22
13739,Fall,23.91,2026-01-19 08:38:22
13740,Winter,35.71,2026-01-19 08:38:22
13740,Fall,35.71,2026-01-19 08:38:22
13740,Spring,21.43,2026-01-19 08:38:22
13743,Spring,30.3,2026-01-19 08:38:22
13743,Fall,27.27,2026-01-19 08:38:22
13743,Summer,24.24,2026-01-19 08:38:22
13744,Summer,41.46,2026-01-19 08:38:22
13744,Spring,41.46,2026-01-19 08:38:22
13746,Spring,50.0,2026-01-19 08:38:22
13746,Summer,41.67,2026-01-19 08:38:22
13749,Winter,37.93,2026-01-19 08:38:22
13749,Fall,37.93,2026-01-19 08:38:22
13750,Fall,35.29,2026-01-19 08:38:22
13750,Spring,35.29,2026-01-19 08:38:22
13750,Summer,23.53,2026-01-19 08:38:22
13751,Summer,36.84,2026-01-19 08:38:22
13751,Fall,26.32,2026-01-19 08:38:22
13751,Spring,26.32,2026-01-19 08:38:22
13754,Summer,44.44,2026-01-19 08:38:22
13754,Spring,44.44,2026-01-19 08:38:22
13755,Winter,31.58,2026-01-19 08:38:22
13755,Fall,31.58,2026-01-19 08:38:22
13755,Spring,26.32,2026-01-19 08:38:22
13757,Spring,35.38,2026-01-19 08:38:22
13757,Summer,30.77,2026-01-19 08:38:22
13757,Fall,21.54,2026-01-19 08:38:22
13758,Summer,36.36,2026-01-19 08:38:22
13758,Spring,36.36,2026-01-19 08:38:22
13758,Fall,22.73,2026-01-19 08:38:22
13759,Summer,41.18,2026-01-19 08:38:22
13759,Spring,35.29,2026-01-19 08:38:22
13761,Fall,34.71,2026-01-19 08:38:22
13761,Winter,33.88,2026-01-19 08:38:22
13761,Spring,20.66,2026-01-19 08:38:22
13762,Summer,35.0,2026-01-19 08:38:22
13762,Spring,35.0,2026-01-19 08:38:22
13762,Fall,30.0,2026-01-19 08:38:22
13763,Summer,38.46,2026-01-19 08:38:22
13763,Spring,35.9,2026-01-19 08:38:22
13763,Fall,20.51,2026-01-19 08:38:22
13765,Fall,38.0,2026-01-19 08:38:22
13765,Winter,32.0,2026-01-19 08:38:22
13767,Fall,34.48,2026-01-19 08:38:22
13767,Spring,31.03,2026-01-19 08:38:22
13767,Winter,20.69,2026-01-19 08:38:22
13769,Fall,35.9,2026-01-19 08:38:22
13769,Winter,32.05,2026-01-19 08:38:22
13769,Spring,23.08,2026-01-19 08:38:22
13770,Summer,37.5,2026-01-19 08:38:22
13770,Spring,37.5,2026-01-19 08:38:22
13771,Spring,50.0,2026-01-19 08:38:22
13771,Summer,44.44,2026-01-19 08:38:22
13773,Fall,30.77,2026-01-19 08:38:22
13773,Spring,30.77,2026-01-19 08:38:22
13773,Summer,24.04,2026-01-19 08:38:22
13779,Summer,64.71,2026-01-19 08:38:22
13779,Spring,35.29,2026-01-19 08:38:22
13781,Fall,35.92,2026-01-19 08:38:22
13781,Winter,30.1,2026-01-19 08:38:22
13781,Spring,23.3,2026-01-19 08:38:22
13783,Summer,44.44,2026-01-19 08:38:22
13783,Spring,33.33,2026-01-19 08:38:22
13784,Fall,34.21,2026-01-19 08:38:22
13784,Winter,31.58,2026-01-19 08:38:22
13784,Spring,21.05,2026-01-19 08:38:22
13786,Spring,40.74,2026-01-19 08:38:22
13786,Summer,37.04,2026-01-19 08:38:22
13786,Fall,22.22,2026-01-19 08:38:22
13788,Spring,38.57,2026-01-19 08:38:22
13788,Summer,27.14,2026-01-19 08:38:22
13788,Fall,22.86,2026-01-19 08:38:22
13790,Spring,38.46,2026-01-19 08:38:22
13790,Summer,34.62,2026-01-19 08:38:22
13792,Fall,30.84,2026-01-19 08:38:22
13792,Winter,25.23,2026-01-19 08:38:22
13792,Spring,25.23,2026-01-19 08:38:22
13794,Winter,29.41,2026-01-19 08:38:22
13794,Fall,29.41,2026-01-19 08:38:22
13794,Spring,23.53,2026-01-19 08:38:22
13795,Summer,40.0,2026-01-19 08:38:22
13795,Spring,40.0,2026-01-19 08:38:22
13796,Winter,41.86,2026-01-19 08:38:22
13796,Fall,39.53,2026-01-19 08:38:22
13798,Fall,30.0,2026-01-19 08:38:22
13798,Spring,30.0,2026-01-19 08:38:22
13798,Winter,20.0,2026-01-19 08:38:22
13798,Summer,20.0,2026-01-19 08:38:22
13799,Summer,38.46,2026-01-19 08:38:22
13799,Spring,38.46,2026-01-19 08:38:22
13799,Fall,23.08,2026-01-19 08:38:22
13800,Spring,38.98,2026-01-19 08:38:22
13800,Fall,23.73,2026-01-19 08:38:22
13800,Summer,22.03,2026-01-19 08:38:22
13802,Spring,30.0,2026-01-19 08:38:22
13802,Fall,25.0,2026-01-19 08:38:22
13802,Summer,25.0,2026-01-19 08:38:22
13802,Winter,20.0,2026-01-19 08:38:22
13803,Winter,37.5,2026-01-19 08:38:22
13803,Fall,37.5,2026-01-19 08:38:22
13803,Spring,25.0,2026-01-19 08:38:22
13805,Spring,39.39,2026-01-19 08:38:22
13805,Summer,34.85,2026-01-19 08:38:22
13806,Summer,33.33,2026-01-19 08:38:22
13806,Fall,26.67,2026-01-19 08:38:22
13806,Spring,26.67,2026-01-19 08:38:22
13807,Summer,35.71,2026-01-19 08:38:22
13807,Spring,35.71,2026-01-19 08:38:22
13807,Fall,28.57,2026-01-19 08:38:22
13809,Winter,40.54,2026-01-19 08:38:22
13809,Fall,35.14,2026-01-19 08:38:22
13810,Fall,38.46,2026-01-19 08:38:22
13810,Winter,30.77,2026-01-19 08:38:22
13810,Summer,23.08,2026-01-19 08:38:22
13811,Fall,38.46,2026-01-19 08:38:22
13811,Summer,38.46,2026-01-19 08:38:22
13813,Fall,30.88,2026-01-19 08:38:22
13813,Winter,25.0,2026-01-19 08:38:22
13813,Spring,25.0,2026-01-19 08:38:22
13814,Summer,39.13,2026-01-19 08:38:22
13814,Spring,39.13,2026-01-19 08:38:22
13815,Summer,60.0,2026-01-19 08:38:22
13815,Spring,40.0,2026-01-19 08:38:22
13817,Spring,34.48,2026-01-19 08:38:22
13817,Summer,29.89,2026-01-19 08:38:22
13817,Fall,22.99,2026-01-19 08:38:22
13818,Summer,50.0,2026-01-19 08:38:22
13818,Spring,50.0,2026-01-19 08:38:22
13822,Winter,50.0,2026-01-19 08:38:22
13822,Fall,50.0,2026-01-19 08:38:22
13823,Spring,38.46,2026-01-19 08:38:22
13823,Fall,30.77,2026-01-19 08:38:22
13823,Summer,30.77,2026-01-19 08:38:22
13825,Fall,35.06,2026-01-19 08:38:22
13825,Winter,33.77,2026-01-19 08:38:22
13825,Spring,20.78,2026-01-19 08:38:22
13826,Fall,26.67,2026-01-19 08:38:22
13826,Summer,26.67,2026-01-19 08:38:22
13826,Spring,26.67,2026-01-19 08:38:22
13826,Winter,20.0,2026-01-19 08:38:22
13827,Fall,50.0,2026-01-19 08:38:22
13827,Spring,50.0,2026-01-19 08:38:22
13829,Winter,34.18,2026-01-19 08:38:22
13829,Fall,34.18,2026-01-19 08:38:22
13829,Spring,21.52,2026-01-19 08:38:22
13830,Summer,50.0,2026-01-19 08:38:22
13830,Spring,50.0,2026-01-19 08:38:22
13833,Fall,31.25,2026-01-19 08:38:22
13833,Winter,26.25,2026-01-19 08:38:22
13833,Spring,23.75,2026-01-19 08:38:22
13834,Summer,33.33,2026-01-19 08:38:22
13834,Spring,33.33,2026-01-19 08:38:22
13834,Fall,22.22,2026-01-19 08:38:22
13835,Winter,25.0,2026-01-19 08:38:22
13835,Fall,25.0,2026-01-19 08:38:22
13835,Summer,25.0,2026-01-19 08:38:22
13835,Spring,25.0,2026-01-19 08:38:22
13837,Summer,33.33,2026-01-19 08:38:22
13837,Spring,33.33,2026-01-19 08:38:22
13837,Fall,23.81,2026-01-19 08:38:22
13841,Fall,40.48,2026-01-19 08:38:22
13841,Winter,35.71,2026-01-19 08:38:22
13842,Summer,43.75,2026-01-19 08:38:22
13842,Spring,31.25,2026-01-19 08:38:22
13843,Summer,38.89,2026-01-19 08:38:22
13843,Spring,33.33,2026-01-19 08:38:22
13843,Fall,22.22,2026-01-19 08:38:22
13845,Spring,34.92,2026-01-19 08:38:22
13845,Summer,28.57,2026-01-19 08:38:22
13845,Fall,23.81,2026-01-19 08:38:22
13846,Spring,34.78,2026-01-19 08:38:22
13846,Fall,26.09,2026-01-19 08:38:22
13846,Summer,26.09,2026-01-19 08:38:22
13847,Summer,36.36,2026-01-19 08:38:22
13847,Spring,36.36,2026-01-19 08:38:22
13847,Fall,27.27,2026-01-19 08:38:22
13849,Summer,36.54,2026-01-19 08:38:22
13849,Spring,32.69,2026-01-19 08:38:22
13850,Fall,33.33,2026-01-19 08:38:22
13850,Spring,33.33,2026-01-19 08:38:22
13851,Spring,41.67,2026-01-19 08:38:22
13851,Fall,33.33,2026-01-19 08:38:22
13853,Winter,30.0,2026-01-19 08:38:22
13853,Fall,30.0,2026-01-19 08:38:22
13853,Spring,30.0,2026-01-19 08:38:22
13854,Fall,38.33,2026-01-19 08:38:22
13854,Winter,31.67,2026-01-19 08:38:22
13854,Spring,20.0,2026-01-19 08:38:22
13855,Summer,100.0,2026-01-19 08:38:22
13857,Winter,46.67,2026-01-19 08:38:22
13857,Fall,33.33,2026-01-19 08:38:22
13858,Summer,50.0,2026-01-19 08:38:22
13858,Spring,50.0,2026-01-19 08:38:22
13861,Fall,34.78,2026-01-19 08:38:22
13861,Winter,33.33,2026-01-19 08:38:22
13862,Fall,36.36,2026-01-19 08:38:22
13862,Summer,27.27,2026-01-19 08:38:22
13862,Spring,27.27,2026-01-19 08:38:22
13863,Winter,25.0,2026-01-19 08:38:22
13863,Fall,25.0,2026-01-19 08:38:22
13863,Summer,25.0,2026-01-19 08:38:22
13863,Spring,25.0,2026-01-19 08:38:22
13865,Summer,100.0,2026-01-19 08:38:22
13866,Spring,30.0,2026-01-19 08:38:22
13866,Fall,28.57,2026-01-19 08:38:22
13866,Summer,21.43,2026-01-19 08:38:22
13866,Winter,20.0,2026-01-19 08:38:22
13869,Summer,31.75,2026-01-19 08:38:22
13869,Spring,28.57,2026-01-19 08:38:22
13869,Fall,23.81,2026-01-19 08:38:22
13870,Summer,33.33,2026-01-19 08:38:22
13870,Fall,27.78,2026-01-19 08:38:22
13870,Spring,27.78,2026-01-19 08:38:22
13873,Fall,30.67,2026-01-19 08:38:22
13873,Winter,26.67,2026-01-19 08:38:22
13873,Spring,24.0,2026-01-19 08:38:22
13876,Winter,25.0,2026-01-19 08:38:22
13876,Fall,25.0,2026-01-19 08:38:22
13876,Summer,25.0,2026-01-19 08:38:22
13876,Spring,25.0,2026-01-19 08:38:22
13877,Winter,42.59,2026-01-19 08:38:22
13877,Fall,42.59,2026-01-19 08:38:22
13881,Spring,37.04,2026-01-19 08:38:22
13881,Summer,35.19,2026-01-19 08:38:22
13881,Fall,22.22,2026-01-19 08:38:22
13882,Summer,50.0,2026-01-19 08:38:22
13882,Spring,50.0,2026-01-19 08:38:22
13885,Winter,37.84,2026-01-19 08:38:22
13885,Fall,37.84,2026-01-19 08:38:22
13886,Summer,50.0,2026-01-19 08:38:22
13886,Spring,50.0,2026-01-19 08:38:22
13888,Fall,50.0,2026-01-19 08:38:22
13888,Spring,50.0,2026-01-19 08:38:22
13890,Winter,25.0,2026-01-19 08:38:22
13890,Fall,25.0,2026-01-19 08:38:22
13890,Summer,25.0,2026-01-19 08:38:22
13890,Spring,25.0,2026-01-19 08:38:22
13894,Fall,33.33,2026-01-19 08:38:22
13894,Spring,33.33,2026-01-19 08:38:22
13896,Summer,40.0,2026-01-19 08:38:22
13896,Spring,40.0,2026-01-19 08:38:22
13900,Summer,50.0,2026-01-19 08:38:22
13900,Spring,50.0,2026-01-19 08:38:22
13902,Spring,42.86,2026-01-19 08:38:22
13902,Fall,28.57,2026-01-19 08:38:22
13904,Summer,35.71,2026-01-19 08:38:22
13904,Spring,35.71,2026-01-19 08:38:22
13912,Winter,40.0,2026-01-19 08:38:22
13912,Fall,40.0,2026-01-19 08:38:22
13912,Spring,20.0,2026-01-19 08:38:22
13914,Fall,35.71,2026-01-19 08:38:22
13914,Winter,21.43,2026-01-19 08:38:22
13914,Summer,21.43,2026-01-19 08:38:22
13914,Spring,21.43,2026-01-19 08:38:22
13915,Summer,57.14,2026-01-19 08:38:22
13915,Spring,42.86,2026-01-19 08:38:22
13917,Spring,100.0,2026-01-19 08:38:22
13918,Summer,40.0,2026-01-19 08:38:22
13918,Winter,20.0,2026-01-19 08:38:22
13918,Fall,20.0,2026-01-19 08:38:22
13918,Spring,20.0,2026-01-19 08:38:22
13919,Winter,33.33,2026-01-19 08:38:22
13919,Fall,33.33,2026-01-19 08:38:22
13919,Spring,33.33,2026-01-19 08:38:22
13927,Summer,50.0,2026-01-19 08:38:22
13927,Spring,50.0,2026-01-19 08:38:22
13935,Fall,33.33,2026-01-19 08:38:22
13935,Summer,33.33,2026-01-19 08:38:22
13935,Spring,33.33,2026-01-19 08:38:22
13942,Winter,100.0,2026-01-19 08:38:22
13947,Summer,50.0,2026-01-19 08:38:22
13947,Spring,50.0,2026-01-19 08:38:22
13959,Winter,33.33,2026-01-19 08:38:22
13959,Fall,33.33,2026-01-19 08:38:22
13959,Spring,33.33,2026-01-19 08:38:22
13973,Spring,34.78,2026-01-19 08:38:22
13973,Summer,28.26,2026-01-19 08:38:22
13973,Fall,26.09,2026-01-19 08:38:22
13977,Spring,36.71,2026-01-19 08:38:22
13977,Summer,35.44,2026-01-19 08:38:22
13981,Fall,33.33,2026-01-19 08:38:22
13981,Spring,27.78,2026-01-19 08:38:22
13981,Winter,23.61,2026-01-19 08:38:22
13985,Spring,29.51,2026-01-19 08:38:22
13985,Summer,26.23,2026-01-19 08:38:22
13985,Fall,24.59,2026-01-19 08:38:22
13988,Fall,35.19,2026-01-19 08:38:22
13988,Winter,31.48,2026-01-19 08:38:22
13988,Spring,20.37,2026-01-19 08:38:22
13992,Spring,36.36,2026-01-19 08:38:22
13992,Summer,33.33,2026-01-19 08:38:22
13992,Fall,21.21,2026-01-19 08:38:22
13996,Fall,31.48,2026-01-19 08:38:22
13996,Spring,31.48,2026-01-19 08:38:22
14000,Winter,35.56,2026-01-19 08:38:22
14000,Fall,35.56,2026-01-19 08:38:22
14005,Winter,35.14,2026-01-19 08:38:22
14005,Fall,35.14,2026-01-19 08:38:22
14009,Spring,36.51,2026-01-19 08:38:22
14009,Summer,31.75,2026-01-19 08:38:22
14009,Fall,20.63,2026-01-19 08:38:22
14014,Fall,33.96,2026-01-19 08:38:22
14014,Winter,26.42,2026-01-19 08:38:22
14014,Spring,24.53,2026-01-19 08:38:22
14017,Spring,38.0,2026-01-19 08:38:22
14017,Summer,32.0,2026-01-19 08:38:22
14022,Winter,34.69,2026-01-19 08:38:22
14022,Fall,34.69,2026-01-19 08:38:22
14025,Fall,34.69,2026-01-19 08:38:22
14025,Winter,32.65,2026-01-19 08:38:22
14025,Spring,22.45,2026-01-19 08:38:22
14029,Fall,31.71,2026-01-19 08:38:22
14029,Winter,29.27,2026-01-19 08:38:22
14029,Spring,24.39,2026-01-19 08:38:22
14033,Spring,37.04,2026-01-19 08:38:22
14033,Fall,29.63,2026-01-19 08:38:22
14037,Winter,44.44,2026-01-19 08:38:22
14037,Fall,41.67,2026-01-19 08:38:22
14042,Winter,40.48,2026-01-19 08:38:22
14042,Fall,38.1,2026-01-19 08:38:22
14049,Fall,40.0,2026-01-19 08:38:22
14049,Spring,30.0,2026-01-19 08:38:22
14049,Winter,20.0,2026-01-19 08:38:22
14090,Spring,46.51,2026-01-19 08:38:22
14090,Summer,34.88,2026-01-19 08:38:22
14094,Fall,41.46,2026-01-19 08:38:22
14094,Winter,39.02,2026-01-19 08:38:22
14102,Fall,34.21,2026-01-19 08:38:22
14102,Spring,28.95,2026-01-19 08:38:22
14102,Winter,23.68,2026-01-19 08:38:22
14106,Summer,27.27,2026-01-19 08:38:22
14106,Spring,27.27,2026-01-19 08:38:22
14106,Fall,25.0,2026-01-19 08:38:22
14106,Winter,20.45,2026-01-19 08:38:22
14110,Spring,36.36,2026-01-19 08:38:22
14110,Summer,27.27,2026-01-19 08:38:22
14114,Winter,34.62,2026-01-19 08:38:22
14114,Fall,34.62,2026-01-19 08:38:22
14118,Fall,41.38,2026-01-19 08:38:22
14118,Winter,37.93,2026-01-19 08:38:22
14122,Fall,34.88,2026-01-19 08:38:22
14122,Winter,30.23,2026-01-19 08:38:22
14126,Fall,40.48,2026-01-19 08:38:22
14126,Winter,35.71,2026-01-19 08:38:22
14130,Winter,42.11,2026-01-19 08:38:22
14130,Fall,42.11,2026-01-19 08:38:22
14134,Spring,40.0,2026-01-19 08:38:22
14134,Summer,33.33,2026-01-19 08:38:22
14138,Fall,31.58,2026-01-19 08:38:22
14138,Spring,28.95,2026-01-19 08:38:22
14138,Winter,26.32,2026-01-19 08:38:22
14141,Summer,35.48,2026-01-19 08:38:22
14141,Spring,32.26,2026-01-19 08:38:22
14145,Fall,32.14,2026-01-19 08:38:22
14145,Summer,25.0,2026-01-19 08:38:22
14145,Spring,25.0,2026-01-19 08:38:22
14150,Fall,33.33,2026-01-19 08:38:22
14150,Winter,30.56,2026-01-19 08:38:22
14150,Spring,25.0,2026-01-19 08:38:22
14151,Spring,32.56,2026-01-19 08:38:22
14151,Fall,26.74,2026-01-19 08:38:22
14151,Summer,26.36,2026-01-19 08:38:22
14153,Spring,35.71,2026-01-19 08:38:22
14153,Fall,32.14,2026-01-19 08:38:22
14153,Winter,21.43,2026-01-19 08:38:22
14155,Fall,33.65,2026-01-19 08:38:22
14155,Winter,31.75,2026-01-19 08:38:22
14155,Spring,22.75,2026-01-19 08:38:22
14157,Fall,39.13,2026-01-19 08:38:22
14157,Spring,30.43,2026-01-19 08:38:22
14159,Spring,33.01,2026-01-19 08:38:22
14159,Fall,30.1,2026-01-19 08:38:22
14159,Summer,23.79,2026-01-19 08:38:22
14162,Summer,43.48,2026-01-19 08:38:22
14162,Spring,39.13,2026-01-19 08:38:22
14163,Summer,34.1,2026-01-19 08:38:22
14163,Spring,31.21,2026-01-19 08:38:22
14163,Fall,24.86,2026-01-19 08:38:22
14166,Summer,30.43,2026-01-19 08:38:22
14166,Spring,30.43,2026-01-19 08:38:22
14166,Fall,21.74,2026-01-19 08:38:22
14167,Spring,41.73,2026-01-19 08:38:22
14167,Summer,41.01,2026-01-19 08:38:22
14170,Spring,35.71,2026-01-19 08:38:22
14170,Fall,28.57,2026-01-19 08:38:22
14170,Winter,21.43,2026-01-19 08:38:22
14171,Spring,37.69,2026-01-19 08:38:22
14171,Fall,26.92,2026-01-19 08:38:22
14171,Summer,23.85,2026-01-19 08:38:22
14174,Winter,33.33,2026-01-19 08:38:22
14174,Fall,33.33,2026-01-19 08:38:22
14174,Spring,25.0,2026-01-19 08:38:22
14175,Spring,32.32,2026-01-19 08:38:22
14175,Fall,29.27,2026-01-19 08:38:22
14175,Summer,20.12,2026-01-19 08:38:22
14178,Summer,33.33,2026-01-19 08:38:22
14178,Spring,33.33,2026-01-19 08:38:22
14179,Spring,37.96,2026-01-19 08:38:22
14179,Summer,28.47,2026-01-19 08:38:22
14179,Fall,24.82,2026-01-19 08:38:22
14182,Summer,50.0,2026-01-19 08:38:22
14182,Spring,50.0,2026-01-19 08:38:22
14183,Spring,37.93,2026-01-19 08:38:22
14183,Summer,31.03,2026-01-19 08:38:22
14187,Summer,42.11,2026-01-19 08:38:22
14187,Spring,39.85,2026-01-19 08:38:22
14190,Spring,42.86,2026-01-19 08:38:22
14190,Summer,28.57,2026-01-19 08:38:22
14191,Fall,28.24,2026-01-19 08:38:22
14191,Spring,28.24,2026-01-19 08:38:22
14191,Summer,24.43,2026-01-19 08:38:22
14194,Summer,50.0,2026-01-19 08:38:22
14194,Spring,50.0,2026-01-19 08:38:22
14195,Spring,31.82,2026-01-19 08:38:22
14195,Fall,30.3,2026-01-19 08:38:22
14195,Summer,22.73,2026-01-19 08:38:22
14203,Spring,45.78,2026-01-19 08:38:22
14203,Summer,37.35,2026-01-19 08:38:22
14207,Fall,30.49,2026-01-19 08:38:22
14207,Spring,27.18,2026-01-19 08:38:22
14207,Winter,24.93,2026-01-19 08:38:22
14210,Spring,35.8,2026-01-19 08:38:22
14210,Fall,28.4,2026-01-19 08:38:22
14210,Summer,28.4,2026-01-19 08:38:22
14211,Spring,30.92,2026-01-19 08:38:22
14211,Summer,25.38,2026-01-19 08:38:22
14211,Fall,24.85,2026-01-19 08:38:22
14214,Spring,29.37,2026-01-19 08:38:22
14214,Fall,27.78,2026-01-19 08:38:22
14214,Winter,21.43,2026-01-19 08:38:22
14214,Summer,21.43,2026-01-19 08:38:22
14215,Fall,31.88,2026-01-19 08:38:22
14215,Spring,29.14,2026-01-19 08:38:22
14215,Winter,25.48,2026-01-19 08:38:22
14218,Fall,33.83,2026-01-19 08:38:22
14218,Winter,27.77,2026-01-19 08:38:22
14218,Spring,26.38,2026-01-19 08:38:22
14219,Fall,34.78,2026-01-19 08:38:22
14219,Winter,27.54,2026-01-19 08:38:22
14219,Spring,21.74,2026-01-19 08:38:22
14222,Fall,34.67,2026-01-19 08:38:22
14222,Spring,29.33,2026-01-19 08:38:22
14222,Winter,28.0,2026-01-19 08:38:22
14223,Spring,29.1,2026-01-19 08:38:22
14223,Fall,28.54,2026-01-19 08:38:22
14223,Winter,23.03,2026-01-19 08:38:22
14226,Summer,47.83,2026-01-19 08:38:22
14226,Spring,40.58,2026-01-19 08:38:22
14227,Fall,31.65,2026-01-19 08:38:22
14227,Spring,29.37,2026-01-19 08:38:22
14227,Winter,23.8,2026-01-19 08:38:22
14230,Spring,34.38,2026-01-19 08:38:22
14230,Summer,29.17,2026-01-19 08:38:22
14230,Fall,23.96,2026-01-19 08:38:22
14232,Fall,33.44,2026-01-19 08:38:22
14232,Winter,27.42,2026-01-19 08:38:22
14232,Spring,25.59,2026-01-19 08:38:22
14234,Spring,33.33,2026-01-19 08:38:22
14234,Fall,28.89,2026-01-19 08:38:22
14234,Summer,26.67,2026-01-19 08:38:22
14236,Fall,32.25,2026-01-19 08:38:22
14236,Winter,27.71,2026-01-19 08:38:22
14236,Spring,27.55,2026-01-19 08:38:22
14239,Fall,32.26,2026-01-19 08:38:22
14239,Winter,27.96,2026-01-19 08:38:22
14239,Spring,23.66,2026-01-19 08:38:22
14243,Fall,35.71,2026-01-19 08:38:22
14243,Spring,27.34,2026-01-19 08:38:22
14243,Winter,26.6,2026-01-19 08:38:22
14244,Fall,37.25,2026-01-19 08:38:22
14244,Winter,27.45,2026-01-19 08:38:22
14244,Spring,23.53,2026-01-19 08:38:22
14247,Spring,32.11,2026-01-19 08:38:22
14247,Fall,28.45,2026-01-19 08:38:22
14247,Summer,23.94,2026-01-19 08:38:22
14248,Fall,34.78,2026-01-19 08:38:22
14248,Spring,23.91,2026-01-19 08:38:22
14248,Winter,21.74,2026-01-19 08:38:22
14251,Spring,34.64,2026-01-19 08:38:22
14251,Fall,25.93,2026-01-19 08:38:22
14251,Summer,22.44,2026-01-19 08:38:22
14252,Spring,47.92,2026-01-19 08:38:22
14252,Summer,35.42,2026-01-19 08:38:22
14255,Spring,31.44,2026-01-19 08:38:22
14255,Fall,27.48,2026-01-19 08:38:22
14255,Winter,21.04,2026-01-19 08:38:22
14255,Summer,20.05,2026-01-19 08:38:22
14256,Fall,32.69,2026-01-19 08:38:22
14256,Winter,25.0,2026-01-19 08:38:22
14256,Spring,23.08,2026-01-19 08:38:22
14260,Spring,48.0,2026-01-19 08:38:22
14260,Summer,34.0,2026-01-19 08:38:22
14263,Fall,31.82,2026-01-19 08:38:22
14263,Spring,31.82,2026-01-19 08:38:22
14263,Winter,20.45,2026-01-19 08:38:22
14264,Spring,37.29,2026-01-19 08:38:22
14264,Summer,25.74,2026-01-19 08:38:22
14264,Fall,23.76,2026-01-19 08:38:22
14267,Spring,31.91,2026-01-19 08:38:22
14267,Fall,29.79,2026-01-19 08:38:22
14267,Summer,21.28,2026-01-19 08:38:22
14268,Fall,32.59,2026-01-19 08:38:22
14268,Spring,27.22,2026-01-19 08:38:22
14268,Winter,24.68,2026-01-19 08:38:22
14269,Winter,25.0,2026-01-19 08:38:22
14269,Fall,25.0,2026-01-19 08:38:22
14269,Summer,25.0,2026-01-19 08:38:22
14269,Spring,25.0,2026-01-19 08:38:22
14271,Summer,39.13,2026-01-19 08:38:22
14271,Spring,39.13,2026-01-19 08:38:22
14272,Spring,33.08,2026-01-19 08:38:22
14272,Summer,31.04,2026-01-19 08:38:22
14272,Fall,23.16,2026-01-19 08:38:22
14275,Spring,36.0,2026-01-19 08:38:22
14275,Summer,34.0,2026-01-19 08:38:22
14276,Spring,37.45,2026-01-19 08:38:22
14276,Summer,28.36,2026-01-19 08:38:22
14276,Fall,22.18,2026-01-19 08:38:22
14280,Fall,31.89,2026-01-19 08:38:22
14280,Spring,26.38,2026-01-19 08:38:22
14280,Winter,25.98,2026-01-19 08:38:22
14283,Spring,43.75,2026-01-19 08:38:22
14283,Summer,31.25,2026-01-19 08:38:22
14284,Fall,34.78,2026-01-19 08:38:22
14284,Winter,29.35,2026-01-19 08:38:22
14284,Spring,27.72,2026-01-19 08:38:22
14287,Summer,40.91,2026-01-19 08:38:22
14287,Spring,40.91,2026-01-19 08:38:22
14290,Fall,31.28,2026-01-19 08:38:22
14290,Spring,29.86,2026-01-19 08:38:22
14290,Winter,20.38,2026-01-19 08:38:22
14291,Summer,36.11,2026-01-19 08:38:22
14291,Spring,36.11,2026-01-19 08:38:22
14294,Spring,31.94,2026-01-19 08:38:22
14294,Fall,29.63,2026-01-19 08:38:22
14295,Fall,29.63,2026-01-19 08:38:22
14295,Spring,27.78,2026-01-19 08:38:22
14295,Summer,22.22,2026-01-19 08:38:22
14295,Winter,20.37,2026-01-19 08:38:22
14298,Spring,37.24,2026-01-19 08:38:22
14298,Fall,27.59,2026-01-19 08:38:22
14298,Summer,26.21,2026-01-19 08:38:22
14299,Summer,40.0,2026-01-19 08:38:22
14299,Spring,36.67,2026-01-19 08:38:22
14302,Spring,34.16,2026-01-19 08:38:22
14302,Summer,31.69,2026-01-19 08:38:22
14302,Fall,21.81,2026-01-19 08:38:22
14303,Fall,32.35,2026-01-19 08:38:22
14303,Spring,29.41,2026-01-19 08:38:22
14303,Winter,23.53,2026-01-19 08:38:22
14306,Fall,31.71,2026-01-19 08:38:22
14306,Winter,29.27,2026-01-19 08:38:22
14306,Spring,24.39,2026-01-19 08:38:22
14307,Fall,37.58,2026-01-19 08:38:22
14307,Winter,31.54,2026-01-19 08:38:22
14307,Spring,20.81,2026-01-19 08:38:22
14310,Spring,37.93,2026-01-19 08:38:22
14310,Summer,31.03,2026-01-19 08:38:22
14310,Fall,20.69,2026-01-19 08:38:22
14311,Spring,38.6,2026-01-19 08:38:22
14311,Summer,29.82,2026-01-19 08:38:22
14314,Fall,41.18,2026-01-19 08:38:22
14314,Winter,35.29,2026-01-19 08:38:22
14315,Spring,36.79,2026-01-19 08:38:22
14315,Summer,34.91,2026-01-19 08:38:22
14318,Spring,39.47,2026-01-19 08:38:22
14318,Summer,28.95,2026-01-19 08:38:22
14318,Fall,23.68,2026-01-19 08:38:22
14320,Spring,31.91,2026-01-19 08:38:22
14320,Fall,29.08,2026-01-19 08:38:22
14322,Spring,35.29,2026-01-19 08:38:22
14322,Fall,23.53,2026-01-19 08:38:22
14322,Summer,23.53,2026-01-19 08:38:22
14324,Fall,40.57,2026-01-19 08:38:22
14324,Winter,38.68,2026-01-19 08:38:22
14326,Spring,43.75,2026-01-19 08:38:22
14326,Summer,31.25,2026-01-19 08:38:22
14328,Spring,42.57,2026-01-19 08:38:22
14328,Summer,31.68,2026-01-19 08:38:22
14330,Summer,35.29,2026-01-19 08:38:22
14330,Spring,35.29,2026-01-19 08:38:22
14335,Winter,35.71,2026-01-19 08:38:22
14335,Fall,35.71,2026-01-19 08:38:22
14335,Spring,21.43,2026-01-19 08:38:22
14336,Spring,38.89,2026-01-19 08:38:22
14336,Summer,29.17,2026-01-19 08:38:22
14336,Fall,20.83,2026-01-19 08:38:22
14339,Spring,50.0,2026-01-19 08:38:22
14339,Summer,41.67,2026-01-19 08:38:22
14340,Spring,37.5,2026-01-19 08:38:22
14340,Summer,34.09,2026-01-19 08:38:22
14343,Fall,75.0,2026-01-19 08:38:22
14343,Summer,25.0,2026-01-19 08:38:22
14345,Fall,29.21,2026-01-19 08:38:22
14345,Spring,29.21,2026-01-19 08:38:22
14345,Winter,22.47,2026-01-19 08:38:22
14347,Spring,29.17,2026-01-19 08:38:22
14347,Winter,25.0,2026-01-19 08:38:22
14347,Summer,25.0,2026-01-19 08:38:22
14347,Fall,20.83,2026-01-19 08:38:22
14349,Fall,35.48,2026-01-19 08:38:22
14349,Winter,30.65,2026-01-19 08:38:22
14349,Spring,24.19,2026-01-19 08:38:22
14351,Spring,31.58,2026-01-19 08:38:22
14351,Fall,26.32,2026-01-19 08:38:22
14351,Winter,21.05,2026-01-19 08:38:22
14351,Summer,21.05,2026-01-19 08:38:22
14353,Spring,28.17,2026-01-19 08:38:22
14353,Fall,26.76,2026-01-19 08:38:22
14353,Summer,23.94,2026-01-19 08:38:22
14353,Winter,21.13,2026-01-19 08:38:22
14355,Summer,38.89,2026-01-19 08:38:22
14355,Spring,38.89,2026-01-19 08:38:22
14357,Fall,33.33,2026-01-19 08:38:22
14357,Winter,31.37,2026-01-19 08:38:22
14359,Winter,25.0,2026-01-19 08:38:22
14359,Fall,25.0,2026-01-19 08:38:22
14359,Summer,25.0,2026-01-19 08:38:22
14359,Spring,25.0,2026-01-19 08:38:22
14361,Spring,42.67,2026-01-19 08:38:22
14361,Summer,34.67,2026-01-19 08:38:22
14363,Winter,28.57,2026-01-19 08:38:22
14363,Fall,28.57,2026-01-19 08:38:22
14363,Summer,21.43,2026-01-19 08:38:22
14363,Spring,21.43,2026-01-19 08:38:22
14365,Spring,32.5,2026-01-19 08:38:22
14365,Fall,26.25,2026-01-19 08:38:22
14365,Summer,23.75,2026-01-19 08:38:22
14367,Fall,30.77,2026-01-19 08:38:22
14367,Winter,23.08,2026-01-19 08:38:22
14367,Summer,23.08,2026-01-19 08:38:22
14367,Spring,23.08,2026-01-19 08:38:22
14369,Fall,45.95,2026-01-19 08:38:22
14369,Winter,37.84,2026-01-19 08:38:22
14371,Winter,26.67,2026-01-19 08:38:22
14371,Fall,26.67,2026-01-19 08:38:22
14371,Spring,26.67,2026-01-19 08:38:22
14371,Summer,20.0,2026-01-19 08:38:22
14373,Fall,36.59,2026-01-19 08:38:22
14373,Winter,31.71,2026-01-19 08:38:22
14379,Fall,42.86,2026-01-19 08:38:22
14379,Summer,42.86,2026-01-19 08:38:22
14383,Summer,27.78,2026-01-19 08:38:22
14383,Spring,27.78,2026-01-19 08:38:22
14383,Winter,22.22,2026-01-19 08:38:22
14383,Fall,22.22,2026-01-19 08:38:22
14385,Winter,37.5,2026-01-19 08:38:22
14385,Fall,31.25,2026-01-19 08:38:22
14387,Winter,33.33,2026-01-19 08:38:22
14387,Fall,33.33,2026-01-19 08:38:22
14387,Spring,33.33,2026-01-19 08:38:22
14389,Spring,50.0,2026-01-19 08:38:22
14389,Fall,33.33,2026-01-19 08:38:22
14393,Spring,28.95,2026-01-19 08:38:22
14393,Fall,26.32,2026-01-19 08:38:22
14393,Winter,23.68,2026-01-19 08:38:22
14393,Summer,21.05,2026-01-19 08:38:22
14402,Winter,42.86,2026-01-19 08:38:22
14402,Fall,42.86,2026-01-19 08:38:22
14404,Summer,50.0,2026-01-19 08:38:22
14404,Spring,50.0,2026-01-19 08:38:22
14414,Fall,38.1,2026-01-19 08:38:22
14414,Winter,33.33,2026-01-19 08:38:22
14414,Spring,28.57,2026-01-19 08:38:22
14418,Fall,31.25,2026-01-19 08:38:22
14418,Winter,25.0,2026-01-19 08:38:22
14418,Spring,25.0,2026-01-19 08:38:22
14421,Fall,32.14,2026-01-19 08:38:22
14421,Winter,30.1,2026-01-19 08:38:22
14421,Spring,21.94,2026-01-19 08:38:22
14422,Fall,41.67,2026-01-19 08:38:22
14422,Winter,33.33,2026-01-19 08:38:22
14425,Winter,30.77,2026-01-19 08:38:22
14425,Fall,30.77,2026-01-19 08:38:22
14425,Spring,30.77,2026-01-19 08:38:22
14426,Summer,42.24,2026-01-19 08:38:22
14426,Spring,41.38,2026-01-19 08:38:22
14429,Fall,30.77,2026-01-19 08:38:22
14429,Winter,23.08,2026-01-19 08:38:22
14429,Summer,23.08,2026-01-19 08:38:22
14429,Spring,23.08,2026-01-19 08:38:22
14430,Summer,35.35,2026-01-19 08:38:22
14430,Spring,24.24,2026-01-19 08:38:22
14430,Winter,20.2,2026-01-19 08:38:22
14430,Fall,20.2,2026-01-19 08:38:22
14432,Fall,39.44,2026-01-19 08:38:22
14432,Winter,38.33,2026-01-19 08:38:22
14433,Winter,25.0,2026-01-19 08:38:22
14433,Fall,25.0,2026-01-19 08:38:22
14433,Summer,25.0,2026-01-19 08:38:22
14433,Spring,25.0,2026-01-19 08:38:22
14438,Spring,32.93,2026-01-19 08:38:22
14438,Summer,25.61,2026-01-19 08:38:22
14438,Fall,23.17,2026-01-19 08:38:22
14442,Summer,32.56,2026-01-19 08:38:22
14442,Spring,32.56,2026-01-19 08:38:22
14442,Winter,20.93,2026-01-19 08:38:22
14444,Winter,38.79,2026-01-19 08:38:22
14444,Fall,38.36,2026-01-19 08:38:22
14447,Spring,40.0,2026-01-19 08:38:22
14447,Summer,38.0,2026-01-19 08:38:22
14450,Summer,45.28,2026-01-19 08:38:22
14450,Spring,35.85,2026-01-19 08:38:22
14451,Summer,50.0,2026-01-19 08:38:22
14451,Spring,50.0,2026-01-19 08:38:22
14454,Fall,32.08,2026-01-19 08:38:22
14454,Spring,26.42,2026-01-19 08:38:22
14454,Winter,22.64,2026-01-19 08:38:22
14458,Fall,39.39,2026-01-19 08:38:22
14458,Winter,30.3,2026-01-19 08:38:22
14458,Spring,22.73,2026-01-19 08:38:22
14462,Spring,30.26,2026-01-19 08:38:22
14462,Fall,26.32,2026-01-19 08:38:22
14462,Winter,25.0,2026-01-19 08:38:22
14466,Fall,34.29,2026-01-19 08:38:22
14466,Winter,31.43,2026-01-19 08:38:22
14466,Spring,20.0,2026-01-19 08:38:22
14468,Fall,31.22,2026-01-19 08:38:22
14468,Spring,25.95,2026-01-19 08:38:22
14468,Winter,22.87,2026-01-19 08:38:22
14475,Spring,27.27,2026-01-19 08:38:22
14475,Winter,24.24,2026-01-19 08:38:22
14475,Fall,24.24,2026-01-19 08:38:22
14475,Summer,24.24,2026-01-19 08:38:22
14477,Winter,43.5,2026-01-19 08:38:22
14477,Fall,39.48,2026-01-19 08:38:22
14479,Spring,33.33,2026-01-19 08:38:22
14479,Fall,27.78,2026-01-19 08:38:22
14479,Winter,22.22,2026-01-19 08:38:22
14481,Summer,38.16,2026-01-19 08:38:22
14481,Spring,36.59,2026-01-19 08:38:22
14483,Spring,38.89,2026-01-19 08:38:22
14483,Fall,27.78,2026-01-19 08:38:22
14483,Summer,22.22,2026-01-19 08:38:22
14485,Fall,33.48,2026-01-19 08:38:22
14485,Winter,27.01,2026-01-19 08:38:22
14485,Spring,24.78,2026-01-19 08:38:22
14487,Winter,26.67,2026-01-19 08:38:22
14487,Fall,26.67,2026-01-19 08:38:22
14487,Spring,26.67,2026-01-19 08:38:22
14487,Summer,20.0,2026-01-19 08:38:22
14489,Spring,34.52,2026-01-19 08:38:22
14489,Fall,26.5,2026-01-19 08:38:22
14489,Summer,24.28,2026-01-19 08:38:22
14491,Fall,35.29,2026-01-19 08:38:22
14491,Winter,26.47,2026-01-19 08:38:22
14491,Spring,20.59,2026-01-19 08:38:22
14493,Fall,38.42,2026-01-19 08:38:22
14493,Winter,34.1,2026-01-19 08:38:22
14495,Fall,37.5,2026-01-19 08:38:22
14495,Winter,29.17,2026-01-19 08:38:22
14495,Spring,25.0,2026-01-19 08:38:22
14498,Spring,40.0,2026-01-19 08:38:22
14498,Winter,20.0,2026-01-19 08:38:22
14498,Fall,20.0,2026-01-19 08:38:22
14498,Summer,20.0,2026-01-19 08:38:22
14500,Fall,34.29,2026-01-19 08:38:22
14500,Spring,28.57,2026-01-19 08:38:22
14500,Winter,22.86,2026-01-19 08:38:22
14501,Winter,40.11,2026-01-19 08:38:22
14501,Fall,38.72,2026-01-19 08:38:22
14502,Winter,50.0,2026-01-19 08:38:22
14502,Fall,50.0,2026-01-19 08:38:22
14504,Summer,37.5,2026-01-19 08:38:22
14504,Winter,25.0,2026-01-19 08:38:22
14504,Spring,25.0,2026-01-19 08:38:22
14505,Fall,35.48,2026-01-19 08:38:22
14505,Winter,27.14,2026-01-19 08:38:22
14505,Spring,26.43,2026-01-19 08:38:22
14508,Spring,30.77,2026-01-19 08:38:22
14508,Winter,23.08,2026-01-19 08:38:22
14508,Fall,23.08,2026-01-19 08:38:22
14508,Summer,23.08,2026-01-19 08:38:22
14512,Spring,34.21,2026-01-19 08:38:22
14512,Summer,26.32,2026-01-19 08:38:22
14512,Fall,23.68,2026-01-19 08:38:22
14513,Winter,36.6,2026-01-19 08:38:22
14513,Fall,36.02,2026-01-19 08:38:22
14515,Fall,42.86,2026-01-19 08:38:22
14515,Spring,28.57,2026-01-19 08:38:22
14516,Summer,38.46,2026-01-19 08:38:22
14516,Spring,38.46,2026-01-19 08:38:22
14517,Fall,37.06,2026-01-19 08:38:22
14517,Winter,28.75,2026-01-19 08:38:22
14517,Spring,23.0,2026-01-19 08:38:22
14520,Spring,45.71,2026-01-19 08:38:22
14520,Summer,37.14,2026-01-19 08:38:22
14521,Spring,31.37,2026-01-19 08:38:22
14521,Fall,26.4,2026-01-19 08:38:22
14521,Summer,23.91,2026-01-19 08:38:22
14522,Winter,50.0,2026-01-19 08:38:22
14522,Summer,50.0,2026-01-19 08:38:22
14524,Spring,38.46,2026-01-19 08:38:22
14524,Summer,30.77,2026-01-19 08:38:22
14524,Fall,23.08,2026-01-19 08:38:22
14525,Spring,31.46,2026-01-19 08:38:22
14525,Fall,30.9,2026-01-19 08:38:22
14525,Winter,21.35,2026-01-19 08:38:22
14528,Summer,37.93,2026-01-19 08:38:22
14528,Spring,34.48,2026-01-19 08:38:22
14529,Spring,33.63,2026-01-19 08:38:22
14529,Fall,27.78,2026-01-19 08:38:22
14532,Winter,26.32,2026-01-19 08:38:22
14532,Fall,26.32,2026-01-19 08:38:22
14532,Spring,26.32,2026-01-19 08:38:22
14532,Summer,21.05,2026-01-19 08:38:22
14533,Spring,30.52,2026-01-19 08:38:22
14533,Fall,29.36,2026-01-19 08:38:22
14533,Winter,22.09,2026-01-19 08:38:22
14536,Fall,33.33,2026-01-19 08:38:22
14536,Winter,23.81,2026-01-19 08:38:22
14536,Spring,23.81,2026-01-19 08:38:22
14537,Winter,39.29,2026-01-19 08:38:22
14537,Fall,39.29,2026-01-19 08:38:22
14540,Fall,37.36,2026-01-19 08:38:22
14540,Winter,33.96,2026-01-19 08:38:22
14541,Fall,38.1,2026-01-19 08:38:22
14541,Winter,28.57,2026-01-19 08:38:22
14543,Summer,50.0,2026-01-19 08:38:22
14543,Spring,50.0,2026-01-19 08:38:22
14544,Fall,33.43,2026-01-19 08:38:22
14544,Winter,28.24,2026-01-19 08:38:22
14544,Spring,24.78,2026-01-19 08:38:22
14547,Winter,47.06,2026-01-19 08:38:22
14547,Fall,23.53,2026-01-19 08:38:22
14548,Summer,37.65,2026-01-19 08:38:22
14548,Spring,35.19,2026-01-19 08:38:22
14551,Fall,41.18,2026-01-19 08:38:22
14551,Winter,35.29,2026-01-19 08:38:22
14552,Winter,39.83,2026-01-19 08:38:22
14552,Fall,39.83,2026-01-19 08:38:22
14555,Spring,35.71,2026-01-19 08:38:22
14555,Summer,25.0,2026-01-19 08:38:22
14555,Fall,21.43,2026-01-19 08:38:22
14556,Fall,42.72,2026-01-19 08:38:22
14556,Winter,41.75,2026-01-19 08:38:22
14559,Spring,40.74,2026-01-19 08:38:22
14559,Summer,29.63,2026-01-19 08:38:22
14559,Fall,22.22,2026-01-19 08:38:22
14563,Spring,32.14,2026-01-19 08:38:22
14563,Fall,28.57,2026-01-19 08:38:22
14563,Summer,21.43,2026-01-19 08:38:22
14564,Fall,32.95,2026-01-19 08:38:22
14564,Winter,31.82,2026-01-19 08:38:22
14564,Spring,23.48,2026-01-19 08:38:22
14566,Spring,30.2,2026-01-19 08:38:22
14566,Summer,28.22,2026-01-19 08:38:22
14566,Fall,25.25,2026-01-19 08:38:22
14567,Spring,57.14,2026-01-19 08:38:22
14567,Summer,42.86,2026-01-19 08:38:22
14568,Fall,39.74,2026-01-19 08:38:22
14568,Winter,36.24,2026-01-19 08:38:22
14570,Spring,33.86,2026-01-19 08:38:22
14570,Fall,27.56,2026-01-19 08:38:22
14570,Summer,24.41,2026-01-19 08:38:22
14571,Spring,36.36,2026-01-19 08:38:22
14571,Summer,31.82,2026-01-19 08:38:22
14573,Winter,38.53,2026-01-19 08:38:22
14573,Fall,36.8,2026-01-19 08:38:22
14574,Spring,30.15,2026-01-19 08:38:22
14574,Fall,28.68,2026-01-19 08:38:22
14574,Winter,20.59,2026-01-19 08:38:22
14574,Summer,20.59,2026-01-19 08:38:22
14575,Summer,31.25,2026-01-19 08:38:22
14575,Spring,31.25,2026-01-19 08:38:22
14575,Fall,25.0,2026-01-19 08:38:22
14577,Fall,34.69,2026-01-19 08:38:22
14577,Spring,26.87,2026-01-19 08:38:22
14577,Winter,25.17,2026-01-19 08:38:22
14578,Fall,37.21,2026-01-19 08:38:22
14578,Winter,30.23,2026-01-19 08:38:22
14578,Spring,20.93,2026-01-19 08:38:22
14579,Spring,37.04,2026-01-19 08:38:22
14579,Summer,33.33,2026-01-19 08:38:22
14580,Summer,100.0,2026-01-19 08:38:22
14581,Spring,34.68,2026-01-19 08:38:22
14581,Fall,25.4,2026-01-19 08:38:22
14581,Summer,25.4,2026-01-19 08:38:22
14582,Spring,36.47,2026-01-19 08:38:22
14582,Summer,28.24,2026-01-19 08:38:22
14582,Fall,22.35,2026-01-19 08:38:22
14583,Spring,43.48,2026-01-19 08:38:22
14583,Summer,39.13,2026-01-19 08:38:22
14585,Winter,40.59,2026-01-19 08:38:22
14585,Fall,39.33,2026-01-19 08:38:22
14586,Winter,38.46,2026-01-19 08:38:22
14586,Fall,35.9,2026-01-19 08:38:22
14587,Summer,40.0,2026-01-19 08:38:22
14587,Spring,40.0,2026-01-19 08:38:22
14587,Fall,20.0,2026-01-19 08:38:22
14589,Winter,40.09,2026-01-19 08:38:22
14589,Fall,36.49,2026-01-19 08:38:22
14590,Spring,36.54,2026-01-19 08:38:22
14590,Summer,34.62,2026-01-19 08:38:22
14590,Fall,21.15,2026-01-19 08:38:22
14591,Spring,38.1,2026-01-19 08:38:22
14591,Summer,33.33,2026-01-19 08:38:22
14593,Fall,40.4,2026-01-19 08:38:22
14593,Winter,38.38,2026-01-19 08:38:22
14594,Fall,31.94,2026-01-19 08:38:22
14594,Winter,27.78,2026-01-19 08:38:22
14594,Spring,25.0,2026-01-19 08:38:22
14595,Winter,40.91,2026-01-19 08:38:22
14595,Fall,36.36,2026-01-19 08:38:22
14597,Fall,35.71,2026-01-19 08:38:22
14597,Winter,31.43,2026-01-19 08:38:22
14597,Spring,27.14,2026-01-19 08:38:22
14598,Spring,37.39,2026-01-19 08:38:22
14598,Summer,36.94,2026-01-19 08:38:22
14599,Winter,38.89,2026-01-19 08:38:22
14599,Fall,38.89,2026-01-19 08:38:22
14601,Fall,32.42,2026-01-19 08:38:22
14601,Winter,28.77,2026-01-19 08:38:22
14601,Spring,24.66,2026-01-19 08:38:22
14602,Spring,38.0,2026-01-19 08:38:22
14602,Summer,34.0,2026-01-19 08:38:22
14603,Spring,38.46,2026-01-19 08:38:22
14603,Summer,30.77,2026-01-19 08:38:22
14605,Spring,39.13,2026-01-19 08:38:22
14605,Summer,36.96,2026-01-19 08:38:22
14606,Spring,35.93,2026-01-19 08:38:22
14606,Summer,23.35,2026-01-19 08:38:22
14606,Fall,22.75,2026-01-19 08:38:22
14607,Summer,36.36,2026-01-19 08:38:22
14607,Spring,36.36,2026-01-19 08:38:22
14610,Fall,40.11,2026-01-19 08:38:22
14610,Winter,32.97,2026-01-19 08:38:22
14612,Summer,33.33,2026-01-19 08:38:22
14612,Spring,27.78,2026-01-19 08:38:22
14612,Fall,22.22,2026-01-19 08:38:22
14613,Summer,44.68,2026-01-19 08:38:22
14613,Spring,36.17,2026-01-19 08:38:22
14614,Fall,38.31,2026-01-19 08:38:22
14614,Winter,35.32,2026-01-19 08:38:22
14616,Spring,33.33,2026-01-19 08:38:22
14616,Summer,28.21,2026-01-19 08:38:22
14616,Fall,25.64,2026-01-19 08:38:22
14618,Fall,34.19,2026-01-19 08:38:22
14618,Winter,24.52,2026-01-19 08:38:22
14618,Spring,23.87,2026-01-19 08:38:22
14620,Spring,46.67,2026-01-19 08:38:22
14620,Summer,33.33,2026-01-19 08:38:22
14621,Fall,31.91,2026-01-19 08:38:22
14621,Spring,31.91,2026-01-19 08:38:22
14621,Winter,25.53,2026-01-19 08:38:22
14622,Fall,42.68,2026-01-19 08:38:22
14622,Winter,36.94,2026-01-19 08:38:22
14624,Winter,31.25,2026-01-19 08:38:22
14624,Fall,31.25,2026-01-19 08:38:22
14625,Summer,44.0,2026-01-19 08:38:22
14625,Spring,36.0,2026-01-19 08:38:22
14625,Fall,20.0,2026-01-19 08:38:22
14629,Spring,46.15,2026-01-19 08:38:22
14629,Summer,30.77,2026-01-19 08:38:22
14630,Spring,39.74,2026-01-19 08:38:22
14630,Summer,30.77,2026-01-19 08:38:22
14632,Fall,28.57,2026-01-19 08:38:22
14632,Spring,28.57,2026-01-19 08:38:22
14632,Winter,23.81,2026-01-19 08:38:22
14633,Spring,32.26,2026-01-19 08:38:22
14633,Summer,29.03,2026-01-19 08:38:22
14634,Spring,33.81,2026-01-19 08:38:22
14634,Fall,27.34,2026-01-19 08:38:22
14634,Summer,24.46,2026-01-19 08:38:22
14636,Summer,32.0,2026-01-19 08:38:22
14636,Spring,32.0,2026-01-19 08:38:22
14636,Fall,20.0,2026-01-19 08:38:22
14637,Fall,35.48,2026-01-19 08:38:22
14637,Spring,29.03,2026-01-19 08:38:22
14637,Winter,22.58,2026-01-19 08:38:22
14638,Fall,40.28,2026-01-19 08:38:22
14638,Winter,39.58,2026-01-19 08:38:22
14640,Spring,47.06,2026-01-19 08:38:22
14640,Summer,35.29,2026-01-19 08:38:22
14641,Fall,40.0,2026-01-19 08:38:22
14641,Winter,20.0,2026-01-19 08:38:22
14641,Summer,20.0,2026-01-19 08:38:22
14641,Spring,20.0,2026-01-19 08:38:22
14643,Fall,45.1,2026-01-19 08:38:22
14643,Winter,43.14,2026-01-19 08:38:22
14644,Winter,41.18,2026-01-19 08:38:22
14644,Fall,35.29,2026-01-19 08:38:22
14644,Spring,23.53,2026-01-19 08:38:22
14645,Fall,40.0,2026-01-19 08:38:22
14645,Winter,20.0,2026-01-19 08:38:22
14645,Summer,20.0,2026-01-19 08:38:22
14645,Spring,20.0,2026-01-19 08:38:22
14647,Summer,32.68,2026-01-19 08:38:22
14647,Spring,32.03,2026-01-19 08:38:22
14647,Fall,26.14,2026-01-19 08:38:22
14648,Fall,33.33,2026-01-19 08:38:22
14648,Winter,26.67,2026-01-19 08:38:22
14648,Spring,26.67,2026-01-19 08:38:22
14649,Fall,41.67,2026-01-19 08:38:22
14649,Winter,33.33,2026-01-19 08:38:22
14651,Summer,38.03,2026-01-19 08:38:22
14651,Spring,37.32,2026-01-19 08:38:22
14652,Summer,43.48,2026-01-19 08:38:22
14652,Spring,39.13,2026-01-19 08:38:22
14654,Winter,25.0,2026-01-19 08:38:22
14654,Fall,25.0,2026-01-19 08:38:22
14654,Summer,25.0,2026-01-19 08:38:22
14654,Spring,25.0,2026-01-19 08:38:22
14655,Fall,33.33,2026-01-19 08:38:22
14655,Spring,26.52,2026-01-19 08:38:22
14655,Winter,24.24,2026-01-19 08:38:22
14656,Fall,34.78,2026-01-19 08:38:22
14656,Winter,30.43,2026-01-19 08:38:22
14656,Spring,21.74,2026-01-19 08:38:22
14657,Winter,28.57,2026-01-19 08:38:22
14657,Fall,28.57,2026-01-19 08:38:22
14657,Spring,28.57,2026-01-19 08:38:22
14659,Fall,36.84,2026-01-19 08:38:22
14659,Winter,32.24,2026-01-19 08:38:22
14659,Spring,23.68,2026-01-19 08:38:22
14661,Spring,45.0,2026-01-19 08:38:22
14661,Summer,40.0,2026-01-19 08:38:22
14662,Spring,33.85,2026-01-19 08:38:22
14662,Summer,30.0,2026-01-19 08:38:22
14662,Fall,26.15,2026-01-19 08:38:22
14663,Spring,38.89,2026-01-19 08:38:22
14663,Summer,33.33,2026-01-19 08:38:22
14665,Fall,32.2,2026-01-19 08:38:22
14665,Spring,28.81,2026-01-19 08:38:22
14665,Winter,22.03,2026-01-19 08:38:22
14666,Winter,37.5,2026-01-19 08:38:22
14666,Fall,37.5,2026-01-19 08:38:22
14667,Fall,29.17,2026-01-19 08:38:22
14667,Summer,25.0,2026-01-19 08:38:22
14667,Spring,25.0,2026-01-19 08:38:22
14667,Winter,20.83,2026-01-19 08:38:22
14669,Winter,25.64,2026-01-19 08:38:22
14669,Spring,25.64,2026-01-19 08:38:22
14669,Fall,24.79,2026-01-19 08:38:22
14669,Summer,23.93,2026-01-19 08:38:22
14670,Winter,33.33,2026-01-19 08:38:22
14670,Fall,33.33,2026-01-19 08:38:22
14671,Summer,45.45,2026-01-19 08:38:22
14671,Spring,45.45,2026-01-19 08:38:22
14673,Fall,38.05,2026-01-19 08:38:22
14673,Winter,34.51,2026-01-19 08:38:22
14674,Fall,30.0,2026-01-19 08:38:22
14674,Summer,30.0,2026-01-19 08:38:22
14674,Spring,30.0,2026-01-19 08:38:22
14675,Winter,35.71,2026-01-19 08:38:22
14675,Fall,35.71,2026-01-19 08:38:22
14678,Spring,42.86,2026-01-19 08:38:22
14678,Summer,28.57,2026-01-19 08:38:22
14678,Fall,23.81,2026-01-19 08:38:22
14679,Winter,38.89,2026-01-19 08:38:22
14679,Fall,38.89,2026-01-19 08:38:22
14679,Spring,22.22,2026-01-19 08:38:22
14682,Summer,66.67,2026-01-19 08:38:22
14682,Spring,33.33,2026-01-19 08:38:22
14683,Fall,36.36,2026-01-19 08:38:22
14683,Winter,27.27,2026-01-19 08:38:22
14683,Spring,22.73,2026-01-19 08:38:22
14684,Fall,33.66,2026-01-19 08:38:22
14684,Spring,26.73,2026-01-19 08:38:22
14684,Winter,25.74,2026-01-19 08:38:22
14686,Fall,34.78,2026-01-19 08:38:22
14686,Spring,30.43,2026-01-19 08:38:22
14686,Winter,26.09,2026-01-19 08:38:22
14687,Winter,43.53,2026-01-19 08:38:22
14687,Fall,41.18,2026-01-19 08:38:22
14689,Spring,37.5,2026-01-19 08:38:22
14689,Fall,25.0,2026-01-19 08:38:22
14689,Summer,25.0,2026-01-19 08:38:22
14690,Spring,36.67,2026-01-19 08:38:22
14690,Summer,33.33,2026-01-19 08:38:22
14690,Fall,20.0,2026-01-19 08:38:22
14692,Fall,38.94,2026-01-19 08:38:22
14692,Winter,35.4,2026-01-19 08:38:22
14693,Spring,40.0,2026-01-19 08:38:22
14693,Fall,33.33,2026-01-19 08:38:22
14693,Summer,20.0,2026-01-19 08:38:22
14696,Fall,37.36,2026-01-19 08:38:22
14696,Winter,29.67,2026-01-19 08:38:22
14697,Spring,55.56,2026-01-19 08:38:22
14697,Summer,44.44,2026-01-19 08:38:22
14698,Summer,50.0,2026-01-19 08:38:22
14698,Spring,50.0,2026-01-19 08:38:22
14700,Fall,40.7,2026-01-19 08:38:22
14700,Winter,30.23,2026-01-19 08:38:22
14700,Spring,20.93,2026-01-19 08:38:22
14701,Spring,55.56,2026-01-19 08:38:22
14701,Summer,44.44,2026-01-19 08:38:22
14702,Fall,35.0,2026-01-19 08:38:22
14702,Winter,30.0,2026-01-19 08:38:22
14702,Spring,20.0,2026-01-19 08:38:22
14704,Fall,34.58,2026-01-19 08:38:22
14704,Winter,28.04,2026-01-19 08:38:22
14704,Spring,22.43,2026-01-19 08:38:22
14705,Summer,37.5,2026-01-19 08:38:22
14705,Spring,37.5,2026-01-19 08:38:22
14706,Fall,38.46,2026-01-19 08:38:22
14706,Spring,30.77,2026-01-19 08:38:22
14706,Winter,23.08,2026-01-19 08:38:22
14708,Summer,37.04,2026-01-19 08:38:22
14708,Spring,35.8,2026-01-19 08:38:22
14708,Fall,20.99,2026-01-19 08:38:22
14709,Fall,37.5,2026-01-19 08:38:22
14709,Spring,31.25,2026-01-19 08:38:22
14710,Summer,50.0,2026-01-19 08:38:22
14710,Spring,30.0,2026-01-19 08:38:22
14710,Fall,20.0,2026-01-19 08:38:22
14712,Fall,35.58,2026-01-19 08:38:22
14712,Winter,30.77,2026-01-19 08:38:22
14712,Spring,24.04,2026-01-19 08:38:22
14713,Summer,37.5,2026-01-19 08:38:22
14713,Spring,31.25,2026-01-19 08:38:22
14714,Spring,50.0,2026-01-19 08:38:22
14714,Summer,37.5,2026-01-19 08:38:22
14716,Fall,27.27,2026-01-19 08:38:22
14716,Spring,27.27,2026-01-19 08:38:22
14716,Winter,22.73,2026-01-19 08:38:22
14716,Summer,22.73,2026-01-19 08:38:22
14717,Fall,75.0,2026-01-19 08:38:22
14717,Winter,25.0,2026-01-19 08:38:22
14720,Spring,31.25,2026-01-19 08:38:22
14720,Winter,25.0,2026-01-19 08:38:22
14720,Summer,25.0,2026-01-19 08:38:22
14721,Summer,50.0,2026-01-19 08:38:22
14721,Spring,50.0,2026-01-19 08:38:22
14724,Summer,55.56,2026-01-19 08:38:22
14724,Spring,44.44,2026-01-19 08:38:22
14725,Winter,42.86,2026-01-19 08:38:22
14725,Fall,42.86,2026-01-19 08:38:22
14727,Fall,38.0,2026-01-19 08:38:22
14727,Winter,35.0,2026-01-19 08:38:22
14728,Spring,33.33,2026-01-19 08:38:22
14728,Summer,26.67,2026-01-19 08:38:22
14728,Winter,20.0,2026-01-19 08:38:22
14728,Fall,20.0,2026-01-19 08:38:22
14729,Summer,35.71,2026-01-19 08:38:22
14729,Spring,35.71,2026-01-19 08:38:22
14729,Fall,21.43,2026-01-19 08:38:22
14731,Fall,43.66,2026-01-19 08:38:22
14731,Winter,39.44,2026-01-19 08:38:22
14733,Summer,36.36,2026-01-19 08:38:22
14733,Spring,36.36,2026-01-19 08:38:22
14735,Spring,34.62,2026-01-19 08:38:22
14735,Fall,25.64,2026-01-19 08:38:22
14735,Summer,24.36,2026-01-19 08:38:22
14736,Spring,50.0,2026-01-19 08:38:22
14736,Summer,37.5,2026-01-19 08:38:22
14737,Summer,100.0,2026-01-19 08:38:22
14739,Fall,28.95,2026-01-19 08:38:22
14739,Spring,28.95,2026-01-19 08:38:22
14739,Summer,25.0,2026-01-19 08:38:22
14740,Fall,37.5,2026-01-19 08:38:22
14740,Spring,37.5,2026-01-19 08:38:22
14740,Summer,25.0,2026-01-19 08:38:22
14741,Winter,53.33,2026-01-19 08:38:22
14741,Fall,46.67,2026-01-19 08:38:22
14743,Fall,36.21,2026-01-19 08:38:22
14743,Winter,32.76,2026-01-19 08:38:22
14743,Spring,20.69,2026-01-19 08:38:22
14744,Summer,40.0,2026-01-19 08:38:22
14744,Winter,20.0,2026-01-19 08:38:22
14744,Fall,20.0,2026-01-19 08:38:22
14744,Spring,20.0,2026-01-19 08:38:22
14745,Fall,42.86,2026-01-19 08:38:22
14745,Winter,21.43,2026-01-19 08:38:22
14745,Spring,21.43,2026-01-19 08:38:22
14747,Spring,34.15,2026-01-19 08:38:22
14747,Fall,26.83,2026-01-19 08:38:22
14747,Summer,21.95,2026-01-19 08:38:22
14748,Summer,50.0,2026-01-19 08:38:22
14748,Spring,50.0,2026-01-19 08:38:22
14749,Summer,38.46,2026-01-19 08:38:22
14749,Spring,30.77,2026-01-19 08:38:22
14751,Winter,36.36,2026-01-19 08:38:22
14751,Fall,33.33,2026-01-19 08:38:22
14751,Spring,24.24,2026-01-19 08:38:22
14753,Summer,41.67,2026-01-19 08:38:22
14753,Spring,33.33,2026-01-19 08:38:22
14755,Fall,35.19,2026-01-19 08:38:22
14755,Spring,29.63,2026-01-19 08:38:22
14755,Winter,20.37,2026-01-19 08:38:22
14757,Summer,37.5,2026-01-19 08:38:22
14757,Spring,37.5,2026-01-19 08:38:22
14759,Fall,45.83,2026-01-19 08:38:22
14759,Winter,33.33,2026-01-19 08:38:22
14760,Winter,25.0,2026-01-19 08:38:22
14760,Fall,25.0,2026-01-19 08:38:22
14760,Summer,25.0,2026-01-19 08:38:22
14760,Spring,25.0,2026-01-19 08:38:22
14761,Summer,50.0,2026-01-19 08:38:22
14761,Spring,50.0,2026-01-19 08:38:22
14764,Summer,50.0,2026-01-19 08:38:22
14764,Spring,50.0,2026-01-19 08:38:22
14767,Fall,39.39,2026-01-19 08:38:22
14767,Winter,36.36,2026-01-19 08:38:22
14768,Winter,36.36,2026-01-19 08:38:22
14768,Fall,36.36,2026-01-19 08:38:22
14771,Fall,45.83,2026-01-19 08:38:22
14771,Winter,41.67,2026-01-19 08:38:22
14772,Spring,33.33,2026-01-19 08:38:22
14772,Winter,22.22,2026-01-19 08:38:22
14772,Fall,22.22,2026-01-19 08:38:22
14772,Summer,22.22,2026-01-19 08:38:22
14773,Winter,25.0,2026-01-19 08:38:22
14773,Fall,25.0,2026-01-19 08:38:22
14773,Summer,25.0,2026-01-19 08:38:22
14773,Spring,25.0,2026-01-19 08:38:22
14776,Winter,33.33,2026-01-19 08:38:22
14776,Fall,25.0,2026-01-19 08:38:22
14776,Spring,25.0,2026-01-19 08:38:22
14777,Spring,60.0,2026-01-19 08:38:22
14777,Summer,40.0,2026-01-19 08:38:22
14779,Fall,37.04,2026-01-19 08:38:22
14779,Winter,33.33,2026-01-19 08:38:22
14780,Summer,37.5,2026-01-19 08:38:22
14780,Spring,37.5,2026-01-19 08:38:22
14781,Winter,25.0,2026-01-19 08:38:22
14781,Fall,25.0,2026-01-19 08:38:22
14781,Summer,25.0,2026-01-19 08:38:22
14781,Spring,25.0,2026-01-19 08:38:22
14783,Fall,34.38,2026-01-19 08:38:22
14783,Winter,28.12,2026-01-19 08:38:22
14783,Spring,25.0,2026-01-19 08:38:22
14786,Spring,42.86,2026-01-19 08:38:22
14786,Summer,28.57,2026-01-19 08:38:22
14787,Fall,33.33,2026-01-19 08:38:22
14787,Winter,26.19,2026-01-19 08:38:22
14787,Spring,21.43,2026-01-19 08:38:22
14789,Summer,50.0,2026-01-19 08:38:22
14789,Spring,50.0,2026-01-19 08:38:22
14790,Fall,33.33,2026-01-19 08:38:22
14790,Spring,33.33,2026-01-19 08:38:22
14791,Winter,37.04,2026-01-19 08:38:22
14791,Fall,37.04,2026-01-19 08:38:22
14794,Spring,30.77,2026-01-19 08:38:22
14794,Winter,23.08,2026-01-19 08:38:22
14794,Fall,23.08,2026-01-19 08:38:22
14794,Summer,23.08,2026-01-19 08:38:22
14795,Winter,35.71,2026-01-19 08:38:22
14795,Fall,28.57,2026-01-19 08:38:22
14799,Fall,33.33,2026-01-19 08:38:22
14799,Winter,22.22,2026-01-19 08:38:22
14799,Summer,22.22,2026-01-19 08:38:22
14799,Spring,22.22,2026-01-19 08:38:22
14802,Winter,57.14,2026-01-19 08:38:22
14802,Fall,42.86,2026-01-19 08:38:22
14803,Spring,42.86,2026-01-19 08:38:22
14803,Summer,28.57,2026-01-19 08:38:22
14807,Fall,37.5,2026-01-19 08:38:22
14807,Summer,25.0,2026-01-19 08:38:22
14807,Spring,25.0,2026-01-19 08:38:22
14811,Summer,42.86,2026-01-19 08:38:22
14811,Spring,42.86,2026-01-19 08:38:22
14814,Winter,33.33,2026-01-19 08:38:22
14814,Fall,33.33,2026-01-19 08:38:22
14814,Spring,33.33,2026-01-19 08:38:22
14816,Summer,44.44,2026-01-19 08:38:22
14816,Spring,33.33,2026-01-19 08:38:22
14819,Summer,50.0,2026-01-19 08:38:22
14819,Spring,50.0,2026-01-19 08:38:22
14821,Fall,33.88,2026-01-19 08:38:22
14821,Winter,30.66,2026-01-19 08:38:22
14821,Spring,24.95,2026-01-19 08:38:22
14824,Summer,33.33,2026-01-19 08:38:22
14824,Spring,33.33,2026-01-19 08:38:22
14824,Fall,20.0,2026-01-19 08:38:22
14825,Winter,44.03,2026-01-19 08:38:22
14825,Fall,42.32,2026-01-19 08:38:22
14828,Spring,57.14,2026-01-19 08:38:22
14828,Summer,42.86,2026-01-19 08:38:22
14829,Winter,44.87,2026-01-19 08:38:22
14829,Fall,42.58,2026-01-19 08:38:22
14832,Summer,50.0,2026-01-19 08:38:22
14832,Spring,50.0,2026-01-19 08:38:22
14833,Winter,50.68,2026-01-19 08:38:22
14833,Fall,40.4,2026-01-19 08:38:22
14835,Summer,50.0,2026-01-19 08:38:22
14835,Spring,50.0,2026-01-19 08:38:22
14837,Fall,34.41,2026-01-19 08:38:22
14837,Winter,31.95,2026-01-19 08:38:22
14837,Spring,24.83,2026-01-19 08:38:22
14840,Spring,42.86,2026-01-19 08:38:22
14840,Fall,28.57,2026-01-19 08:38:22
14840,Summer,28.57,2026-01-19 08:38:22
14844,Summer,100.0,2026-01-19 08:38:22
14845,Fall,36.53,2026-01-19 08:38:22
14845,Winter,35.35,2026-01-19 08:38:22
14845,Spring,21.26,2026-01-19 08:38:22
14848,Winter,50.0,2026-01-19 08:38:22
14848,Fall,50.0,2026-01-19 08:38:22
14849,Spring,34.2,2026-01-19 08:38:22
14849,Summer,33.45,2026-01-19 08:38:22
14849,Fall,22.57,2026-01-19 08:38:22
14852,Winter,33.33,2026-01-19 08:38:22
14852,Spring,33.33,2026-01-19 08:38:22
14852,Summer,22.22,2026-01-19 08:38:22
14853,Summer,43.54,2026-01-19 08:38:22
14853,Spring,38.21,2026-01-19 08:38:22
14856,Winter,33.33,2026-01-19 08:38:22
14856,Fall,33.33,2026-01-19 08:38:22
14856,Spring,33.33,2026-01-19 08:38:22
14858,Spring,37.5,2026-01-19 08:38:22
14858,Summer,29.35,2026-01-19 08:38:22
14858,Fall,21.01,2026-01-19 08:38:22
14859,Winter,100.0,2026-01-19 08:38:22
14860,Fall,33.33,2026-01-19 08:38:22
14860,Summer,33.33,2026-01-19 08:38:22
14860,Spring,33.33,2026-01-19 08:38:22
14862,Summer,43.2,2026-01-19 08:38:22
14862,Spring,42.78,2026-01-19 08:38:22
14864,Summer,50.0,2026-01-19 08:38:22
14864,Spring,25.0,2026-01-19 08:38:22
14866,Fall,38.8,2026-01-19 08:38:22
14866,Winter,36.61,2026-01-19 08:38:22
14868,Summer,44.44,2026-01-19 08:38:22
14868,Spring,33.33,2026-01-19 08:38:22
14871,Fall,33.77,2026-01-19 08:38:22
14871,Winter,27.66,2026-01-19 08:38:22
14871,Spring,25.78,2026-01-19 08:38:22
14872,Summer,50.0,2026-01-19 08:38:22
14872,Spring,50.0,2026-01-19 08:38:22
14875,Spring,29.91,2026-01-19 08:38:22
14875,Fall,28.99,2026-01-19 08:38:22
14875,Winter,23.98,2026-01-19 08:38:22
14876,Winter,33.33,2026-01-19 08:38:22
14876,Fall,33.33,2026-01-19 08:38:22
14879,Summer,45.1,2026-01-19 08:38:22
14879,Spring,40.13,2026-01-19 08:38:22
14880,Winter,25.0,2026-01-19 08:38:22
14880,Fall,25.0,2026-01-19 08:38:22
14880,Summer,25.0,2026-01-19 08:38:22
14880,Spring,25.0,2026-01-19 08:38:22
14883,Fall,37.41,2026-01-19 08:38:22
14883,Winter,33.06,2026-01-19 08:38:22
14883,Spring,22.99,2026-01-19 08:38:22
14884,Winter,33.33,2026-01-19 08:38:22
14884,Spring,33.33,2026-01-19 08:38:22
14887,Spring,38.35,2026-01-19 08:38:22
14887,Summer,34.71,2026-01-19 08:38:22
14888,Fall,33.33,2026-01-19 08:38:22
14888,Winter,22.22,2026-01-19 08:38:22
14888,Summer,22.22,2026-01-19 08:38:22
14888,Spring,22.22,2026-01-19 08:38:22
14891,Spring,41.33,2026-01-19 08:38:22
14891,Summer,38.27,2026-01-19 08:38:22
14892,Summer,50.0,2026-01-19 08:38:22
14892,Spring,50.0,2026-01-19 08:38:22
14895,Spring,32.81,2026-01-19 08:38:22
14895,Fall,26.93,2026-01-19 08:38:22
14895,Summer,22.35,2026-01-19 08:38:22
14896,Winter,40.0,2026-01-19 08:38:22
14896,Fall,20.0,2026-01-19 08:38:22
14896,Summer,20.0,2026-01-19 08:38:22
14896,Spring,20.0,2026-01-19 08:38:22
14899,Winter,38.34,2026-01-19 08:38:22
14899,Fall,37.79,2026-01-19 08:38:22
14900,Summer,100.0,2026-01-19 08:38:22
14904,Winter,45.45,2026-01-19 08:38:22
14904,Fall,45.45,2026-01-19 08:38:22
14907,Spring,39.31,2026-01-19 08:38:22
14907,Summer,35.28,2026-01-19 08:38:22
14908,Spring,83.33,2026-01-19 08:38:22
14911,Spring,39.21,2026-01-19 08:38:22
14911,Summer,32.88,2026-01-19 08:38:22
14911,Fall,20.72,2026-01-19 08:38:22
14912,Summer,40.0,2026-01-19 08:38:22
14912,Spring,40.0,2026-01-19 08:38:22
14912,Fall,20.0,2026-01-19 08:38:22
14915,Fall,39.65,2026-01-19 08:38:22
14915,Winter,36.52,2026-01-19 08:38:22
14919,Fall,29.62,2026-01-19 08:38:22
14919,Spring,29.34,2026-01-19 08:38:22
14919,Winter,22.71,2026-01-19 08:38:22
14924,Spring,42.86,2026-01-19 08:38:22
14924,Summer,28.57,2026-01-19 08:38:22
14927,Fall,33.27,2026-01-19 08:38:22
14927,Winter,30.06,2026-01-19 08:38:22
14927,Spring,25.45,2026-01-19 08:38:22
14931,Spring,32.12,2026-01-19 08:38:22
14931,Fall,26.36,2026-01-19 08:38:22
14931,Summer,26.06,2026-01-19 08:38:22
14935,Spring,36.03,2026-01-19 08:38:22
14935,Summer,28.96,2026-01-19 08:38:22
14935,Fall,21.89,2026-01-19 08:38:22
14936,Winter,33.33,2026-01-19 08:38:22
14936,Fall,33.33,2026-01-19 08:38:22
14936,Spring,33.33,2026-01-19 08:38:22
14939,Spring,42.73,2026-01-19 08:38:22
14939,Summer,31.72,2026-01-19 08:38:22
14940,Winter,33.33,2026-01-19 08:38:22
14940,Fall,33.33,2026-01-19 08:38:22
14940,Spring,33.33,2026-01-19 08:38:22
14942,Fall,38.82,2026-01-19 08:38:22
14942,Winter,34.12,2026-01-19 08:38:22
14942,Spring,20.0,2026-01-19 08:38:22
14943,Summer,37.5,2026-01-19 08:38:22
14943,Spring,37.5,2026-01-19 08:38:22
14945,Fall,36.42,2026-01-19 08:38:22
14945,Spring,27.75,2026-01-19 08:38:22
14945,Winter,24.86,2026-01-19 08:38:22
14946,Winter,28.57,2026-01-19 08:38:22
14946,Fall,28.57,2026-01-19 08:38:22
14946,Spring,28.57,2026-01-19 08:38:22
14948,Fall,31.21,2026-01-19 08:38:22
14948,Spring,30.64,2026-01-19 08:38:22
14948,Summer,20.23,2026-01-19 08:38:22
14949,Fall,33.33,2026-01-19 08:38:22
14949,Summer,33.33,2026-01-19 08:38:22
14951,Spring,40.0,2026-01-19 08:38:22
14951,Summer,30.0,2026-01-19 08:38:22
14951,Fall,20.0,2026-01-19 08:38:22
14953,Fall,36.55,2026-01-19 08:38:22
14953,Winter,33.79,2026-01-19 08:38:22
14953,Spring,22.07,2026-01-19 08:38:22
14954,Summer,50.0,2026-01-19 08:38:22
14954,Spring,50.0,2026-01-19 08:38:22
14956,Fall,31.17,2026-01-19 08:38:22
14956,Spring,25.97,2026-01-19 08:38:22
14956,Winter,24.68,2026-01-19 08:38:22
14957,Summer,40.0,2026-01-19 08:38:22
14957,Winter,20.0,2026-01-19 08:38:22
14957,Fall,20.0,2026-01-19 08:38:22
14957,Spring,20.0,2026-01-19 08:38:22
14959,Winter,35.82,2026-01-19 08:38:22
14959,Fall,35.82,2026-01-19 08:38:22
14959,Spring,22.39,2026-01-19 08:38:22
14962,Spring,39.29,2026-01-19 08:38:22
14962,Summer,32.14,2026-01-19 08:38:22
14962,Fall,21.43,2026-01-19 08:38:22
14964,Winter,37.5,2026-01-19 08:38:22
14964,Fall,25.0,2026-01-19 08:38:22
14964,Spring,25.0,2026-01-19 08:38:22
14965,Fall,36.73,2026-01-19 08:38:22
14965,Winter,33.67,2026-01-19 08:38:22
14968,Fall,38.04,2026-01-19 08:38:22
14968,Winter,36.96,2026-01-19 08:38:22
14969,Summer,50.0,2026-01-19 08:38:22
14969,Winter,25.0,2026-01-19 08:38:22
14969,Spring,25.0,2026-01-19 08:38:22
14971,Spring,34.55,2026-01-19 08:38:22
14971,Fall,29.09,2026-01-19 08:38:22
14971,Summer,22.73,2026-01-19 08:38:22
14973,Summer,50.0,2026-01-19 08:38:22
14973,Spring,50.0,2026-01-19 08:38:22
14975,Summer,50.0,2026-01-19 08:38:22
14975,Fall,25.0,2026-01-19 08:38:22
14975,Spring,25.0,2026-01-19 08:38:22
14976,Fall,41.18,2026-01-19 08:38:22
14976,Spring,26.47,2026-01-19 08:38:22
14976,Winter,20.59,2026-01-19 08:38:22
14978,Winter,33.33,2026-01-19 08:38:22
14978,Fall,33.33,2026-01-19 08:38:22
14978,Spring,33.33,2026-01-19 08:38:22
14981,Fall,30.0,2026-01-19 08:38:22
14981,Spring,30.0,2026-01-19 08:38:22
14981,Winter,20.0,2026-01-19 08:38:22
14981,Summer,20.0,2026-01-19 08:38:22
14982,Spring,32.97,2026-01-19 08:38:22
14982,Fall,29.67,2026-01-19 08:38:22
14982,Summer,23.08,2026-01-19 08:38:22
14984,Winter,50.0,2026-01-19 08:38:22
14984,Fall,50.0,2026-01-19 08:38:22
14985,Spring,31.82,2026-01-19 08:38:22
14985,Fall,27.27,2026-01-19 08:38:22
14985,Summer,27.27,2026-01-19 08:38:22
14988,Winter,28.57,2026-01-19 08:38:22
14988,Fall,28.57,2026-01-19 08:38:22
14988,Spring,28.57,2026-01-19 08:38:22
14989,Winter,25.0,2026-01-19 08:38:22
14989,Fall,25.0,2026-01-19 08:38:22
14989,Summer,25.0,2026-01-19 08:38:22
14989,Spring,25.0,2026-01-19 08:38:22
14993,Summer,75.0,2026-01-19 08:38:22
14993,Spring,25.0,2026-01-19 08:38:22
14995,Fall,33.33,2026-01-19 08:38:22
14995,Summer,33.33,2026-01-19 08:38:22
14995,Spring,33.33,2026-01-19 08:38:22
14996,Summer,50.0,2026-01-19 08:38:22
14996,Spring,33.33,2026-01-19 08:38:22
14997,Fall,34.73,2026-01-19 08:38:22
14997,Winter,33.11,2026-01-19 08:38:22
14997,Spring,23.22,2026-01-19 08:38:22
14998,Fall,33.33,2026-01-19 08:38:22
14998,Spring,33.33,2026-01-19 08:38:22
14999,Fall,37.5,2026-01-19 08:38:22
14999,Spring,37.5,2026-01-19 08:38:22
14999,Winter,25.0,2026-01-19 08:38:22
15000,Summer,42.86,2026-01-19 08:38:22
15000,Spring,40.26,2026-01-19 08:38:22
15001,Winter,25.0,2026-01-19 08:38:22
15001,Fall,25.0,2026-01-19 08:38:22
15001,Summer,25.0,2026-01-19 08:38:22
15001,Spring,25.0,2026-01-19 08:38:22
15003,Spring,34.1,2026-01-19 08:38:22
15003,Summer,33.12,2026-01-19 08:38:22
15003,Fall,22.42,2026-01-19 08:38:22
15005,Winter,33.33,2026-01-19 08:38:22
15005,Fall,33.33,2026-01-19 08:38:22
15006,Winter,37.54,2026-01-19 08:38:22
15006,Fall,37.25,2026-01-19 08:38:22
15008,Summer,50.0,2026-01-19 08:38:22
15008,Spring,50.0,2026-01-19 08:38:22
15009,Fall,35.83,2026-01-19 08:38:22
15009,Winter,32.6,2026-01-19 08:38:22
15010,Spring,29.41,2026-01-19 08:38:22
15010,Winter,23.53,2026-01-19 08:38:22
15010,Fall,23.53,2026-01-19 08:38:22
15010,Summer,23.53,2026-01-19 08:38:22
15012,Fall,32.77,2026-01-19 08:38:22
15012,Winter,27.02,2026-01-19 08:38:22
15012,Spring,26.49,2026-01-19 08:38:22
15013,Spring,33.33,2026-01-19 08:38:22
15013,Fall,26.67,2026-01-19 08:38:22
15013,Summer,26.67,2026-01-19 08:38:22
15015,Spring,37.76,2026-01-19 08:38:22
15015,Summer,37.12,2026-01-19 08:38:22
15016,Summer,66.67,2026-01-19 08:38:22
15016,Spring,33.33,2026-01-19 08:38:22
15018,Spring,40.0,2026-01-19 08:38:22
15018,Winter,20.0,2026-01-19 08:38:22
15018,Fall,20.0,2026-01-19 08:38:22
15018,Summer,20.0,2026-01-19 08:38:22
15020,Spring,29.96,2026-01-19 08:38:22
15020,Fall,28.86,2026-01-19 08:38:22
15020,Summer,21.14,2026-01-19 08:38:22
15020,Winter,20.04,2026-01-19 08:38:22
15022,Summer,50.0,2026-01-19 08:38:22
15022,Spring,50.0,2026-01-19 08:38:22
15025,Summer,47.44,2026-01-19 08:38:22
15025,Spring,39.77,2026-01-19 08:38:22
15027,Fall,29.35,2026-01-19 08:38:22
15027,Spring,28.83,2026-01-19 08:38:22
15027,Summer,21.04,2026-01-19 08:38:22
15027,Winter,20.78,2026-01-19 08:38:22
15028,Spring,32.01,2026-01-19 08:38:22
15028,Fall,31.02,2026-01-19 08:38:22
15029,Summer,41.37,2026-01-19 08:38:22
15029,Spring,38.85,2026-01-19 08:38:22
