PERFUME_ID,GENDER,LOAD_DT
8277,Masculine,2026-01-19 08:53:15
8281,Feminine,2026-01-19 08:53:15
8296,Feminine,2026-01-19 08:53:15
8299,Unisex,2026-01-19 08:53:15
8309,Feminine,2026-01-19 08:53:15
8313,Unisex,2026-01-19 08:53:15
8317,Masculine,2026-01-19 08:53:15
8319,Feminine,2026-01-19 08:53:15
8321,Feminine,2026-01-19 08:53:15
8325,Feminine,2026-01-19 08:53:15
8326,Unisex,2026-01-19 08:53:15
8329,Unisex,2026-01-19 08:53:15
8334,Unisex,2026-01-19 08:53:15
8337,Unisex,2026-01-19 08:53:15
8338,Unisex,2026-01-19 08:53:15
8341,Feminine,2026-01-19 08:53:15
8344,Feminine,2026-01-19 08:53:15
8352,Unisex,2026-01-19 08:53:15
8354,Unisex,2026-01-19 08:53:15
8356,Unisex,2026-01-19 08:53:15
8362,Unisex,2026-01-19 08:53:15
8367,Masculine,2026-01-19 08:53:15
8379,Feminine,2026-01-19 08:53:15
8383,Unisex,2026-01-19 08:53:15
8399,Feminine,2026-01-19 08:53:15
8403,Feminine,2026-01-19 08:53:15
8407,Feminine,2026-01-19 08:53:15
8408,Unisex,2026-01-19 08:53:15
8411,Masculine,2026-01-19 08:53:15
8412,Unisex,2026-01-19 08:53:15
8415,Masculine,2026-01-19 08:53:15
8416,Masculine,2026-01-19 08:53:15
8419,Masculine,2026-01-19 08:53:15
8421,Unisex,2026-01-19 08:53:15
8422,Masculine,2026-01-19 08:53:15
8423,Unisex,2026-01-19 08:53:15
8425,Masculine,2026-01-19 08:53:15
8427,Masculine,2026-01-19 08:53:15
8429,Masculine,2026-01-19 08:53:15
8436,Masculine,2026-01-19 08:53:15
8439,Feminine,2026-01-19 08:53:15
8440,Masculine,2026-01-19 08:53:15
8447,Masculine,2026-01-19 08:53:15
8448,Masculine,2026-01-19 08:53:15
8455,Masculine,2026-01-19 08:53:15
8457,Feminine,2026-01-19 08:53:15
8458,Masculine,2026-01-19 08:53:15
8461,Masculine,2026-01-19 08:53:15
8463,Feminine,2026-01-19 08:53:15
8465,Masculine,2026-01-19 08:53:15
8468,Feminine,2026-01-19 08:53:15
8472,Feminine,2026-01-19 08:53:15
8473,Masculine,2026-01-19 08:53:15
8476,Feminine,2026-01-19 08:53:15
8488,Feminine,2026-01-19 08:53:15
8492,Masculine,2026-01-19 08:53:15
8493,Masculine,2026-01-19 08:53:15
8497,Masculine,2026-01-19 08:53:15
8500,Unisex,2026-01-19 08:53:15
8502,Masculine,2026-01-19 08:53:15
8505,Feminine,2026-01-19 08:53:15
8506,Masculine,2026-01-19 08:53:15
8509,Masculine,2026-01-19 08:53:15
8513,Feminine,2026-01-19 08:53:15
8514,Feminine,2026-01-19 08:53:15
8517,Feminine,2026-01-19 08:53:15
8518,Feminine,2026-01-19 08:53:15
8521,Unisex,2026-01-19 08:53:15
8522,Feminine,2026-01-19 08:53:15
8526,Masculine,2026-01-19 08:53:15
8529,Feminine,2026-01-19 08:53:15
8533,Unisex,2026-01-19 08:53:15
8537,Feminine,2026-01-19 08:53:15
8539,Masculine,2026-01-19 08:53:15
8542,Feminine,2026-01-19 08:53:15
8543,Masculine,2026-01-19 08:53:15
8546,Feminine,2026-01-19 08:53:15
8547,Feminine,2026-01-19 08:53:15
8550,Masculine,2026-01-19 08:53:15
8551,Feminine,2026-01-19 08:53:15
8555,Feminine,2026-01-19 08:53:15
8558,Feminine,2026-01-19 08:53:15
8559,Feminine,2026-01-19 08:53:15
8562,Feminine,2026-01-19 08:53:15
8563,Feminine,2026-01-19 08:53:15
8567,Feminine,2026-01-19 08:53:15
8570,Masculine,2026-01-19 08:53:15
8571,Unisex,2026-01-19 08:53:15
8578,Feminine,2026-01-19 08:53:15
8579,Feminine,2026-01-19 08:53:15
8582,Unisex,2026-01-19 08:53:15
8584,Feminine,2026-01-19 08:53:15
8586,Unisex,2026-01-19 08:53:15
8588,Feminine,2026-01-19 08:53:15
8590,Masculine,2026-01-19 08:53:15
8592,Feminine,2026-01-19 08:53:15
8594,Feminine,2026-01-19 08:53:15
8596,Unisex,2026-01-19 08:53:15
8598,Feminine,2026-01-19 08:53:15
8602,Feminine,2026-01-19 08:53:15
8610,Feminine,2026-01-19 08:53:15
8614,Feminine,2026-01-19 08:53:15
8615,Feminine,2026-01-19 08:53:15
8618,Feminine,2026-01-19 08:53:15
8619,Feminine,2026-01-19 08:53:15
8622,Feminine,2026-01-19 08:53:15
8623,Feminine,2026-01-19 08:53:15
8626,Masculine,2026-01-19 08:53:15
8627,Feminine,2026-01-19 08:53:15
8630,Feminine,2026-01-19 08:53:15
8631,Feminine,2026-01-19 08:53:15
8634,Feminine,2026-01-19 08:53:15
8635,Feminine,2026-01-19 08:53:15
8638,Feminine,2026-01-19 08:53:15
8641,Feminine,2026-01-19 08:53:15
8642,Feminine,2026-01-19 08:53:15
8645,Unisex,2026-01-19 08:53:15
8646,Feminine,2026-01-19 08:53:15
8649,Feminine,2026-01-19 08:53:15
8650,Masculine,2026-01-19 08:53:15
8653,Feminine,2026-01-19 08:53:15
8655,Masculine,2026-01-19 08:53:15
8657,Unisex,2026-01-19 08:53:15
8659,Feminine,2026-01-19 08:53:15
8661,Masculine,2026-01-19 08:53:15
8663,Feminine,2026-01-19 08:53:15
8665,Feminine,2026-01-19 08:53:15
8667,Feminine,2026-01-19 08:53:15
8669,Unisex,2026-01-19 08:53:15
8671,Feminine,2026-01-19 08:53:15
8673,Masculine,2026-01-19 08:53:15
8676,Feminine,2026-01-19 08:53:15
8677,Masculine,2026-01-19 08:53:15
8679,Feminine,2026-01-19 08:53:15
8680,Feminine,2026-01-19 08:53:15
8681,Feminine,2026-01-19 08:53:15
8683,Feminine,2026-01-19 08:53:15
8684,Feminine,2026-01-19 08:53:15
8685,Feminine,2026-01-19 08:53:15
8687,Feminine,2026-01-19 08:53:15
8689,Feminine,2026-01-19 08:53:15
8691,Masculine,2026-01-19 08:53:15
8692,Feminine,2026-01-19 08:53:15
8695,Masculine,2026-01-19 08:53:15
8696,Feminine,2026-01-19 08:53:15
8697,Feminine,2026-01-19 08:53:15
8699,Feminine,2026-01-19 08:53:15
8700,Feminine,2026-01-19 08:53:15
8701,Unisex,2026-01-19 08:53:15
8703,Unisex,2026-01-19 08:53:15
8704,Feminine,2026-01-19 08:53:15
8705,Masculine,2026-01-19 08:53:15
8707,Feminine,2026-01-19 08:53:15
8708,Feminine,2026-01-19 08:53:15
8709,Feminine,2026-01-19 08:53:15
8711,Feminine,2026-01-19 08:53:15
8712,Masculine,2026-01-19 08:53:15
8713,Masculine,2026-01-19 08:53:15
8715,Feminine,2026-01-19 08:53:15
8716,Unisex,2026-01-19 08:53:15
8717,Feminine,2026-01-19 08:53:15
8719,Feminine,2026-01-19 08:53:15
8721,Unisex,2026-01-19 08:53:15
8724,Feminine,2026-01-19 08:53:15
8725,Feminine,2026-01-19 08:53:15
8727,Feminine,2026-01-19 08:53:15
8732,Feminine,2026-01-19 08:53:15
8734,Feminine,2026-01-19 08:53:15
8738,Feminine,2026-01-19 08:53:15
8739,Feminine,2026-01-19 08:53:15
8740,Unisex,2026-01-19 08:53:15
8742,Unisex,2026-01-19 08:53:15
8743,Feminine,2026-01-19 08:53:15
8746,Feminine,2026-01-19 08:53:15
8747,Feminine,2026-01-19 08:53:15
8748,Unisex,2026-01-19 08:53:15
8750,Unisex,2026-01-19 08:53:15
8751,Masculine,2026-01-19 08:53:15
8752,Feminine,2026-01-19 08:53:15
8754,Feminine,2026-01-19 08:53:15
8756,Unisex,2026-01-19 08:53:15
8760,Feminine,2026-01-19 08:53:15
8762,Masculine,2026-01-19 08:53:15
8763,Feminine,2026-01-19 08:53:15
8764,Feminine,2026-01-19 08:53:15
8766,Masculine,2026-01-19 08:53:15
8767,Feminine,2026-01-19 08:53:15
8770,Feminine,2026-01-19 08:53:15
8771,Unisex,2026-01-19 08:53:15
8774,Masculine,2026-01-19 08:53:15
8775,Feminine,2026-01-19 08:53:15
8778,Feminine,2026-01-19 08:53:15
8779,Feminine,2026-01-19 08:53:15
8782,Feminine,2026-01-19 08:53:15
8785,Unisex,2026-01-19 08:53:15
8788,Feminine,2026-01-19 08:53:15
8789,Feminine,2026-01-19 08:53:15
8790,Feminine,2026-01-19 08:53:15
8792,Feminine,2026-01-19 08:53:15
8796,Masculine,2026-01-19 08:53:15
8798,Unisex,2026-01-19 08:53:15
8801,Feminine,2026-01-19 08:53:15
8802,Feminine,2026-01-19 08:53:15
8805,Feminine,2026-01-19 08:53:15
8806,Feminine,2026-01-19 08:53:15
8809,Feminine,2026-01-19 08:53:15
8810,Unisex,2026-01-19 08:53:15
8814,Feminine,2026-01-19 08:53:15
8817,Unisex,2026-01-19 08:53:15
8818,Feminine,2026-01-19 08:53:15
8821,Feminine,2026-01-19 08:53:15
8822,Feminine,2026-01-19 08:53:15
8825,Feminine,2026-01-19 08:53:15
8826,Feminine,2026-01-19 08:53:15
8829,Feminine,2026-01-19 08:53:15
8830,Feminine,2026-01-19 08:53:15
8832,Unisex,2026-01-19 08:53:15
8833,Feminine,2026-01-19 08:53:15
8834,Feminine,2026-01-19 08:53:15
8837,Feminine,2026-01-19 08:53:15
8838,Feminine,2026-01-19 08:53:15
8842,Unisex,2026-01-19 08:53:15
8843,Unisex,2026-01-19 08:53:15
8844,Feminine,2026-01-19 08:53:15
8846,Feminine,2026-01-19 08:53:15
8847,Feminine,2026-01-19 08:53:15
8849,Feminine,2026-01-19 08:53:15
8850,Feminine,2026-01-19 08:53:15
8853,Feminine,2026-01-19 08:53:15
8854,Feminine,2026-01-19 08:53:15
8855,Unisex,2026-01-19 08:53:15
8857,Feminine,2026-01-19 08:53:15
8858,Feminine,2026-01-19 08:53:15
8860,Unisex,2026-01-19 08:53:15
8861,Feminine,2026-01-19 08:53:15
8862,Masculine,2026-01-19 08:53:15
8864,Feminine,2026-01-19 08:53:15
8865,Masculine,2026-01-19 08:53:15
8866,Feminine,2026-01-19 08:53:15
8868,Unisex,2026-01-19 08:53:15
8869,Unisex,2026-01-19 08:53:15
8870,Unisex,2026-01-19 08:53:15
8872,Feminine,2026-01-19 08:53:15
8873,Unisex,2026-01-19 08:53:15
8874,Masculine,2026-01-19 08:53:15
8875,Feminine,2026-01-19 08:53:15
8877,Unisex,2026-01-19 08:53:15
8878,Masculine,2026-01-19 08:53:15
8879,Feminine,2026-01-19 08:53:15
8881,Feminine,2026-01-19 08:53:15
8882,Feminine,2026-01-19 08:53:15
8883,Feminine,2026-01-19 08:53:15
8885,Masculine,2026-01-19 08:53:15
8886,Feminine,2026-01-19 08:53:15
8889,Unisex,2026-01-19 08:53:15
8891,Masculine,2026-01-19 08:53:15
8893,Unisex,2026-01-19 08:53:15
8895,Unisex,2026-01-19 08:53:15
8898,Feminine,2026-01-19 08:53:15
8899,Feminine,2026-01-19 08:53:15
8901,Unisex,2026-01-19 08:53:15
8905,Feminine,2026-01-19 08:53:15
8906,Unisex,2026-01-19 08:53:15
8909,Unisex,2026-01-19 08:53:15
8911,Feminine,2026-01-19 08:53:15
8913,Unisex,2026-01-19 08:53:15
8917,Unisex,2026-01-19 08:53:15
8920,Masculine,2026-01-19 08:53:15
8921,Feminine,2026-01-19 08:53:15
8924,Feminine,2026-01-19 08:53:15
8927,Feminine,2026-01-19 08:53:15
8929,Unisex,2026-01-19 08:53:15
8931,Unisex,2026-01-19 08:53:15
8933,Unisex,2026-01-19 08:53:15
8935,Masculine,2026-01-19 08:53:15
8937,Unisex,2026-01-19 08:53:15
8939,Masculine,2026-01-19 08:53:15
8941,Unisex,2026-01-19 08:53:15
8943,Masculine,2026-01-19 08:53:15
8944,Unisex,2026-01-19 08:53:15
8947,Masculine,2026-01-19 08:53:15
8948,Feminine,2026-01-19 08:53:15
8952,Unisex,2026-01-19 08:53:15
8954,Feminine,2026-01-19 08:53:15
8959,Unisex,2026-01-19 08:53:15
8960,Feminine,2026-01-19 08:53:15
8964,Feminine,2026-01-19 08:53:15
8967,Feminine,2026-01-19 08:53:15
8971,Feminine,2026-01-19 08:53:15
8983,Feminine,2026-01-19 08:53:15
8986,Unisex,2026-01-19 08:53:15
8991,Unisex,2026-01-19 08:53:15
8998,Feminine,2026-01-19 08:53:15
9006,Unisex,2026-01-19 08:53:15
9011,Unisex,2026-01-19 08:53:15
9014,Unisex,2026-01-19 08:53:15
9018,Feminine,2026-01-19 08:53:15
9020,Unisex,2026-01-19 08:53:15
9022,Feminine,2026-01-19 08:53:15
9024,Feminine,2026-01-19 08:53:15
9026,Feminine,2026-01-19 08:53:15
9028,Masculine,2026-01-19 08:53:15
9031,Unisex,2026-01-19 08:53:15
9032,Feminine,2026-01-19 08:53:15
9035,Feminine,2026-01-19 08:53:15
9036,Feminine,2026-01-19 08:53:15
9040,Masculine,2026-01-19 08:53:15
9043,Masculine,2026-01-19 08:53:15
9044,Unisex,2026-01-19 08:53:15
9046,Feminine,2026-01-19 08:53:15
9047,Masculine,2026-01-19 08:53:15
9048,Feminine,2026-01-19 08:53:15
9050,Feminine,2026-01-19 08:53:15
9051,Feminine,2026-01-19 08:53:15
9052,Feminine,2026-01-19 08:53:15
9054,Masculine,2026-01-19 08:53:15
9055,Masculine,2026-01-19 08:53:15
9057,Masculine,2026-01-19 08:53:15
9058,Feminine,2026-01-19 08:53:15
9059,Feminine,2026-01-19 08:53:15
9061,Feminine,2026-01-19 08:53:15
9062,Feminine,2026-01-19 08:53:15
9064,Masculine,2026-01-19 08:53:15
9065,Masculine,2026-01-19 08:53:15
9066,Feminine,2026-01-19 08:53:15
9068,Masculine,2026-01-19 08:53:15
9070,Masculine,2026-01-19 08:53:15
9071,Feminine,2026-01-19 08:53:15
9073,Masculine,2026-01-19 08:53:15
9074,Feminine,2026-01-19 08:53:15
9076,Feminine,2026-01-19 08:53:15
9078,Feminine,2026-01-19 08:53:15
9079,Masculine,2026-01-19 08:53:15
9080,Unisex,2026-01-19 08:53:15
9082,Feminine,2026-01-19 08:53:15
9083,Unisex,2026-01-19 08:53:15
9084,Feminine,2026-01-19 08:53:15
9086,Feminine,2026-01-19 08:53:15
9087,Unisex,2026-01-19 08:53:15
9088,Unisex,2026-01-19 08:53:15
9090,Feminine,2026-01-19 08:53:15
9091,Masculine,2026-01-19 08:53:15
9092,Unisex,2026-01-19 08:53:15
9094,Feminine,2026-01-19 08:53:15
9095,Feminine,2026-01-19 08:53:15
9096,Feminine,2026-01-19 08:53:15
9098,Masculine,2026-01-19 08:53:15
9099,Feminine,2026-01-19 08:53:15
9100,Unisex,2026-01-19 08:53:15
9102,Feminine,2026-01-19 08:53:15
9103,Masculine,2026-01-19 08:53:15
9104,Feminine,2026-01-19 08:53:15
9106,Unisex,2026-01-19 08:53:15
9107,Feminine,2026-01-19 08:53:15
9110,Feminine,2026-01-19 08:53:15
9111,Masculine,2026-01-19 08:53:15
9112,Feminine,2026-01-19 08:53:15
9114,Feminine,2026-01-19 08:53:15
9116,Feminine,2026-01-19 08:53:15
9118,Unisex,2026-01-19 08:53:15
9121,Masculine,2026-01-19 08:53:15
9122,Feminine,2026-01-19 08:53:15
9123,Unisex,2026-01-19 08:53:15
9126,Feminine,2026-01-19 08:53:15
9127,Feminine,2026-01-19 08:53:15
9131,Masculine,2026-01-19 08:53:15
9135,Feminine,2026-01-19 08:53:15
9138,Unisex,2026-01-19 08:53:15
9142,Feminine,2026-01-19 08:53:15
9143,Feminine,2026-01-19 08:53:15
9146,Masculine,2026-01-19 08:53:15
9184,Masculine,2026-01-19 08:53:15
9189,Feminine,2026-01-19 08:53:15
9192,Masculine,2026-01-19 08:53:15
9196,Feminine,2026-01-19 08:53:15
9197,Feminine,2026-01-19 08:53:15
9200,Unisex,2026-01-19 08:53:15
9201,Feminine,2026-01-19 08:53:15
9202,Feminine,2026-01-19 08:53:15
9204,Masculine,2026-01-19 08:53:15
9205,Feminine,2026-01-19 08:53:15
9206,Masculine,2026-01-19 08:53:15
9209,Feminine,2026-01-19 08:53:15
9210,Feminine,2026-01-19 08:53:15
9212,Feminine,2026-01-19 08:53:15
9213,Masculine,2026-01-19 08:53:15
9214,Masculine,2026-01-19 08:53:15
9217,Masculine,2026-01-19 08:53:15
9219,Masculine,2026-01-19 08:53:15
9223,Masculine,2026-01-19 08:53:15
9224,Masculine,2026-01-19 08:53:15
9225,Feminine,2026-01-19 08:53:15
9227,Feminine,2026-01-19 08:53:15
9228,Feminine,2026-01-19 08:53:15
9231,Feminine,2026-01-19 08:53:15
9232,Feminine,2026-01-19 08:53:15
9235,Feminine,2026-01-19 08:53:15
9236,Masculine,2026-01-19 08:53:15
9239,Feminine,2026-01-19 08:53:15
9240,Masculine,2026-01-19 08:53:15
9243,Masculine,2026-01-19 08:53:15
9244,Unisex,2026-01-19 08:53:15
9247,Masculine,2026-01-19 08:53:15
9248,Masculine,2026-01-19 08:53:15
9251,Feminine,2026-01-19 08:53:15
9255,Feminine,2026-01-19 08:53:15
9265,Masculine,2026-01-19 08:53:15
9270,Feminine,2026-01-19 08:53:15
9275,Feminine,2026-01-19 08:53:15
9279,Feminine,2026-01-19 08:53:15
9287,Masculine,2026-01-19 08:53:15
9291,Feminine,2026-01-19 08:53:15
9295,Feminine,2026-01-19 08:53:15
9299,Unisex,2026-01-19 08:53:15
9300,Unisex,2026-01-19 08:53:15
9307,Masculine,2026-01-19 08:53:15
9308,Feminine,2026-01-19 08:53:15
9310,Feminine,2026-01-19 08:53:15
9311,Unisex,2026-01-19 08:53:15
9314,Feminine,2026-01-19 08:53:15
9318,Feminine,2026-01-19 08:53:15
9319,Unisex,2026-01-19 08:53:15
9322,Feminine,2026-01-19 08:53:15
9324,Feminine,2026-01-19 08:53:15
9328,Unisex,2026-01-19 08:53:15
9336,Unisex,2026-01-19 08:53:15
9339,Feminine,2026-01-19 08:53:15
9342,Unisex,2026-01-19 08:53:15
9345,Masculine,2026-01-19 08:53:15
9346,Unisex,2026-01-19 08:53:15
9347,Unisex,2026-01-19 08:53:15
9348,Feminine,2026-01-19 08:53:15
9349,Masculine,2026-01-19 08:53:15
9350,Unisex,2026-01-19 08:53:15
9351,Feminine,2026-01-19 08:53:15
9352,Feminine,2026-01-19 08:53:15
9354,Masculine,2026-01-19 08:53:15
9355,Feminine,2026-01-19 08:53:15
9357,Masculine,2026-01-19 08:53:15
9358,Unisex,2026-01-19 08:53:15
9359,Masculine,2026-01-19 08:53:15
9360,Unisex,2026-01-19 08:53:15
9361,Feminine,2026-01-19 08:53:15
9362,Feminine,2026-01-19 08:53:15
9363,Feminine,2026-01-19 08:53:15
9364,Unisex,2026-01-19 08:53:15
9365,Masculine,2026-01-19 08:53:15
9366,Feminine,2026-01-19 08:53:15
9367,Feminine,2026-01-19 08:53:15
9368,Unisex,2026-01-19 08:53:15
9369,Masculine,2026-01-19 08:53:15
9370,Feminine,2026-01-19 08:53:15
9371,Masculine,2026-01-19 08:53:15
9372,Unisex,2026-01-19 08:53:15
9373,Masculine,2026-01-19 08:53:15
9374,Masculine,2026-01-19 08:53:15
9375,Feminine,2026-01-19 08:53:15
9376,Feminine,2026-01-19 08:53:15
9377,Feminine,2026-01-19 08:53:15
9378,Feminine,2026-01-19 08:53:15
9380,Masculine,2026-01-19 08:53:15
9381,Feminine,2026-01-19 08:53:15
9382,Feminine,2026-01-19 08:53:15
9383,Masculine,2026-01-19 08:53:15
9384,Unisex,2026-01-19 08:53:15
9385,Feminine,2026-01-19 08:53:15
9387,Feminine,2026-01-19 08:53:15
9388,Feminine,2026-01-19 08:53:15
9389,Feminine,2026-01-19 08:53:15
9390,Feminine,2026-01-19 08:53:15
9391,Feminine,2026-01-19 08:53:15
9392,Feminine,2026-01-19 08:53:15
9393,Feminine,2026-01-19 08:53:15
9394,Feminine,2026-01-19 08:53:15
9395,Feminine,2026-01-19 08:53:15
9396,Feminine,2026-01-19 08:53:15
9398,Unisex,2026-01-19 08:53:15
9399,Masculine,2026-01-19 08:53:15
9400,Unisex,2026-01-19 08:53:15
9401,Masculine,2026-01-19 08:53:15
9404,Masculine,2026-01-19 08:53:15
9405,Feminine,2026-01-19 08:53:15
9407,Feminine,2026-01-19 08:53:15
9408,Masculine,2026-01-19 08:53:15
9409,Masculine,2026-01-19 08:53:15
9411,Feminine,2026-01-19 08:53:15
9412,Feminine,2026-01-19 08:53:15
9414,Masculine,2026-01-19 08:53:15
9415,Feminine,2026-01-19 08:53:15
9416,Feminine,2026-01-19 08:53:15
9418,Masculine,2026-01-19 08:53:15
9419,Feminine,2026-01-19 08:53:15
9420,Feminine,2026-01-19 08:53:15
9421,Masculine,2026-01-19 08:53:15
9423,Feminine,2026-01-19 08:53:15
9424,Masculine,2026-01-19 08:53:15
9425,Masculine,2026-01-19 08:53:15
9427,Unisex,2026-01-19 08:53:15
9428,Masculine,2026-01-19 08:53:15
9430,Feminine,2026-01-19 08:53:15
9431,Unisex,2026-01-19 08:53:15
9432,Feminine,2026-01-19 08:53:15
9434,Masculine,2026-01-19 08:53:15
9435,Unisex,2026-01-19 08:53:15
9436,Feminine,2026-01-19 08:53:15
9438,Feminine,2026-01-19 08:53:15
9439,Unisex,2026-01-19 08:53:15
9440,Masculine,2026-01-19 08:53:15
9442,Masculine,2026-01-19 08:53:15
9443,Unisex,2026-01-19 08:53:15
9444,Feminine,2026-01-19 08:53:15
9446,Masculine,2026-01-19 08:53:15
9447,Unisex,2026-01-19 08:53:15
9448,Unisex,2026-01-19 08:53:15
9450,Feminine,2026-01-19 08:53:15
9451,Unisex,2026-01-19 08:53:15
9452,Feminine,2026-01-19 08:53:15
9455,Masculine,2026-01-19 08:53:15
9456,Feminine,2026-01-19 08:53:15
9459,Feminine,2026-01-19 08:53:15
9460,Feminine,2026-01-19 08:53:15
9463,Masculine,2026-01-19 08:53:15
9464,Feminine,2026-01-19 08:53:15
9466,Masculine,2026-01-19 08:53:15
9468,Feminine,2026-01-19 08:53:15
9470,Feminine,2026-01-19 08:53:15
9471,Masculine,2026-01-19 08:53:15
9472,Feminine,2026-01-19 08:53:15
9475,Unisex,2026-01-19 08:53:15
9478,Masculine,2026-01-19 08:53:15
9479,Masculine,2026-01-19 08:53:15
9482,Masculine,2026-01-19 08:53:15
9483,Masculine,2026-01-19 08:53:15
9484,Feminine,2026-01-19 08:53:15
9487,Feminine,2026-01-19 08:53:15
9488,Masculine,2026-01-19 08:53:15
9491,Masculine,2026-01-19 08:53:15
9492,Unisex,2026-01-19 08:53:15
9494,Masculine,2026-01-19 08:53:15
9495,Masculine,2026-01-19 08:53:15
9498,Feminine,2026-01-19 08:53:15
9500,Masculine,2026-01-19 08:53:15
9501,Unisex,2026-01-19 08:53:15
9502,Feminine,2026-01-19 08:53:15
9503,Feminine,2026-01-19 08:53:15
9505,Feminine,2026-01-19 08:53:15
9507,Masculine,2026-01-19 08:53:15
9508,Masculine,2026-01-19 08:53:15
9509,Unisex,2026-01-19 08:53:15
9511,Masculine,2026-01-19 08:53:15
9513,Feminine,2026-01-19 08:53:15
9514,Masculine,2026-01-19 08:53:15
9515,Feminine,2026-01-19 08:53:15
9517,Feminine,2026-01-19 08:53:15
9519,Masculine,2026-01-19 08:53:15
9521,Unisex,2026-01-19 08:53:15
9522,Masculine,2026-01-19 08:53:15
9523,Feminine,2026-01-19 08:53:15
9524,Feminine,2026-01-19 08:53:15
9525,Unisex,2026-01-19 08:53:15
9527,Feminine,2026-01-19 08:53:15
9528,Feminine,2026-01-19 08:53:15
9529,Unisex,2026-01-19 08:53:15
9531,Feminine,2026-01-19 08:53:15
9532,Feminine,2026-01-19 08:53:15
9533,Unisex,2026-01-19 08:53:15
9535,Feminine,2026-01-19 08:53:15
9536,Feminine,2026-01-19 08:53:15
9537,Unisex,2026-01-19 08:53:15
9538,Masculine,2026-01-19 08:53:15
9539,Masculine,2026-01-19 08:53:15
9540,Masculine,2026-01-19 08:53:15
9542,Unisex,2026-01-19 08:53:15
9543,Feminine,2026-01-19 08:53:15
9544,Unisex,2026-01-19 08:53:15
9545,Unisex,2026-01-19 08:53:15
9546,Unisex,2026-01-19 08:53:15
9547,Feminine,2026-01-19 08:53:15
9548,Feminine,2026-01-19 08:53:15
9549,Feminine,2026-01-19 08:53:15
9550,Feminine,2026-01-19 08:53:15
9551,Unisex,2026-01-19 08:53:15
9553,Unisex,2026-01-19 08:53:15
9554,Feminine,2026-01-19 08:53:15
9555,Feminine,2026-01-19 08:53:15
9556,Feminine,2026-01-19 08:53:15
9558,Unisex,2026-01-19 08:53:15
9559,Feminine,2026-01-19 08:53:15
9560,Feminine,2026-01-19 08:53:15
9562,Feminine,2026-01-19 08:53:15
9563,Unisex,2026-01-19 08:53:15
9566,Unisex,2026-01-19 08:53:15
9567,Feminine,2026-01-19 08:53:15
9568,Masculine,2026-01-19 08:53:15
9569,Unisex,2026-01-19 08:53:15
9572,Feminine,2026-01-19 08:53:15
9573,Feminine,2026-01-19 08:53:15
9575,Feminine,2026-01-19 08:53:15
9576,Feminine,2026-01-19 08:53:15
9577,Unisex,2026-01-19 08:53:15
9580,Feminine,2026-01-19 08:53:15
9581,Feminine,2026-01-19 08:53:15
9583,Feminine,2026-01-19 08:53:15
9586,Masculine,2026-01-19 08:53:15
9587,Feminine,2026-01-19 08:53:15
9588,Feminine,2026-01-19 08:53:15
9590,Unisex,2026-01-19 08:53:15
9594,Feminine,2026-01-19 08:53:15
9595,Feminine,2026-01-19 08:53:15
9598,Feminine,2026-01-19 08:53:15
9599,Feminine,2026-01-19 08:53:15
9600,Feminine,2026-01-19 08:53:15
9601,Unisex,2026-01-19 08:53:15
9602,Feminine,2026-01-19 08:53:15
9603,Unisex,2026-01-19 08:53:15
9605,Feminine,2026-01-19 08:53:15
9606,Unisex,2026-01-19 08:53:15
9607,Unisex,2026-01-19 08:53:15
9609,Unisex,2026-01-19 08:53:15
9611,Unisex,2026-01-19 08:53:15
9613,Unisex,2026-01-19 08:53:15
9615,Unisex,2026-01-19 08:53:15
9619,Masculine,2026-01-19 08:53:15
9623,Masculine,2026-01-19 08:53:15
9627,Masculine,2026-01-19 08:53:15
9629,Feminine,2026-01-19 08:53:15
9631,Masculine,2026-01-19 08:53:15
9635,Feminine,2026-01-19 08:53:15
9639,Feminine,2026-01-19 08:53:15
9642,Feminine,2026-01-19 08:53:15
9643,Feminine,2026-01-19 08:53:15
9646,Unisex,2026-01-19 08:53:15
9647,Feminine,2026-01-19 08:53:15
9650,Feminine,2026-01-19 08:53:15
9651,Feminine,2026-01-19 08:53:15
9653,Unisex,2026-01-19 08:53:15
9654,Feminine,2026-01-19 08:53:15
9655,Feminine,2026-01-19 08:53:15
9658,Feminine,2026-01-19 08:53:15
9659,Feminine,2026-01-19 08:53:15
9666,Unisex,2026-01-19 08:53:15
9667,Unisex,2026-01-19 08:53:15
9671,Feminine,2026-01-19 08:53:15
9674,Feminine,2026-01-19 08:53:15
9675,Unisex,2026-01-19 08:53:15
9679,Feminine,2026-01-19 08:53:15
9682,Masculine,2026-01-19 08:53:15
9683,Feminine,2026-01-19 08:53:15
9687,Feminine,2026-01-19 08:53:15
9688,Feminine,2026-01-19 08:53:15
9691,Feminine,2026-01-19 08:53:15
9694,Feminine,2026-01-19 08:53:15
9695,Feminine,2026-01-19 08:53:15
9698,Masculine,2026-01-19 08:53:15
9699,Unisex,2026-01-19 08:53:15
9702,Unisex,2026-01-19 08:53:15
9703,Masculine,2026-01-19 08:53:15
9706,Unisex,2026-01-19 08:53:15
9707,Feminine,2026-01-19 08:53:15
9710,Feminine,2026-01-19 08:53:15
9711,Unisex,2026-01-19 08:53:15
9715,Feminine,2026-01-19 08:53:15
9719,Unisex,2026-01-19 08:53:15
9722,Feminine,2026-01-19 08:53:15
9726,Unisex,2026-01-19 08:53:15
9736,Unisex,2026-01-19 08:53:15
9738,Feminine,2026-01-19 08:53:15
9740,Unisex,2026-01-19 08:53:15
9742,Feminine,2026-01-19 08:53:15
9748,Feminine,2026-01-19 08:53:15
9751,Unisex,2026-01-19 08:53:15
9752,Unisex,2026-01-19 08:53:15
9756,Unisex,2026-01-19 08:53:15
9759,Feminine,2026-01-19 08:53:15
9760,Unisex,2026-01-19 08:53:15
9764,Unisex,2026-01-19 08:53:15
9766,Unisex,2026-01-19 08:53:15
9771,Feminine,2026-01-19 08:53:15
9772,Unisex,2026-01-19 08:53:15
9783,Feminine,2026-01-19 08:53:15
9788,Feminine,2026-01-19 08:53:15
9795,Unisex,2026-01-19 08:53:15
9807,Unisex,2026-01-19 08:53:15
9811,Feminine,2026-01-19 08:53:15
9824,Feminine,2026-01-19 08:53:15
9827,Unisex,2026-01-19 08:53:15
9828,Feminine,2026-01-19 08:53:15
9832,Unisex,2026-01-19 08:53:15
9836,Unisex,2026-01-19 08:53:15
9839,Feminine,2026-01-19 08:53:15
9843,Unisex,2026-01-19 08:53:15
9848,Masculine,2026-01-19 08:53:15
9851,Unisex,2026-01-19 08:53:15
9892,Unisex,2026-01-19 08:53:15
9899,Unisex,2026-01-19 08:53:15
9908,Unisex,2026-01-19 08:53:15
9945,Feminine,2026-01-19 08:53:15
9993,Unisex,2026-01-19 08:53:15
9998,Unisex,2026-01-19 08:53:15
10002,Unisex,2026-01-19 08:53:15
10005,Unisex,2026-01-19 08:53:15
10013,Unisex,2026-01-19 08:53:15
10017,Unisex,2026-01-19 08:53:15
10022,Unisex,2026-01-19 08:53:15
10026,Unisex,2026-01-19 08:53:15
10029,Feminine,2026-01-19 08:53:15
10033,Unisex,2026-01-19 08:53:15
10037,Unisex,2026-01-19 08:53:15
10042,Unisex,2026-01-19 08:53:15
10045,Unisex,2026-01-19 08:53:15
10049,Unisex,2026-01-19 08:53:15
10053,Feminine,2026-01-19 08:53:15
10057,Feminine,2026-01-19 08:53:15
10061,Masculine,2026-01-19 08:53:15
10065,Unisex,2026-01-19 08:53:15
10067,Feminine,2026-01-19 08:53:15
10069,Unisex,2026-01-19 08:53:15
10072,Masculine,2026-01-19 08:53:15
10073,Unisex,2026-01-19 08:53:15
10076,Feminine,2026-01-19 08:53:15
10077,Unisex,2026-01-19 08:53:15
10080,Feminine,2026-01-19 08:53:15
10081,Feminine,2026-01-19 08:53:15
10084,Feminine,2026-01-19 08:53:15
10085,Unisex,2026-01-19 08:53:15
10088,Unisex,2026-01-19 08:53:15
10089,Feminine,2026-01-19 08:53:15
10093,Feminine,2026-01-19 08:53:15
10096,Unisex,2026-01-19 08:53:15
10097,Feminine,2026-01-19 08:53:15
10100,Feminine,2026-01-19 08:53:15
10102,Feminine,2026-01-19 08:53:15
10106,Feminine,2026-01-19 08:53:15
10108,Unisex,2026-01-19 08:53:15
10110,Feminine,2026-01-19 08:53:15
10112,Feminine,2026-01-19 08:53:15
10114,Feminine,2026-01-19 08:53:15
10116,Unisex,2026-01-19 08:53:15
10120,Unisex,2026-01-19 08:53:15
10125,Feminine,2026-01-19 08:53:15
10129,Feminine,2026-01-19 08:53:15
10133,Unisex,2026-01-19 08:53:15
10137,Unisex,2026-01-19 08:53:15
10141,Unisex,2026-01-19 08:53:15
10145,Unisex,2026-01-19 08:53:15
10234,Unisex,2026-01-19 08:53:15
10238,Unisex,2026-01-19 08:53:15
10242,Unisex,2026-01-19 08:53:15
10246,Unisex,2026-01-19 08:53:15
10254,Unisex,2026-01-19 08:53:15
10258,Unisex,2026-01-19 08:53:15
10262,Unisex,2026-01-19 08:53:15
10266,Unisex,2026-01-19 08:53:15
10270,Feminine,2026-01-19 08:53:15
10274,Unisex,2026-01-19 08:53:15
10279,Unisex,2026-01-19 08:53:15
10284,Unisex,2026-01-19 08:53:15
10288,Feminine,2026-01-19 08:53:15
10292,Unisex,2026-01-19 08:53:15
10295,Feminine,2026-01-19 08:53:15
10296,Unisex,2026-01-19 08:53:15
10299,Feminine,2026-01-19 08:53:15
10300,Unisex,2026-01-19 08:53:15
10303,Unisex,2026-01-19 08:53:15
10304,Feminine,2026-01-19 08:53:15
10305,Masculine,2026-01-19 08:53:15
10307,Feminine,2026-01-19 08:53:15
10308,Feminine,2026-01-19 08:53:15
10309,Masculine,2026-01-19 08:53:15
10311,Unisex,2026-01-19 08:53:15
10312,Feminine,2026-01-19 08:53:15
10316,Feminine,2026-01-19 08:53:15
10317,Feminine,2026-01-19 08:53:15
10320,Feminine,2026-01-19 08:53:15
10321,Feminine,2026-01-19 08:53:15
10324,Feminine,2026-01-19 08:53:15
10325,Feminine,2026-01-19 08:53:15
10328,Feminine,2026-01-19 08:53:15
10329,Feminine,2026-01-19 08:53:15
10332,Feminine,2026-01-19 08:53:15
10333,Feminine,2026-01-19 08:53:15
10336,Masculine,2026-01-19 08:53:15
10337,Feminine,2026-01-19 08:53:15
10340,Feminine,2026-01-19 08:53:15
10341,Masculine,2026-01-19 08:53:15
10344,Feminine,2026-01-19 08:53:15
10345,Feminine,2026-01-19 08:53:15
10348,Feminine,2026-01-19 08:53:15
10352,Feminine,2026-01-19 08:53:15
10356,Feminine,2026-01-19 08:53:15
10360,Feminine,2026-01-19 08:53:15
10364,Feminine,2026-01-19 08:53:15
10368,Feminine,2026-01-19 08:53:15
10373,Feminine,2026-01-19 08:53:15
10376,Feminine,2026-01-19 08:53:15
10384,Feminine,2026-01-19 08:53:15
10388,Feminine,2026-01-19 08:53:15
10399,Unisex,2026-01-19 08:53:15
10400,Feminine,2026-01-19 08:53:15
10403,Feminine,2026-01-19 08:53:15
10404,Feminine,2026-01-19 08:53:15
10410,Feminine,2026-01-19 08:53:15
10414,Feminine,2026-01-19 08:53:15
10418,Unisex,2026-01-19 08:53:15
10422,Feminine,2026-01-19 08:53:15
10431,Feminine,2026-01-19 08:53:15
10434,Feminine,2026-01-19 08:53:15
10438,Feminine,2026-01-19 08:53:15
10442,Feminine,2026-01-19 08:53:15
10446,Feminine,2026-01-19 08:53:15
10450,Feminine,2026-01-19 08:53:15
10458,Feminine,2026-01-19 08:53:15
10462,Unisex,2026-01-19 08:53:15
10464,Unisex,2026-01-19 08:53:15
10466,Feminine,2026-01-19 08:53:15
10469,Unisex,2026-01-19 08:53:15
10470,Feminine,2026-01-19 08:53:15
10473,Feminine,2026-01-19 08:53:15
10474,Unisex,2026-01-19 08:53:15
10476,Masculine,2026-01-19 08:53:15
10477,Unisex,2026-01-19 08:53:15
10478,Feminine,2026-01-19 08:53:15
10480,Masculine,2026-01-19 08:53:15
10481,Feminine,2026-01-19 08:53:15
10482,Unisex,2026-01-19 08:53:15
10484,Masculine,2026-01-19 08:53:15
10485,Feminine,2026-01-19 08:53:15
10486,Unisex,2026-01-19 08:53:15
10488,Feminine,2026-01-19 08:53:15
10489,Feminine,2026-01-19 08:53:15
10490,Feminine,2026-01-19 08:53:15
10492,Feminine,2026-01-19 08:53:15
10493,Masculine,2026-01-19 08:53:15
10494,Unisex,2026-01-19 08:53:15
10496,Masculine,2026-01-19 08:53:15
10497,Unisex,2026-01-19 08:53:15
10498,Masculine,2026-01-19 08:53:15
10500,Unisex,2026-01-19 08:53:15
10501,Feminine,2026-01-19 08:53:15
10502,Unisex,2026-01-19 08:53:15
10504,Feminine,2026-01-19 08:53:15
10505,Unisex,2026-01-19 08:53:15
10506,Feminine,2026-01-19 08:53:15
10508,Feminine,2026-01-19 08:53:15
10509,Feminine,2026-01-19 08:53:15
10510,Masculine,2026-01-19 08:53:15
10512,Feminine,2026-01-19 08:53:15
10514,Masculine,2026-01-19 08:53:15
10515,Feminine,2026-01-19 08:53:15
10517,Feminine,2026-01-19 08:53:15
10519,Masculine,2026-01-19 08:53:15
10520,Feminine,2026-01-19 08:53:15
10521,Feminine,2026-01-19 08:53:15
10522,Feminine,2026-01-19 08:53:15
10525,Feminine,2026-01-19 08:53:15
10526,Feminine,2026-01-19 08:53:15
10528,Unisex,2026-01-19 08:53:15
10529,Feminine,2026-01-19 08:53:15
10530,Unisex,2026-01-19 08:53:15
10532,Unisex,2026-01-19 08:53:15
10533,Masculine,2026-01-19 08:53:15
10535,Feminine,2026-01-19 08:53:15
10536,Masculine,2026-01-19 08:53:15
10537,Unisex,2026-01-19 08:53:15
10539,Feminine,2026-01-19 08:53:15
10540,Feminine,2026-01-19 08:53:15
10542,Feminine,2026-01-19 08:53:15
10543,Feminine,2026-01-19 08:53:15
10544,Masculine,2026-01-19 08:53:15
10547,Feminine,2026-01-19 08:53:15
10549,Feminine,2026-01-19 08:53:15
10551,Feminine,2026-01-19 08:53:15
10554,Feminine,2026-01-19 08:53:15
10555,Feminine,2026-01-19 08:53:15
10558,Feminine,2026-01-19 08:53:15
10559,Feminine,2026-01-19 08:53:15
10562,Masculine,2026-01-19 08:53:15
10563,Feminine,2026-01-19 08:53:15
10566,Feminine,2026-01-19 08:53:15
10567,Feminine,2026-01-19 08:53:15
10570,Masculine,2026-01-19 08:53:15
10574,Masculine,2026-01-19 08:53:15
10575,Feminine,2026-01-19 08:53:15
10578,Unisex,2026-01-19 08:53:15
10579,Feminine,2026-01-19 08:53:15
10582,Feminine,2026-01-19 08:53:15
10583,Feminine,2026-01-19 08:53:15
10586,Masculine,2026-01-19 08:53:15
10587,Feminine,2026-01-19 08:53:15
10591,Feminine,2026-01-19 08:53:15
10593,Feminine,2026-01-19 08:53:15
10594,Feminine,2026-01-19 08:53:15
10598,Feminine,2026-01-19 08:53:15
10601,Feminine,2026-01-19 08:53:15
10602,Unisex,2026-01-19 08:53:15
10605,Feminine,2026-01-19 08:53:15
10607,Masculine,2026-01-19 08:53:15
10611,Feminine,2026-01-19 08:53:15
10613,Feminine,2026-01-19 08:53:15
10615,Feminine,2026-01-19 08:53:15
10618,Masculine,2026-01-19 08:53:15
10619,Unisex,2026-01-19 08:53:15
10622,Feminine,2026-01-19 08:53:15
10623,Feminine,2026-01-19 08:53:15
10625,Unisex,2026-01-19 08:53:15
10626,Feminine,2026-01-19 08:53:15
10627,Masculine,2026-01-19 08:53:15
10629,Feminine,2026-01-19 08:53:15
10630,Unisex,2026-01-19 08:53:15
10631,Feminine,2026-01-19 08:53:15
10633,Masculine,2026-01-19 08:53:15
10634,Feminine,2026-01-19 08:53:15
10635,Feminine,2026-01-19 08:53:15
10637,Feminine,2026-01-19 08:53:15
10638,Unisex,2026-01-19 08:53:15
10639,Masculine,2026-01-19 08:53:15
10642,Feminine,2026-01-19 08:53:15
10643,Feminine,2026-01-19 08:53:15
10645,Feminine,2026-01-19 08:53:15
10646,Feminine,2026-01-19 08:53:15
10647,Masculine,2026-01-19 08:53:15
10649,Feminine,2026-01-19 08:53:15
10650,Unisex,2026-01-19 08:53:15
10651,Masculine,2026-01-19 08:53:15
10653,Feminine,2026-01-19 08:53:15
10654,Feminine,2026-01-19 08:53:15
10655,Masculine,2026-01-19 08:53:15
10657,Feminine,2026-01-19 08:53:15
10658,Unisex,2026-01-19 08:53:15
10659,Feminine,2026-01-19 08:53:15
10663,Feminine,2026-01-19 08:53:15
10665,Feminine,2026-01-19 08:53:15
10666,Feminine,2026-01-19 08:53:15
10669,Feminine,2026-01-19 08:53:15
10670,Feminine,2026-01-19 08:53:15
10671,Masculine,2026-01-19 08:53:15
10673,Masculine,2026-01-19 08:53:15
10674,Feminine,2026-01-19 08:53:15
10675,Feminine,2026-01-19 08:53:15
10677,Masculine,2026-01-19 08:53:15
10678,Unisex,2026-01-19 08:53:15
10682,Masculine,2026-01-19 08:53:15
10684,Feminine,2026-01-19 08:53:15
10686,Feminine,2026-01-19 08:53:15
10688,Masculine,2026-01-19 08:53:15
10690,Unisex,2026-01-19 08:53:15
10692,Feminine,2026-01-19 08:53:15
10695,Feminine,2026-01-19 08:53:15
10696,Feminine,2026-01-19 08:53:15
10699,Feminine,2026-01-19 08:53:15
10700,Feminine,2026-01-19 08:53:15
10703,Feminine,2026-01-19 08:53:15
10704,Feminine,2026-01-19 08:53:15
10708,Feminine,2026-01-19 08:53:15
10712,Unisex,2026-01-19 08:53:15
10713,Feminine,2026-01-19 08:53:15
10716,Feminine,2026-01-19 08:53:15
10720,Feminine,2026-01-19 08:53:15
10721,Feminine,2026-01-19 08:53:15
10724,Feminine,2026-01-19 08:53:15
10728,Masculine,2026-01-19 08:53:15
10732,Feminine,2026-01-19 08:53:15
10736,Unisex,2026-01-19 08:53:15
10740,Masculine,2026-01-19 08:53:15
10744,Masculine,2026-01-19 08:53:15
10748,Feminine,2026-01-19 08:53:15
10752,Feminine,2026-01-19 08:53:15
10756,Feminine,2026-01-19 08:53:15
10760,Feminine,2026-01-19 08:53:15
10765,Masculine,2026-01-19 08:53:15
10768,Feminine,2026-01-19 08:53:15
10772,Unisex,2026-01-19 08:53:15
10776,Unisex,2026-01-19 08:53:15
10786,Feminine,2026-01-19 08:53:15
10788,Feminine,2026-01-19 08:53:15
10790,Feminine,2026-01-19 08:53:15
10792,Feminine,2026-01-19 08:53:15
10794,Masculine,2026-01-19 08:53:15
10796,Feminine,2026-01-19 08:53:15
10797,Feminine,2026-01-19 08:53:15
10800,Feminine,2026-01-19 08:53:15
10801,Masculine,2026-01-19 08:53:15
10806,Feminine,2026-01-19 08:53:15
10807,Feminine,2026-01-19 08:53:15
10810,Unisex,2026-01-19 08:53:15
10814,Masculine,2026-01-19 08:53:15
10815,Feminine,2026-01-19 08:53:15
10816,Unisex,2026-01-19 08:53:15
10819,Feminine,2026-01-19 08:53:15
10822,Unisex,2026-01-19 08:53:15
10823,Unisex,2026-01-19 08:53:15
10826,Feminine,2026-01-19 08:53:15
10827,Unisex,2026-01-19 08:53:15
10828,Feminine,2026-01-19 08:53:15
10831,Feminine,2026-01-19 08:53:15
10832,Feminine,2026-01-19 08:53:15
10835,Feminine,2026-01-19 08:53:15
10841,Feminine,2026-01-19 08:53:15
10843,Feminine,2026-01-19 08:53:15
10845,Unisex,2026-01-19 08:53:15
10846,Masculine,2026-01-19 08:53:15
10847,Feminine,2026-01-19 08:53:15
10849,Feminine,2026-01-19 08:53:15
10851,Feminine,2026-01-19 08:53:15
10853,Feminine,2026-01-19 08:53:15
10861,Feminine,2026-01-19 08:53:15
10863,Masculine,2026-01-19 08:53:15
10865,Feminine,2026-01-19 08:53:15
10869,Feminine,2026-01-19 08:53:15
10882,Feminine,2026-01-19 08:53:15
10886,Feminine,2026-01-19 08:53:15
10890,Feminine,2026-01-19 08:53:15
10893,Unisex,2026-01-19 08:53:15
10895,Feminine,2026-01-19 08:53:15
10899,Feminine,2026-01-19 08:53:15
10902,Feminine,2026-01-19 08:53:15
10903,Feminine,2026-01-19 08:53:15
10911,Unisex,2026-01-19 08:53:15
10914,Feminine,2026-01-19 08:53:15
10917,Feminine,2026-01-19 08:53:15
10921,Feminine,2026-01-19 08:53:15
10927,Feminine,2026-01-19 08:53:15
10930,Feminine,2026-01-19 08:53:15
10935,Feminine,2026-01-19 08:53:15
10938,Feminine,2026-01-19 08:53:15
10942,Feminine,2026-01-19 08:53:15
10946,Feminine,2026-01-19 08:53:15
10951,Feminine,2026-01-19 08:53:15
10954,Feminine,2026-01-19 08:53:15
10958,Feminine,2026-01-19 08:53:15
10987,Feminine,2026-01-19 08:53:15
11125,Feminine,2026-01-19 08:53:15
11129,Feminine,2026-01-19 08:53:15
11133,Feminine,2026-01-19 08:53:15
11137,Feminine,2026-01-19 08:53:15
11145,Feminine,2026-01-19 08:53:15
11149,Feminine,2026-01-19 08:53:15
11153,Feminine,2026-01-19 08:53:15
11157,Feminine,2026-01-19 08:53:15
11165,Feminine,2026-01-19 08:53:15
11169,Feminine,2026-01-19 08:53:15
11173,Feminine,2026-01-19 08:53:15
11177,Feminine,2026-01-19 08:53:15
11181,Feminine,2026-01-19 08:53:15
11185,Feminine,2026-01-19 08:53:15
11194,Feminine,2026-01-19 08:53:15
11198,Feminine,2026-01-19 08:53:15
11202,Feminine,2026-01-19 08:53:15
11287,Feminine,2026-01-19 08:53:15
11288,Masculine,2026-01-19 08:53:15
11291,Feminine,2026-01-19 08:53:15
11292,Masculine,2026-01-19 08:53:15
11294,Feminine,2026-01-19 08:53:15
11296,Masculine,2026-01-19 08:53:15
11299,Feminine,2026-01-19 08:53:15
11300,Masculine,2026-01-19 08:53:15
11303,Feminine,2026-01-19 08:53:15
11304,Masculine,2026-01-19 08:53:15
11307,Feminine,2026-01-19 08:53:15
11308,Masculine,2026-01-19 08:53:15
11310,Masculine,2026-01-19 08:53:15
11311,Feminine,2026-01-19 08:53:15
11312,Feminine,2026-01-19 08:53:15
11314,Feminine,2026-01-19 08:53:15
11315,Unisex,2026-01-19 08:53:15
11316,Unisex,2026-01-19 08:53:15
11320,Masculine,2026-01-19 08:53:15
11322,Masculine,2026-01-19 08:53:15
11323,Feminine,2026-01-19 08:53:15
11324,Feminine,2026-01-19 08:53:15
11326,Masculine,2026-01-19 08:53:15
11327,Feminine,2026-01-19 08:53:15
11328,Feminine,2026-01-19 08:53:15
11330,Feminine,2026-01-19 08:53:15
11331,Unisex,2026-01-19 08:53:15
11332,Feminine,2026-01-19 08:53:15
11336,Masculine,2026-01-19 08:53:15
11339,Feminine,2026-01-19 08:53:15
11340,Masculine,2026-01-19 08:53:15
11343,Masculine,2026-01-19 08:53:15
11344,Unisex,2026-01-19 08:53:15
11346,Feminine,2026-01-19 08:53:15
11347,Feminine,2026-01-19 08:53:15
11348,Masculine,2026-01-19 08:53:15
11351,Feminine,2026-01-19 08:53:15
11352,Feminine,2026-01-19 08:53:15
11355,Masculine,2026-01-19 08:53:15
11356,Unisex,2026-01-19 08:53:15
11359,Feminine,2026-01-19 08:53:15
11360,Unisex,2026-01-19 08:53:15
11363,Feminine,2026-01-19 08:53:15
11364,Masculine,2026-01-19 08:53:15
11367,Feminine,2026-01-19 08:53:15
11368,Feminine,2026-01-19 08:53:15
11371,Masculine,2026-01-19 08:53:15
11372,Masculine,2026-01-19 08:53:15
11375,Masculine,2026-01-19 08:53:15
11376,Feminine,2026-01-19 08:53:15
11379,Feminine,2026-01-19 08:53:15
11383,Feminine,2026-01-19 08:53:15
11384,Feminine,2026-01-19 08:53:15
11387,Masculine,2026-01-19 08:53:15
11388,Masculine,2026-01-19 08:53:15
11392,Feminine,2026-01-19 08:53:15
11395,Masculine,2026-01-19 08:53:15
11399,Feminine,2026-01-19 08:53:15
11400,Feminine,2026-01-19 08:53:15
11404,Masculine,2026-01-19 08:53:15
11407,Masculine,2026-01-19 08:53:15
11408,Masculine,2026-01-19 08:53:15
11415,Feminine,2026-01-19 08:53:15
11417,Masculine,2026-01-19 08:53:15
11419,Masculine,2026-01-19 08:53:15
11421,Feminine,2026-01-19 08:53:15
11423,Masculine,2026-01-19 08:53:15
11425,Feminine,2026-01-19 08:53:15
11428,Masculine,2026-01-19 08:53:15
11429,Feminine,2026-01-19 08:53:15
11432,Masculine,2026-01-19 08:53:15
11433,Unisex,2026-01-19 08:53:15
11436,Feminine,2026-01-19 08:53:15
11437,Feminine,2026-01-19 08:53:15
11440,Masculine,2026-01-19 08:53:15
11441,Feminine,2026-01-19 08:53:15
11445,Feminine,2026-01-19 08:53:15
11448,Feminine,2026-01-19 08:53:15
11449,Feminine,2026-01-19 08:53:15
11451,Masculine,2026-01-19 08:53:15
11453,Masculine,2026-01-19 08:53:15
11454,Feminine,2026-01-19 08:53:15
11455,Masculine,2026-01-19 08:53:15
11457,Feminine,2026-01-19 08:53:15
11458,Unisex,2026-01-19 08:53:15
11461,Masculine,2026-01-19 08:53:15
11464,Feminine,2026-01-19 08:53:15
11465,Masculine,2026-01-19 08:53:15
11467,Feminine,2026-01-19 08:53:15
11468,Feminine,2026-01-19 08:53:15
11469,Feminine,2026-01-19 08:53:15
11471,Feminine,2026-01-19 08:53:15
11472,Unisex,2026-01-19 08:53:15
11473,Feminine,2026-01-19 08:53:15
11475,Masculine,2026-01-19 08:53:15
11476,Unisex,2026-01-19 08:53:15
11479,Masculine,2026-01-19 08:53:15
11480,Feminine,2026-01-19 08:53:15
11481,Feminine,2026-01-19 08:53:15
11483,Feminine,2026-01-19 08:53:15
11484,Feminine,2026-01-19 08:53:15
11485,Feminine,2026-01-19 08:53:15
11488,Feminine,2026-01-19 08:53:15
11489,Masculine,2026-01-19 08:53:15
11491,Masculine,2026-01-19 08:53:15
11492,Unisex,2026-01-19 08:53:15
11493,Feminine,2026-01-19 08:53:15
11496,Unisex,2026-01-19 08:53:15
11497,Masculine,2026-01-19 08:53:15
11500,Unisex,2026-01-19 08:53:15
11501,Unisex,2026-01-19 08:53:15
11503,Masculine,2026-01-19 08:53:15
11504,Feminine,2026-01-19 08:53:15
11508,Unisex,2026-01-19 08:53:15
11510,Feminine,2026-01-19 08:53:15
11512,Unisex,2026-01-19 08:53:15
11513,Masculine,2026-01-19 08:53:15
11516,Unisex,2026-01-19 08:53:15
11517,Feminine,2026-01-19 08:53:15
11520,Feminine,2026-01-19 08:53:15
11521,Feminine,2026-01-19 08:53:15
11524,Unisex,2026-01-19 08:53:15
11525,Feminine,2026-01-19 08:53:15
11528,Feminine,2026-01-19 08:53:15
11531,Feminine,2026-01-19 08:53:15
11532,Unisex,2026-01-19 08:53:15
11535,Unisex,2026-01-19 08:53:15
11536,Unisex,2026-01-19 08:53:15
11540,Unisex,2026-01-19 08:53:15
11544,Masculine,2026-01-19 08:53:15
11548,Unisex,2026-01-19 08:53:15
11552,Feminine,2026-01-19 08:53:15
11556,Feminine,2026-01-19 08:53:15
11559,Feminine,2026-01-19 08:53:15
11560,Masculine,2026-01-19 08:53:15
11563,Feminine,2026-01-19 08:53:15
11564,Unisex,2026-01-19 08:53:15
11568,Unisex,2026-01-19 08:53:15
11571,Masculine,2026-01-19 08:53:15
11572,Unisex,2026-01-19 08:53:15
11576,Feminine,2026-01-19 08:53:15
11584,Unisex,2026-01-19 08:53:15
11588,Feminine,2026-01-19 08:53:15
11589,Masculine,2026-01-19 08:53:15
11592,Unisex,2026-01-19 08:53:15
11593,Masculine,2026-01-19 08:53:15
11596,Unisex,2026-01-19 08:53:15
11597,Unisex,2026-01-19 08:53:15
11599,Unisex,2026-01-19 08:53:15
11601,Unisex,2026-01-19 08:53:15
11603,Unisex,2026-01-19 08:53:15
11605,Feminine,2026-01-19 08:53:15
11607,Feminine,2026-01-19 08:53:15
11609,Unisex,2026-01-19 08:53:15
11611,Unisex,2026-01-19 08:53:15
11613,Masculine,2026-01-19 08:53:15
11615,Feminine,2026-01-19 08:53:15
11618,Feminine,2026-01-19 08:53:15
11622,Feminine,2026-01-19 08:53:15
11623,Unisex,2026-01-19 08:53:15
11627,Unisex,2026-01-19 08:53:15
11630,Unisex,2026-01-19 08:53:15
11632,Unisex,2026-01-19 08:53:15
11634,Feminine,2026-01-19 08:53:15
11636,Unisex,2026-01-19 08:53:15
11638,Unisex,2026-01-19 08:53:15
11640,Unisex,2026-01-19 08:53:15
11643,Feminine,2026-01-19 08:53:15
11644,Unisex,2026-01-19 08:53:15
11647,Unisex,2026-01-19 08:53:15
11648,Masculine,2026-01-19 08:53:15
11650,Unisex,2026-01-19 08:53:15
11658,Feminine,2026-01-19 08:53:15
11659,Unisex,2026-01-19 08:53:15
11662,Feminine,2026-01-19 08:53:15
11663,Masculine,2026-01-19 08:53:15
11666,Unisex,2026-01-19 08:53:15
11670,Unisex,2026-01-19 08:53:15
11671,Feminine,2026-01-19 08:53:15
11674,Unisex,2026-01-19 08:53:15
11675,Masculine,2026-01-19 08:53:15
11678,Unisex,2026-01-19 08:53:15
11679,Masculine,2026-01-19 08:53:15
11686,Feminine,2026-01-19 08:53:15
11688,Unisex,2026-01-19 08:53:15
11690,Masculine,2026-01-19 08:53:15
11692,Feminine,2026-01-19 08:53:15
11694,Masculine,2026-01-19 08:53:15
11696,Unisex,2026-01-19 08:53:15
11698,Feminine,2026-01-19 08:53:15
11700,Unisex,2026-01-19 08:53:15
11702,Unisex,2026-01-19 08:53:15
11704,Feminine,2026-01-19 08:53:15
11706,Masculine,2026-01-19 08:53:15
11708,Unisex,2026-01-19 08:53:15
11710,Unisex,2026-01-19 08:53:15
11712,Unisex,2026-01-19 08:53:15
11714,Feminine,2026-01-19 08:53:15
11716,Unisex,2026-01-19 08:53:15
11718,Masculine,2026-01-19 08:53:15
11720,Unisex,2026-01-19 08:53:15
11723,Unisex,2026-01-19 08:53:15
11727,Feminine,2026-01-19 08:53:15
11728,Feminine,2026-01-19 08:53:15
11731,Feminine,2026-01-19 08:53:15
11732,Unisex,2026-01-19 08:53:15
11736,Unisex,2026-01-19 08:53:15
11739,Unisex,2026-01-19 08:53:15
11741,Feminine,2026-01-19 08:53:15
11743,Unisex,2026-01-19 08:53:15
11746,Unisex,2026-01-19 08:53:15
11747,Feminine,2026-01-19 08:53:15
11750,Unisex,2026-01-19 08:53:15
11751,Masculine,2026-01-19 08:53:15
11754,Unisex,2026-01-19 08:53:15
11755,Unisex,2026-01-19 08:53:15
11758,Unisex,2026-01-19 08:53:15
11759,Unisex,2026-01-19 08:53:15
11762,Unisex,2026-01-19 08:53:15
11765,Feminine,2026-01-19 08:53:15
11769,Unisex,2026-01-19 08:53:15
11773,Unisex,2026-01-19 08:53:15
11777,Unisex,2026-01-19 08:53:15
11781,Unisex,2026-01-19 08:53:15
11785,Feminine,2026-01-19 08:53:15
11793,Feminine,2026-01-19 08:53:15
11800,Unisex,2026-01-19 08:53:15
11812,Feminine,2026-01-19 08:53:15
11853,Unisex,2026-01-19 08:53:15
11857,Feminine,2026-01-19 08:53:15
11861,Feminine,2026-01-19 08:53:15
11869,Feminine,2026-01-19 08:53:15
11877,Unisex,2026-01-19 08:53:15
11883,Masculine,2026-01-19 08:53:15
11887,Masculine,2026-01-19 08:53:15
11889,Unisex,2026-01-19 08:53:15
11891,Masculine,2026-01-19 08:53:15
11895,Unisex,2026-01-19 08:53:15
11902,Masculine,2026-01-19 08:53:15
11906,Masculine,2026-01-19 08:53:15
11910,Unisex,2026-01-19 08:53:15
11914,Masculine,2026-01-19 08:53:15
11918,Unisex,2026-01-19 08:53:15
11922,Masculine,2026-01-19 08:53:15
11926,Unisex,2026-01-19 08:53:15
11931,Unisex,2026-01-19 08:53:15
11937,Unisex,2026-01-19 08:53:15
11941,Masculine,2026-01-19 08:53:15
11945,Unisex,2026-01-19 08:53:15
11949,Unisex,2026-01-19 08:53:15
11953,Masculine,2026-01-19 08:53:15
11956,Masculine,2026-01-19 08:53:15
11957,Masculine,2026-01-19 08:53:15
11960,Masculine,2026-01-19 08:53:15
11965,Masculine,2026-01-19 08:53:15
11968,Masculine,2026-01-19 08:53:15
11969,Masculine,2026-01-19 08:53:15
11973,Masculine,2026-01-19 08:53:15
11974,Feminine,2026-01-19 08:53:15
11977,Feminine,2026-01-19 08:53:15
11978,Feminine,2026-01-19 08:53:15
11981,Unisex,2026-01-19 08:53:15
11982,Masculine,2026-01-19 08:53:15
11984,Feminine,2026-01-19 08:53:15
11986,Feminine,2026-01-19 08:53:15
11989,Masculine,2026-01-19 08:53:15
11991,Unisex,2026-01-19 08:53:15
11995,Masculine,2026-01-19 08:53:15
11997,Unisex,2026-01-19 08:53:15
11999,Feminine,2026-01-19 08:53:15
12000,Unisex,2026-01-19 08:53:15
12003,Masculine,2026-01-19 08:53:15
12006,Feminine,2026-01-19 08:53:15
12007,Unisex,2026-01-19 08:53:15
12010,Unisex,2026-01-19 08:53:15
12011,Feminine,2026-01-19 08:53:15
12014,Unisex,2026-01-19 08:53:15
12015,Feminine,2026-01-19 08:53:15
12018,Unisex,2026-01-19 08:53:15
12019,Unisex,2026-01-19 08:53:15
12022,Feminine,2026-01-19 08:53:15
12023,Unisex,2026-01-19 08:53:15
12027,Masculine,2026-01-19 08:53:15
12030,Unisex,2026-01-19 08:53:15
12033,Unisex,2026-01-19 08:53:15
12036,Feminine,2026-01-19 08:53:15
12038,Feminine,2026-01-19 08:53:15
12041,Unisex,2026-01-19 08:53:15
12042,Masculine,2026-01-19 08:53:15
12045,Masculine,2026-01-19 08:53:15
12046,Unisex,2026-01-19 08:53:15
12049,Masculine,2026-01-19 08:53:15
12050,Masculine,2026-01-19 08:53:15
12053,Masculine,2026-01-19 08:53:15
12054,Masculine,2026-01-19 08:53:15
12057,Masculine,2026-01-19 08:53:15
12060,Feminine,2026-01-19 08:53:15
12061,Feminine,2026-01-19 08:53:15
12064,Feminine,2026-01-19 08:53:15
12065,Feminine,2026-01-19 08:53:15
12068,Masculine,2026-01-19 08:53:15
12069,Masculine,2026-01-19 08:53:15
12071,Masculine,2026-01-19 08:53:15
12072,Unisex,2026-01-19 08:53:15
12073,Feminine,2026-01-19 08:53:15
12075,Masculine,2026-01-19 08:53:15
12076,Masculine,2026-01-19 08:53:15
12077,Feminine,2026-01-19 08:53:15
12079,Masculine,2026-01-19 08:53:15
12080,Masculine,2026-01-19 08:53:15
12083,Feminine,2026-01-19 08:53:15
12084,Feminine,2026-01-19 08:53:15
12087,Masculine,2026-01-19 08:53:15
12088,Masculine,2026-01-19 08:53:15
12089,Feminine,2026-01-19 08:53:15
12091,Unisex,2026-01-19 08:53:15
12092,Feminine,2026-01-19 08:53:15
12093,Feminine,2026-01-19 08:53:15
12095,Masculine,2026-01-19 08:53:15
12097,Feminine,2026-01-19 08:53:15
12098,Feminine,2026-01-19 08:53:15
12099,Unisex,2026-01-19 08:53:15
12101,Feminine,2026-01-19 08:53:15
12102,Feminine,2026-01-19 08:53:15
12103,Masculine,2026-01-19 08:53:15
12105,Masculine,2026-01-19 08:53:15
12106,Masculine,2026-01-19 08:53:15
12107,Unisex,2026-01-19 08:53:15
12109,Masculine,2026-01-19 08:53:15
12110,Masculine,2026-01-19 08:53:15
12111,Unisex,2026-01-19 08:53:15
12113,Masculine,2026-01-19 08:53:15
12115,Feminine,2026-01-19 08:53:15
12117,Unisex,2026-01-19 08:53:15
12118,Masculine,2026-01-19 08:53:15
12119,Masculine,2026-01-19 08:53:15
12121,Unisex,2026-01-19 08:53:15
12123,Feminine,2026-01-19 08:53:15
12124,Feminine,2026-01-19 08:53:15
12125,Masculine,2026-01-19 08:53:15
12127,Masculine,2026-01-19 08:53:15
12128,Masculine,2026-01-19 08:53:15
12129,Unisex,2026-01-19 08:53:15
12131,Feminine,2026-01-19 08:53:15
12132,Feminine,2026-01-19 08:53:15
12133,Feminine,2026-01-19 08:53:15
12135,Masculine,2026-01-19 08:53:15
12136,Feminine,2026-01-19 08:53:15
12137,Unisex,2026-01-19 08:53:15
12139,Masculine,2026-01-19 08:53:15
12141,Unisex,2026-01-19 08:53:15
12144,Feminine,2026-01-19 08:53:15
12145,Unisex,2026-01-19 08:53:15
12147,Unisex,2026-01-19 08:53:15
12148,Masculine,2026-01-19 08:53:15
12149,Masculine,2026-01-19 08:53:15
12151,Masculine,2026-01-19 08:53:15
12152,Unisex,2026-01-19 08:53:15
12153,Unisex,2026-01-19 08:53:15
12155,Masculine,2026-01-19 08:53:15
12156,Unisex,2026-01-19 08:53:15
12157,Masculine,2026-01-19 08:53:15
12159,Unisex,2026-01-19 08:53:15
12160,Unisex,2026-01-19 08:53:15
12161,Feminine,2026-01-19 08:53:15
12163,Unisex,2026-01-19 08:53:15
12165,Feminine,2026-01-19 08:53:15
12167,Unisex,2026-01-19 08:53:15
12168,Unisex,2026-01-19 08:53:15
12169,Unisex,2026-01-19 08:53:15
12171,Masculine,2026-01-19 08:53:15
12172,Masculine,2026-01-19 08:53:15
12175,Unisex,2026-01-19 08:53:15
12176,Masculine,2026-01-19 08:53:15
12177,Unisex,2026-01-19 08:53:15
12179,Masculine,2026-01-19 08:53:15
12180,Unisex,2026-01-19 08:53:15
12182,Unisex,2026-01-19 08:53:15
12183,Unisex,2026-01-19 08:53:15
12184,Unisex,2026-01-19 08:53:15
12186,Unisex,2026-01-19 08:53:15
12188,Masculine,2026-01-19 08:53:15
12190,Unisex,2026-01-19 08:53:15
12191,Unisex,2026-01-19 08:53:15
12192,Unisex,2026-01-19 08:53:15
12194,Unisex,2026-01-19 08:53:15
12195,Feminine,2026-01-19 08:53:15
12196,Unisex,2026-01-19 08:53:15
12198,Unisex,2026-01-19 08:53:15
12199,Feminine,2026-01-19 08:53:15
12200,Unisex,2026-01-19 08:53:15
12202,Unisex,2026-01-19 08:53:15
12203,Feminine,2026-01-19 08:53:15
12206,Masculine,2026-01-19 08:53:15
12207,Feminine,2026-01-19 08:53:15
12209,Feminine,2026-01-19 08:53:15
12211,Feminine,2026-01-19 08:53:15
12213,Unisex,2026-01-19 08:53:15
12215,Unisex,2026-01-19 08:53:15
12217,Unisex,2026-01-19 08:53:15
12218,Feminine,2026-01-19 08:53:15
12220,Unisex,2026-01-19 08:53:15
12221,Feminine,2026-01-19 08:53:15
12224,Unisex,2026-01-19 08:53:15
12225,Unisex,2026-01-19 08:53:15
12228,Feminine,2026-01-19 08:53:15
12229,Masculine,2026-01-19 08:53:15
12232,Feminine,2026-01-19 08:53:15
12233,Feminine,2026-01-19 08:53:15
12236,Feminine,2026-01-19 08:53:15
12237,Unisex,2026-01-19 08:53:15
12241,Unisex,2026-01-19 08:53:15
12243,Unisex,2026-01-19 08:53:15
12245,Masculine,2026-01-19 08:53:15
12247,Unisex,2026-01-19 08:53:15
12249,Unisex,2026-01-19 08:53:15
12251,Feminine,2026-01-19 08:53:15
12253,Masculine,2026-01-19 08:53:15
12257,Unisex,2026-01-19 08:53:15
12261,Masculine,2026-01-19 08:53:15
12264,Feminine,2026-01-19 08:53:15
12265,Unisex,2026-01-19 08:53:15
12268,Unisex,2026-01-19 08:53:15
12269,Unisex,2026-01-19 08:53:15
12274,Feminine,2026-01-19 08:53:15
12276,Masculine,2026-01-19 08:53:15
12278,Feminine,2026-01-19 08:53:15
12282,Feminine,2026-01-19 08:53:15
12286,Feminine,2026-01-19 08:53:15
12290,Feminine,2026-01-19 08:53:15
12296,Feminine,2026-01-19 08:53:15
12298,Unisex,2026-01-19 08:53:15
12302,Feminine,2026-01-19 08:53:15
12304,Feminine,2026-01-19 08:53:15
12306,Unisex,2026-01-19 08:53:15
12308,Unisex,2026-01-19 08:53:15
12309,Masculine,2026-01-19 08:53:15
12310,Masculine,2026-01-19 08:53:15
12315,Masculine,2026-01-19 08:53:15
12317,Unisex,2026-01-19 08:53:15
12319,Masculine,2026-01-19 08:53:15
12321,Unisex,2026-01-19 08:53:15
12323,Masculine,2026-01-19 08:53:15
12325,Unisex,2026-01-19 08:53:15
12327,Feminine,2026-01-19 08:53:15
12329,Unisex,2026-01-19 08:53:15
12331,Masculine,2026-01-19 08:53:15
12336,Masculine,2026-01-19 08:53:15
12338,Unisex,2026-01-19 08:53:15
12339,Feminine,2026-01-19 08:53:15
12344,Masculine,2026-01-19 08:53:15
12347,Feminine,2026-01-19 08:53:15
12348,Unisex,2026-01-19 08:53:15
12350,Masculine,2026-01-19 08:53:15
12352,Masculine,2026-01-19 08:53:15
12354,Unisex,2026-01-19 08:53:15
12356,Masculine,2026-01-19 08:53:15
12359,Unisex,2026-01-19 08:53:15
12360,Masculine,2026-01-19 08:53:15
12363,Masculine,2026-01-19 08:53:15
12364,Masculine,2026-01-19 08:53:15
12368,Feminine,2026-01-19 08:53:15
12372,Feminine,2026-01-19 08:53:15
12376,Unisex,2026-01-19 08:53:15
12380,Unisex,2026-01-19 08:53:15
12384,Feminine,2026-01-19 08:53:15
12388,Feminine,2026-01-19 08:53:15
12392,Masculine,2026-01-19 08:53:15
12396,Feminine,2026-01-19 08:53:15
12400,Masculine,2026-01-19 08:53:15
12404,Masculine,2026-01-19 08:53:15
12408,Feminine,2026-01-19 08:53:15
12412,Feminine,2026-01-19 08:53:15
12416,Masculine,2026-01-19 08:53:15
12420,Feminine,2026-01-19 08:53:15
12424,Masculine,2026-01-19 08:53:15
12429,Feminine,2026-01-19 08:53:15
12433,Feminine,2026-01-19 08:53:15
12436,Feminine,2026-01-19 08:53:15
12445,Masculine,2026-01-19 08:53:15
12450,Feminine,2026-01-19 08:53:15
12454,Feminine,2026-01-19 08:53:15
12458,Feminine,2026-01-19 08:53:15
12462,Unisex,2026-01-19 08:53:15
12466,Feminine,2026-01-19 08:53:15
12470,Feminine,2026-01-19 08:53:15
12474,Feminine,2026-01-19 08:53:15
12478,Feminine,2026-01-19 08:53:15
12482,Unisex,2026-01-19 08:53:15
12483,Unisex,2026-01-19 08:53:15
12486,Unisex,2026-01-19 08:53:15
12487,Feminine,2026-01-19 08:53:15
12490,Masculine,2026-01-19 08:53:15
12491,Feminine,2026-01-19 08:53:15
12494,Unisex,2026-01-19 08:53:15
12495,Feminine,2026-01-19 08:53:15
12498,Feminine,2026-01-19 08:53:15
12499,Unisex,2026-01-19 08:53:15
12502,Masculine,2026-01-19 08:53:15
12503,Feminine,2026-01-19 08:53:15
12506,Unisex,2026-01-19 08:53:15
12507,Unisex,2026-01-19 08:53:15
12510,Unisex,2026-01-19 08:53:15
12514,Masculine,2026-01-19 08:53:15
12515,Feminine,2026-01-19 08:53:15
12518,Unisex,2026-01-19 08:53:15
12519,Feminine,2026-01-19 08:53:15
12522,Masculine,2026-01-19 08:53:15
12523,Feminine,2026-01-19 08:53:15
12526,Unisex,2026-01-19 08:53:15
12527,Unisex,2026-01-19 08:53:15
12530,Unisex,2026-01-19 08:53:15
12531,Feminine,2026-01-19 08:53:15
12534,Feminine,2026-01-19 08:53:15
12535,Masculine,2026-01-19 08:53:15
12538,Masculine,2026-01-19 08:53:15
12539,Unisex,2026-01-19 08:53:15
12542,Masculine,2026-01-19 08:53:15
12544,Feminine,2026-01-19 08:53:15
12547,Unisex,2026-01-19 08:53:15
12548,Masculine,2026-01-19 08:53:15
12551,Feminine,2026-01-19 08:53:15
12552,Unisex,2026-01-19 08:53:15
12555,Unisex,2026-01-19 08:53:15
12557,Feminine,2026-01-19 08:53:15
12558,Unisex,2026-01-19 08:53:15
12561,Feminine,2026-01-19 08:53:15
12562,Feminine,2026-01-19 08:53:15
12565,Unisex,2026-01-19 08:53:15
12566,Unisex,2026-01-19 08:53:15
12569,Unisex,2026-01-19 08:53:15
12570,Unisex,2026-01-19 08:53:15
12573,Feminine,2026-01-19 08:53:15
12574,Unisex,2026-01-19 08:53:15
12577,Unisex,2026-01-19 08:53:15
12578,Unisex,2026-01-19 08:53:15
12581,Feminine,2026-01-19 08:53:15
12582,Feminine,2026-01-19 08:53:15
12585,Feminine,2026-01-19 08:53:15
12586,Feminine,2026-01-19 08:53:15
12589,Unisex,2026-01-19 08:53:15
12590,Feminine,2026-01-19 08:53:15
12593,Feminine,2026-01-19 08:53:15
12594,Feminine,2026-01-19 08:53:15
12597,Unisex,2026-01-19 08:53:15
12598,Feminine,2026-01-19 08:53:15
12601,Unisex,2026-01-19 08:53:15
12602,Unisex,2026-01-19 08:53:15
12605,Feminine,2026-01-19 08:53:15
12606,Unisex,2026-01-19 08:53:15
12609,Unisex,2026-01-19 08:53:15
12610,Feminine,2026-01-19 08:53:15
12613,Feminine,2026-01-19 08:53:15
12617,Unisex,2026-01-19 08:53:15
12618,Unisex,2026-01-19 08:53:15
12621,Unisex,2026-01-19 08:53:15
12622,Unisex,2026-01-19 08:53:15
12625,Unisex,2026-01-19 08:53:15
12629,Unisex,2026-01-19 08:53:15
12631,Unisex,2026-01-19 08:53:15
12634,Feminine,2026-01-19 08:53:15
12635,Unisex,2026-01-19 08:53:15
12638,Feminine,2026-01-19 08:53:15
12639,Unisex,2026-01-19 08:53:15
12642,Unisex,2026-01-19 08:53:15
12644,Unisex,2026-01-19 08:53:15
12646,Unisex,2026-01-19 08:53:15
12648,Masculine,2026-01-19 08:53:15
12650,Unisex,2026-01-19 08:53:15
12652,Masculine,2026-01-19 08:53:15
12655,Masculine,2026-01-19 08:53:15
12656,Unisex,2026-01-19 08:53:15
12660,Unisex,2026-01-19 08:53:15
12666,Masculine,2026-01-19 08:53:15
12674,Unisex,2026-01-19 08:53:15
12676,Feminine,2026-01-19 08:53:15
12679,Unisex,2026-01-19 08:53:15
12680,Masculine,2026-01-19 08:53:15
12683,Unisex,2026-01-19 08:53:15
12687,Unisex,2026-01-19 08:53:15
12688,Unisex,2026-01-19 08:53:15
12691,Unisex,2026-01-19 08:53:15
12692,Unisex,2026-01-19 08:53:15
12696,Unisex,2026-01-19 08:53:15
12698,Feminine,2026-01-19 08:53:15
12700,Unisex,2026-01-19 08:53:15
12704,Masculine,2026-01-19 08:53:15
12707,Unisex,2026-01-19 08:53:15
12711,Unisex,2026-01-19 08:53:15
12712,Unisex,2026-01-19 08:53:15
12719,Unisex,2026-01-19 08:53:15
12720,Masculine,2026-01-19 08:53:15
12722,Unisex,2026-01-19 08:53:15
12724,Feminine,2026-01-19 08:53:15
12728,Unisex,2026-01-19 08:53:15
12732,Unisex,2026-01-19 08:53:15
12734,Unisex,2026-01-19 08:53:15
12736,Masculine,2026-01-19 08:53:15
12740,Unisex,2026-01-19 08:53:15
12744,Unisex,2026-01-19 08:53:15
12749,Masculine,2026-01-19 08:53:15
12752,Masculine,2026-01-19 08:53:15
12753,Feminine,2026-01-19 08:53:15
12754,Masculine,2026-01-19 08:53:15
12756,Unisex,2026-01-19 08:53:15
12757,Masculine,2026-01-19 08:53:15
12760,Unisex,2026-01-19 08:53:15
12761,Unisex,2026-01-19 08:53:15
12764,Feminine,2026-01-19 08:53:15
12765,Masculine,2026-01-19 08:53:15
12766,Unisex,2026-01-19 08:53:15
12768,Feminine,2026-01-19 08:53:15
12769,Masculine,2026-01-19 08:53:15
12772,Unisex,2026-01-19 08:53:15
12773,Unisex,2026-01-19 08:53:15
12776,Feminine,2026-01-19 08:53:15
12777,Masculine,2026-01-19 08:53:15
12780,Feminine,2026-01-19 08:53:15
12781,Masculine,2026-01-19 08:53:15
12784,Masculine,2026-01-19 08:53:15
12785,Unisex,2026-01-19 08:53:15
12789,Masculine,2026-01-19 08:53:15
12792,Masculine,2026-01-19 08:53:15
12793,Unisex,2026-01-19 08:53:15
12796,Unisex,2026-01-19 08:53:15
12799,Masculine,2026-01-19 08:53:15
12800,Masculine,2026-01-19 08:53:15
12802,Masculine,2026-01-19 08:53:15
12803,Masculine,2026-01-19 08:53:15
12804,Masculine,2026-01-19 08:53:15
12806,Masculine,2026-01-19 08:53:15
12807,Masculine,2026-01-19 08:53:15
12808,Masculine,2026-01-19 08:53:15
12810,Masculine,2026-01-19 08:53:15
12811,Masculine,2026-01-19 08:53:15
12812,Unisex,2026-01-19 08:53:15
12814,Feminine,2026-01-19 08:53:15
12815,Masculine,2026-01-19 08:53:15
12816,Unisex,2026-01-19 08:53:15
12818,Masculine,2026-01-19 08:53:15
12819,Feminine,2026-01-19 08:53:15
12820,Masculine,2026-01-19 08:53:15
12822,Masculine,2026-01-19 08:53:15
12823,Unisex,2026-01-19 08:53:15
12824,Unisex,2026-01-19 08:53:15
12826,Masculine,2026-01-19 08:53:15
12827,Masculine,2026-01-19 08:53:15
12828,Masculine,2026-01-19 08:53:15
12830,Masculine,2026-01-19 08:53:15
12831,Masculine,2026-01-19 08:53:15
12832,Masculine,2026-01-19 08:53:15
12834,Unisex,2026-01-19 08:53:15
12835,Masculine,2026-01-19 08:53:15
12836,Unisex,2026-01-19 08:53:15
12838,Feminine,2026-01-19 08:53:15
12839,Masculine,2026-01-19 08:53:15
12842,Masculine,2026-01-19 08:53:15
12843,Feminine,2026-01-19 08:53:15
12844,Masculine,2026-01-19 08:53:15
12846,Feminine,2026-01-19 08:53:15
12847,Feminine,2026-01-19 08:53:15
12849,Unisex,2026-01-19 08:53:15
12850,Feminine,2026-01-19 08:53:15
12851,Masculine,2026-01-19 08:53:15
12853,Unisex,2026-01-19 08:53:15
12854,Feminine,2026-01-19 08:53:15
12855,Masculine,2026-01-19 08:53:15
12857,Unisex,2026-01-19 08:53:15
12858,Unisex,2026-01-19 08:53:15
12859,Masculine,2026-01-19 08:53:15
12861,Feminine,2026-01-19 08:53:15
12862,Unisex,2026-01-19 08:53:15
12864,Masculine,2026-01-19 08:53:15
12868,Feminine,2026-01-19 08:53:15
12869,Unisex,2026-01-19 08:53:15
12870,Masculine,2026-01-19 08:53:15
12872,Masculine,2026-01-19 08:53:15
12873,Unisex,2026-01-19 08:53:15
12874,Feminine,2026-01-19 08:53:15
12876,Feminine,2026-01-19 08:53:15
12879,Feminine,2026-01-19 08:53:15
12884,Masculine,2026-01-19 08:53:15
12885,Feminine,2026-01-19 08:53:15
12886,Feminine,2026-01-19 08:53:15
12888,Feminine,2026-01-19 08:53:15
12890,Feminine,2026-01-19 08:53:15
12892,Feminine,2026-01-19 08:53:15
12893,Masculine,2026-01-19 08:53:15
12894,Unisex,2026-01-19 08:53:15
12896,Feminine,2026-01-19 08:53:15
12897,Masculine,2026-01-19 08:53:15
12899,Feminine,2026-01-19 08:53:15
12900,Feminine,2026-01-19 08:53:15
12901,Masculine,2026-01-19 08:53:15
12903,Unisex,2026-01-19 08:53:15
12904,Masculine,2026-01-19 08:53:15
12905,Unisex,2026-01-19 08:53:15
12907,Unisex,2026-01-19 08:53:15
12908,Feminine,2026-01-19 08:53:15
12909,Unisex,2026-01-19 08:53:15
12911,Masculine,2026-01-19 08:53:15
12912,Masculine,2026-01-19 08:53:15
12913,Unisex,2026-01-19 08:53:15
12915,Feminine,2026-01-19 08:53:15
12920,Masculine,2026-01-19 08:53:15
12921,Feminine,2026-01-19 08:53:15
12923,Masculine,2026-01-19 08:53:15
12924,Feminine,2026-01-19 08:53:15
12925,Feminine,2026-01-19 08:53:15
12927,Unisex,2026-01-19 08:53:15
12928,Masculine,2026-01-19 08:53:15
12929,Feminine,2026-01-19 08:53:15
12931,Unisex,2026-01-19 08:53:15
12932,Masculine,2026-01-19 08:53:15
12933,Masculine,2026-01-19 08:53:15
12935,Unisex,2026-01-19 08:53:15
12936,Masculine,2026-01-19 08:53:15
12937,Unisex,2026-01-19 08:53:15
12939,Unisex,2026-01-19 08:53:15
12940,Masculine,2026-01-19 08:53:15
12941,Masculine,2026-01-19 08:53:15
12943,Unisex,2026-01-19 08:53:15
12944,Feminine,2026-01-19 08:53:15
12945,Feminine,2026-01-19 08:53:15
12947,Unisex,2026-01-19 08:53:15
12948,Masculine,2026-01-19 08:53:15
12949,Masculine,2026-01-19 08:53:15
12951,Feminine,2026-01-19 08:53:15
12952,Unisex,2026-01-19 08:53:15
12953,Masculine,2026-01-19 08:53:15
12955,Feminine,2026-01-19 08:53:15
12956,Feminine,2026-01-19 08:53:15
12957,Feminine,2026-01-19 08:53:15
12959,Unisex,2026-01-19 08:53:15
12960,Feminine,2026-01-19 08:53:15
12962,Unisex,2026-01-19 08:53:15
12963,Feminine,2026-01-19 08:53:15
12966,Feminine,2026-01-19 08:53:15
12967,Feminine,2026-01-19 08:53:15
12970,Feminine,2026-01-19 08:53:15
12971,Feminine,2026-01-19 08:53:15
12974,Feminine,2026-01-19 08:53:15
12975,Feminine,2026-01-19 08:53:15
12978,Unisex,2026-01-19 08:53:15
12980,Masculine,2026-01-19 08:53:15
12982,Unisex,2026-01-19 08:53:15
12984,Masculine,2026-01-19 08:53:15
12986,Masculine,2026-01-19 08:53:15
12988,Masculine,2026-01-19 08:53:15
12990,Unisex,2026-01-19 08:53:15
12992,Feminine,2026-01-19 08:53:15
12994,Unisex,2026-01-19 08:53:15
12996,Masculine,2026-01-19 08:53:15
12998,Unisex,2026-01-19 08:53:15
13001,Feminine,2026-01-19 08:53:15
13002,Masculine,2026-01-19 08:53:15
13006,Feminine,2026-01-19 08:53:15
13008,Masculine,2026-01-19 08:53:15
13010,Feminine,2026-01-19 08:53:15
13012,Unisex,2026-01-19 08:53:15
13014,Feminine,2026-01-19 08:53:15
13017,Masculine,2026-01-19 08:53:15
13018,Masculine,2026-01-19 08:53:15
13021,Feminine,2026-01-19 08:53:15
13022,Unisex,2026-01-19 08:53:15
13026,Unisex,2026-01-19 08:53:15
13028,Feminine,2026-01-19 08:53:15
13030,Masculine,2026-01-19 08:53:15
13032,Masculine,2026-01-19 08:53:15
13034,Feminine,2026-01-19 08:53:15
13036,Masculine,2026-01-19 08:53:15
13038,Masculine,2026-01-19 08:53:15
13040,Feminine,2026-01-19 08:53:15
13042,Feminine,2026-01-19 08:53:15
13044,Masculine,2026-01-19 08:53:15
13045,Masculine,2026-01-19 08:53:15
13046,Masculine,2026-01-19 08:53:15
13048,Feminine,2026-01-19 08:53:15
13050,Unisex,2026-01-19 08:53:15
13052,Unisex,2026-01-19 08:53:15
13053,Masculine,2026-01-19 08:53:15
13054,Masculine,2026-01-19 08:53:15
13056,Feminine,2026-01-19 08:53:15
13057,Feminine,2026-01-19 08:53:15
13058,Feminine,2026-01-19 08:53:15
13061,Feminine,2026-01-19 08:53:15
13062,Feminine,2026-01-19 08:53:15
13065,Masculine,2026-01-19 08:53:15
13066,Feminine,2026-01-19 08:53:15
13068,Unisex,2026-01-19 08:53:15
13069,Feminine,2026-01-19 08:53:15
13071,Unisex,2026-01-19 08:53:15
13073,Feminine,2026-01-19 08:53:15
13075,Feminine,2026-01-19 08:53:15
13076,Masculine,2026-01-19 08:53:15
13077,Feminine,2026-01-19 08:53:15
13080,Feminine,2026-01-19 08:53:15
13081,Unisex,2026-01-19 08:53:15
13083,Feminine,2026-01-19 08:53:15
13084,Unisex,2026-01-19 08:53:15
13086,Masculine,2026-01-19 08:53:15
13087,Unisex,2026-01-19 08:53:15
13088,Feminine,2026-01-19 08:53:15
13089,Unisex,2026-01-19 08:53:15
13091,Masculine,2026-01-19 08:53:15
13092,Unisex,2026-01-19 08:53:15
13093,Masculine,2026-01-19 08:53:15
13095,Unisex,2026-01-19 08:53:15
13097,Feminine,2026-01-19 08:53:15
13100,Masculine,2026-01-19 08:53:15
13104,Masculine,2026-01-19 08:53:15
13107,Unisex,2026-01-19 08:53:15
13108,Feminine,2026-01-19 08:53:15
13110,Feminine,2026-01-19 08:53:15
13115,Unisex,2026-01-19 08:53:15
13117,Masculine,2026-01-19 08:53:15
13118,Masculine,2026-01-19 08:53:15
13119,Unisex,2026-01-19 08:53:15
13121,Masculine,2026-01-19 08:53:15
13122,Feminine,2026-01-19 08:53:15
13123,Unisex,2026-01-19 08:53:15
13125,Feminine,2026-01-19 08:53:15
13126,Feminine,2026-01-19 08:53:15
13127,Masculine,2026-01-19 08:53:15
13130,Feminine,2026-01-19 08:53:15
13131,Feminine,2026-01-19 08:53:15
13134,Feminine,2026-01-19 08:53:15
13135,Feminine,2026-01-19 08:53:15
13138,Feminine,2026-01-19 08:53:15
13139,Feminine,2026-01-19 08:53:15
13142,Unisex,2026-01-19 08:53:15
13143,Feminine,2026-01-19 08:53:15
13146,Masculine,2026-01-19 08:53:15
13150,Feminine,2026-01-19 08:53:15
13151,Unisex,2026-01-19 08:53:15
13155,Unisex,2026-01-19 08:53:15
13158,Feminine,2026-01-19 08:53:15
13159,Feminine,2026-01-19 08:53:15
13162,Masculine,2026-01-19 08:53:15
13163,Unisex,2026-01-19 08:53:15
13166,Unisex,2026-01-19 08:53:15
13170,Masculine,2026-01-19 08:53:15
13178,Feminine,2026-01-19 08:53:15
13191,Masculine,2026-01-19 08:53:15
13195,Feminine,2026-01-19 08:53:15
13199,Masculine,2026-01-19 08:53:15
13203,Feminine,2026-01-19 08:53:15
13207,Feminine,2026-01-19 08:53:15
13210,Unisex,2026-01-19 08:53:15
13211,Feminine,2026-01-19 08:53:15
13214,Unisex,2026-01-19 08:53:15
13216,Feminine,2026-01-19 08:53:15
13220,Feminine,2026-01-19 08:53:15
13222,Feminine,2026-01-19 08:53:15
13224,Feminine,2026-01-19 08:53:15
13227,Feminine,2026-01-19 08:53:15
13228,Unisex,2026-01-19 08:53:15
13230,Masculine,2026-01-19 08:53:15
13232,Unisex,2026-01-19 08:53:15
13236,Unisex,2026-01-19 08:53:15
13238,Masculine,2026-01-19 08:53:15
13239,Feminine,2026-01-19 08:53:15
13242,Unisex,2026-01-19 08:53:15
13243,Masculine,2026-01-19 08:53:15
13246,Feminine,2026-01-19 08:53:15
13247,Masculine,2026-01-19 08:53:15
13250,Feminine,2026-01-19 08:53:15
13251,Unisex,2026-01-19 08:53:15
13256,Feminine,2026-01-19 08:53:15
13257,Unisex,2026-01-19 08:53:15
13258,Masculine,2026-01-19 08:53:15
13260,Masculine,2026-01-19 08:53:15
13261,Unisex,2026-01-19 08:53:15
13264,Unisex,2026-01-19 08:53:15
13265,Masculine,2026-01-19 08:53:15
13266,Unisex,2026-01-19 08:53:15
13268,Feminine,2026-01-19 08:53:15
13269,Feminine,2026-01-19 08:53:15
13270,Unisex,2026-01-19 08:53:15
13274,Unisex,2026-01-19 08:53:15
13278,Unisex,2026-01-19 08:53:15
13280,Feminine,2026-01-19 08:53:15
13283,Unisex,2026-01-19 08:53:15
13284,Masculine,2026-01-19 08:53:15
13285,Feminine,2026-01-19 08:53:15
13287,Unisex,2026-01-19 08:53:15
13288,Feminine,2026-01-19 08:53:15
13291,Masculine,2026-01-19 08:53:15
13293,Feminine,2026-01-19 08:53:15
13295,Feminine,2026-01-19 08:53:15
13298,Unisex,2026-01-19 08:53:15
13299,Unisex,2026-01-19 08:53:15
13302,Unisex,2026-01-19 08:53:15
13306,Unisex,2026-01-19 08:53:15
13310,Feminine,2026-01-19 08:53:15
13314,Masculine,2026-01-19 08:53:15
13318,Unisex,2026-01-19 08:53:15
13324,Unisex,2026-01-19 08:53:15
13332,Feminine,2026-01-19 08:53:15
13336,Feminine,2026-01-19 08:53:15
13340,Unisex,2026-01-19 08:53:15
13344,Masculine,2026-01-19 08:53:15
13348,Feminine,2026-01-19 08:53:15
13350,Feminine,2026-01-19 08:53:15
13352,Unisex,2026-01-19 08:53:15
13355,Feminine,2026-01-19 08:53:15
13357,Feminine,2026-01-19 08:53:15
13358,Masculine,2026-01-19 08:53:15
13361,Unisex,2026-01-19 08:53:15
13363,Masculine,2026-01-19 08:53:15
13365,Unisex,2026-01-19 08:53:15
13367,Masculine,2026-01-19 08:53:15
13369,Unisex,2026-01-19 08:53:15
13373,Feminine,2026-01-19 08:53:15
13374,Feminine,2026-01-19 08:53:15
13376,Unisex,2026-01-19 08:53:15
13378,Masculine,2026-01-19 08:53:15
13381,Feminine,2026-01-19 08:53:15
13383,Feminine,2026-01-19 08:53:15
13385,Unisex,2026-01-19 08:53:15
13388,Masculine,2026-01-19 08:53:15
13389,Feminine,2026-01-19 08:53:15
13397,Masculine,2026-01-19 08:53:15
13398,Feminine,2026-01-19 08:53:15
13401,Feminine,2026-01-19 08:53:15
13402,Unisex,2026-01-19 08:53:15
13405,Unisex,2026-01-19 08:53:15
13406,Unisex,2026-01-19 08:53:15
13409,Unisex,2026-01-19 08:53:15
13410,Masculine,2026-01-19 08:53:15
13413,Masculine,2026-01-19 08:53:15
13414,Feminine,2026-01-19 08:53:15
13418,Masculine,2026-01-19 08:53:15
13421,Masculine,2026-01-19 08:53:15
13422,Masculine,2026-01-19 08:53:15
13425,Unisex,2026-01-19 08:53:15
13426,Masculine,2026-01-19 08:53:15
13429,Masculine,2026-01-19 08:53:15
13430,Feminine,2026-01-19 08:53:15
13433,Feminine,2026-01-19 08:53:15
13434,Feminine,2026-01-19 08:53:15
13437,Unisex,2026-01-19 08:53:15
13438,Feminine,2026-01-19 08:53:15
13441,Feminine,2026-01-19 08:53:15
13443,Feminine,2026-01-19 08:53:15
13446,Feminine,2026-01-19 08:53:15
13447,Masculine,2026-01-19 08:53:15
13449,Feminine,2026-01-19 08:53:15
13451,Feminine,2026-01-19 08:53:15
13454,Feminine,2026-01-19 08:53:15
13458,Feminine,2026-01-19 08:53:15
13460,Feminine,2026-01-19 08:53:15
13462,Feminine,2026-01-19 08:53:15
13464,Feminine,2026-01-19 08:53:15
13466,Masculine,2026-01-19 08:53:15
13468,Unisex,2026-01-19 08:53:15
13470,Masculine,2026-01-19 08:53:15
13472,Feminine,2026-01-19 08:53:15
13474,Feminine,2026-01-19 08:53:15
13476,Feminine,2026-01-19 08:53:15
13478,Unisex,2026-01-19 08:53:15
13480,Feminine,2026-01-19 08:53:15
13483,Feminine,2026-01-19 08:53:15
13484,Masculine,2026-01-19 08:53:15
13487,Feminine,2026-01-19 08:53:15
13488,Masculine,2026-01-19 08:53:15
13491,Feminine,2026-01-19 08:53:15
13492,Feminine,2026-01-19 08:53:15
13495,Masculine,2026-01-19 08:53:15
13496,Feminine,2026-01-19 08:53:15
13499,Feminine,2026-01-19 08:53:15
13501,Feminine,2026-01-19 08:53:15
13503,Feminine,2026-01-19 08:53:15
13507,Unisex,2026-01-19 08:53:15
13510,Masculine,2026-01-19 08:53:15
13511,Feminine,2026-01-19 08:53:15
13514,Unisex,2026-01-19 08:53:15
13515,Feminine,2026-01-19 08:53:15
13518,Feminine,2026-01-19 08:53:15
13521,Feminine,2026-01-19 08:53:15
13522,Feminine,2026-01-19 08:53:15
13525,Feminine,2026-01-19 08:53:15
13526,Unisex,2026-01-19 08:53:15
13528,Feminine,2026-01-19 08:53:15
13530,Feminine,2026-01-19 08:53:15
13532,Masculine,2026-01-19 08:53:15
13534,Feminine,2026-01-19 08:53:15
13536,Masculine,2026-01-19 08:53:15
13538,Feminine,2026-01-19 08:53:15
13540,Unisex,2026-01-19 08:53:15
13542,Unisex,2026-01-19 08:53:15
13544,Feminine,2026-01-19 08:53:15
13545,Unisex,2026-01-19 08:53:15
13549,Unisex,2026-01-19 08:53:15
13552,Masculine,2026-01-19 08:53:15
13553,Unisex,2026-01-19 08:53:15
13556,Feminine,2026-01-19 08:53:15
13557,Unisex,2026-01-19 08:53:15
13558,Masculine,2026-01-19 08:53:15
13561,Unisex,2026-01-19 08:53:15
13563,Feminine,2026-01-19 08:53:15
13564,Masculine,2026-01-19 08:53:15
13565,Unisex,2026-01-19 08:53:15
13567,Feminine,2026-01-19 08:53:15
13568,Masculine,2026-01-19 08:53:15
13569,Unisex,2026-01-19 08:53:15
13571,Masculine,2026-01-19 08:53:15
13572,Feminine,2026-01-19 08:53:15
13573,Unisex,2026-01-19 08:53:15
13575,Unisex,2026-01-19 08:53:15
13577,Unisex,2026-01-19 08:53:15
13579,Feminine,2026-01-19 08:53:15
13580,Feminine,2026-01-19 08:53:15
13581,Feminine,2026-01-19 08:53:15
13583,Feminine,2026-01-19 08:53:15
13584,Masculine,2026-01-19 08:53:15
13585,Feminine,2026-01-19 08:53:15
13587,Masculine,2026-01-19 08:53:15
13588,Masculine,2026-01-19 08:53:15
13589,Feminine,2026-01-19 08:53:15
13591,Feminine,2026-01-19 08:53:15
13592,Unisex,2026-01-19 08:53:15
13595,Masculine,2026-01-19 08:53:15
13596,Feminine,2026-01-19 08:53:15
13601,Feminine,2026-01-19 08:53:15
13604,Masculine,2026-01-19 08:53:15
13607,Feminine,2026-01-19 08:53:15
13608,Masculine,2026-01-19 08:53:15
13609,Feminine,2026-01-19 08:53:15
13611,Feminine,2026-01-19 08:53:15
13613,Feminine,2026-01-19 08:53:15
13615,Feminine,2026-01-19 08:53:15
13619,Masculine,2026-01-19 08:53:15
13622,Masculine,2026-01-19 08:53:15
13626,Masculine,2026-01-19 08:53:15
13630,Unisex,2026-01-19 08:53:15
13632,Feminine,2026-01-19 08:53:15
13634,Masculine,2026-01-19 08:53:15
13638,Feminine,2026-01-19 08:53:15
13640,Unisex,2026-01-19 08:53:15
13642,Masculine,2026-01-19 08:53:15
13643,Unisex,2026-01-19 08:53:15
13646,Unisex,2026-01-19 08:53:15
13647,Masculine,2026-01-19 08:53:15
13650,Feminine,2026-01-19 08:53:15
13651,Unisex,2026-01-19 08:53:15
13655,Masculine,2026-01-19 08:53:15
13659,Feminine,2026-01-19 08:53:15
13660,Feminine,2026-01-19 08:53:15
13663,Masculine,2026-01-19 08:53:15
13664,Unisex,2026-01-19 08:53:15
13667,Unisex,2026-01-19 08:53:15
13669,Feminine,2026-01-19 08:53:15
13671,Feminine,2026-01-19 08:53:15
13672,Unisex,2026-01-19 08:53:15
13673,Masculine,2026-01-19 08:53:15
13675,Feminine,2026-01-19 08:53:15
13677,Feminine,2026-01-19 08:53:15
13680,Feminine,2026-01-19 08:53:15
13681,Masculine,2026-01-19 08:53:15
13685,Feminine,2026-01-19 08:53:15
13688,Unisex,2026-01-19 08:53:15
13689,Unisex,2026-01-19 08:53:15
13692,Unisex,2026-01-19 08:53:15
13696,Masculine,2026-01-19 08:53:15
13697,Unisex,2026-01-19 08:53:15
13699,Unisex,2026-01-19 08:53:15
13700,Masculine,2026-01-19 08:53:15
13701,Feminine,2026-01-19 08:53:15
13703,Unisex,2026-01-19 08:53:15
13705,Feminine,2026-01-19 08:53:15
13707,Masculine,2026-01-19 08:53:15
13709,Masculine,2026-01-19 08:53:15
13712,Unisex,2026-01-19 08:53:15
13713,Feminine,2026-01-19 08:53:15
13716,Unisex,2026-01-19 08:53:15
13722,Unisex,2026-01-19 08:53:15
13723,Feminine,2026-01-19 08:53:15
13726,Unisex,2026-01-19 08:53:15
13727,Feminine,2026-01-19 08:53:15
13730,Feminine,2026-01-19 08:53:15
13732,Feminine,2026-01-19 08:53:15
13734,Unisex,2026-01-19 08:53:15
13735,Feminine,2026-01-19 08:53:15
13738,Unisex,2026-01-19 08:53:15
13739,Feminine,2026-01-19 08:53:15
13743,Unisex,2026-01-19 08:53:15
13744,Feminine,2026-01-19 08:53:15
13749,Masculine,2026-01-19 08:53:15
13757,Feminine,2026-01-19 08:53:15
13761,Unisex,2026-01-19 08:53:15
13763,Feminine,2026-01-19 08:53:15
13765,Unisex,2026-01-19 08:53:15
13769,Masculine,2026-01-19 08:53:15
13771,Unisex,2026-01-19 08:53:15
13773,Unisex,2026-01-19 08:53:15
13781,Unisex,2026-01-19 08:53:15
13784,Unisex,2026-01-19 08:53:15
13788,Feminine,2026-01-19 08:53:15
13792,Feminine,2026-01-19 08:53:15
13796,Masculine,2026-01-19 08:53:15
13800,Feminine,2026-01-19 08:53:15
13805,Feminine,2026-01-19 08:53:15
13809,Unisex,2026-01-19 08:53:15
13813,Feminine,2026-01-19 08:53:15
13817,Masculine,2026-01-19 08:53:15
13825,Unisex,2026-01-19 08:53:15
13829,Unisex,2026-01-19 08:53:15
13833,Unisex,2026-01-19 08:53:15
13841,Masculine,2026-01-19 08:53:15
13845,Feminine,2026-01-19 08:53:15
13849,Unisex,2026-01-19 08:53:15
13854,Unisex,2026-01-19 08:53:15
13857,Unisex,2026-01-19 08:53:15
13861,Unisex,2026-01-19 08:53:15
13866,Feminine,2026-01-19 08:53:15
13869,Masculine,2026-01-19 08:53:15
13873,Unisex,2026-01-19 08:53:15
13877,Masculine,2026-01-19 08:53:15
13881,Feminine,2026-01-19 08:53:15
13885,Unisex,2026-01-19 08:53:15
13973,Feminine,2026-01-19 08:53:15
13977,Unisex,2026-01-19 08:53:15
13981,Unisex,2026-01-19 08:53:15
13985,Feminine,2026-01-19 08:53:15
13988,Unisex,2026-01-19 08:53:15
13992,Feminine,2026-01-19 08:53:15
13996,Masculine,2026-01-19 08:53:15
14000,Unisex,2026-01-19 08:53:15
14005,Unisex,2026-01-19 08:53:15
14009,Unisex,2026-01-19 08:53:15
14014,Feminine,2026-01-19 08:53:15
14017,Feminine,2026-01-19 08:53:15
14022,Unisex,2026-01-19 08:53:15
14025,Unisex,2026-01-19 08:53:15
14033,Feminine,2026-01-19 08:53:15
14037,Unisex,2026-01-19 08:53:15
14042,Unisex,2026-01-19 08:53:15
14090,Feminine,2026-01-19 08:53:15
14094,Masculine,2026-01-19 08:53:15
14102,Unisex,2026-01-19 08:53:15
14106,Feminine,2026-01-19 08:53:15
14122,Unisex,2026-01-19 08:53:15
14126,Masculine,2026-01-19 08:53:15
14151,Unisex,2026-01-19 08:53:15
14155,Unisex,2026-01-19 08:53:15
14159,Unisex,2026-01-19 08:53:15
14163,Unisex,2026-01-19 08:53:15
14167,Feminine,2026-01-19 08:53:15
14171,Feminine,2026-01-19 08:53:15
14175,Feminine,2026-01-19 08:53:15
14179,Feminine,2026-01-19 08:53:15
14183,Feminine,2026-01-19 08:53:15
14187,Unisex,2026-01-19 08:53:15
14191,Unisex,2026-01-19 08:53:15
14195,Unisex,2026-01-19 08:53:15
14203,Feminine,2026-01-19 08:53:15
14207,Feminine,2026-01-19 08:53:15
14210,Unisex,2026-01-19 08:53:15
14211,Feminine,2026-01-19 08:53:15
14214,Unisex,2026-01-19 08:53:15
14215,Feminine,2026-01-19 08:53:15
14218,Feminine,2026-01-19 08:53:15
14219,Unisex,2026-01-19 08:53:15
14222,Unisex,2026-01-19 08:53:15
14223,Feminine,2026-01-19 08:53:15
14226,Unisex,2026-01-19 08:53:15
14227,Feminine,2026-01-19 08:53:15
14230,Feminine,2026-01-19 08:53:15
14232,Feminine,2026-01-19 08:53:15
14234,Unisex,2026-01-19 08:53:15
14236,Feminine,2026-01-19 08:53:15
14239,Feminine,2026-01-19 08:53:15
14243,Masculine,2026-01-19 08:53:15
14244,Unisex,2026-01-19 08:53:15
14247,Masculine,2026-01-19 08:53:15
14248,Masculine,2026-01-19 08:53:15
14251,Feminine,2026-01-19 08:53:15
14252,Feminine,2026-01-19 08:53:15
14255,Feminine,2026-01-19 08:53:15
14256,Unisex,2026-01-19 08:53:15
14260,Feminine,2026-01-19 08:53:15
14263,Unisex,2026-01-19 08:53:15
14264,Feminine,2026-01-19 08:53:15
14267,Unisex,2026-01-19 08:53:15
14268,Masculine,2026-01-19 08:53:15
14271,Unisex,2026-01-19 08:53:15
14272,Feminine,2026-01-19 08:53:15
14275,Unisex,2026-01-19 08:53:15
14276,Feminine,2026-01-19 08:53:15
14280,Feminine,2026-01-19 08:53:15
14284,Masculine,2026-01-19 08:53:15
14290,Feminine,2026-01-19 08:53:15
14291,Unisex,2026-01-19 08:53:15
14294,Feminine,2026-01-19 08:53:15
14295,Unisex,2026-01-19 08:53:15
14298,Masculine,2026-01-19 08:53:15
14299,Unisex,2026-01-19 08:53:15
14302,Feminine,2026-01-19 08:53:15
14306,Unisex,2026-01-19 08:53:15
14307,Feminine,2026-01-19 08:53:15
14311,Feminine,2026-01-19 08:53:15
14315,Masculine,2026-01-19 08:53:15
14318,Feminine,2026-01-19 08:53:15
14320,Feminine,2026-01-19 08:53:15
14324,Unisex,2026-01-19 08:53:15
14328,Feminine,2026-01-19 08:53:15
14335,Unisex,2026-01-19 08:53:15
14336,Feminine,2026-01-19 08:53:15
14340,Feminine,2026-01-19 08:53:15
14345,Feminine,2026-01-19 08:53:15
14349,Feminine,2026-01-19 08:53:15
14353,Feminine,2026-01-19 08:53:15
14357,Feminine,2026-01-19 08:53:15
14361,Feminine,2026-01-19 08:53:15
14365,Feminine,2026-01-19 08:53:15
14369,Unisex,2026-01-19 08:53:15
14373,Feminine,2026-01-19 08:53:15
14402,Feminine,2026-01-19 08:53:15
14421,Feminine,2026-01-19 08:53:15
14426,Feminine,2026-01-19 08:53:15
14430,Feminine,2026-01-19 08:53:15
14432,Unisex,2026-01-19 08:53:15
14438,Feminine,2026-01-19 08:53:15
14442,Feminine,2026-01-19 08:53:15
14444,Unisex,2026-01-19 08:53:15
14447,Feminine,2026-01-19 08:53:15
14450,Feminine,2026-01-19 08:53:15
14454,Feminine,2026-01-19 08:53:15
14458,Feminine,2026-01-19 08:53:15
14462,Feminine,2026-01-19 08:53:15
14468,Unisex,2026-01-19 08:53:15
14475,Feminine,2026-01-19 08:53:15
14477,Unisex,2026-01-19 08:53:15
14481,Unisex,2026-01-19 08:53:15
14485,Unisex,2026-01-19 08:53:15
14489,Feminine,2026-01-19 08:53:15
14491,Feminine,2026-01-19 08:53:15
14493,Unisex,2026-01-19 08:53:15
14501,Unisex,2026-01-19 08:53:15
14505,Unisex,2026-01-19 08:53:15
14513,Unisex,2026-01-19 08:53:15
14517,Unisex,2026-01-19 08:53:15
14520,Feminine,2026-01-19 08:53:15
14521,Feminine,2026-01-19 08:53:15
14525,Unisex,2026-01-19 08:53:15
14528,Feminine,2026-01-19 08:53:15
14529,Feminine,2026-01-19 08:53:15
14533,Unisex,2026-01-19 08:53:15
14537,Unisex,2026-01-19 08:53:15
14540,Unisex,2026-01-19 08:53:15
14544,Unisex,2026-01-19 08:53:15
14548,Unisex,2026-01-19 08:53:15
14552,Unisex,2026-01-19 08:53:15
14556,Unisex,2026-01-19 08:53:15
14564,Unisex,2026-01-19 08:53:15
14566,Feminine,2026-01-19 08:53:15
14568,Unisex,2026-01-19 08:53:15
14570,Feminine,2026-01-19 08:53:15
14573,Feminine,2026-01-19 08:53:15
14574,Feminine,2026-01-19 08:53:15
14577,Unisex,2026-01-19 08:53:15
14578,Masculine,2026-01-19 08:53:15
14581,Feminine,2026-01-19 08:53:15
14582,Feminine,2026-01-19 08:53:15
14585,Unisex,2026-01-19 08:53:15
14586,Feminine,2026-01-19 08:53:15
14589,Unisex,2026-01-19 08:53:15
14590,Masculine,2026-01-19 08:53:15
14593,Feminine,2026-01-19 08:53:15
14594,Masculine,2026-01-19 08:53:15
14597,Feminine,2026-01-19 08:53:15
14598,Unisex,2026-01-19 08:53:15
14601,Unisex,2026-01-19 08:53:15
14602,Feminine,2026-01-19 08:53:15
14605,Feminine,2026-01-19 08:53:15
14606,Unisex,2026-01-19 08:53:15
14610,Unisex,2026-01-19 08:53:15
14613,Feminine,2026-01-19 08:53:15
14614,Unisex,2026-01-19 08:53:15
14616,Feminine,2026-01-19 08:53:15
14618,Feminine,2026-01-19 08:53:15
14621,Feminine,2026-01-19 08:53:15
14622,Unisex,2026-01-19 08:53:15
14630,Feminine,2026-01-19 08:53:15
14634,Feminine,2026-01-19 08:53:15
14638,Unisex,2026-01-19 08:53:15
14643,Unisex,2026-01-19 08:53:15
14647,Unisex,2026-01-19 08:53:15
14651,Unisex,2026-01-19 08:53:15
14655,Unisex,2026-01-19 08:53:15
14659,Unisex,2026-01-19 08:53:15
14662,Unisex,2026-01-19 08:53:15
14665,Unisex,2026-01-19 08:53:15
14669,Unisex,2026-01-19 08:53:15
14673,Unisex,2026-01-19 08:53:15
14684,Masculine,2026-01-19 08:53:15
14687,Unisex,2026-01-19 08:53:15
14692,Unisex,2026-01-19 08:53:15
14696,Unisex,2026-01-19 08:53:15
14700,Unisex,2026-01-19 08:53:15
14704,Unisex,2026-01-19 08:53:15
14708,Unisex,2026-01-19 08:53:15
14712,Unisex,2026-01-19 08:53:15
14727,Unisex,2026-01-19 08:53:15
14731,Unisex,2026-01-19 08:53:15
14735,Unisex,2026-01-19 08:53:15
14739,Unisex,2026-01-19 08:53:15
14743,Unisex,2026-01-19 08:53:15
14755,Unisex,2026-01-19 08:53:15
14767,Unisex,2026-01-19 08:53:15
14795,Unisex,2026-01-19 08:53:15
14821,Masculine,2026-01-19 08:53:15
14825,Masculine,2026-01-19 08:53:15
14829,Masculine,2026-01-19 08:53:15
14833,Masculine,2026-01-19 08:53:15
14837,Masculine,2026-01-19 08:53:15
14845,Masculine,2026-01-19 08:53:15
14849,Masculine,2026-01-19 08:53:15
14853,Masculine,2026-01-19 08:53:15
14858,Feminine,2026-01-19 08:53:15
14862,Masculine,2026-01-19 08:53:15
14866,Masculine,2026-01-19 08:53:15
14871,Masculine,2026-01-19 08:53:15
14875,Feminine,2026-01-19 08:53:15
14879,Masculine,2026-01-19 08:53:15
14883,Masculine,2026-01-19 08:53:15
14887,Feminine,2026-01-19 08:53:15
14891,Feminine,2026-01-19 08:53:15
14895,Feminine,2026-01-19 08:53:15
14899,Masculine,2026-01-19 08:53:15
14907,Feminine,2026-01-19 08:53:15
14911,Feminine,2026-01-19 08:53:15
14915,Masculine,2026-01-19 08:53:15
14919,Feminine,2026-01-19 08:53:15
14927,Feminine,2026-01-19 08:53:15
14931,Masculine,2026-01-19 08:53:15
14935,Feminine,2026-01-19 08:53:15
14939,Feminine,2026-01-19 08:53:15
14942,Masculine,2026-01-19 08:53:15
14945,Masculine,2026-01-19 08:53:15
14948,Feminine,2026-01-19 08:53:15
14953,Unisex,2026-01-19 08:53:15
14956,Masculine,2026-01-19 08:53:15
14959,Unisex,2026-01-19 08:53:15
14962,Masculine,2026-01-19 08:53:15
14965,Unisex,2026-01-19 08:53:15
14968,Masculine,2026-01-19 08:53:15
14971,Feminine,2026-01-19 08:53:15
14976,Unisex,2026-01-19 08:53:15
14982,Masculine,2026-01-19 08:53:15
14997,Unisex,2026-01-19 08:53:15
15000,Unisex,2026-01-19 08:53:15
15003,Masculine,2026-01-19 08:53:15
15006,Unisex,2026-01-19 08:53:15
15009,Masculine,2026-01-19 08:53:15
15012,Feminine,2026-01-19 08:53:15
15015,Unisex,2026-01-19 08:53:15
15020,Unisex,2026-01-19 08:53:15
15025,Masculine,2026-01-19 08:53:15
15027,Masculine,2026-01-19 08:53:15
15028,Masculine,2026-01-19 08:53:15
15029,Unisex,2026-01-19 08:53:15
15030,Unisex,2026-01-19 08:53:15
15031,Unisex,2026-01-19 08:53:15
15032,Unisex,2026-01-19 08:53:15
15033,Unisex,2026-01-19 08:53:15
15034,Unisex,2026-01-19 08:53:15
15035,Unisex,2026-01-19 08:53:15
15036,Unisex,2026-01-19 08:53:15
15037,Unisex,2026-01-19 08:53:15
15038,Unisex,2026-01-19 08:53:15
15039,Masculine,2026-01-19 08:53:15
15040,Feminine,2026-01-19 08:53:15
15041,Feminine,2026-01-19 08:53:15
15042,Unisex,2026-01-19 08:53:15
15043,Feminine,2026-01-19 08:53:15
15044,Unisex,2026-01-19 08:53:15
15045,Unisex,2026-01-19 08:53:15
15046,Feminine,2026-01-19 08:53:15
15047,Feminine,2026-01-19 08:53:15
15048,Masculine,2026-01-19 08:53:15
15049,Feminine,2026-01-19 08:53:15
15050,Unisex,2026-01-19 08:53:15
15051,Unisex,2026-01-19 08:53:15
15052,Unisex,2026-01-19 08:53:15
15053,Feminine,2026-01-19 08:53:15
15054,Feminine,2026-01-19 08:53:15
15055,Unisex,2026-01-19 08:53:15
15056,Unisex,2026-01-19 08:53:15
15057,Masculine,2026-01-19 08:53:15
15058,Unisex,2026-01-19 08:53:15
15059,Unisex,2026-01-19 08:53:15
15060,Feminine,2026-01-19 08:53:15
15061,Unisex,2026-01-19 08:53:15
15062,Unisex,2026-01-19 08:53:15
15063,Unisex,2026-01-19 08:53:15
15064,Unisex,2026-01-19 08:53:15
15065,Feminine,2026-01-19 08:53:15
15066,Feminine,2026-01-19 08:53:15
15067,Unisex,2026-01-19 08:53:15
15068,Feminine,2026-01-19 08:53:15
15069,Feminine,2026-01-19 08:53:15
15071,Unisex,2026-01-19 08:53:15
15072,Unisex,2026-01-19 08:53:15
15073,Unisex,2026-01-19 08:53:15
15074,Masculine,2026-01-19 08:53:15
15075,Unisex,2026-01-19 08:53:15
15076,Unisex,2026-01-19 08:53:15
15077,Feminine,2026-01-19 08:53:15
15078,Feminine,2026-01-19 08:53:15
15079,Unisex,2026-01-19 08:53:15
15080,Feminine,2026-01-19 08:53:15
15081,Feminine,2026-01-19 08:53:15
15082,Unisex,2026-01-19 08:53:15
15083,Unisex,2026-01-19 08:53:15
15084,Unisex,2026-01-19 08:53:15
15085,Unisex,2026-01-19 08:53:15
15086,Feminine,2026-01-19 08:53:15
15087,Feminine,2026-01-19 08:53:15
15089,Unisex,2026-01-19 08:53:15
15090,Feminine,2026-01-19 08:53:15
15092,Unisex,2026-01-19 08:53:15
15094,Feminine,2026-01-19 08:53:15
15095,Unisex,2026-01-19 08:53:15
15097,Masculine,2026-01-19 08:53:15
15100,Unisex,2026-01-19 08:53:15
15106,Feminine,2026-01-19 08:53:15
15195,Unisex,2026-01-19 08:53:15
15196,Unisex,2026-01-19 08:53:15
15197,Masculine,2026-01-19 08:53:15
15198,Unisex,2026-01-19 08:53:15
15199,Unisex,2026-01-19 08:53:15
15200,Masculine,2026-01-19 08:53:15
15201,Masculine,2026-01-19 08:53:15
15202,Unisex,2026-01-19 08:53:15
15203,Masculine,2026-01-19 08:53:15
15204,Masculine,2026-01-19 08:53:15
15205,Masculine,2026-01-19 08:53:15
15206,Unisex,2026-01-19 08:53:15
15208,Unisex,2026-01-19 08:53:15
15209,Unisex,2026-01-19 08:53:15
15210,Masculine,2026-01-19 08:53:15
15211,Masculine,2026-01-19 08:53:15
15212,Unisex,2026-01-19 08:53:15
15213,Masculine,2026-01-19 08:53:15
15214,Unisex,2026-01-19 08:53:15
15215,Feminine,2026-01-19 08:53:15
15216,Masculine,2026-01-19 08:53:15
15217,Feminine,2026-01-19 08:53:15
15218,Unisex,2026-01-19 08:53:15
15219,Unisex,2026-01-19 08:53:15
15220,Unisex,2026-01-19 08:53:15
15221,Feminine,2026-01-19 08:53:15
15222,Unisex,2026-01-19 08:53:15
15223,Masculine,2026-01-19 08:53:15
15225,Unisex,2026-01-19 08:53:15
15226,Unisex,2026-01-19 08:53:15
15227,Unisex,2026-01-19 08:53:15
15228,Masculine,2026-01-19 08:53:15
15231,Masculine,2026-01-19 08:53:15
15232,Feminine,2026-01-19 08:53:15
15233,Feminine,2026-01-19 08:53:15
15234,Unisex,2026-01-19 08:53:15
15235,Feminine,2026-01-19 08:53:15
15236,Masculine,2026-01-19 08:53:15
15237,Masculine,2026-01-19 08:53:15
15238,Masculine,2026-01-19 08:53:15
15239,Feminine,2026-01-19 08:53:15
15240,Unisex,2026-01-19 08:53:15
15241,Masculine,2026-01-19 08:53:15
15242,Feminine,2026-01-19 08:53:15
15243,Feminine,2026-01-19 08:53:15
15244,Feminine,2026-01-19 08:53:15
15245,Unisex,2026-01-19 08:53:15
15246,Unisex,2026-01-19 08:53:15
15247,Feminine,2026-01-19 08:53:15
15248,Unisex,2026-01-19 08:53:15
15249,Feminine,2026-01-19 08:53:15
15250,Feminine,2026-01-19 08:53:15
15251,Unisex,2026-01-19 08:53:15
15252,Masculine,2026-01-19 08:53:15
15253,Feminine,2026-01-19 08:53:15
15254,Unisex,2026-01-19 08:53:15
15255,Unisex,2026-01-19 08:53:15
15256,Unisex,2026-01-19 08:53:15
15258,Unisex,2026-01-19 08:53:15
15259,Masculine,2026-01-19 08:53:15
15260,Unisex,2026-01-19 08:53:15
15261,Unisex,2026-01-19 08:53:15
15307,Masculine,2026-01-19 08:53:15
15308,Masculine,2026-01-19 08:53:15
15309,Masculine,2026-01-19 08:53:15
15310,Masculine,2026-01-19 08:53:15
15311,Masculine,2026-01-19 08:53:15
15312,Masculine,2026-01-19 08:53:15
15313,Feminine,2026-01-19 08:53:15
15314,Masculine,2026-01-19 08:53:15
15315,Masculine,2026-01-19 08:53:15
15316,Masculine,2026-01-19 08:53:15
15317,Masculine,2026-01-19 08:53:15
15318,Feminine,2026-01-19 08:53:15
15319,Unisex,2026-01-19 08:53:15
15320,Masculine,2026-01-19 08:53:15
15321,Masculine,2026-01-19 08:53:15
15323,Feminine,2026-01-19 08:53:15
15324,Masculine,2026-01-19 08:53:15
15325,Masculine,2026-01-19 08:53:15
15326,Feminine,2026-01-19 08:53:15
15327,Feminine,2026-01-19 08:53:15
15328,Masculine,2026-01-19 08:53:15
15330,Masculine,2026-01-19 08:53:15
15331,Masculine,2026-01-19 08:53:15
15332,Feminine,2026-01-19 08:53:15
15334,Masculine,2026-01-19 08:53:15
15335,Feminine,2026-01-19 08:53:15
15336,Masculine,2026-01-19 08:53:15
15337,Masculine,2026-01-19 08:53:15
15338,Masculine,2026-01-19 08:53:15
15339,Masculine,2026-01-19 08:53:15
15340,Masculine,2026-01-19 08:53:15
15341,Masculine,2026-01-19 08:53:15
15342,Feminine,2026-01-19 08:53:15
15343,Feminine,2026-01-19 08:53:15
15344,Feminine,2026-01-19 08:53:15
15345,Masculine,2026-01-19 08:53:15
15346,Feminine,2026-01-19 08:53:15
15347,Masculine,2026-01-19 08:53:15
15348,Unisex,2026-01-19 08:53:15
15349,Unisex,2026-01-19 08:53:15
15350,Feminine,2026-01-19 08:53:15
15351,Masculine,2026-01-19 08:53:15
15354,Unisex,2026-01-19 08:53:15
15355,Masculine,2026-01-19 08:53:15
15356,Unisex,2026-01-19 08:53:15
15357,Unisex,2026-01-19 08:53:15
15358,Masculine,2026-01-19 08:53:15
15359,Masculine,2026-01-19 08:53:15
15360,Feminine,2026-01-19 08:53:15
15361,Masculine,2026-01-19 08:53:15
15362,Masculine,2026-01-19 08:53:15
15363,Feminine,2026-01-19 08:53:15
15364,Feminine,2026-01-19 08:53:15
15365,Masculine,2026-01-19 08:53:15
15366,Feminine,2026-01-19 08:53:15
15367,Feminine,2026-01-19 08:53:15
15368,Unisex,2026-01-19 08:53:15
15369,Feminine,2026-01-19 08:53:15
15370,Feminine,2026-01-19 08:53:15
15371,Unisex,2026-01-19 08:53:15
15373,Feminine,2026-01-19 08:53:15
15374,Unisex,2026-01-19 08:53:15
15375,Feminine,2026-01-19 08:53:15
15376,Feminine,2026-01-19 08:53:15
15377,Unisex,2026-01-19 08:53:15
15378,Feminine,2026-01-19 08:53:15
15379,Unisex,2026-01-19 08:53:15
15380,Unisex,2026-01-19 08:53:15
15381,Masculine,2026-01-19 08:53:15
15382,Unisex,2026-01-19 08:53:15
15383,Unisex,2026-01-19 08:53:15
15384,Feminine,2026-01-19 08:53:15
15385,Unisex,2026-01-19 08:53:15
15386,Unisex,2026-01-19 08:53:15
15387,Feminine,2026-01-19 08:53:15
15388,Feminine,2026-01-19 08:53:15
15389,Masculine,2026-01-19 08:53:15
15390,Unisex,2026-01-19 08:53:15
15391,Unisex,2026-01-19 08:53:15
15392,Unisex,2026-01-19 08:53:15
15393,Feminine,2026-01-19 08:53:15
15394,Feminine,2026-01-19 08:53:15
15395,Unisex,2026-01-19 08:53:15
15396,Unisex,2026-01-19 08:53:15
15397,Unisex,2026-01-19 08:53:15
15398,Masculine,2026-01-19 08:53:15
15399,Feminine,2026-01-19 08:53:15
15400,Masculine,2026-01-19 08:53:15
15402,Masculine,2026-01-19 08:53:15
15403,Feminine,2026-01-19 08:53:15
15407,Unisex,2026-01-19 08:53:15
15408,Feminine,2026-01-19 08:53:15
15409,Masculine,2026-01-19 08:53:15
15416,Unisex,2026-01-19 08:53:15
15423,Unisex,2026-01-19 08:53:15
15516,Feminine,2026-01-19 08:53:15
15517,Unisex,2026-01-19 08:53:15
15518,Feminine,2026-01-19 08:53:15
15519,Unisex,2026-01-19 08:53:15
15520,Unisex,2026-01-19 08:53:15
15521,Unisex,2026-01-19 08:53:15
15522,Unisex,2026-01-19 08:53:15
15524,Feminine,2026-01-19 08:53:15
15525,Unisex,2026-01-19 08:53:15
15526,Unisex,2026-01-19 08:53:15
15527,Unisex,2026-01-19 08:53:15
15528,Feminine,2026-01-19 08:53:15
15529,Unisex,2026-01-19 08:53:15
15530,Unisex,2026-01-19 08:53:15
15531,Feminine,2026-01-19 08:53:15
15532,Unisex,2026-01-19 08:53:15
15534,Unisex,2026-01-19 08:53:15
15535,Unisex,2026-01-19 08:53:15
15536,Feminine,2026-01-19 08:53:15
15537,Feminine,2026-01-19 08:53:15
15538,Unisex,2026-01-19 08:53:15
15540,Feminine,2026-01-19 08:53:15
15541,Feminine,2026-01-19 08:53:15
15542,Feminine,2026-01-19 08:53:15
15544,Feminine,2026-01-19 08:53:15
15545,Feminine,2026-01-19 08:53:15
15546,Feminine,2026-01-19 08:53:15
15547,Unisex,2026-01-19 08:53:15
15550,Feminine,2026-01-19 08:53:15
15551,Unisex,2026-01-19 08:53:15
15552,Unisex,2026-01-19 08:53:15
15555,Unisex,2026-01-19 08:53:15
15557,Feminine,2026-01-19 08:53:15
15629,Masculine,2026-01-19 08:53:15
15630,Unisex,2026-01-19 08:53:15
15631,Masculine,2026-01-19 08:53:15
15632,Masculine,2026-01-19 08:53:15
15633,Masculine,2026-01-19 08:53:15
15634,Masculine,2026-01-19 08:53:15
15635,Masculine,2026-01-19 08:53:15
15636,Masculine,2026-01-19 08:53:15
15637,Masculine,2026-01-19 08:53:15
15638,Masculine,2026-01-19 08:53:15
15639,Masculine,2026-01-19 08:53:15
15640,Masculine,2026-01-19 08:53:15
15641,Masculine,2026-01-19 08:53:15
15642,Masculine,2026-01-19 08:53:15
15643,Feminine,2026-01-19 08:53:15
15644,Feminine,2026-01-19 08:53:15
15645,Unisex,2026-01-19 08:53:15
15646,Masculine,2026-01-19 08:53:15
15647,Masculine,2026-01-19 08:53:15
15648,Masculine,2026-01-19 08:53:15
15649,Unisex,2026-01-19 08:53:15
15650,Masculine,2026-01-19 08:53:15
15651,Feminine,2026-01-19 08:53:15
15652,Feminine,2026-01-19 08:53:15
15653,Feminine,2026-01-19 08:53:15
15654,Masculine,2026-01-19 08:53:15
15655,Masculine,2026-01-19 08:53:15
15656,Feminine,2026-01-19 08:53:15
15657,Feminine,2026-01-19 08:53:15
15658,Feminine,2026-01-19 08:53:15
15659,Masculine,2026-01-19 08:53:15
15660,Unisex,2026-01-19 08:53:15
15661,Unisex,2026-01-19 08:53:15
15662,Feminine,2026-01-19 08:53:15
15663,Unisex,2026-01-19 08:53:15
15664,Feminine,2026-01-19 08:53:15
15665,Unisex,2026-01-19 08:53:15
15666,Feminine,2026-01-19 08:53:15
15667,Feminine,2026-01-19 08:53:15
15668,Feminine,2026-01-19 08:53:15
15669,Unisex,2026-01-19 08:53:15
15670,Feminine,2026-01-19 08:53:15
15671,Feminine,2026-01-19 08:53:15
15672,Feminine,2026-01-19 08:53:15
15673,Feminine,2026-01-19 08:53:15
15674,Unisex,2026-01-19 08:53:15
15675,Feminine,2026-01-19 08:53:15
15676,Feminine,2026-01-19 08:53:15
15677,Unisex,2026-01-19 08:53:15
15678,Feminine,2026-01-19 08:53:15
15679,Feminine,2026-01-19 08:53:15
15680,Feminine,2026-01-19 08:53:15
15681,Feminine,2026-01-19 08:53:15
15682,Unisex,2026-01-19 08:53:15
15683,Feminine,2026-01-19 08:53:15
15684,Unisex,2026-01-19 08:53:15
15685,Feminine,2026-01-19 08:53:15
15686,Masculine,2026-01-19 08:53:15
15687,Masculine,2026-01-19 08:53:15
15688,Feminine,2026-01-19 08:53:15
15689,Masculine,2026-01-19 08:53:15
15690,Unisex,2026-01-19 08:53:15
15691,Masculine,2026-01-19 08:53:15
15695,Masculine,2026-01-19 08:53:15
15696,Unisex,2026-01-19 08:53:15
15697,Unisex,2026-01-19 08:53:15
15698,Unisex,2026-01-19 08:53:15
15704,Unisex,2026-01-19 08:53:15
15705,Unisex,2026-01-19 08:53:15
15731,Masculine,2026-01-19 08:53:15
15732,Masculine,2026-01-19 08:53:15
15733,Masculine,2026-01-19 08:53:15
15734,Feminine,2026-01-19 08:53:15
15735,Masculine,2026-01-19 08:53:15
15736,Masculine,2026-01-19 08:53:15
15737,Masculine,2026-01-19 08:53:15
15738,Masculine,2026-01-19 08:53:15
15739,Masculine,2026-01-19 08:53:15
15740,Masculine,2026-01-19 08:53:15
15741,Masculine,2026-01-19 08:53:15
15742,Masculine,2026-01-19 08:53:15
15743,Masculine,2026-01-19 08:53:15
15744,Masculine,2026-01-19 08:53:15
15745,Masculine,2026-01-19 08:53:15
15746,Masculine,2026-01-19 08:53:15
15747,Masculine,2026-01-19 08:53:15
15748,Masculine,2026-01-19 08:53:15
15749,Masculine,2026-01-19 08:53:15
15750,Feminine,2026-01-19 08:53:15
15751,Feminine,2026-01-19 08:53:15
15752,Masculine,2026-01-19 08:53:15
15753,Masculine,2026-01-19 08:53:15
15754,Masculine,2026-01-19 08:53:15
15755,Masculine,2026-01-19 08:53:15
15756,Masculine,2026-01-19 08:53:15
15757,Masculine,2026-01-19 08:53:15
15758,Masculine,2026-01-19 08:53:15
15759,Masculine,2026-01-19 08:53:15
15760,Masculine,2026-01-19 08:53:15
15761,Masculine,2026-01-19 08:53:15
15762,Feminine,2026-01-19 08:53:15
15763,Feminine,2026-01-19 08:53:15
15764,Masculine,2026-01-19 08:53:15
15765,Masculine,2026-01-19 08:53:15
15766,Masculine,2026-01-19 08:53:15
15767,Feminine,2026-01-19 08:53:15
15768,Masculine,2026-01-19 08:53:15
15769,Feminine,2026-01-19 08:53:15
15771,Feminine,2026-01-19 08:53:15
15772,Masculine,2026-01-19 08:53:15
15773,Feminine,2026-01-19 08:53:15
15774,Masculine,2026-01-19 08:53:15
15775,Masculine,2026-01-19 08:53:15
15776,Masculine,2026-01-19 08:53:15
15777,Feminine,2026-01-19 08:53:15
15778,Masculine,2026-01-19 08:53:15
15780,Feminine,2026-01-19 08:53:15
15781,Feminine,2026-01-19 08:53:15
15782,Feminine,2026-01-19 08:53:15
15783,Masculine,2026-01-19 08:53:15
15858,Masculine,2026-01-19 08:53:15
15859,Masculine,2026-01-19 08:53:15
15860,Masculine,2026-01-19 08:53:15
15861,Masculine,2026-01-19 08:53:15
15862,Masculine,2026-01-19 08:53:15
15863,Masculine,2026-01-19 08:53:15
15864,Unisex,2026-01-19 08:53:15
15865,Feminine,2026-01-19 08:53:15
15866,Masculine,2026-01-19 08:53:15
15867,Unisex,2026-01-19 08:53:15
15868,Masculine,2026-01-19 08:53:15
15869,Unisex,2026-01-19 08:53:15
15871,Masculine,2026-01-19 08:53:15
15872,Masculine,2026-01-19 08:53:15
15873,Masculine,2026-01-19 08:53:15
15874,Unisex,2026-01-19 08:53:15
15875,Masculine,2026-01-19 08:53:15
15876,Feminine,2026-01-19 08:53:15
15877,Masculine,2026-01-19 08:53:15
15878,Masculine,2026-01-19 08:53:15
15879,Unisex,2026-01-19 08:53:15
15880,Masculine,2026-01-19 08:53:15
15881,Feminine,2026-01-19 08:53:15
15882,Unisex,2026-01-19 08:53:15
15883,Masculine,2026-01-19 08:53:15
15884,Feminine,2026-01-19 08:53:15
15886,Feminine,2026-01-19 08:53:15
15887,Feminine,2026-01-19 08:53:15
15888,Masculine,2026-01-19 08:53:15
15889,Feminine,2026-01-19 08:53:15
15890,Feminine,2026-01-19 08:53:15
15891,Feminine,2026-01-19 08:53:15
15892,Feminine,2026-01-19 08:53:15
15893,Masculine,2026-01-19 08:53:15
15894,Feminine,2026-01-19 08:53:15
15895,Feminine,2026-01-19 08:53:15
15896,Masculine,2026-01-19 08:53:15
15897,Feminine,2026-01-19 08:53:15
15898,Masculine,2026-01-19 08:53:15
15899,Unisex,2026-01-19 08:53:15
15900,Feminine,2026-01-19 08:53:15
15901,Feminine,2026-01-19 08:53:15
15902,Masculine,2026-01-19 08:53:15
15903,Masculine,2026-01-19 08:53:15
15904,Feminine,2026-01-19 08:53:15
15905,Masculine,2026-01-19 08:53:15
15906,Masculine,2026-01-19 08:53:15
15907,Unisex,2026-01-19 08:53:15
15909,Masculine,2026-01-19 08:53:15
15910,Unisex,2026-01-19 08:53:15
15912,Feminine,2026-01-19 08:53:15
15915,Masculine,2026-01-19 08:53:15
15916,Feminine,2026-01-19 08:53:15
15917,Feminine,2026-01-19 08:53:15
15918,Masculine,2026-01-19 08:53:15
15920,Feminine,2026-01-19 08:53:15
15921,Masculine,2026-01-19 08:53:15
15922,Feminine,2026-01-19 08:53:15
15923,Feminine,2026-01-19 08:53:15
15924,Feminine,2026-01-19 08:53:15
15925,Unisex,2026-01-19 08:53:15
15926,Feminine,2026-01-19 08:53:15
15927,Masculine,2026-01-19 08:53:15
15929,Feminine,2026-01-19 08:53:15
15930,Masculine,2026-01-19 08:53:15
15932,Unisex,2026-01-19 08:53:15
15933,Masculine,2026-01-19 08:53:15
15934,Feminine,2026-01-19 08:53:15
15935,Unisex,2026-01-19 08:53:15
15936,Feminine,2026-01-19 08:53:15
15937,Feminine,2026-01-19 08:53:15
15938,Unisex,2026-01-19 08:53:15
15939,Feminine,2026-01-19 08:53:15
15940,Feminine,2026-01-19 08:53:15
15941,Feminine,2026-01-19 08:53:15
15942,Unisex,2026-01-19 08:53:15
15944,Feminine,2026-01-19 08:53:15
15945,Masculine,2026-01-19 08:53:15
15946,Feminine,2026-01-19 08:53:15
15947,Unisex,2026-01-19 08:53:15
15948,Feminine,2026-01-19 08:53:15
15949,Masculine,2026-01-19 08:53:15
15950,Unisex,2026-01-19 08:53:15
15951,Feminine,2026-01-19 08:53:15
15952,Unisex,2026-01-19 08:53:15
15953,Masculine,2026-01-19 08:53:15
15954,Feminine,2026-01-19 08:53:15
15955,Feminine,2026-01-19 08:53:15
15956,Unisex,2026-01-19 08:53:15
15957,Feminine,2026-01-19 08:53:15
15958,Unisex,2026-01-19 08:53:15
15959,Masculine,2026-01-19 08:53:15
15960,Feminine,2026-01-19 08:53:15
15961,Feminine,2026-01-19 08:53:15
15962,Feminine,2026-01-19 08:53:15
15963,Masculine,2026-01-19 08:53:15
15964,Feminine,2026-01-19 08:53:15
15965,Feminine,2026-01-19 08:53:15
15966,Feminine,2026-01-19 08:53:15
15967,Unisex,2026-01-19 08:53:15
15968,Feminine,2026-01-19 08:53:15
15969,Feminine,2026-01-19 08:53:15
15970,Feminine,2026-01-19 08:53:15
15971,Unisex,2026-01-19 08:53:15
15973,Unisex,2026-01-19 08:53:15
15974,Feminine,2026-01-19 08:53:15
15976,Feminine,2026-01-19 08:53:15
15977,Unisex,2026-01-19 08:53:15
15978,Masculine,2026-01-19 08:53:15
15979,Feminine,2026-01-19 08:53:15
15981,Feminine,2026-01-19 08:53:15
15982,Feminine,2026-01-19 08:53:15
15983,Feminine,2026-01-19 08:53:15
15984,Feminine,2026-01-19 08:53:15
15985,Feminine,2026-01-19 08:53:15
15986,Feminine,2026-01-19 08:53:15
15987,Feminine,2026-01-19 08:53:15
15988,Masculine,2026-01-19 08:53:15
15989,Feminine,2026-01-19 08:53:15
15990,Feminine,2026-01-19 08:53:15
15991,Feminine,2026-01-19 08:53:15
15992,Feminine,2026-01-19 08:53:15
15993,Feminine,2026-01-19 08:53:15
15994,Feminine,2026-01-19 08:53:15
15995,Feminine,2026-01-19 08:53:15
15996,Unisex,2026-01-19 08:53:15
15997,Feminine,2026-01-19 08:53:15
15998,Feminine,2026-01-19 08:53:15
15999,Feminine,2026-01-19 08:53:15
16000,Feminine,2026-01-19 08:53:15
16001,Feminine,2026-01-19 08:53:15
16002,Feminine,2026-01-19 08:53:15
16003,Feminine,2026-01-19 08:53:15
16004,Unisex,2026-01-19 08:53:15
16005,Feminine,2026-01-19 08:53:15
16007,Unisex,2026-01-19 08:53:15
16008,Masculine,2026-01-19 08:53:15
16009,Feminine,2026-01-19 08:53:15
16010,Feminine,2026-01-19 08:53:15
16011,Feminine,2026-01-19 08:53:15
16012,Feminine,2026-01-19 08:53:15
16013,Feminine,2026-01-19 08:53:15
16014,Feminine,2026-01-19 08:53:15
16015,Masculine,2026-01-19 08:53:15
16016,Unisex,2026-01-19 08:53:15
16017,Feminine,2026-01-19 08:53:15
16018,Feminine,2026-01-19 08:53:15
16019,Feminine,2026-01-19 08:53:15
16020,Feminine,2026-01-19 08:53:15
16021,Feminine,2026-01-19 08:53:15
16022,Feminine,2026-01-19 08:53:15
16024,Feminine,2026-01-19 08:53:15
16025,Unisex,2026-01-19 08:53:15
16026,Unisex,2026-01-19 08:53:15
16027,Masculine,2026-01-19 08:53:15
16028,Feminine,2026-01-19 08:53:15
16029,Feminine,2026-01-19 08:53:15
16031,Feminine,2026-01-19 08:53:15
16032,Feminine,2026-01-19 08:53:15
16034,Feminine,2026-01-19 08:53:15
16035,Feminine,2026-01-19 08:53:15
16036,Masculine,2026-01-19 08:53:15
16037,Feminine,2026-01-19 08:53:15
16039,Feminine,2026-01-19 08:53:15
16043,Masculine,2026-01-19 08:53:15
16046,Unisex,2026-01-19 08:53:15
16050,Feminine,2026-01-19 08:53:15
16054,Feminine,2026-01-19 08:53:15
16173,Masculine,2026-01-19 08:53:15
16174,Masculine,2026-01-19 08:53:15
16175,Unisex,2026-01-19 08:53:15
16176,Masculine,2026-01-19 08:53:15
16177,Masculine,2026-01-19 08:53:15
16178,Unisex,2026-01-19 08:53:15
16179,Unisex,2026-01-19 08:53:15
16180,Feminine,2026-01-19 08:53:15
16181,Masculine,2026-01-19 08:53:15
16182,Unisex,2026-01-19 08:53:15
16183,Feminine,2026-01-19 08:53:15
16184,Unisex,2026-01-19 08:53:15
16185,Unisex,2026-01-19 08:53:15
16186,Unisex,2026-01-19 08:53:15
16187,Unisex,2026-01-19 08:53:15
16188,Unisex,2026-01-19 08:53:15
16189,Masculine,2026-01-19 08:53:15
16190,Feminine,2026-01-19 08:53:15
16191,Unisex,2026-01-19 08:53:15
16192,Masculine,2026-01-19 08:53:15
16193,Masculine,2026-01-19 08:53:15
16194,Unisex,2026-01-19 08:53:15
16195,Feminine,2026-01-19 08:53:15
16196,Feminine,2026-01-19 08:53:15
16197,Unisex,2026-01-19 08:53:15
16198,Unisex,2026-01-19 08:53:15
16199,Unisex,2026-01-19 08:53:15
16200,Unisex,2026-01-19 08:53:15
16201,Masculine,2026-01-19 08:53:15
16202,Feminine,2026-01-19 08:53:15
16203,Unisex,2026-01-19 08:53:15
16204,Masculine,2026-01-19 08:53:15
16205,Feminine,2026-01-19 08:53:15
16206,Feminine,2026-01-19 08:53:15
16207,Masculine,2026-01-19 08:53:15
16208,Unisex,2026-01-19 08:53:15
16209,Unisex,2026-01-19 08:53:15
16210,Masculine,2026-01-19 08:53:15
16211,Masculine,2026-01-19 08:53:15
16212,Unisex,2026-01-19 08:53:15
16213,Unisex,2026-01-19 08:53:15
16214,Unisex,2026-01-19 08:53:15
16215,Feminine,2026-01-19 08:53:15
16217,Unisex,2026-01-19 08:53:15
16218,Feminine,2026-01-19 08:53:15
16219,Feminine,2026-01-19 08:53:15
16220,Unisex,2026-01-19 08:53:15
16221,Masculine,2026-01-19 08:53:15
16222,Unisex,2026-01-19 08:53:15
16223,Unisex,2026-01-19 08:53:15
16224,Feminine,2026-01-19 08:53:15
16225,Unisex,2026-01-19 08:53:15
16226,Feminine,2026-01-19 08:53:15
16227,Unisex,2026-01-19 08:53:15
16228,Feminine,2026-01-19 08:53:15
16229,Feminine,2026-01-19 08:53:15
16230,Feminine,2026-01-19 08:53:15
16231,Unisex,2026-01-19 08:53:15
16232,Feminine,2026-01-19 08:53:15
16233,Feminine,2026-01-19 08:53:15
16234,Unisex,2026-01-19 08:53:15
16235,Unisex,2026-01-19 08:53:15
16236,Unisex,2026-01-19 08:53:15
16237,Feminine,2026-01-19 08:53:15
16238,Feminine,2026-01-19 08:53:15
16239,Feminine,2026-01-19 08:53:15
16240,Unisex,2026-01-19 08:53:15
16241,Feminine,2026-01-19 08:53:15
16242,Masculine,2026-01-19 08:53:15
16243,Unisex,2026-01-19 08:53:15
16244,Feminine,2026-01-19 08:53:15
16245,Feminine,2026-01-19 08:53:15
16246,Feminine,2026-01-19 08:53:15
16247,Feminine,2026-01-19 08:53:15
16248,Unisex,2026-01-19 08:53:15
16249,Feminine,2026-01-19 08:53:15
16250,Unisex,2026-01-19 08:53:15
16251,Unisex,2026-01-19 08:53:15
16252,Feminine,2026-01-19 08:53:15
16253,Feminine,2026-01-19 08:53:15
16254,Feminine,2026-01-19 08:53:15
16255,Feminine,2026-01-19 08:53:15
16257,Unisex,2026-01-19 08:53:15
16259,Unisex,2026-01-19 08:53:15
16261,Unisex,2026-01-19 08:53:15
16313,Masculine,2026-01-19 08:53:15
16314,Feminine,2026-01-19 08:53:15
16315,Feminine,2026-01-19 08:53:15
16316,Unisex,2026-01-19 08:53:15
16317,Masculine,2026-01-19 08:53:15
16318,Unisex,2026-01-19 08:53:15
16320,Unisex,2026-01-19 08:53:15
16321,Feminine,2026-01-19 08:53:15
16323,Unisex,2026-01-19 08:53:15
16325,Feminine,2026-01-19 08:53:15
16326,Masculine,2026-01-19 08:53:15
16327,Masculine,2026-01-19 08:53:15
16328,Feminine,2026-01-19 08:53:15
16329,Masculine,2026-01-19 08:53:15
16331,Feminine,2026-01-19 08:53:15
16332,Masculine,2026-01-19 08:53:15
16352,Feminine,2026-01-19 08:53:15
16353,Unisex,2026-01-19 08:53:15
16354,Unisex,2026-01-19 08:53:15
16355,Masculine,2026-01-19 08:53:15
16356,Feminine,2026-01-19 08:53:15
16357,Masculine,2026-01-19 08:53:15
16359,Unisex,2026-01-19 08:53:15
16360,Feminine,2026-01-19 08:53:15
16361,Feminine,2026-01-19 08:53:15
16362,Feminine,2026-01-19 08:53:15
16363,Unisex,2026-01-19 08:53:15
16364,Feminine,2026-01-19 08:53:15
16365,Masculine,2026-01-19 08:53:15
16366,Unisex,2026-01-19 08:53:15
16367,Feminine,2026-01-19 08:53:15
16368,Feminine,2026-01-19 08:53:15
16369,Feminine,2026-01-19 08:53:15
16371,Masculine,2026-01-19 08:53:15
16372,Masculine,2026-01-19 08:53:15
16373,Unisex,2026-01-19 08:53:15
16374,Feminine,2026-01-19 08:53:15
16375,Unisex,2026-01-19 08:53:15
16376,Feminine,2026-01-19 08:53:15
16377,Feminine,2026-01-19 08:53:15
16378,Unisex,2026-01-19 08:53:15
16379,Feminine,2026-01-19 08:53:15
16380,Feminine,2026-01-19 08:53:15
16381,Unisex,2026-01-19 08:53:15
16382,Unisex,2026-01-19 08:53:15
16383,Feminine,2026-01-19 08:53:15
16384,Feminine,2026-01-19 08:53:15
16385,Unisex,2026-01-19 08:53:15
16386,Feminine,2026-01-19 08:53:15
16387,Feminine,2026-01-19 08:53:15
16389,Masculine,2026-01-19 08:53:15
16390,Feminine,2026-01-19 08:53:15
16391,Feminine,2026-01-19 08:53:15
16392,Masculine,2026-01-19 08:53:15
16393,Feminine,2026-01-19 08:53:15
16394,Feminine,2026-01-19 08:53:15
16395,Feminine,2026-01-19 08:53:15
16396,Unisex,2026-01-19 08:53:15
16397,Feminine,2026-01-19 08:53:15
16398,Feminine,2026-01-19 08:53:15
16399,Unisex,2026-01-19 08:53:15
16400,Feminine,2026-01-19 08:53:15
16401,Feminine,2026-01-19 08:53:15
16402,Feminine,2026-01-19 08:53:15
16404,Feminine,2026-01-19 08:53:15
16405,Feminine,2026-01-19 08:53:15
16406,Feminine,2026-01-19 08:53:15
16407,Feminine,2026-01-19 08:53:15
16408,Feminine,2026-01-19 08:53:15
16409,Masculine,2026-01-19 08:53:15
16410,Masculine,2026-01-19 08:53:15
16411,Feminine,2026-01-19 08:53:15
16412,Masculine,2026-01-19 08:53:15
16413,Feminine,2026-01-19 08:53:15
16414,Unisex,2026-01-19 08:53:15
16415,Feminine,2026-01-19 08:53:15
16416,Unisex,2026-01-19 08:53:15
16417,Unisex,2026-01-19 08:53:15
16418,Feminine,2026-01-19 08:53:15
16419,Masculine,2026-01-19 08:53:15
16420,Feminine,2026-01-19 08:53:15
16421,Feminine,2026-01-19 08:53:15
16422,Feminine,2026-01-19 08:53:15
16423,Feminine,2026-01-19 08:53:15
16424,Masculine,2026-01-19 08:53:15
16425,Feminine,2026-01-19 08:53:15
16426,Feminine,2026-01-19 08:53:15
16427,Masculine,2026-01-19 08:53:15
16428,Feminine,2026-01-19 08:53:15
16429,Feminine,2026-01-19 08:53:15
16430,Masculine,2026-01-19 08:53:15
16431,Unisex,2026-01-19 08:53:15
16432,Masculine,2026-01-19 08:53:15
16433,Unisex,2026-01-19 08:53:15
16434,Feminine,2026-01-19 08:53:15
16435,Feminine,2026-01-19 08:53:15
16436,Feminine,2026-01-19 08:53:15
16437,Feminine,2026-01-19 08:53:15
16438,Feminine,2026-01-19 08:53:15
16439,Feminine,2026-01-19 08:53:15
16440,Unisex,2026-01-19 08:53:15
16441,Feminine,2026-01-19 08:53:15
16442,Unisex,2026-01-19 08:53:15
16443,Feminine,2026-01-19 08:53:15
16444,Feminine,2026-01-19 08:53:15
16445,Masculine,2026-01-19 08:53:15
16448,Unisex,2026-01-19 08:53:15
16449,Feminine,2026-01-19 08:53:15
16450,Feminine,2026-01-19 08:53:15
16451,Unisex,2026-01-19 08:53:15
16452,Unisex,2026-01-19 08:53:15
16454,Feminine,2026-01-19 08:53:15
16455,Feminine,2026-01-19 08:53:15
16456,Feminine,2026-01-19 08:53:15
16457,Feminine,2026-01-19 08:53:15
16458,Feminine,2026-01-19 08:53:15
16459,Masculine,2026-01-19 08:53:15
16460,Masculine,2026-01-19 08:53:15
16461,Unisex,2026-01-19 08:53:15
16462,Unisex,2026-01-19 08:53:15
16463,Unisex,2026-01-19 08:53:15
16464,Feminine,2026-01-19 08:53:15
16465,Unisex,2026-01-19 08:53:15
16466,Unisex,2026-01-19 08:53:15
16467,Feminine,2026-01-19 08:53:15
16468,Feminine,2026-01-19 08:53:15
16469,Unisex,2026-01-19 08:53:15
16470,Feminine,2026-01-19 08:53:15
16471,Feminine,2026-01-19 08:53:15
16472,Feminine,2026-01-19 08:53:15
16473,Feminine,2026-01-19 08:53:15
16475,Unisex,2026-01-19 08:53:15
16476,Feminine,2026-01-19 08:53:15
16477,Masculine,2026-01-19 08:53:15
16478,Feminine,2026-01-19 08:53:15
16479,Feminine,2026-01-19 08:53:15
16480,Unisex,2026-01-19 08:53:15
16481,Masculine,2026-01-19 08:53:15
16482,Unisex,2026-01-19 08:53:15
16483,Unisex,2026-01-19 08:53:15
16484,Unisex,2026-01-19 08:53:15
16485,Feminine,2026-01-19 08:53:15
16486,Feminine,2026-01-19 08:53:15
16487,Feminine,2026-01-19 08:53:15
16488,Masculine,2026-01-19 08:53:15
16489,Feminine,2026-01-19 08:53:15
16491,Feminine,2026-01-19 08:53:15
16492,Feminine,2026-01-19 08:53:15
16493,Feminine,2026-01-19 08:53:15
16494,Feminine,2026-01-19 08:53:15
16495,Feminine,2026-01-19 08:53:15
16496,Feminine,2026-01-19 08:53:15
16497,Masculine,2026-01-19 08:53:15
16498,Feminine,2026-01-19 08:53:15
16499,Masculine,2026-01-19 08:53:15
16500,Unisex,2026-01-19 08:53:15
16501,Feminine,2026-01-19 08:53:15
16502,Feminine,2026-01-19 08:53:15
16503,Unisex,2026-01-19 08:53:15
16504,Unisex,2026-01-19 08:53:15
16505,Unisex,2026-01-19 08:53:15
16506,Feminine,2026-01-19 08:53:15
16507,Feminine,2026-01-19 08:53:15
16508,Feminine,2026-01-19 08:53:15
16509,Feminine,2026-01-19 08:53:15
16510,Masculine,2026-01-19 08:53:15
16511,Feminine,2026-01-19 08:53:15
16512,Feminine,2026-01-19 08:53:15
16513,Feminine,2026-01-19 08:53:15
16514,Feminine,2026-01-19 08:53:15
16515,Unisex,2026-01-19 08:53:15
16517,Unisex,2026-01-19 08:53:15
16518,Unisex,2026-01-19 08:53:15
16519,Feminine,2026-01-19 08:53:15
16520,Feminine,2026-01-19 08:53:15
16521,Unisex,2026-01-19 08:53:15
16523,Unisex,2026-01-19 08:53:15
16524,Feminine,2026-01-19 08:53:15
16525,Feminine,2026-01-19 08:53:15
16526,Unisex,2026-01-19 08:53:15
16527,Feminine,2026-01-19 08:53:15
16528,Feminine,2026-01-19 08:53:15
16529,Feminine,2026-01-19 08:53:15
16530,Unisex,2026-01-19 08:53:15
16531,Feminine,2026-01-19 08:53:15
16532,Masculine,2026-01-19 08:53:15
16533,Feminine,2026-01-19 08:53:15
16534,Feminine,2026-01-19 08:53:15
16535,Feminine,2026-01-19 08:53:15
16536,Feminine,2026-01-19 08:53:15
16537,Feminine,2026-01-19 08:53:15
16538,Feminine,2026-01-19 08:53:15
16539,Feminine,2026-01-19 08:53:15
16540,Feminine,2026-01-19 08:53:15
16541,Feminine,2026-01-19 08:53:15
16542,Unisex,2026-01-19 08:53:15
16543,Unisex,2026-01-19 08:53:15
16544,Feminine,2026-01-19 08:53:15
16545,Feminine,2026-01-19 08:53:15
16546,Unisex,2026-01-19 08:53:15
16547,Masculine,2026-01-19 08:53:15
16548,Feminine,2026-01-19 08:53:15
16549,Masculine,2026-01-19 08:53:15
16550,Feminine,2026-01-19 08:53:15
16551,Unisex,2026-01-19 08:53:15
16552,Feminine,2026-01-19 08:53:15
16553,Feminine,2026-01-19 08:53:15
16554,Feminine,2026-01-19 08:53:15
16555,Feminine,2026-01-19 08:53:15
16556,Feminine,2026-01-19 08:53:15
16557,Feminine,2026-01-19 08:53:15
16558,Feminine,2026-01-19 08:53:15
16559,Masculine,2026-01-19 08:53:15
16560,Unisex,2026-01-19 08:53:15
16561,Unisex,2026-01-19 08:53:15
16562,Feminine,2026-01-19 08:53:15
16563,Masculine,2026-01-19 08:53:15
16564,Unisex,2026-01-19 08:53:15
16565,Feminine,2026-01-19 08:53:15
16566,Feminine,2026-01-19 08:53:15
16567,Feminine,2026-01-19 08:53:15
16568,Masculine,2026-01-19 08:53:15
16569,Feminine,2026-01-19 08:53:15
16570,Feminine,2026-01-19 08:53:15
16571,Feminine,2026-01-19 08:53:15
16572,Feminine,2026-01-19 08:53:15
16573,Feminine,2026-01-19 08:53:15
16574,Feminine,2026-01-19 08:53:15
16575,Feminine,2026-01-19 08:53:15
16576,Feminine,2026-01-19 08:53:15
16577,Unisex,2026-01-19 08:53:15
16578,Feminine,2026-01-19 08:53:15
16579,Feminine,2026-01-19 08:53:15
16580,Feminine,2026-01-19 08:53:15
16581,Feminine,2026-01-19 08:53:15
16582,Feminine,2026-01-19 08:53:15
16583,Feminine,2026-01-19 08:53:15
16584,Feminine,2026-01-19 08:53:15
16585,Feminine,2026-01-19 08:53:15
16586,Unisex,2026-01-19 08:53:15
16587,Masculine,2026-01-19 08:53:15
16588,Feminine,2026-01-19 08:53:15
16589,Feminine,2026-01-19 08:53:15
16591,Feminine,2026-01-19 08:53:15
16592,Feminine,2026-01-19 08:53:15
16593,Masculine,2026-01-19 08:53:15
16594,Masculine,2026-01-19 08:53:15
16595,Feminine,2026-01-19 08:53:15
16596,Feminine,2026-01-19 08:53:15
16597,Feminine,2026-01-19 08:53:15
16598,Unisex,2026-01-19 08:53:15
16599,Feminine,2026-01-19 08:53:15
16600,Feminine,2026-01-19 08:53:15
16601,Feminine,2026-01-19 08:53:15
16603,Feminine,2026-01-19 08:53:15
16604,Feminine,2026-01-19 08:53:15
16605,Feminine,2026-01-19 08:53:15
16606,Feminine,2026-01-19 08:53:15
16607,Unisex,2026-01-19 08:53:15
16608,Feminine,2026-01-19 08:53:15
16609,Feminine,2026-01-19 08:53:15
16610,Feminine,2026-01-19 08:53:15
16611,Feminine,2026-01-19 08:53:15
16612,Feminine,2026-01-19 08:53:15
16613,Masculine,2026-01-19 08:53:15
16614,Feminine,2026-01-19 08:53:15
16615,Feminine,2026-01-19 08:53:15
16616,Unisex,2026-01-19 08:53:15
16617,Unisex,2026-01-19 08:53:15
16618,Masculine,2026-01-19 08:53:15
16619,Feminine,2026-01-19 08:53:15
16620,Feminine,2026-01-19 08:53:15
16621,Feminine,2026-01-19 08:53:15
16622,Feminine,2026-01-19 08:53:15
16623,Unisex,2026-01-19 08:53:15
16624,Feminine,2026-01-19 08:53:15
16625,Unisex,2026-01-19 08:53:15
16626,Unisex,2026-01-19 08:53:15
16627,Feminine,2026-01-19 08:53:15
16628,Feminine,2026-01-19 08:53:15
16629,Feminine,2026-01-19 08:53:15
16630,Unisex,2026-01-19 08:53:15
16631,Feminine,2026-01-19 08:53:15
16632,Feminine,2026-01-19 08:53:15
16633,Feminine,2026-01-19 08:53:15
16635,Feminine,2026-01-19 08:53:15
16636,Feminine,2026-01-19 08:53:15
16637,Feminine,2026-01-19 08:53:15
16638,Feminine,2026-01-19 08:53:15
16639,Feminine,2026-01-19 08:53:15
16640,Feminine,2026-01-19 08:53:15
16641,Feminine,2026-01-19 08:53:15
16642,Masculine,2026-01-19 08:53:15
16643,Feminine,2026-01-19 08:53:15
16644,Masculine,2026-01-19 08:53:15
16645,Feminine,2026-01-19 08:53:15
16646,Feminine,2026-01-19 08:53:15
16648,Feminine,2026-01-19 08:53:15
16649,Feminine,2026-01-19 08:53:15
16650,Feminine,2026-01-19 08:53:15
16651,Feminine,2026-01-19 08:53:15
16652,Feminine,2026-01-19 08:53:15
16654,Unisex,2026-01-19 08:53:15
16655,Unisex,2026-01-19 08:53:15
16656,Masculine,2026-01-19 08:53:15
16658,Feminine,2026-01-19 08:53:15
16661,Feminine,2026-01-19 08:53:15
16662,Feminine,2026-01-19 08:53:15
16664,Feminine,2026-01-19 08:53:15
16668,Unisex,2026-01-19 08:53:15
16671,Feminine,2026-01-19 08:53:15
16673,Feminine,2026-01-19 08:53:15
16681,Feminine,2026-01-19 08:53:15
16686,Feminine,2026-01-19 08:53:15
16753,Masculine,2026-01-19 08:53:15
16872,Masculine,2026-01-19 08:53:15
16873,Masculine,2026-01-19 08:53:15
16874,Masculine,2026-01-19 08:53:15
16875,Masculine,2026-01-19 08:53:15
16876,Unisex,2026-01-19 08:53:15
16877,Masculine,2026-01-19 08:53:15
16878,Feminine,2026-01-19 08:53:15
16879,Feminine,2026-01-19 08:53:15
16880,Feminine,2026-01-19 08:53:15
16881,Masculine,2026-01-19 08:53:15
16882,Feminine,2026-01-19 08:53:15
16883,Masculine,2026-01-19 08:53:15
16884,Feminine,2026-01-19 08:53:15
16885,Masculine,2026-01-19 08:53:15
16886,Masculine,2026-01-19 08:53:15
16887,Masculine,2026-01-19 08:53:15
16888,Feminine,2026-01-19 08:53:15
16890,Feminine,2026-01-19 08:53:15
16891,Feminine,2026-01-19 08:53:15
16912,Feminine,2026-01-19 08:53:15
16913,Feminine,2026-01-19 08:53:15
16914,Feminine,2026-01-19 08:53:15
16915,Feminine,2026-01-19 08:53:15
16916,Feminine,2026-01-19 08:53:15
16917,Feminine,2026-01-19 08:53:15
16919,Feminine,2026-01-19 08:53:15
16920,Masculine,2026-01-19 08:53:15
16921,Feminine,2026-01-19 08:53:15
16922,Masculine,2026-01-19 08:53:15
16923,Feminine,2026-01-19 08:53:15
16924,Feminine,2026-01-19 08:53:15
16925,Masculine,2026-01-19 08:53:15
16926,Feminine,2026-01-19 08:53:15
16927,Feminine,2026-01-19 08:53:15
16928,Masculine,2026-01-19 08:53:15
16929,Masculine,2026-01-19 08:53:15
16930,Feminine,2026-01-19 08:53:15
16931,Feminine,2026-01-19 08:53:15
16932,Masculine,2026-01-19 08:53:15
16933,Masculine,2026-01-19 08:53:15
16934,Feminine,2026-01-19 08:53:15
16935,Masculine,2026-01-19 08:53:15
16936,Masculine,2026-01-19 08:53:15
16937,Feminine,2026-01-19 08:53:15
16938,Unisex,2026-01-19 08:53:15
16939,Masculine,2026-01-19 08:53:15
16940,Feminine,2026-01-19 08:53:15
16941,Feminine,2026-01-19 08:53:15
16942,Feminine,2026-01-19 08:53:15
16943,Feminine,2026-01-19 08:53:15
16944,Feminine,2026-01-19 08:53:15
16945,Feminine,2026-01-19 08:53:15
16946,Feminine,2026-01-19 08:53:15
16947,Feminine,2026-01-19 08:53:15
16948,Feminine,2026-01-19 08:53:15
16949,Feminine,2026-01-19 08:53:15
16950,Feminine,2026-01-19 08:53:15
16951,Feminine,2026-01-19 08:53:15
16972,Masculine,2026-01-19 08:53:15
16973,Masculine,2026-01-19 08:53:15
16974,Feminine,2026-01-19 08:53:15
16975,Feminine,2026-01-19 08:53:15
16976,Feminine,2026-01-19 08:53:15
16977,Feminine,2026-01-19 08:53:15
16978,Feminine,2026-01-19 08:53:15
16979,Feminine,2026-01-19 08:53:15
16980,Feminine,2026-01-19 08:53:15
16981,Unisex,2026-01-19 08:53:15
16982,Feminine,2026-01-19 08:53:15
16983,Feminine,2026-01-19 08:53:15
16986,Feminine,2026-01-19 08:53:15
16987,Unisex,2026-01-19 08:53:15
16988,Feminine,2026-01-19 08:53:15
16990,Feminine,2026-01-19 08:53:15
17012,Feminine,2026-01-19 08:53:15
17013,Unisex,2026-01-19 08:53:15
17016,Unisex,2026-01-19 08:53:15
17018,Feminine,2026-01-19 08:53:15
17022,Feminine,2026-01-19 08:53:15
17051,Feminine,2026-01-19 08:53:15
17053,Feminine,2026-01-19 08:53:15
17103,Masculine,2026-01-19 08:53:15
17104,Feminine,2026-01-19 08:53:15
17105,Masculine,2026-01-19 08:53:15
17106,Feminine,2026-01-19 08:53:15
17107,Masculine,2026-01-19 08:53:15
17108,Masculine,2026-01-19 08:53:15
17109,Masculine,2026-01-19 08:53:15
17110,Masculine,2026-01-19 08:53:15
17111,Masculine,2026-01-19 08:53:15
17112,Masculine,2026-01-19 08:53:15
17113,Feminine,2026-01-19 08:53:15
17114,Masculine,2026-01-19 08:53:15
17115,Masculine,2026-01-19 08:53:15
17116,Masculine,2026-01-19 08:53:15
17117,Feminine,2026-01-19 08:53:15
17118,Feminine,2026-01-19 08:53:15
17119,Masculine,2026-01-19 08:53:15
17120,Masculine,2026-01-19 08:53:15
17121,Masculine,2026-01-19 08:53:15
17122,Feminine,2026-01-19 08:53:15
17123,Masculine,2026-01-19 08:53:15
17124,Masculine,2026-01-19 08:53:15
17125,Masculine,2026-01-19 08:53:15
17126,Feminine,2026-01-19 08:53:15
17127,Masculine,2026-01-19 08:53:15
17128,Masculine,2026-01-19 08:53:15
17129,Feminine,2026-01-19 08:53:15
17130,Feminine,2026-01-19 08:53:15
17131,Feminine,2026-01-19 08:53:15
17132,Masculine,2026-01-19 08:53:15
17133,Masculine,2026-01-19 08:53:15
17134,Masculine,2026-01-19 08:53:15
17135,Feminine,2026-01-19 08:53:15
17136,Feminine,2026-01-19 08:53:15
17137,Feminine,2026-01-19 08:53:15
17138,Masculine,2026-01-19 08:53:15
17139,Feminine,2026-01-19 08:53:15
17140,Feminine,2026-01-19 08:53:15
17141,Feminine,2026-01-19 08:53:15
17142,Feminine,2026-01-19 08:53:15
17143,Masculine,2026-01-19 08:53:15
17144,Feminine,2026-01-19 08:53:15
17145,Masculine,2026-01-19 08:53:15
17146,Feminine,2026-01-19 08:53:15
17148,Masculine,2026-01-19 08:53:15
17149,Masculine,2026-01-19 08:53:15
17150,Masculine,2026-01-19 08:53:15
17152,Feminine,2026-01-19 08:53:15
17153,Feminine,2026-01-19 08:53:15
17154,Feminine,2026-01-19 08:53:15
17155,Masculine,2026-01-19 08:53:15
17156,Masculine,2026-01-19 08:53:15
17158,Feminine,2026-01-19 08:53:15
17159,Masculine,2026-01-19 08:53:15
17231,Unisex,2026-01-19 08:53:15
17232,Unisex,2026-01-19 08:53:15
17233,Unisex,2026-01-19 08:53:15
17234,Unisex,2026-01-19 08:53:15
17235,Masculine,2026-01-19 08:53:15
17236,Unisex,2026-01-19 08:53:15
17237,Masculine,2026-01-19 08:53:15
17238,Feminine,2026-01-19 08:53:15
17239,Masculine,2026-01-19 08:53:15
17240,Masculine,2026-01-19 08:53:15
17241,Masculine,2026-01-19 08:53:15
17242,Unisex,2026-01-19 08:53:15
17243,Unisex,2026-01-19 08:53:15
17244,Unisex,2026-01-19 08:53:15
17245,Unisex,2026-01-19 08:53:15
17246,Unisex,2026-01-19 08:53:15
17247,Unisex,2026-01-19 08:53:15
17248,Feminine,2026-01-19 08:53:15
17249,Unisex,2026-01-19 08:53:15
17250,Unisex,2026-01-19 08:53:15
17251,Feminine,2026-01-19 08:53:15
17252,Feminine,2026-01-19 08:53:15
17253,Unisex,2026-01-19 08:53:15
17254,Feminine,2026-01-19 08:53:15
17255,Unisex,2026-01-19 08:53:15
17256,Unisex,2026-01-19 08:53:15
17257,Unisex,2026-01-19 08:53:15
17258,Unisex,2026-01-19 08:53:15
17259,Unisex,2026-01-19 08:53:15
17260,Unisex,2026-01-19 08:53:15
17261,Feminine,2026-01-19 08:53:15
17262,Feminine,2026-01-19 08:53:15
17263,Unisex,2026-01-19 08:53:15
17264,Unisex,2026-01-19 08:53:15
17265,Masculine,2026-01-19 08:53:15
17266,Unisex,2026-01-19 08:53:15
17267,Unisex,2026-01-19 08:53:15
17268,Unisex,2026-01-19 08:53:15
17269,Feminine,2026-01-19 08:53:15
17270,Unisex,2026-01-19 08:53:15
17271,Masculine,2026-01-19 08:53:15
17272,Feminine,2026-01-19 08:53:15
17273,Unisex,2026-01-19 08:53:15
17274,Feminine,2026-01-19 08:53:15
17275,Feminine,2026-01-19 08:53:15
17276,Feminine,2026-01-19 08:53:15
17277,Unisex,2026-01-19 08:53:15
17278,Feminine,2026-01-19 08:53:15
17279,Feminine,2026-01-19 08:53:15
17282,Unisex,2026-01-19 08:53:15
17291,Unisex,2026-01-19 08:53:15
17293,Unisex,2026-01-19 08:53:15
17295,Feminine,2026-01-19 08:53:15
17296,Feminine,2026-01-19 08:53:15
17298,Unisex,2026-01-19 08:53:15
17299,Unisex,2026-01-19 08:53:15
17301,Feminine,2026-01-19 08:53:15
17302,Unisex,2026-01-19 08:53:15
17304,Feminine,2026-01-19 08:53:15
17305,Feminine,2026-01-19 08:53:15
17306,Feminine,2026-01-19 08:53:15
17308,Unisex,2026-01-19 08:53:15
17326,Unisex,2026-01-19 08:53:15
17327,Feminine,2026-01-19 08:53:15
17328,Unisex,2026-01-19 08:53:15
17331,Feminine,2026-01-19 08:53:15
17332,Feminine,2026-01-19 08:53:15
17333,Feminine,2026-01-19 08:53:15
17336,Feminine,2026-01-19 08:53:15
17338,Feminine,2026-01-19 08:53:15
17339,Unisex,2026-01-19 08:53:15
17341,Unisex,2026-01-19 08:53:15
17344,Unisex,2026-01-19 08:53:15
17345,Unisex,2026-01-19 08:53:15
17348,Unisex,2026-01-19 08:53:15
17350,Feminine,2026-01-19 08:53:15
17351,Unisex,2026-01-19 08:53:15
17352,Unisex,2026-01-19 08:53:15
17353,Feminine,2026-01-19 08:53:15
17354,Feminine,2026-01-19 08:53:15
17356,Unisex,2026-01-19 08:53:15
17357,Unisex,2026-01-19 08:53:15
17358,Unisex,2026-01-19 08:53:15
17359,Unisex,2026-01-19 08:53:15
17362,Unisex,2026-01-19 08:53:15
17363,Feminine,2026-01-19 08:53:15
17364,Unisex,2026-01-19 08:53:15
17366,Unisex,2026-01-19 08:53:15
17368,Unisex,2026-01-19 08:53:15
17370,Feminine,2026-01-19 08:53:15
17376,Unisex,2026-01-19 08:53:15
17377,Unisex,2026-01-19 08:53:15
17379,Unisex,2026-01-19 08:53:15
17382,Unisex,2026-01-19 08:53:15
17431,Unisex,2026-01-19 08:53:15
17614,Unisex,2026-01-19 08:53:15
17615,Masculine,2026-01-19 08:53:15
17616,Feminine,2026-01-19 08:53:15
17617,Feminine,2026-01-19 08:53:15
17618,Unisex,2026-01-19 08:53:15
17619,Unisex,2026-01-19 08:53:15
17620,Unisex,2026-01-19 08:53:15
17621,Unisex,2026-01-19 08:53:15
17622,Unisex,2026-01-19 08:53:15
17623,Masculine,2026-01-19 08:53:15
17624,Unisex,2026-01-19 08:53:15
17625,Unisex,2026-01-19 08:53:15
17626,Unisex,2026-01-19 08:53:15
17627,Feminine,2026-01-19 08:53:15
17628,Feminine,2026-01-19 08:53:15
17629,Feminine,2026-01-19 08:53:15
17630,Unisex,2026-01-19 08:53:15
17631,Unisex,2026-01-19 08:53:15
17632,Unisex,2026-01-19 08:53:15
17633,Feminine,2026-01-19 08:53:15
17634,Feminine,2026-01-19 08:53:15
17635,Unisex,2026-01-19 08:53:15
17636,Feminine,2026-01-19 08:53:15
17637,Masculine,2026-01-19 08:53:15
17638,Unisex,2026-01-19 08:53:15
17639,Feminine,2026-01-19 08:53:15
17640,Feminine,2026-01-19 08:53:15
17641,Unisex,2026-01-19 08:53:15
17642,Feminine,2026-01-19 08:53:15
17643,Feminine,2026-01-19 08:53:15
17644,Unisex,2026-01-19 08:53:15
17645,Feminine,2026-01-19 08:53:15
17646,Unisex,2026-01-19 08:53:15
17647,Masculine,2026-01-19 08:53:15
17660,Unisex,2026-01-19 08:53:15
17662,Unisex,2026-01-19 08:53:15
17663,Unisex,2026-01-19 08:53:15
17664,Unisex,2026-01-19 08:53:15
17665,Unisex,2026-01-19 08:53:15
17667,Unisex,2026-01-19 08:53:15
17668,Masculine,2026-01-19 08:53:15
17669,Feminine,2026-01-19 08:53:15
17670,Masculine,2026-01-19 08:53:15
17671,Unisex,2026-01-19 08:53:15
17672,Masculine,2026-01-19 08:53:15
17673,Unisex,2026-01-19 08:53:15
17674,Unisex,2026-01-19 08:53:15
17675,Unisex,2026-01-19 08:53:15
17676,Masculine,2026-01-19 08:53:15
17677,Unisex,2026-01-19 08:53:15
17678,Unisex,2026-01-19 08:53:15
17679,Unisex,2026-01-19 08:53:15
17680,Feminine,2026-01-19 08:53:15
17681,Masculine,2026-01-19 08:53:15
17682,Unisex,2026-01-19 08:53:15
17683,Masculine,2026-01-19 08:53:15
17684,Unisex,2026-01-19 08:53:15
17685,Unisex,2026-01-19 08:53:15
17686,Unisex,2026-01-19 08:53:15
17687,Masculine,2026-01-19 08:53:15
17688,Masculine,2026-01-19 08:53:15
17689,Unisex,2026-01-19 08:53:15
17690,Unisex,2026-01-19 08:53:15
17691,Unisex,2026-01-19 08:53:15
17694,Unisex,2026-01-19 08:53:15
17760,Feminine,2026-01-19 08:53:15
17761,Feminine,2026-01-19 08:53:15
17762,Feminine,2026-01-19 08:53:15
17763,Feminine,2026-01-19 08:53:15
17765,Feminine,2026-01-19 08:53:15
17766,Feminine,2026-01-19 08:53:15
17767,Masculine,2026-01-19 08:53:15
17768,Feminine,2026-01-19 08:53:15
17769,Feminine,2026-01-19 08:53:15
17770,Feminine,2026-01-19 08:53:15
17771,Feminine,2026-01-19 08:53:15
17773,Feminine,2026-01-19 08:53:15
17775,Masculine,2026-01-19 08:53:15
17776,Feminine,2026-01-19 08:53:15
17777,Masculine,2026-01-19 08:53:15
17778,Unisex,2026-01-19 08:53:15
17779,Feminine,2026-01-19 08:53:15
17780,Feminine,2026-01-19 08:53:15
17781,Feminine,2026-01-19 08:53:15
17782,Feminine,2026-01-19 08:53:15
17784,Feminine,2026-01-19 08:53:15
17785,Feminine,2026-01-19 08:53:15
17786,Feminine,2026-01-19 08:53:15
17787,Feminine,2026-01-19 08:53:15
17788,Feminine,2026-01-19 08:53:15
17789,Feminine,2026-01-19 08:53:15
17790,Unisex,2026-01-19 08:53:15
17791,Feminine,2026-01-19 08:53:15
17793,Feminine,2026-01-19 08:53:15
17794,Unisex,2026-01-19 08:53:15
17795,Feminine,2026-01-19 08:53:15
17796,Unisex,2026-01-19 08:53:15
17797,Unisex,2026-01-19 08:53:15
17798,Feminine,2026-01-19 08:53:15
17799,Feminine,2026-01-19 08:53:15
17801,Feminine,2026-01-19 08:53:15
17804,Unisex,2026-01-19 08:53:15
17889,Masculine,2026-01-19 08:53:15
17890,Unisex,2026-01-19 08:53:15
17891,Masculine,2026-01-19 08:53:15
17892,Feminine,2026-01-19 08:53:15
17893,Feminine,2026-01-19 08:53:15
17894,Unisex,2026-01-19 08:53:15
17895,Unisex,2026-01-19 08:53:15
17896,Unisex,2026-01-19 08:53:15
17897,Feminine,2026-01-19 08:53:15
17898,Masculine,2026-01-19 08:53:15
17899,Unisex,2026-01-19 08:53:15
17900,Feminine,2026-01-19 08:53:15
17901,Masculine,2026-01-19 08:53:15
17902,Feminine,2026-01-19 08:53:15
17903,Unisex,2026-01-19 08:53:15
17904,Unisex,2026-01-19 08:53:15
17905,Feminine,2026-01-19 08:53:15
17906,Masculine,2026-01-19 08:53:15
17907,Unisex,2026-01-19 08:53:15
17908,Unisex,2026-01-19 08:53:15
17909,Unisex,2026-01-19 08:53:15
17910,Unisex,2026-01-19 08:53:15
17911,Feminine,2026-01-19 08:53:15
17912,Feminine,2026-01-19 08:53:15
17913,Unisex,2026-01-19 08:53:15
17914,Feminine,2026-01-19 08:53:15
17915,Feminine,2026-01-19 08:53:15
17916,Masculine,2026-01-19 08:53:15
17917,Feminine,2026-01-19 08:53:15
17918,Unisex,2026-01-19 08:53:15
17919,Unisex,2026-01-19 08:53:15
17920,Feminine,2026-01-19 08:53:15
17921,Unisex,2026-01-19 08:53:15
17922,Unisex,2026-01-19 08:53:15
17923,Unisex,2026-01-19 08:53:15
17924,Unisex,2026-01-19 08:53:15
17925,Feminine,2026-01-19 08:53:15
17926,Unisex,2026-01-19 08:53:15
17927,Unisex,2026-01-19 08:53:15
17928,Unisex,2026-01-19 08:53:15
17929,Masculine,2026-01-19 08:53:15
17930,Unisex,2026-01-19 08:53:15
17931,Unisex,2026-01-19 08:53:15
17932,Unisex,2026-01-19 08:53:15
17933,Unisex,2026-01-19 08:53:15
17935,Unisex,2026-01-19 08:53:15
17936,Unisex,2026-01-19 08:53:15
17937,Feminine,2026-01-19 08:53:15
17980,Masculine,2026-01-19 08:53:15
17981,Masculine,2026-01-19 08:53:15
17982,Unisex,2026-01-19 08:53:15
17983,Unisex,2026-01-19 08:53:15
17984,Masculine,2026-01-19 08:53:15
17985,Unisex,2026-01-19 08:53:15
17986,Masculine,2026-01-19 08:53:15
17987,Unisex,2026-01-19 08:53:15
17988,Unisex,2026-01-19 08:53:15
17989,Unisex,2026-01-19 08:53:15
17990,Feminine,2026-01-19 08:53:15
17991,Unisex,2026-01-19 08:53:15
17992,Feminine,2026-01-19 08:53:15
17993,Masculine,2026-01-19 08:53:15
17994,Masculine,2026-01-19 08:53:15
17995,Masculine,2026-01-19 08:53:15
17996,Masculine,2026-01-19 08:53:15
17997,Unisex,2026-01-19 08:53:15
17998,Masculine,2026-01-19 08:53:15
17999,Unisex,2026-01-19 08:53:15
18000,Feminine,2026-01-19 08:53:15
18001,Unisex,2026-01-19 08:53:15
18002,Feminine,2026-01-19 08:53:15
18003,Masculine,2026-01-19 08:53:15
18004,Masculine,2026-01-19 08:53:15
18005,Feminine,2026-01-19 08:53:15
18006,Feminine,2026-01-19 08:53:15
18007,Feminine,2026-01-19 08:53:15
18008,Unisex,2026-01-19 08:53:15
18009,Unisex,2026-01-19 08:53:15
18010,Unisex,2026-01-19 08:53:15
18011,Unisex,2026-01-19 08:53:15
18012,Unisex,2026-01-19 08:53:15
18013,Feminine,2026-01-19 08:53:15
18014,Masculine,2026-01-19 08:53:15
18015,Masculine,2026-01-19 08:53:15
18016,Feminine,2026-01-19 08:53:15
18017,Unisex,2026-01-19 08:53:15
18018,Unisex,2026-01-19 08:53:15
18019,Masculine,2026-01-19 08:53:15
18020,Feminine,2026-01-19 08:53:15
18021,Feminine,2026-01-19 08:53:15
18022,Unisex,2026-01-19 08:53:15
18023,Unisex,2026-01-19 08:53:15
18024,Feminine,2026-01-19 08:53:15
18025,Unisex,2026-01-19 08:53:15
18026,Masculine,2026-01-19 08:53:15
18027,Masculine,2026-01-19 08:53:15
18028,Unisex,2026-01-19 08:53:15
18029,Masculine,2026-01-19 08:53:15
18030,Unisex,2026-01-19 08:53:15
18031,Unisex,2026-01-19 08:53:15
18032,Unisex,2026-01-19 08:53:15
18033,Unisex,2026-01-19 08:53:15
18034,Unisex,2026-01-19 08:53:15
18035,Unisex,2026-01-19 08:53:15
18036,Feminine,2026-01-19 08:53:15
18037,Feminine,2026-01-19 08:53:15
18038,Unisex,2026-01-19 08:53:15
18039,Masculine,2026-01-19 08:53:15
18040,Unisex,2026-01-19 08:53:15
18041,Feminine,2026-01-19 08:53:15
18042,Unisex,2026-01-19 08:53:15
18043,Feminine,2026-01-19 08:53:15
18044,Feminine,2026-01-19 08:53:15
18045,Unisex,2026-01-19 08:53:15
18046,Feminine,2026-01-19 08:53:15
18047,Feminine,2026-01-19 08:53:15
18048,Unisex,2026-01-19 08:53:15
18049,Unisex,2026-01-19 08:53:15
18050,Unisex,2026-01-19 08:53:15
18051,Unisex,2026-01-19 08:53:15
18052,Unisex,2026-01-19 08:53:15
18053,Unisex,2026-01-19 08:53:15
18055,Unisex,2026-01-19 08:53:15
18056,Unisex,2026-01-19 08:53:15
18057,Unisex,2026-01-19 08:53:15
18058,Unisex,2026-01-19 08:53:15
18059,Feminine,2026-01-19 08:53:15
18060,Feminine,2026-01-19 08:53:15
18061,Unisex,2026-01-19 08:53:15
18062,Unisex,2026-01-19 08:53:15
18063,Unisex,2026-01-19 08:53:15
18064,Unisex,2026-01-19 08:53:15
18065,Feminine,2026-01-19 08:53:15
18066,Feminine,2026-01-19 08:53:15
18069,Feminine,2026-01-19 08:53:15
18076,Masculine,2026-01-19 08:53:15
18077,Masculine,2026-01-19 08:53:15
18078,Masculine,2026-01-19 08:53:15
18079,Masculine,2026-01-19 08:53:15
18080,Masculine,2026-01-19 08:53:15
18081,Masculine,2026-01-19 08:53:15
18082,Masculine,2026-01-19 08:53:15
18083,Masculine,2026-01-19 08:53:15
18084,Masculine,2026-01-19 08:53:15
18085,Masculine,2026-01-19 08:53:15
18086,Feminine,2026-01-19 08:53:15
18087,Feminine,2026-01-19 08:53:15
18088,Feminine,2026-01-19 08:53:15
18089,Masculine,2026-01-19 08:53:15
18090,Feminine,2026-01-19 08:53:15
18091,Masculine,2026-01-19 08:53:15
18092,Feminine,2026-01-19 08:53:15
18093,Feminine,2026-01-19 08:53:15
18094,Feminine,2026-01-19 08:53:15
18095,Feminine,2026-01-19 08:53:15
18096,Feminine,2026-01-19 08:53:15
18097,Feminine,2026-01-19 08:53:15
18098,Masculine,2026-01-19 08:53:15
18099,Feminine,2026-01-19 08:53:15
18100,Feminine,2026-01-19 08:53:15
18101,Masculine,2026-01-19 08:53:15
18102,Feminine,2026-01-19 08:53:15
18103,Feminine,2026-01-19 08:53:15
18104,Masculine,2026-01-19 08:53:15
18105,Masculine,2026-01-19 08:53:15
18106,Feminine,2026-01-19 08:53:15
18107,Feminine,2026-01-19 08:53:15
18108,Feminine,2026-01-19 08:53:15
18110,Feminine,2026-01-19 08:53:15
18111,Unisex,2026-01-19 08:53:15
18112,Feminine,2026-01-19 08:53:15
18113,Feminine,2026-01-19 08:53:15
18114,Unisex,2026-01-19 08:53:15
18115,Unisex,2026-01-19 08:53:15
18116,Feminine,2026-01-19 08:53:15
18117,Masculine,2026-01-19 08:53:15
18118,Unisex,2026-01-19 08:53:15
18119,Feminine,2026-01-19 08:53:15
18120,Unisex,2026-01-19 08:53:15
18121,Feminine,2026-01-19 08:53:15
18122,Feminine,2026-01-19 08:53:15
18123,Masculine,2026-01-19 08:53:15
18124,Unisex,2026-01-19 08:53:15
18128,Feminine,2026-01-19 08:53:15
18131,Feminine,2026-01-19 08:53:15
18180,Masculine,2026-01-19 08:53:15
18181,Masculine,2026-01-19 08:53:15
18182,Masculine,2026-01-19 08:53:15
18183,Feminine,2026-01-19 08:53:15
18184,Masculine,2026-01-19 08:53:15
18185,Masculine,2026-01-19 08:53:15
18186,Masculine,2026-01-19 08:53:15
18187,Masculine,2026-01-19 08:53:15
18188,Feminine,2026-01-19 08:53:15
18189,Feminine,2026-01-19 08:53:15
18191,Masculine,2026-01-19 08:53:15
18192,Feminine,2026-01-19 08:53:15
18193,Feminine,2026-01-19 08:53:15
18194,Feminine,2026-01-19 08:53:15
18195,Feminine,2026-01-19 08:53:15
18196,Feminine,2026-01-19 08:53:15
18197,Masculine,2026-01-19 08:53:15
18198,Masculine,2026-01-19 08:53:15
18199,Feminine,2026-01-19 08:53:15
18200,Masculine,2026-01-19 08:53:15
18201,Masculine,2026-01-19 08:53:15
18202,Feminine,2026-01-19 08:53:15
18203,Masculine,2026-01-19 08:53:15
18204,Feminine,2026-01-19 08:53:15
18205,Feminine,2026-01-19 08:53:15
18206,Feminine,2026-01-19 08:53:15
18207,Feminine,2026-01-19 08:53:15
18208,Feminine,2026-01-19 08:53:15
18210,Unisex,2026-01-19 08:53:15
18211,Feminine,2026-01-19 08:53:15
18212,Feminine,2026-01-19 08:53:15
18213,Masculine,2026-01-19 08:53:15
18215,Feminine,2026-01-19 08:53:15
18216,Feminine,2026-01-19 08:53:15
18218,Unisex,2026-01-19 08:53:15
18219,Feminine,2026-01-19 08:53:15
18220,Masculine,2026-01-19 08:53:15
18221,Unisex,2026-01-19 08:53:15
18222,Feminine,2026-01-19 08:53:15
18223,Feminine,2026-01-19 08:53:15
18224,Feminine,2026-01-19 08:53:15
18225,Unisex,2026-01-19 08:53:15
18226,Feminine,2026-01-19 08:53:15
18227,Feminine,2026-01-19 08:53:15
18231,Feminine,2026-01-19 08:53:15
18266,Masculine,2026-01-19 08:53:15
18267,Unisex,2026-01-19 08:53:15
18268,Masculine,2026-01-19 08:53:15
18270,Masculine,2026-01-19 08:53:15
18271,Unisex,2026-01-19 08:53:15
18272,Masculine,2026-01-19 08:53:15
18274,Masculine,2026-01-19 08:53:15
18275,Unisex,2026-01-19 08:53:15
18276,Unisex,2026-01-19 08:53:15
18277,Unisex,2026-01-19 08:53:15
18278,Unisex,2026-01-19 08:53:15
18279,Unisex,2026-01-19 08:53:15
18280,Masculine,2026-01-19 08:53:15
18281,Masculine,2026-01-19 08:53:15
18282,Masculine,2026-01-19 08:53:15
18283,Unisex,2026-01-19 08:53:15
18284,Unisex,2026-01-19 08:53:15
18285,Feminine,2026-01-19 08:53:15
18286,Unisex,2026-01-19 08:53:15
18287,Masculine,2026-01-19 08:53:15
18289,Unisex,2026-01-19 08:53:15
18290,Feminine,2026-01-19 08:53:15
18291,Unisex,2026-01-19 08:53:15
18292,Unisex,2026-01-19 08:53:15
18293,Feminine,2026-01-19 08:53:15
18294,Unisex,2026-01-19 08:53:15
18295,Unisex,2026-01-19 08:53:15
18296,Masculine,2026-01-19 08:53:15
18297,Unisex,2026-01-19 08:53:15
18298,Unisex,2026-01-19 08:53:15
18299,Masculine,2026-01-19 08:53:15
18300,Unisex,2026-01-19 08:53:15
18302,Unisex,2026-01-19 08:53:15
18303,Unisex,2026-01-19 08:53:15
18304,Masculine,2026-01-19 08:53:15
18305,Masculine,2026-01-19 08:53:15
18306,Feminine,2026-01-19 08:53:15
18307,Unisex,2026-01-19 08:53:15
18308,Unisex,2026-01-19 08:53:15
18309,Unisex,2026-01-19 08:53:15
18310,Masculine,2026-01-19 08:53:15
18311,Unisex,2026-01-19 08:53:15
18312,Masculine,2026-01-19 08:53:15
18313,Masculine,2026-01-19 08:53:15
18314,Unisex,2026-01-19 08:53:15
18315,Masculine,2026-01-19 08:53:15
18316,Masculine,2026-01-19 08:53:15
18317,Masculine,2026-01-19 08:53:15
18319,Unisex,2026-01-19 08:53:15
18320,Unisex,2026-01-19 08:53:15
18321,Masculine,2026-01-19 08:53:15
18322,Unisex,2026-01-19 08:53:15
18323,Unisex,2026-01-19 08:53:15
18324,Masculine,2026-01-19 08:53:15
18325,Unisex,2026-01-19 08:53:15
18326,Feminine,2026-01-19 08:53:15
18327,Unisex,2026-01-19 08:53:15
18328,Masculine,2026-01-19 08:53:15
18329,Unisex,2026-01-19 08:53:15
18330,Unisex,2026-01-19 08:53:15
18331,Unisex,2026-01-19 08:53:15
18332,Unisex,2026-01-19 08:53:15
18333,Unisex,2026-01-19 08:53:15
18334,Masculine,2026-01-19 08:53:15
18335,Masculine,2026-01-19 08:53:15
18336,Unisex,2026-01-19 08:53:15
18337,Unisex,2026-01-19 08:53:15
18338,Masculine,2026-01-19 08:53:15
18339,Masculine,2026-01-19 08:53:15
18341,Masculine,2026-01-19 08:53:15
18343,Masculine,2026-01-19 08:53:15
18344,Unisex,2026-01-19 08:53:15
18345,Unisex,2026-01-19 08:53:15
18346,Unisex,2026-01-19 08:53:15
18347,Feminine,2026-01-19 08:53:15
18348,Feminine,2026-01-19 08:53:15
18350,Unisex,2026-01-19 08:53:15
18351,Unisex,2026-01-19 08:53:15
18352,Unisex,2026-01-19 08:53:15
18353,Unisex,2026-01-19 08:53:15
18354,Unisex,2026-01-19 08:53:15
18355,Unisex,2026-01-19 08:53:15
18356,Unisex,2026-01-19 08:53:15
18357,Unisex,2026-01-19 08:53:15
18358,Feminine,2026-01-19 08:53:15
18359,Unisex,2026-01-19 08:53:15
18360,Unisex,2026-01-19 08:53:15
18361,Masculine,2026-01-19 08:53:15
18362,Masculine,2026-01-19 08:53:15
18363,Feminine,2026-01-19 08:53:15
18365,Feminine,2026-01-19 08:53:15
18366,Masculine,2026-01-19 08:53:15
18367,Unisex,2026-01-19 08:53:15
18368,Feminine,2026-01-19 08:53:15
18370,Masculine,2026-01-19 08:53:15
18371,Feminine,2026-01-19 08:53:15
18372,Unisex,2026-01-19 08:53:15
18373,Unisex,2026-01-19 08:53:15
18374,Masculine,2026-01-19 08:53:15
18375,Masculine,2026-01-19 08:53:15
18376,Masculine,2026-01-19 08:53:15
18377,Unisex,2026-01-19 08:53:15
18378,Feminine,2026-01-19 08:53:15
18379,Masculine,2026-01-19 08:53:15
18380,Masculine,2026-01-19 08:53:15
18381,Masculine,2026-01-19 08:53:15
18382,Feminine,2026-01-19 08:53:15
18383,Feminine,2026-01-19 08:53:15
18384,Unisex,2026-01-19 08:53:15
18385,Feminine,2026-01-19 08:53:15
18386,Masculine,2026-01-19 08:53:15
18387,Unisex,2026-01-19 08:53:15
18388,Unisex,2026-01-19 08:53:15
18389,Unisex,2026-01-19 08:53:15
18390,Unisex,2026-01-19 08:53:15
18392,Unisex,2026-01-19 08:53:15
18393,Unisex,2026-01-19 08:53:15
18394,Masculine,2026-01-19 08:53:15
18395,Masculine,2026-01-19 08:53:15
18396,Unisex,2026-01-19 08:53:15
18397,Feminine,2026-01-19 08:53:15
18398,Unisex,2026-01-19 08:53:15
18400,Unisex,2026-01-19 08:53:15
18401,Unisex,2026-01-19 08:53:15
18402,Feminine,2026-01-19 08:53:15
18403,Masculine,2026-01-19 08:53:15
18404,Unisex,2026-01-19 08:53:15
18405,Feminine,2026-01-19 08:53:15
18406,Masculine,2026-01-19 08:53:15
18407,Unisex,2026-01-19 08:53:15
18408,Unisex,2026-01-19 08:53:15
18410,Unisex,2026-01-19 08:53:15
18411,Unisex,2026-01-19 08:53:15
18412,Masculine,2026-01-19 08:53:15
18413,Unisex,2026-01-19 08:53:15
18414,Unisex,2026-01-19 08:53:15
18416,Feminine,2026-01-19 08:53:15
18417,Unisex,2026-01-19 08:53:15
18418,Masculine,2026-01-19 08:53:15
18419,Feminine,2026-01-19 08:53:15
18422,Unisex,2026-01-19 08:53:15
18423,Masculine,2026-01-19 08:53:15
18424,Masculine,2026-01-19 08:53:15
18425,Unisex,2026-01-19 08:53:15
18426,Feminine,2026-01-19 08:53:15
18428,Unisex,2026-01-19 08:53:15
18429,Unisex,2026-01-19 08:53:15
18431,Feminine,2026-01-19 08:53:15
18432,Unisex,2026-01-19 08:53:15
18434,Feminine,2026-01-19 08:53:15
18466,Unisex,2026-01-19 08:53:15
18467,Feminine,2026-01-19 08:53:15
18469,Unisex,2026-01-19 08:53:15
18470,Feminine,2026-01-19 08:53:15
18471,Masculine,2026-01-19 08:53:15
18472,Feminine,2026-01-19 08:53:15
18473,Masculine,2026-01-19 08:53:15
18474,Feminine,2026-01-19 08:53:15
18475,Masculine,2026-01-19 08:53:15
18476,Feminine,2026-01-19 08:53:15
18477,Feminine,2026-01-19 08:53:15
18478,Feminine,2026-01-19 08:53:15
18479,Feminine,2026-01-19 08:53:15
18480,Unisex,2026-01-19 08:53:15
18481,Unisex,2026-01-19 08:53:15
18482,Unisex,2026-01-19 08:53:15
18483,Masculine,2026-01-19 08:53:15
18484,Feminine,2026-01-19 08:53:15
18485,Feminine,2026-01-19 08:53:15
18486,Masculine,2026-01-19 08:53:15
18487,Unisex,2026-01-19 08:53:15
18488,Masculine,2026-01-19 08:53:15
18489,Unisex,2026-01-19 08:53:15
18490,Unisex,2026-01-19 08:53:15
18491,Masculine,2026-01-19 08:53:15
18492,Feminine,2026-01-19 08:53:15
18493,Feminine,2026-01-19 08:53:15
18494,Feminine,2026-01-19 08:53:15
18495,Feminine,2026-01-19 08:53:15
18496,Unisex,2026-01-19 08:53:15
18497,Masculine,2026-01-19 08:53:15
18498,Masculine,2026-01-19 08:53:15
18499,Masculine,2026-01-19 08:53:15
18500,Unisex,2026-01-19 08:53:15
18501,Unisex,2026-01-19 08:53:15
18502,Feminine,2026-01-19 08:53:15
18503,Feminine,2026-01-19 08:53:15
18504,Unisex,2026-01-19 08:53:15
18505,Masculine,2026-01-19 08:53:15
18506,Unisex,2026-01-19 08:53:15
18507,Unisex,2026-01-19 08:53:15
18508,Unisex,2026-01-19 08:53:15
18509,Unisex,2026-01-19 08:53:15
18510,Unisex,2026-01-19 08:53:15
18511,Unisex,2026-01-19 08:53:15
18512,Masculine,2026-01-19 08:53:15
18513,Masculine,2026-01-19 08:53:15
18514,Unisex,2026-01-19 08:53:15
18515,Unisex,2026-01-19 08:53:15
18516,Unisex,2026-01-19 08:53:15
18517,Unisex,2026-01-19 08:53:15
18520,Unisex,2026-01-19 08:53:15
18521,Masculine,2026-01-19 08:53:15
18522,Unisex,2026-01-19 08:53:15
18523,Masculine,2026-01-19 08:53:15
18525,Unisex,2026-01-19 08:53:15
18526,Feminine,2026-01-19 08:53:15
18527,Masculine,2026-01-19 08:53:15
18528,Feminine,2026-01-19 08:53:15
18529,Feminine,2026-01-19 08:53:15
18530,Unisex,2026-01-19 08:53:15
18531,Feminine,2026-01-19 08:53:15
18532,Masculine,2026-01-19 08:53:15
18533,Feminine,2026-01-19 08:53:15
18535,Feminine,2026-01-19 08:53:15
18536,Feminine,2026-01-19 08:53:15
18537,Feminine,2026-01-19 08:53:15
18538,Feminine,2026-01-19 08:53:15
18539,Masculine,2026-01-19 08:53:15
18540,Masculine,2026-01-19 08:53:15
18541,Unisex,2026-01-19 08:53:15
18542,Masculine,2026-01-19 08:53:15
18543,Masculine,2026-01-19 08:53:15
18544,Feminine,2026-01-19 08:53:15
18545,Masculine,2026-01-19 08:53:15
18546,Unisex,2026-01-19 08:53:15
18547,Unisex,2026-01-19 08:53:15
18548,Masculine,2026-01-19 08:53:15
18549,Feminine,2026-01-19 08:53:15
18550,Masculine,2026-01-19 08:53:15
18551,Feminine,2026-01-19 08:53:15
18552,Masculine,2026-01-19 08:53:15
18553,Feminine,2026-01-19 08:53:15
18554,Masculine,2026-01-19 08:53:15
18555,Masculine,2026-01-19 08:53:15
18556,Feminine,2026-01-19 08:53:15
18557,Masculine,2026-01-19 08:53:15
18558,Feminine,2026-01-19 08:53:15
18559,Masculine,2026-01-19 08:53:15
18560,Masculine,2026-01-19 08:53:15
18561,Unisex,2026-01-19 08:53:15
18562,Unisex,2026-01-19 08:53:15
18563,Unisex,2026-01-19 08:53:15
18564,Unisex,2026-01-19 08:53:15
18565,Masculine,2026-01-19 08:53:15
18566,Unisex,2026-01-19 08:53:15
18567,Feminine,2026-01-19 08:53:15
18568,Unisex,2026-01-19 08:53:15
18569,Unisex,2026-01-19 08:53:15
18570,Unisex,2026-01-19 08:53:15
18572,Unisex,2026-01-19 08:53:15
18573,Feminine,2026-01-19 08:53:15
18574,Feminine,2026-01-19 08:53:15
18575,Feminine,2026-01-19 08:53:15
18576,Feminine,2026-01-19 08:53:15
18577,Feminine,2026-01-19 08:53:15
18578,Masculine,2026-01-19 08:53:15
18579,Feminine,2026-01-19 08:53:15
18580,Feminine,2026-01-19 08:53:15
18581,Feminine,2026-01-19 08:53:15
18582,Feminine,2026-01-19 08:53:15
18583,Feminine,2026-01-19 08:53:15
18584,Feminine,2026-01-19 08:53:15
18585,Feminine,2026-01-19 08:53:15
18586,Feminine,2026-01-19 08:53:15
18587,Feminine,2026-01-19 08:53:15
18588,Feminine,2026-01-19 08:53:15
18589,Feminine,2026-01-19 08:53:15
