PERFUME_ID,ACCORD,ratio,LOAD_DT
8272,Leathery,23.53,2026-01-19 08:09:15
8272,Aquatic,23.53,2026-01-19 08:09:15
8272,Spicy,17.65,2026-01-19 08:09:15
8272,Woody,11.76,2026-01-19 08:09:15
8272,Fresh,11.76,2026-01-19 08:09:15
8275,Floral,29.17,2026-01-19 08:09:15
8275,Sweet,18.75,2026-01-19 08:09:15
8275,Woody,18.75,2026-01-19 08:09:15
8276,Woody,28.57,2026-01-19 08:09:15
8276,Floral,28.57,2026-01-19 08:09:15
8276,Spicy,21.43,2026-01-19 08:09:15
8277,Fruity,18.75,2026-01-19 08:09:15
8277,Fresh,18.75,2026-01-19 08:09:15
8277,Citrus,15.62,2026-01-19 08:09:15
8277,Sweet,14.06,2026-01-19 08:09:15
8277,Synthetic,12.5,2026-01-19 08:09:15
8280,Spicy,20.0,2026-01-19 08:09:15
8280,Synthetic,20.0,2026-01-19 08:09:15
8280,Sweet,20.0,2026-01-19 08:09:15
8280,Leathery,20.0,2026-01-19 08:09:15
8280,Floral,20.0,2026-01-19 08:09:15
8281,Floral,38.6,2026-01-19 08:09:15
8281,Fresh,26.32,2026-01-19 08:09:15
8281,Synthetic,14.04,2026-01-19 08:09:15
8283,Woody,21.88,2026-01-19 08:09:15
8283,Synthetic,18.75,2026-01-19 08:09:15
8283,Floral,12.5,2026-01-19 08:09:15
8291,Woody,22.73,2026-01-19 08:09:15
8291,Spicy,18.18,2026-01-19 08:09:15
8291,Resinous,18.18,2026-01-19 08:09:15
8291,Smoky,13.64,2026-01-19 08:09:15
8294,Spicy,25.0,2026-01-19 08:09:15
8294,Synthetic,25.0,2026-01-19 08:09:15
8294,Sweet,25.0,2026-01-19 08:09:15
8294,Fresh,25.0,2026-01-19 08:09:15
8295,Citrus,21.62,2026-01-19 08:09:15
8295,Fresh,21.62,2026-01-19 08:09:15
8295,Synthetic,13.51,2026-01-19 08:09:15
8295,Green,13.51,2026-01-19 08:09:15
8296,Floral,25.0,2026-01-19 08:09:15
8296,Synthetic,18.75,2026-01-19 08:09:15
8296,Fresh,16.25,2026-01-19 08:09:15
8296,Green,11.25,2026-01-19 08:09:15
8296,Aquatic,8.75,2026-01-19 08:09:15
8299,Leathery,16.07,2026-01-19 08:09:15
8299,Woody,14.29,2026-01-19 08:09:15
8299,Floral,14.29,2026-01-19 08:09:15
8299,Spicy,8.93,2026-01-19 08:09:15
8299,Synthetic,7.14,2026-01-19 08:09:15
8299,Green,7.14,2026-01-19 08:09:15
8301,Fruity,24.44,2026-01-19 08:09:15
8301,Sweet,20.0,2026-01-19 08:09:15
8301,Woody,17.78,2026-01-19 08:09:15
8301,Floral,17.78,2026-01-19 08:09:15
8302,Fresh,33.33,2026-01-19 08:09:15
8302,Creamy,33.33,2026-01-19 08:09:15
8302,Floral,33.33,2026-01-19 08:09:15
8303,Leathery,20.0,2026-01-19 08:09:15
8303,Powdery,17.78,2026-01-19 08:09:15
8303,Floral,17.78,2026-01-19 08:09:15
8303,Spicy,13.33,2026-01-19 08:09:15
8303,Sweet,13.33,2026-01-19 08:09:15
8307,Spicy,16.67,2026-01-19 08:09:15
8307,Sweet,16.67,2026-01-19 08:09:15
8307,Citrus,12.5,2026-01-19 08:09:15
8307,Woody,12.5,2026-01-19 08:09:15
8307,Resinous,12.5,2026-01-19 08:09:15
8307,Fresh,8.33,2026-01-19 08:09:15
8307,Creamy,8.33,2026-01-19 08:09:15
8309,Floral,22.47,2026-01-19 08:09:15
8309,Fresh,20.22,2026-01-19 08:09:15
8309,Green,15.73,2026-01-19 08:09:15
8309,Fruity,15.73,2026-01-19 08:09:15
8311,Floral,20.0,2026-01-19 08:09:15
8311,Powdery,13.33,2026-01-19 08:09:15
8311,Green,13.33,2026-01-19 08:09:15
8311,Sweet,10.0,2026-01-19 08:09:15
8311,Fresh,10.0,2026-01-19 08:09:15
8313,Green,17.65,2026-01-19 08:09:15
8313,Citrus,16.47,2026-01-19 08:09:15
8313,Floral,15.29,2026-01-19 08:09:15
8313,Fresh,14.12,2026-01-19 08:09:15
8313,Spicy,9.41,2026-01-19 08:09:15
8314,Fruity,27.27,2026-01-19 08:09:15
8314,Fresh,27.27,2026-01-19 08:09:15
8314,Creamy,18.18,2026-01-19 08:09:15
8314,Floral,18.18,2026-01-19 08:09:15
8317,Green,17.07,2026-01-19 08:09:15
8317,Woody,14.63,2026-01-19 08:09:15
8317,Spicy,13.41,2026-01-19 08:09:15
8317,Fresh,13.41,2026-01-19 08:09:15
8317,Floral,13.41,2026-01-19 08:09:15
8319,Floral,30.77,2026-01-19 08:09:15
8319,Synthetic,17.09,2026-01-19 08:09:15
8319,Fresh,16.24,2026-01-19 08:09:15
8319,Sweet,13.68,2026-01-19 08:09:15
8321,Floral,24.19,2026-01-19 08:09:15
8321,Sweet,17.74,2026-01-19 08:09:15
8321,Fruity,16.13,2026-01-19 08:09:15
8321,Woody,9.68,2026-01-19 08:09:15
8321,Fresh,9.68,2026-01-19 08:09:15
8325,Floral,28.41,2026-01-19 08:09:15
8325,Fresh,14.77,2026-01-19 08:09:15
8325,Synthetic,12.5,2026-01-19 08:09:15
8325,Green,10.23,2026-01-19 08:09:15
8325,Fruity,9.09,2026-01-19 08:09:15
8326,Spicy,22.31,2026-01-19 08:09:15
8326,Earthy,20.0,2026-01-19 08:09:15
8326,Woody,16.15,2026-01-19 08:09:15
8326,Powdery,9.23,2026-01-19 08:09:15
8329,Green,25.56,2026-01-19 08:09:15
8329,Fresh,25.56,2026-01-19 08:09:15
8329,Citrus,15.56,2026-01-19 08:09:15
8329,Woody,11.11,2026-01-19 08:09:15
8331,Spicy,21.43,2026-01-19 08:09:15
8331,Floral,21.43,2026-01-19 08:09:15
8331,Sweet,14.29,2026-01-19 08:09:15
8331,Woody,14.29,2026-01-19 08:09:15
8334,Synthetic,16.83,2026-01-19 08:09:15
8334,Fruity,16.83,2026-01-19 08:09:15
8334,Sweet,14.85,2026-01-19 08:09:15
8334,Floral,13.86,2026-01-19 08:09:15
8334,Smoky,12.87,2026-01-19 08:09:15
8335,Citrus,25.0,2026-01-19 08:09:15
8335,Green,25.0,2026-01-19 08:09:15
8335,Fresh,25.0,2026-01-19 08:09:15
8335,Floral,25.0,2026-01-19 08:09:15
8337,Spicy,19.51,2026-01-19 08:09:15
8337,Fruity,19.51,2026-01-19 08:09:15
8337,Sweet,15.85,2026-01-19 08:09:15
8337,Gourmand,13.41,2026-01-19 08:09:15
8338,Woody,19.32,2026-01-19 08:09:15
8338,Fresh,18.18,2026-01-19 08:09:15
8338,Floral,17.05,2026-01-19 08:09:15
8338,Green,14.77,2026-01-19 08:09:15
8339,Spicy,17.39,2026-01-19 08:09:15
8339,Woody,17.39,2026-01-19 08:09:15
8339,Powdery,13.04,2026-01-19 08:09:15
8339,Leathery,8.7,2026-01-19 08:09:15
8339,Resinous,8.7,2026-01-19 08:09:15
8339,Floral,8.7,2026-01-19 08:09:15
8341,Fresh,24.1,2026-01-19 08:09:15
8341,Floral,22.89,2026-01-19 08:09:15
8341,Fruity,19.28,2026-01-19 08:09:15
8344,Fruity,23.86,2026-01-19 08:09:15
8344,Floral,21.59,2026-01-19 08:09:15
8344,Sweet,18.18,2026-01-19 08:09:15
8344,Leathery,15.91,2026-01-19 08:09:15
8348,Sweet,25.0,2026-01-19 08:09:15
8348,Fruity,25.0,2026-01-19 08:09:15
8348,Fresh,25.0,2026-01-19 08:09:15
8348,Floral,25.0,2026-01-19 08:09:15
8351,Fresh,23.26,2026-01-19 08:09:15
8351,Synthetic,18.6,2026-01-19 08:09:15
8351,Aquatic,18.6,2026-01-19 08:09:15
8351,Citrus,13.95,2026-01-19 08:09:15
8352,Synthetic,16.67,2026-01-19 08:09:15
8352,Fresh,16.67,2026-01-19 08:09:15
8352,Spicy,14.81,2026-01-19 08:09:15
8352,Woody,14.81,2026-01-19 08:09:15
8352,Citrus,11.11,2026-01-19 08:09:15
8352,Floral,11.11,2026-01-19 08:09:15
8353,Synthetic,33.33,2026-01-19 08:09:15
8353,Fresh,33.33,2026-01-19 08:09:15
8353,Creamy,33.33,2026-01-19 08:09:15
8354,Floral,17.72,2026-01-19 08:09:15
8354,Woody,15.19,2026-01-19 08:09:15
8354,Green,12.66,2026-01-19 08:09:15
8354,Fruity,12.66,2026-01-19 08:09:15
8354,Fresh,12.66,2026-01-19 08:09:15
8356,Fresh,26.0,2026-01-19 08:09:15
8356,Citrus,20.0,2026-01-19 08:09:15
8356,Spicy,20.0,2026-01-19 08:09:15
8357,Fougère,22.22,2026-01-19 08:09:15
8357,Earthy,22.22,2026-01-19 08:09:15
8357,Oriental,11.11,2026-01-19 08:09:15
8357,Leathery,11.11,2026-01-19 08:09:15
8357,Green,11.11,2026-01-19 08:09:15
8357,Floral,11.11,2026-01-19 08:09:15
8357,Aquatic,11.11,2026-01-19 08:09:15
8359,Oriental,23.81,2026-01-19 08:09:15
8359,Woody,23.81,2026-01-19 08:09:15
8359,Animal,19.05,2026-01-19 08:09:15
8360,Fruity,37.5,2026-01-19 08:09:15
8360,Sweet,25.0,2026-01-19 08:09:15
8361,Woody,12.5,2026-01-19 08:09:15
8361,Fresh,12.5,2026-01-19 08:09:15
8361,Citrus,8.33,2026-01-19 08:09:15
8361,Spicy,8.33,2026-01-19 08:09:15
8361,Sweet,8.33,2026-01-19 08:09:15
8361,Smoky,8.33,2026-01-19 08:09:15
8361,Leathery,8.33,2026-01-19 08:09:15
8361,Green,8.33,2026-01-19 08:09:15
8361,Fruity,8.33,2026-01-19 08:09:15
8361,Earthy,8.33,2026-01-19 08:09:15
8361,Floral,8.33,2026-01-19 08:09:15
8362,Woody,20.34,2026-01-19 08:09:15
8362,Synthetic,15.25,2026-01-19 08:09:15
8362,Fresh,15.25,2026-01-19 08:09:15
8362,Floral,15.25,2026-01-19 08:09:15
8362,Fruity,10.17,2026-01-19 08:09:15
8367,Fresh,21.05,2026-01-19 08:09:15
8367,Aquatic,21.05,2026-01-19 08:09:15
8367,Green,19.3,2026-01-19 08:09:15
8367,Citrus,15.79,2026-01-19 08:09:15
8369,Sweet,25.0,2026-01-19 08:09:15
8369,Fresh,25.0,2026-01-19 08:09:15
8369,Creamy,25.0,2026-01-19 08:09:15
8369,Floral,25.0,2026-01-19 08:09:15
8375,Floral,42.11,2026-01-19 08:09:15
8375,Sweet,21.05,2026-01-19 08:09:15
8375,Synthetic,10.53,2026-01-19 08:09:15
8379,Fruity,28.57,2026-01-19 08:09:15
8379,Sweet,22.22,2026-01-19 08:09:15
8379,Floral,15.87,2026-01-19 08:09:15
8383,Green,22.86,2026-01-19 08:09:15
8383,Fresh,21.43,2026-01-19 08:09:15
8383,Floral,17.14,2026-01-19 08:09:15
8383,Citrus,14.29,2026-01-19 08:09:15
8387,Woody,22.45,2026-01-19 08:09:15
8387,Green,18.37,2026-01-19 08:09:15
8387,Fougère,18.37,2026-01-19 08:09:15
8387,Spicy,16.33,2026-01-19 08:09:15
8391,Fresh,25.0,2026-01-19 08:09:15
8391,Floral,25.0,2026-01-19 08:09:15
8391,Citrus,21.88,2026-01-19 08:09:15
8394,Woody,24.14,2026-01-19 08:09:15
8394,Floral,20.69,2026-01-19 08:09:15
8394,Spicy,17.24,2026-01-19 08:09:15
8394,Resinous,17.24,2026-01-19 08:09:15
8398,Sweet,23.33,2026-01-19 08:09:15
8398,Powdery,23.33,2026-01-19 08:09:15
8398,Gourmand,20.0,2026-01-19 08:09:15
8398,Floral,20.0,2026-01-19 08:09:15
8399,Sweet,25.69,2026-01-19 08:09:15
8399,Powdery,23.01,2026-01-19 08:09:15
8399,Gourmand,14.36,2026-01-19 08:09:15
8399,Floral,14.07,2026-01-19 08:09:15
8402,Spicy,21.05,2026-01-19 08:09:15
8402,Oriental,21.05,2026-01-19 08:09:15
8402,Woody,21.05,2026-01-19 08:09:15
8402,Sweet,15.79,2026-01-19 08:09:15
8402,Animal,15.79,2026-01-19 08:09:15
8403,Floral,33.27,2026-01-19 08:09:15
8403,Powdery,25.38,2026-01-19 08:09:15
8403,Sweet,16.63,2026-01-19 08:09:15
8406,Spicy,15.79,2026-01-19 08:09:15
8406,Leathery,15.79,2026-01-19 08:09:15
8406,Earthy,15.79,2026-01-19 08:09:15
8406,Synthetic,10.53,2026-01-19 08:09:15
8406,Floral,10.53,2026-01-19 08:09:15
8407,Spicy,28.4,2026-01-19 08:09:15
8407,Oriental,24.22,2026-01-19 08:09:15
8407,Sweet,16.94,2026-01-19 08:09:15
8408,Fresh,21.13,2026-01-19 08:09:15
8408,Fruity,17.01,2026-01-19 08:09:15
8408,Green,16.49,2026-01-19 08:09:15
8408,Sweet,10.31,2026-01-19 08:09:15
8408,Spicy,9.79,2026-01-19 08:09:15
8411,Aquatic,22.3,2026-01-19 08:09:15
8411,Leathery,20.29,2026-01-19 08:09:15
8411,Fresh,19.74,2026-01-19 08:09:15
8411,Woody,13.71,2026-01-19 08:09:15
8412,Woody,17.13,2026-01-19 08:09:15
8412,Smoky,14.92,2026-01-19 08:09:15
8412,Resinous,12.71,2026-01-19 08:09:15
8412,Spicy,12.15,2026-01-19 08:09:15
8412,Oriental,12.15,2026-01-19 08:09:15
8412,Floral,12.15,2026-01-19 08:09:15
8414,Citrus,20.93,2026-01-19 08:09:15
8414,Fruity,18.6,2026-01-19 08:09:15
8414,Fresh,18.6,2026-01-19 08:09:15
8414,Floral,16.28,2026-01-19 08:09:15
8415,Aquatic,21.85,2026-01-19 08:09:15
8415,Fresh,21.67,2026-01-19 08:09:15
8415,Woody,19.18,2026-01-19 08:09:15
8415,Synthetic,11.55,2026-01-19 08:09:15
8416,Leathery,25.96,2026-01-19 08:09:15
8416,Woody,21.15,2026-01-19 08:09:15
8416,Spicy,20.19,2026-01-19 08:09:15
8418,Spicy,21.43,2026-01-19 08:09:15
8418,Synthetic,17.86,2026-01-19 08:09:15
8418,Woody,17.86,2026-01-19 08:09:15
8418,Oriental,14.29,2026-01-19 08:09:15
8418,Resinous,14.29,2026-01-19 08:09:15
8419,Fresh,21.03,2026-01-19 08:09:15
8419,Aquatic,20.2,2026-01-19 08:09:15
8419,Woody,13.91,2026-01-19 08:09:15
8419,Spicy,12.42,2026-01-19 08:09:15
8419,Green,11.26,2026-01-19 08:09:15
8421,Fresh,25.45,2026-01-19 08:09:15
8421,Citrus,23.64,2026-01-19 08:09:15
8421,Green,17.27,2026-01-19 08:09:15
8421,Woody,12.73,2026-01-19 08:09:15
8422,Spicy,18.87,2026-01-19 08:09:15
8422,Fresh,18.87,2026-01-19 08:09:15
8422,Fruity,15.09,2026-01-19 08:09:15
8422,Woody,13.21,2026-01-19 08:09:15
8422,Green,11.32,2026-01-19 08:09:15
8423,Floral,22.68,2026-01-19 08:09:15
8423,Fresh,18.76,2026-01-19 08:09:15
8423,Woody,11.96,2026-01-19 08:09:15
8423,Sweet,11.75,2026-01-19 08:09:15
8423,Powdery,11.75,2026-01-19 08:09:15
8425,Leathery,24.27,2026-01-19 08:09:15
8425,Spicy,17.48,2026-01-19 08:09:15
8425,Sweet,15.53,2026-01-19 08:09:15
8425,Woody,14.56,2026-01-19 08:09:15
8426,Sweet,17.86,2026-01-19 08:09:15
8426,Fruity,17.86,2026-01-19 08:09:15
8426,Fresh,17.86,2026-01-19 08:09:15
8426,Floral,14.29,2026-01-19 08:09:15
8426,Spicy,10.71,2026-01-19 08:09:15
8427,Fresh,24.17,2026-01-19 08:09:15
8427,Citrus,21.45,2026-01-19 08:09:15
8427,Aquatic,19.64,2026-01-19 08:09:15
8429,Floral,15.93,2026-01-19 08:09:15
8429,Spicy,15.04,2026-01-19 08:09:15
8429,Woody,15.04,2026-01-19 08:09:15
8429,Fresh,12.39,2026-01-19 08:09:15
8429,Synthetic,10.62,2026-01-19 08:09:15
8429,Sweet,10.62,2026-01-19 08:09:15
8430,Animal,20.83,2026-01-19 08:09:15
8430,Woody,16.67,2026-01-19 08:09:15
8430,Earthy,16.67,2026-01-19 08:09:15
8430,Oriental,12.5,2026-01-19 08:09:15
8430,Resinous,12.5,2026-01-19 08:09:15
8434,Oriental,28.0,2026-01-19 08:09:15
8434,Spicy,20.0,2026-01-19 08:09:15
8434,Woody,20.0,2026-01-19 08:09:15
8434,Animal,20.0,2026-01-19 08:09:15
8436,Spicy,20.0,2026-01-19 08:09:15
8436,Woody,18.77,2026-01-19 08:09:15
8436,Sweet,11.69,2026-01-19 08:09:15
8436,Citrus,10.77,2026-01-19 08:09:15
8436,Fresh,9.85,2026-01-19 08:09:15
8436,Oriental,6.77,2026-01-19 08:09:15
8439,Oriental,18.33,2026-01-19 08:09:15
8439,Powdery,14.52,2026-01-19 08:09:15
8439,Spicy,14.29,2026-01-19 08:09:15
8439,Sweet,13.81,2026-01-19 08:09:15
8439,Smoky,10.0,2026-01-19 08:09:15
8439,Woody,9.05,2026-01-19 08:09:15
8439,Gourmand,9.05,2026-01-19 08:09:15
8440,Fresh,28.57,2026-01-19 08:09:15
8440,Citrus,20.63,2026-01-19 08:09:15
8440,Fruity,17.46,2026-01-19 08:09:15
8442,Spicy,25.0,2026-01-19 08:09:15
8442,Powdery,25.0,2026-01-19 08:09:15
8442,Fresh,25.0,2026-01-19 08:09:15
8442,Floral,25.0,2026-01-19 08:09:15
8447,Aquatic,19.9,2026-01-19 08:09:15
8447,Fresh,19.42,2026-01-19 08:09:15
8447,Woody,18.45,2026-01-19 08:09:15
8447,Spicy,13.59,2026-01-19 08:09:15
8448,Fruity,17.78,2026-01-19 08:09:15
8448,Spicy,16.67,2026-01-19 08:09:15
8448,Sweet,16.67,2026-01-19 08:09:15
8448,Woody,13.33,2026-01-19 08:09:15
8448,Oriental,8.89,2026-01-19 08:09:15
8450,Fresh,22.86,2026-01-19 08:09:15
8450,Citrus,20.0,2026-01-19 08:09:15
8450,Green,20.0,2026-01-19 08:09:15
8450,Floral,17.14,2026-01-19 08:09:15
8451,Green,25.0,2026-01-19 08:09:15
8451,Fresh,25.0,2026-01-19 08:09:15
8451,Aquatic,20.0,2026-01-19 08:09:15
8452,Spicy,27.27,2026-01-19 08:09:15
8452,Woody,22.73,2026-01-19 08:09:15
8452,Sweet,18.18,2026-01-19 08:09:15
8452,Oriental,18.18,2026-01-19 08:09:15
8455,Woody,17.14,2026-01-19 08:09:15
8455,Fresh,14.29,2026-01-19 08:09:15
8455,Synthetic,12.86,2026-01-19 08:09:15
8455,Fruity,12.86,2026-01-19 08:09:15
8455,Citrus,11.43,2026-01-19 08:09:15
8455,Aquatic,10.0,2026-01-19 08:09:15
8456,Fruity,20.83,2026-01-19 08:09:15
8456,Fresh,20.83,2026-01-19 08:09:15
8456,Floral,20.83,2026-01-19 08:09:15
8456,Oriental,16.67,2026-01-19 08:09:15
8457,Sweet,19.63,2026-01-19 08:09:15
8457,Floral,18.15,2026-01-19 08:09:15
8457,Powdery,17.04,2026-01-19 08:09:15
8457,Oriental,12.96,2026-01-19 08:09:15
8457,Spicy,11.48,2026-01-19 08:09:15
8458,Fresh,25.47,2026-01-19 08:09:15
8458,Citrus,23.05,2026-01-19 08:09:15
8458,Woody,19.69,2026-01-19 08:09:15
8458,Spicy,10.64,2026-01-19 08:09:15
8461,Fresh,23.39,2026-01-19 08:09:15
8461,Sweet,16.9,2026-01-19 08:09:15
8461,Citrus,15.66,2026-01-19 08:09:15
8461,Spicy,10.25,2026-01-19 08:09:15
8461,Creamy,10.13,2026-01-19 08:09:15
8463,Floral,26.09,2026-01-19 08:09:15
8463,Sweet,22.83,2026-01-19 08:09:15
8463,Synthetic,19.57,2026-01-19 08:09:15
8465,Citrus,26.55,2026-01-19 08:09:15
8465,Fresh,23.24,2026-01-19 08:09:15
8465,Creamy,19.61,2026-01-19 08:09:15
8466,Green,22.22,2026-01-19 08:09:15
8466,Fresh,18.52,2026-01-19 08:09:15
8466,Fougère,18.52,2026-01-19 08:09:15
8466,Spicy,14.81,2026-01-19 08:09:15
8467,Synthetic,25.0,2026-01-19 08:09:15
8467,Fresh,25.0,2026-01-19 08:09:15
8467,Woody,20.0,2026-01-19 08:09:15
8468,Floral,27.57,2026-01-19 08:09:15
8468,Sweet,20.58,2026-01-19 08:09:15
8468,Fruity,15.23,2026-01-19 08:09:15
8468,Powdery,10.7,2026-01-19 08:09:15
8470,Fresh,16.67,2026-01-19 08:09:15
8470,Floral,16.67,2026-01-19 08:09:15
8470,Aquatic,13.33,2026-01-19 08:09:15
8470,Citrus,10.0,2026-01-19 08:09:15
8470,Sweet,10.0,2026-01-19 08:09:15
8470,Green,10.0,2026-01-19 08:09:15
8470,Fruity,10.0,2026-01-19 08:09:15
8471,Sweet,19.23,2026-01-19 08:09:15
8471,Gourmand,19.23,2026-01-19 08:09:15
8471,Powdery,15.38,2026-01-19 08:09:15
8471,Spicy,11.54,2026-01-19 08:09:15
8471,Oriental,11.54,2026-01-19 08:09:15
8472,Powdery,23.89,2026-01-19 08:09:15
8472,Floral,19.91,2026-01-19 08:09:15
8472,Sweet,19.03,2026-01-19 08:09:15
8472,Oriental,13.27,2026-01-19 08:09:15
8473,Woody,24.83,2026-01-19 08:09:15
8473,Fresh,24.36,2026-01-19 08:09:15
8473,Citrus,17.38,2026-01-19 08:09:15
8473,Spicy,12.51,2026-01-19 08:09:15
8474,Aquatic,30.77,2026-01-19 08:09:15
8474,Fresh,26.92,2026-01-19 08:09:15
8474,Citrus,15.38,2026-01-19 08:09:15
8474,Fruity,15.38,2026-01-19 08:09:15
8476,Floral,22.61,2026-01-19 08:09:15
8476,Spicy,15.71,2026-01-19 08:09:15
8476,Sweet,11.11,2026-01-19 08:09:15
8476,Fruity,10.34,2026-01-19 08:09:15
8476,Chypre,9.58,2026-01-19 08:09:15
8477,Fresh,23.53,2026-01-19 08:09:15
8477,Aquatic,23.53,2026-01-19 08:09:15
8477,Citrus,17.65,2026-01-19 08:09:15
8477,Woody,11.76,2026-01-19 08:09:15
8477,Floral,11.76,2026-01-19 08:09:15
8478,Sweet,33.33,2026-01-19 08:09:15
8478,Spicy,22.22,2026-01-19 08:09:15
8478,Synthetic,22.22,2026-01-19 08:09:15
8478,Fougère,22.22,2026-01-19 08:09:15
8482,Citrus,27.27,2026-01-19 08:09:15
8482,Sweet,22.73,2026-01-19 08:09:15
8482,Fruity,18.18,2026-01-19 08:09:15
8488,Powdery,20.47,2026-01-19 08:09:15
8488,Floral,19.29,2026-01-19 08:09:15
8488,Sweet,14.96,2026-01-19 08:09:15
8488,Fruity,10.63,2026-01-19 08:09:15
8488,Woody,9.45,2026-01-19 08:09:15
8489,Sweet,17.24,2026-01-19 08:09:15
8489,Fresh,17.24,2026-01-19 08:09:15
8489,Floral,17.24,2026-01-19 08:09:15
8489,Synthetic,13.79,2026-01-19 08:09:15
8489,Green,13.79,2026-01-19 08:09:15
8490,Fruity,25.0,2026-01-19 08:09:15
8490,Sweet,21.43,2026-01-19 08:09:15
8490,Woody,17.86,2026-01-19 08:09:15
8490,Synthetic,10.71,2026-01-19 08:09:15
8490,Floral,10.71,2026-01-19 08:09:15
8491,Oriental,23.08,2026-01-19 08:09:15
8491,Green,23.08,2026-01-19 08:09:15
8491,Fruity,15.38,2026-01-19 08:09:15
8491,Fresh,15.38,2026-01-19 08:09:15
8491,Floral,15.38,2026-01-19 08:09:15
8492,Fresh,23.12,2026-01-19 08:09:15
8492,Spicy,17.81,2026-01-19 08:09:15
8492,Green,15.34,2026-01-19 08:09:15
8492,Fougère,13.82,2026-01-19 08:09:15
8492,Woody,13.66,2026-01-19 08:09:15
8493,Sweet,22.16,2026-01-19 08:09:15
8493,Fruity,19.16,2026-01-19 08:09:15
8493,Synthetic,13.17,2026-01-19 08:09:15
8493,Spicy,11.98,2026-01-19 08:09:15
8493,Woody,10.78,2026-01-19 08:09:15
8494,Woody,15.38,2026-01-19 08:09:15
8494,Green,15.38,2026-01-19 08:09:15
8494,Fresh,15.38,2026-01-19 08:09:15
8494,Aquatic,15.38,2026-01-19 08:09:15
8495,Spicy,20.0,2026-01-19 08:09:15
8495,Sweet,20.0,2026-01-19 08:09:15
8495,Green,20.0,2026-01-19 08:09:15
8495,Fresh,20.0,2026-01-19 08:09:15
8495,Floral,20.0,2026-01-19 08:09:15
8497,Spicy,21.25,2026-01-19 08:09:15
8497,Woody,18.41,2026-01-19 08:09:15
8497,Animal,17.91,2026-01-19 08:09:15
8497,Leathery,13.44,2026-01-19 08:09:15
8498,Citrus,23.53,2026-01-19 08:09:15
8498,Fruity,23.53,2026-01-19 08:09:15
8498,Synthetic,11.76,2026-01-19 08:09:15
8498,Fresh,11.76,2026-01-19 08:09:15
8498,Floral,11.76,2026-01-19 08:09:15
8499,Fruity,28.57,2026-01-19 08:09:15
8499,Floral,28.57,2026-01-19 08:09:15
8500,Earthy,19.49,2026-01-19 08:09:15
8500,Woody,15.51,2026-01-19 08:09:15
8500,Spicy,14.22,2026-01-19 08:09:15
8500,Sweet,13.34,2026-01-19 08:09:15
8500,Oriental,9.36,2026-01-19 08:09:15
8500,Creamy,7.84,2026-01-19 08:09:15
8500,Powdery,7.55,2026-01-19 08:09:15
8502,Aquatic,23.01,2026-01-19 08:09:15
8502,Woody,19.47,2026-01-19 08:09:15
8502,Fresh,17.7,2026-01-19 08:09:15
8502,Synthetic,15.04,2026-01-19 08:09:15
8505,Floral,26.84,2026-01-19 08:09:15
8505,Powdery,23.09,2026-01-19 08:09:15
8506,Woody,21.89,2026-01-19 08:09:15
8506,Spicy,18.93,2026-01-19 08:09:15
8506,Fresh,18.93,2026-01-19 08:09:15
8506,Citrus,12.43,2026-01-19 08:09:15
8507,Spicy,22.22,2026-01-19 08:09:15
8507,Synthetic,22.22,2026-01-19 08:09:15
8507,Sweet,22.22,2026-01-19 08:09:15
8507,Gourmand,22.22,2026-01-19 08:09:15
8509,Woody,20.07,2026-01-19 08:09:15
8509,Spicy,19.66,2026-01-19 08:09:15
8509,Fresh,18.11,2026-01-19 08:09:15
8509,Sweet,13.87,2026-01-19 08:09:15
8511,Synthetic,20.0,2026-01-19 08:09:15
8511,Sweet,20.0,2026-01-19 08:09:15
8511,Powdery,20.0,2026-01-19 08:09:15
8511,Creamy,20.0,2026-01-19 08:09:15
8511,Floral,20.0,2026-01-19 08:09:15
8513,Floral,22.31,2026-01-19 08:09:15
8513,Oriental,17.74,2026-01-19 08:09:15
8513,Spicy,14.82,2026-01-19 08:09:15
8513,Powdery,10.93,2026-01-19 08:09:15
8513,Sweet,10.48,2026-01-19 08:09:15
8513,Woody,10.18,2026-01-19 08:09:15
8514,Floral,31.58,2026-01-19 08:09:15
8514,Fresh,24.56,2026-01-19 08:09:15
8514,Fruity,19.3,2026-01-19 08:09:15
8517,Spicy,21.23,2026-01-19 08:09:15
8517,Oriental,21.16,2026-01-19 08:09:15
8517,Floral,18.01,2026-01-19 08:09:15
8517,Woody,10.18,2026-01-19 08:09:15
8517,Powdery,9.88,2026-01-19 08:09:15
8518,Floral,19.37,2026-01-19 08:09:15
8518,Sweet,14.66,2026-01-19 08:09:15
8518,Woody,12.04,2026-01-19 08:09:15
8518,Powdery,11.52,2026-01-19 08:09:15
8518,Fruity,10.47,2026-01-19 08:09:15
8518,Spicy,8.38,2026-01-19 08:09:15
8519,Spicy,12.5,2026-01-19 08:09:15
8519,Sweet,12.5,2026-01-19 08:09:15
8519,Synthetic,8.33,2026-01-19 08:09:15
8519,Powdery,8.33,2026-01-19 08:09:15
8519,Oriental,8.33,2026-01-19 08:09:15
8519,Woody,8.33,2026-01-19 08:09:15
8519,Fresh,8.33,2026-01-19 08:09:15
8520,Oriental,21.43,2026-01-19 08:09:15
8520,Floral,21.43,2026-01-19 08:09:15
8520,Citrus,14.29,2026-01-19 08:09:15
8520,Spicy,14.29,2026-01-19 08:09:15
8520,Woody,14.29,2026-01-19 08:09:15
8520,Fruity,14.29,2026-01-19 08:09:15
8521,Woody,15.06,2026-01-19 08:09:15
8521,Oriental,14.85,2026-01-19 08:09:15
8521,Spicy,14.09,2026-01-19 08:09:15
8521,Earthy,13.19,2026-01-19 08:09:15
8521,Powdery,10.57,2026-01-19 08:09:15
8521,Sweet,9.81,2026-01-19 08:09:15
8522,Floral,28.87,2026-01-19 08:09:15
8522,Sweet,24.23,2026-01-19 08:09:15
8522,Creamy,13.4,2026-01-19 08:09:15
8522,Synthetic,11.86,2026-01-19 08:09:15
8523,Citrus,7.14,2026-01-19 08:09:15
8523,Spicy,7.14,2026-01-19 08:09:15
8523,Synthetic,7.14,2026-01-19 08:09:15
8523,Sweet,7.14,2026-01-19 08:09:15
8523,Woody,7.14,2026-01-19 08:09:15
8523,Resinous,7.14,2026-01-19 08:09:15
8523,Green,7.14,2026-01-19 08:09:15
8523,Gourmand,7.14,2026-01-19 08:09:15
8523,Fruity,7.14,2026-01-19 08:09:15
8523,Fresh,7.14,2026-01-19 08:09:15
8523,Chypre,7.14,2026-01-19 08:09:15
8523,Floral,7.14,2026-01-19 08:09:15
8523,Aquatic,7.14,2026-01-19 08:09:15
8523,Animal,7.14,2026-01-19 08:09:15
8526,Fresh,23.01,2026-01-19 08:09:15
8526,Aquatic,21.24,2026-01-19 08:09:15
8526,Synthetic,17.7,2026-01-19 08:09:15
8526,Spicy,8.85,2026-01-19 08:09:15
8526,Sweet,7.96,2026-01-19 08:09:15
8528,Floral,27.27,2026-01-19 08:09:15
8528,Sweet,18.18,2026-01-19 08:09:15
8528,Fruity,18.18,2026-01-19 08:09:15
8529,Floral,26.77,2026-01-19 08:09:15
8529,Fresh,24.67,2026-01-19 08:09:15
8529,Fruity,16.83,2026-01-19 08:09:15
8529,Sweet,10.55,2026-01-19 08:09:15
8532,Spicy,18.18,2026-01-19 08:09:15
8532,Synthetic,18.18,2026-01-19 08:09:15
8532,Powdery,18.18,2026-01-19 08:09:15
8532,Oriental,18.18,2026-01-19 08:09:15
8532,Gourmand,18.18,2026-01-19 08:09:15
8533,Smoky,15.34,2026-01-19 08:09:15
8533,Resinous,15.05,2026-01-19 08:09:15
8533,Spicy,12.16,2026-01-19 08:09:15
8533,Leathery,11.36,2026-01-19 08:09:15
8533,Oriental,9.48,2026-01-19 08:09:15
8533,Woody,8.97,2026-01-19 08:09:15
8537,Floral,24.18,2026-01-19 08:09:15
8537,Sweet,23.53,2026-01-19 08:09:15
8537,Fruity,22.88,2026-01-19 08:09:15
8538,Spicy,33.33,2026-01-19 08:09:15
8538,Sweet,33.33,2026-01-19 08:09:15
8538,Woody,33.33,2026-01-19 08:09:15
8539,Citrus,22.51,2026-01-19 08:09:15
8539,Fresh,19.51,2026-01-19 08:09:15
8539,Spicy,14.83,2026-01-19 08:09:15
8539,Chypre,14.56,2026-01-19 08:09:15
8542,Sweet,20.75,2026-01-19 08:09:15
8542,Spicy,16.04,2026-01-19 08:09:15
8542,Synthetic,16.04,2026-01-19 08:09:15
8542,Creamy,12.26,2026-01-19 08:09:15
8542,Woody,10.38,2026-01-19 08:09:15
8543,Citrus,24.64,2026-01-19 08:09:15
8543,Fresh,22.74,2026-01-19 08:09:15
8544,Synthetic,33.33,2026-01-19 08:09:15
8544,Sweet,33.33,2026-01-19 08:09:15
8546,Fruity,24.53,2026-01-19 08:09:15
8546,Floral,20.13,2026-01-19 08:09:15
8546,Sweet,17.61,2026-01-19 08:09:15
8546,Fresh,17.61,2026-01-19 08:09:15
8547,Floral,21.5,2026-01-19 08:09:15
8547,Powdery,16.75,2026-01-19 08:09:15
8547,Sweet,12.78,2026-01-19 08:09:15
8547,Fruity,9.41,2026-01-19 08:09:15
8547,Oriental,9.24,2026-01-19 08:09:15
8547,Citrus,6.91,2026-01-19 08:09:15
8550,Spicy,25.45,2026-01-19 08:09:15
8550,Woody,24.55,2026-01-19 08:09:15
8550,Fresh,16.36,2026-01-19 08:09:15
8550,Green,11.82,2026-01-19 08:09:15
8551,Floral,32.38,2026-01-19 08:09:15
8551,Fresh,27.46,2026-01-19 08:09:15
8551,Fruity,14.25,2026-01-19 08:09:15
8551,Sweet,13.73,2026-01-19 08:09:15
8555,Floral,24.24,2026-01-19 08:09:15
8555,Fresh,20.0,2026-01-19 08:09:15
8555,Fruity,14.55,2026-01-19 08:09:15
8555,Citrus,12.12,2026-01-19 08:09:15
8555,Green,11.52,2026-01-19 08:09:15
8558,Floral,27.78,2026-01-19 08:09:15
8558,Fruity,26.19,2026-01-19 08:09:15
8558,Fresh,17.46,2026-01-19 08:09:15
8558,Sweet,16.67,2026-01-19 08:09:15
8559,Floral,22.69,2026-01-19 08:09:15
8559,Fresh,17.69,2026-01-19 08:09:15
8559,Citrus,11.57,2026-01-19 08:09:15
8559,Fruity,11.35,2026-01-19 08:09:15
8559,Sweet,9.9,2026-01-19 08:09:15
8562,Floral,18.75,2026-01-19 08:09:15
8562,Fresh,15.97,2026-01-19 08:09:15
8562,Woody,14.58,2026-01-19 08:09:15
8562,Sweet,12.5,2026-01-19 08:09:15
8562,Powdery,11.11,2026-01-19 08:09:15
8563,Floral,27.4,2026-01-19 08:09:15
8563,Fruity,17.81,2026-01-19 08:09:15
8563,Fresh,17.31,2026-01-19 08:09:15
8563,Sweet,12.45,2026-01-19 08:09:15
8563,Citrus,12.2,2026-01-19 08:09:15
8567,Powdery,23.48,2026-01-19 08:09:15
8567,Fresh,20.29,2026-01-19 08:09:15
8567,Floral,19.96,2026-01-19 08:09:15
8567,Creamy,14.44,2026-01-19 08:09:15
8570,Spicy,22.45,2026-01-19 08:09:15
8570,Woody,16.33,2026-01-19 08:09:15
8570,Fresh,16.33,2026-01-19 08:09:15
8570,Citrus,12.24,2026-01-19 08:09:15
8570,Synthetic,8.16,2026-01-19 08:09:15
8570,Green,8.16,2026-01-19 08:09:15
8571,Woody,24.48,2026-01-19 08:09:15
8571,Spicy,22.03,2026-01-19 08:09:15
8571,Green,18.85,2026-01-19 08:09:15
8571,Fresh,11.38,2026-01-19 08:09:15
8576,Woody,25.0,2026-01-19 08:09:15
8576,Fruity,25.0,2026-01-19 08:09:15
8576,Floral,25.0,2026-01-19 08:09:15
8578,Powdery,27.19,2026-01-19 08:09:15
8578,Green,25.79,2026-01-19 08:09:15
8578,Floral,20.59,2026-01-19 08:09:15
8579,Floral,29.63,2026-01-19 08:09:15
8579,Powdery,22.22,2026-01-19 08:09:15
8579,Woody,16.67,2026-01-19 08:09:15
8579,Fresh,11.11,2026-01-19 08:09:15
8582,Fresh,16.17,2026-01-19 08:09:15
8582,Powdery,15.76,2026-01-19 08:09:15
8582,Floral,12.9,2026-01-19 08:09:15
8582,Fougère,11.57,2026-01-19 08:09:15
8582,Citrus,10.34,2026-01-19 08:09:15
8582,Spicy,7.98,2026-01-19 08:09:15
8584,Floral,27.18,2026-01-19 08:09:15
8584,Sweet,16.5,2026-01-19 08:09:15
8584,Creamy,14.56,2026-01-19 08:09:15
8584,Fresh,13.59,2026-01-19 08:09:15
8586,Woody,25.43,2026-01-19 08:09:15
8586,Spicy,21.12,2026-01-19 08:09:15
8586,Green,19.11,2026-01-19 08:09:15
8588,Sweet,20.93,2026-01-19 08:09:15
8588,Floral,19.38,2026-01-19 08:09:15
8588,Powdery,17.83,2026-01-19 08:09:15
8588,Green,15.5,2026-01-19 08:09:15
8589,Fresh,100.0,2026-01-19 08:09:15
8590,Woody,21.66,2026-01-19 08:09:15
8590,Spicy,19.53,2026-01-19 08:09:15
8590,Fresh,13.59,2026-01-19 08:09:15
8590,Citrus,11.68,2026-01-19 08:09:15
8590,Leathery,11.04,2026-01-19 08:09:15
8592,Floral,21.43,2026-01-19 08:09:15
8592,Sweet,19.29,2026-01-19 08:09:15
8592,Fruity,18.57,2026-01-19 08:09:15
8592,Fresh,11.43,2026-01-19 08:09:15
8592,Creamy,10.71,2026-01-19 08:09:15
8593,Synthetic,20.0,2026-01-19 08:09:15
8593,Fresh,20.0,2026-01-19 08:09:15
8593,Floral,20.0,2026-01-19 08:09:15
8593,Sweet,10.0,2026-01-19 08:09:15
8593,Woody,10.0,2026-01-19 08:09:15
8593,Green,10.0,2026-01-19 08:09:15
8593,Fruity,10.0,2026-01-19 08:09:15
8594,Green,20.73,2026-01-19 08:09:15
8594,Floral,17.18,2026-01-19 08:09:15
8594,Chypre,13.29,2026-01-19 08:09:15
8594,Fresh,12.83,2026-01-19 08:09:15
8594,Woody,11.11,2026-01-19 08:09:15
8596,Fresh,27.38,2026-01-19 08:09:15
8596,Aquatic,27.38,2026-01-19 08:09:15
8596,Citrus,21.43,2026-01-19 08:09:15
8597,Sweet,20.0,2026-01-19 08:09:15
8597,Powdery,20.0,2026-01-19 08:09:15
8597,Woody,20.0,2026-01-19 08:09:15
8597,Creamy,20.0,2026-01-19 08:09:15
8597,Floral,20.0,2026-01-19 08:09:15
8598,Green,21.49,2026-01-19 08:09:15
8598,Floral,18.78,2026-01-19 08:09:15
8598,Chypre,14.25,2026-01-19 08:09:15
8598,Fresh,11.43,2026-01-19 08:09:15
8598,Woody,10.75,2026-01-19 08:09:15
8602,Powdery,28.38,2026-01-19 08:09:15
8602,Floral,27.24,2026-01-19 08:09:15
8602,Sweet,21.71,2026-01-19 08:09:15
8610,Floral,28.57,2026-01-19 08:09:15
8610,Powdery,26.19,2026-01-19 08:09:15
8610,Sweet,17.86,2026-01-19 08:09:15
8614,Floral,22.46,2026-01-19 08:09:15
8614,Powdery,20.36,2026-01-19 08:09:15
8614,Woody,11.23,2026-01-19 08:09:15
8614,Chypre,9.88,2026-01-19 08:09:15
8614,Synthetic,7.19,2026-01-19 08:09:15
8614,Creamy,6.59,2026-01-19 08:09:15
8615,Floral,27.71,2026-01-19 08:09:15
8615,Fresh,20.48,2026-01-19 08:09:15
8615,Sweet,16.87,2026-01-19 08:09:15
8615,Creamy,16.87,2026-01-19 08:09:15
8618,Floral,24.24,2026-01-19 08:09:15
8618,Powdery,23.23,2026-01-19 08:09:15
8618,Sweet,18.18,2026-01-19 08:09:15
8618,Fresh,11.11,2026-01-19 08:09:15
8619,Creamy,24.25,2026-01-19 08:09:15
8619,Floral,23.73,2026-01-19 08:09:15
8619,Fresh,16.7,2026-01-19 08:09:15
8619,Sweet,14.24,2026-01-19 08:09:15
8622,Floral,22.27,2026-01-19 08:09:15
8622,Oriental,17.24,2026-01-19 08:09:15
8622,Spicy,15.09,2026-01-19 08:09:15
8622,Fruity,12.93,2026-01-19 08:09:15
8622,Sweet,12.64,2026-01-19 08:09:15
8623,Floral,28.75,2026-01-19 08:09:15
8623,Fruity,25.0,2026-01-19 08:09:15
8623,Sweet,17.5,2026-01-19 08:09:15
8626,Spicy,17.39,2026-01-19 08:09:15
8626,Fresh,16.52,2026-01-19 08:09:15
8626,Woody,14.78,2026-01-19 08:09:15
8626,Citrus,11.3,2026-01-19 08:09:15
8626,Fruity,10.43,2026-01-19 08:09:15
8626,Sweet,8.7,2026-01-19 08:09:15
8627,Citrus,27.38,2026-01-19 08:09:15
8627,Fresh,26.63,2026-01-19 08:09:15
8627,Green,21.79,2026-01-19 08:09:15
8630,Citrus,25.71,2026-01-19 08:09:15
8630,Fresh,23.81,2026-01-19 08:09:15
8630,Floral,13.33,2026-01-19 08:09:15
8630,Green,12.38,2026-01-19 08:09:15
8631,Woody,25.05,2026-01-19 08:09:15
8631,Floral,19.83,2026-01-19 08:09:15
8631,Spicy,16.08,2026-01-19 08:09:15
8631,Powdery,12.53,2026-01-19 08:09:15
8634,Floral,24.74,2026-01-19 08:09:15
8634,Fresh,23.71,2026-01-19 08:09:15
8634,Creamy,16.49,2026-01-19 08:09:15
8634,Powdery,13.4,2026-01-19 08:09:15
8635,Spicy,21.59,2026-01-19 08:09:15
8635,Oriental,21.59,2026-01-19 08:09:15
8635,Floral,17.37,2026-01-19 08:09:15
8635,Sweet,11.47,2026-01-19 08:09:15
8638,Floral,21.74,2026-01-19 08:09:15
8638,Fresh,20.65,2026-01-19 08:09:15
8638,Sweet,17.39,2026-01-19 08:09:15
8638,Aquatic,14.13,2026-01-19 08:09:15
8641,Floral,26.81,2026-01-19 08:09:15
8641,Fruity,15.04,2026-01-19 08:09:15
8641,Fresh,13.77,2026-01-19 08:09:15
8641,Creamy,13.59,2026-01-19 08:09:15
8642,Sweet,20.88,2026-01-19 08:09:15
8642,Floral,20.88,2026-01-19 08:09:15
8642,Powdery,14.29,2026-01-19 08:09:15
8642,Fruity,12.09,2026-01-19 08:09:15
8642,Citrus,6.59,2026-01-19 08:09:15
8645,Fresh,26.81,2026-01-19 08:09:15
8645,Green,25.05,2026-01-19 08:09:15
8645,Citrus,24.27,2026-01-19 08:09:15
8646,Floral,28.21,2026-01-19 08:09:15
8646,Powdery,24.36,2026-01-19 08:09:15
8646,Creamy,20.51,2026-01-19 08:09:15
8649,Floral,22.33,2026-01-19 08:09:15
8649,Fresh,18.23,2026-01-19 08:09:15
8649,Fruity,16.09,2026-01-19 08:09:15
8649,Sweet,12.48,2026-01-19 08:09:15
8649,Citrus,10.02,2026-01-19 08:09:15
8650,Sweet,20.0,2026-01-19 08:09:15
8650,Synthetic,18.18,2026-01-19 08:09:15
8650,Fruity,16.36,2026-01-19 08:09:15
8650,Spicy,12.73,2026-01-19 08:09:15
8650,Fresh,12.73,2026-01-19 08:09:15
8653,Green,20.83,2026-01-19 08:09:15
8653,Fresh,19.05,2026-01-19 08:09:15
8653,Floral,18.6,2026-01-19 08:09:15
8653,Citrus,14.43,2026-01-19 08:09:15
8653,Chypre,14.29,2026-01-19 08:09:15
8655,Aquatic,23.68,2026-01-19 08:09:15
8655,Woody,19.74,2026-01-19 08:09:15
8655,Fresh,18.42,2026-01-19 08:09:15
8655,Smoky,13.16,2026-01-19 08:09:15
8657,Green,24.18,2026-01-19 08:09:15
8657,Fresh,24.18,2026-01-19 08:09:15
8657,Citrus,19.24,2026-01-19 08:09:15
8659,Floral,23.17,2026-01-19 08:09:15
8659,Creamy,19.51,2026-01-19 08:09:15
8659,Sweet,17.07,2026-01-19 08:09:15
8659,Powdery,13.41,2026-01-19 08:09:15
8661,Fresh,22.85,2026-01-19 08:09:15
8661,Citrus,22.19,2026-01-19 08:09:15
8661,Woody,15.89,2026-01-19 08:09:15
8661,Aquatic,12.25,2026-01-19 08:09:15
8663,Sweet,25.37,2026-01-19 08:09:15
8663,Fruity,22.39,2026-01-19 08:09:15
8663,Gourmand,13.43,2026-01-19 08:09:15
8663,Creamy,11.94,2026-01-19 08:09:15
8665,Green,22.19,2026-01-19 08:09:15
8665,Floral,18.64,2026-01-19 08:09:15
8665,Chypre,14.33,2026-01-19 08:09:15
8665,Fresh,13.71,2026-01-19 08:09:15
8665,Woody,10.94,2026-01-19 08:09:15
8667,Floral,27.94,2026-01-19 08:09:15
8667,Fresh,23.53,2026-01-19 08:09:15
8667,Powdery,14.71,2026-01-19 08:09:15
8667,Fruity,14.71,2026-01-19 08:09:15
8669,Leathery,23.83,2026-01-19 08:09:15
8669,Floral,17.02,2026-01-19 08:09:15
8669,Animal,15.96,2026-01-19 08:09:15
8669,Woody,14.68,2026-01-19 08:09:15
8671,Floral,20.0,2026-01-19 08:09:15
8671,Fruity,18.18,2026-01-19 08:09:15
8671,Sweet,16.36,2026-01-19 08:09:15
8671,Oriental,11.82,2026-01-19 08:09:15
8671,Powdery,10.0,2026-01-19 08:09:15
8671,Woody,10.0,2026-01-19 08:09:15
8673,Citrus,19.59,2026-01-19 08:09:15
8673,Chypre,18.14,2026-01-19 08:09:15
8673,Spicy,15.05,2026-01-19 08:09:15
8673,Fresh,13.4,2026-01-19 08:09:15
8673,Woody,11.34,2026-01-19 08:09:15
8676,Spicy,19.73,2026-01-19 08:09:15
8676,Oriental,18.93,2026-01-19 08:09:15
8676,Floral,11.63,2026-01-19 08:09:15
8676,Woody,9.54,2026-01-19 08:09:15
8676,Resinous,8.74,2026-01-19 08:09:15
8676,Animal,7.14,2026-01-19 08:09:15
8677,Citrus,32.09,2026-01-19 08:09:15
8677,Fresh,29.6,2026-01-19 08:09:15
8679,Floral,27.12,2026-01-19 08:09:15
8679,Sweet,20.34,2026-01-19 08:09:15
8679,Fruity,20.34,2026-01-19 08:09:15
8680,Floral,34.14,2026-01-19 08:09:15
8680,Fresh,27.9,2026-01-19 08:09:15
8681,Floral,24.45,2026-01-19 08:09:15
8681,Powdery,22.27,2026-01-19 08:09:15
8681,Green,15.31,2026-01-19 08:09:15
8681,Fresh,14.12,2026-01-19 08:09:15
8683,Floral,21.51,2026-01-19 08:09:15
8683,Fruity,20.43,2026-01-19 08:09:15
8683,Sweet,15.05,2026-01-19 08:09:15
8683,Powdery,9.68,2026-01-19 08:09:15
8683,Gourmand,9.68,2026-01-19 08:09:15
8684,Chypre,21.33,2026-01-19 08:09:15
8684,Floral,21.16,2026-01-19 08:09:15
8684,Woody,15.53,2026-01-19 08:09:15
8684,Spicy,14.85,2026-01-19 08:09:15
8685,Floral,26.91,2026-01-19 08:09:15
8685,Powdery,15.97,2026-01-19 08:09:15
8685,Fresh,14.0,2026-01-19 08:09:15
8685,Citrus,12.91,2026-01-19 08:09:15
8685,Sweet,10.07,2026-01-19 08:09:15
8687,Floral,30.16,2026-01-19 08:09:15
8687,Woody,25.4,2026-01-19 08:09:15
8687,Spicy,14.29,2026-01-19 08:09:15
8687,Powdery,14.29,2026-01-19 08:09:15
8689,Floral,23.91,2026-01-19 08:09:15
8689,Fresh,21.3,2026-01-19 08:09:15
8689,Citrus,18.04,2026-01-19 08:09:15
8689,Creamy,11.09,2026-01-19 08:09:15
8691,Spicy,30.19,2026-01-19 08:09:15
8691,Woody,26.42,2026-01-19 08:09:15
8691,Fresh,22.64,2026-01-19 08:09:15
8692,Floral,20.21,2026-01-19 08:09:15
8692,Green,19.16,2026-01-19 08:09:15
8692,Chypre,15.12,2026-01-19 08:09:15
8692,Spicy,12.28,2026-01-19 08:09:15
8692,Woody,10.93,2026-01-19 08:09:15
8692,Fresh,10.63,2026-01-19 08:09:15
8695,Fruity,18.18,2026-01-19 08:09:15
8695,Fresh,15.58,2026-01-19 08:09:15
8695,Sweet,14.29,2026-01-19 08:09:15
8695,Floral,12.99,2026-01-19 08:09:15
8695,Synthetic,11.69,2026-01-19 08:09:15
8696,Woody,21.67,2026-01-19 08:09:15
8696,Sweet,20.21,2026-01-19 08:09:15
8696,Floral,20.0,2026-01-19 08:09:15
8696,Powdery,15.21,2026-01-19 08:09:15
8697,Chypre,19.47,2026-01-19 08:09:15
8697,Floral,18.81,2026-01-19 08:09:15
8697,Spicy,14.38,2026-01-19 08:09:15
8697,Green,12.61,2026-01-19 08:09:15
8697,Powdery,12.39,2026-01-19 08:09:15
8699,Woody,21.43,2026-01-19 08:09:15
8699,Spicy,20.04,2026-01-19 08:09:15
8699,Oriental,18.85,2026-01-19 08:09:15
8699,Sweet,14.09,2026-01-19 08:09:15
8700,Floral,25.33,2026-01-19 08:09:15
8700,Powdery,20.0,2026-01-19 08:09:15
8700,Sweet,14.67,2026-01-19 08:09:15
8700,Synthetic,10.67,2026-01-19 08:09:15
8700,Fresh,9.33,2026-01-19 08:09:15
8701,Fresh,28.11,2026-01-19 08:09:15
8701,Citrus,24.25,2026-01-19 08:09:15
8701,Aquatic,12.69,2026-01-19 08:09:15
8701,Floral,11.28,2026-01-19 08:09:15
8703,Oriental,16.51,2026-01-19 08:09:15
8703,Woody,14.83,2026-01-19 08:09:15
8703,Spicy,14.53,2026-01-19 08:09:15
8703,Resinous,10.55,2026-01-19 08:09:15
8703,Floral,10.4,2026-01-19 08:09:15
8703,Smoky,9.17,2026-01-19 08:09:15
8703,Sweet,8.56,2026-01-19 08:09:15
8704,Sweet,25.0,2026-01-19 08:09:15
8704,Floral,25.0,2026-01-19 08:09:15
8704,Fruity,16.67,2026-01-19 08:09:15
8704,Synthetic,10.0,2026-01-19 08:09:15
8704,Powdery,10.0,2026-01-19 08:09:15
8705,Sweet,23.44,2026-01-19 08:09:15
8705,Spicy,21.77,2026-01-19 08:09:15
8705,Oriental,15.79,2026-01-19 08:09:15
8705,Gourmand,12.36,2026-01-19 08:09:15
8707,Spicy,22.16,2026-01-19 08:09:15
8707,Oriental,18.82,2026-01-19 08:09:15
8707,Woody,12.35,2026-01-19 08:09:15
8707,Resinous,11.76,2026-01-19 08:09:15
8707,Floral,9.41,2026-01-19 08:09:15
8707,Smoky,8.63,2026-01-19 08:09:15
8708,Floral,29.09,2026-01-19 08:09:15
8708,Sweet,20.0,2026-01-19 08:09:15
8708,Fruity,12.73,2026-01-19 08:09:15
8708,Fresh,12.73,2026-01-19 08:09:15
8709,Floral,24.22,2026-01-19 08:09:15
8709,Fresh,21.38,2026-01-19 08:09:15
8709,Green,13.97,2026-01-19 08:09:15
8709,Spicy,10.26,2026-01-19 08:09:15
8709,Powdery,8.88,2026-01-19 08:09:15
8711,Floral,28.48,2026-01-19 08:09:15
8711,Woody,19.2,2026-01-19 08:09:15
8711,Fresh,14.24,2026-01-19 08:09:15
8711,Powdery,11.46,2026-01-19 08:09:15
8711,Sweet,10.84,2026-01-19 08:09:15
8712,Spicy,27.27,2026-01-19 08:09:15
8712,Woody,27.27,2026-01-19 08:09:15
8712,Sweet,16.36,2026-01-19 08:09:15
8713,Spicy,23.82,2026-01-19 08:09:15
8713,Oriental,22.29,2026-01-19 08:09:15
8713,Sweet,17.58,2026-01-19 08:09:15
8713,Woody,14.22,2026-01-19 08:09:15
8715,Floral,19.7,2026-01-19 08:09:15
8715,Sweet,19.1,2026-01-19 08:09:15
8715,Citrus,11.94,2026-01-19 08:09:15
8715,Fresh,10.75,2026-01-19 08:09:15
8715,Fruity,9.85,2026-01-19 08:09:15
8716,Citrus,22.95,2026-01-19 08:09:15
8716,Fresh,21.31,2026-01-19 08:09:15
8716,Synthetic,16.39,2026-01-19 08:09:15
8716,Woody,9.84,2026-01-19 08:09:15
8716,Green,9.84,2026-01-19 08:09:15
8717,Floral,22.3,2026-01-19 08:09:15
8717,Sweet,18.25,2026-01-19 08:09:15
8717,Fruity,16.77,2026-01-19 08:09:15
8717,Oriental,12.44,2026-01-19 08:09:15
8717,Woody,12.35,2026-01-19 08:09:15
8719,Sweet,21.65,2026-01-19 08:09:15
8719,Powdery,21.04,2026-01-19 08:09:15
8719,Floral,16.77,2026-01-19 08:09:15
8719,Woody,14.94,2026-01-19 08:09:15
8720,Powdery,24.44,2026-01-19 08:09:15
8720,Floral,22.22,2026-01-19 08:09:15
8720,Sweet,17.78,2026-01-19 08:09:15
8720,Fresh,13.33,2026-01-19 08:09:15
8721,Fresh,22.83,2026-01-19 08:09:15
8721,Woody,16.47,2026-01-19 08:09:15
8721,Spicy,14.01,2026-01-19 08:09:15
8721,Citrus,10.38,2026-01-19 08:09:15
8721,Synthetic,8.69,2026-01-19 08:09:15
8721,Sweet,6.74,2026-01-19 08:09:15
8724,Floral,28.95,2026-01-19 08:09:15
8724,Fresh,22.37,2026-01-19 08:09:15
8724,Powdery,18.42,2026-01-19 08:09:15
8725,Spicy,22.33,2026-01-19 08:09:15
8725,Oriental,21.31,2026-01-19 08:09:15
8725,Woody,13.02,2026-01-19 08:09:15
8725,Animal,10.33,2026-01-19 08:09:15
8725,Sweet,10.25,2026-01-19 08:09:15
8727,Floral,19.18,2026-01-19 08:09:15
8727,Sweet,18.55,2026-01-19 08:09:15
8727,Oriental,18.55,2026-01-19 08:09:15
8727,Powdery,13.52,2026-01-19 08:09:15
8731,Floral,31.11,2026-01-19 08:09:15
8731,Fruity,26.67,2026-01-19 08:09:15
8731,Sweet,20.0,2026-01-19 08:09:15
8732,Floral,29.5,2026-01-19 08:09:15
8734,Floral,31.39,2026-01-19 08:09:15
8734,Woody,19.05,2026-01-19 08:09:15
8734,Fresh,16.05,2026-01-19 08:09:15
8734,Sweet,10.05,2026-01-19 08:09:15
8738,Citrus,23.25,2026-01-19 08:09:15
8738,Fresh,22.32,2026-01-19 08:09:15
8738,Sweet,16.05,2026-01-19 08:09:15
8738,Fruity,15.31,2026-01-19 08:09:15
8739,Floral,30.25,2026-01-19 08:09:15
8739,Fruity,16.81,2026-01-19 08:09:15
8739,Fresh,15.13,2026-01-19 08:09:15
8739,Sweet,10.5,2026-01-19 08:09:15
8740,Floral,19.23,2026-01-19 08:09:15
8740,Powdery,17.31,2026-01-19 08:09:15
8740,Fresh,17.31,2026-01-19 08:09:15
8740,Citrus,11.54,2026-01-19 08:09:15
8740,Woody,11.54,2026-01-19 08:09:15
8742,Fresh,24.89,2026-01-19 08:09:15
8742,Citrus,22.05,2026-01-19 08:09:15
8742,Aquatic,17.47,2026-01-19 08:09:15
8742,Synthetic,12.66,2026-01-19 08:09:15
8743,Spicy,17.86,2026-01-19 08:09:15
8743,Floral,16.96,2026-01-19 08:09:15
8743,Oriental,16.07,2026-01-19 08:09:15
8743,Sweet,11.31,2026-01-19 08:09:15
8743,Woody,10.12,2026-01-19 08:09:15
8744,Floral,30.77,2026-01-19 08:09:15
8744,Fresh,23.08,2026-01-19 08:09:15
8744,Sweet,19.23,2026-01-19 08:09:15
8746,Spicy,20.5,2026-01-19 08:09:15
8746,Woody,15.09,2026-01-19 08:09:15
8746,Sweet,14.64,2026-01-19 08:09:15
8746,Synthetic,12.16,2026-01-19 08:09:15
8746,Floral,10.81,2026-01-19 08:09:15
8747,Floral,32.08,2026-01-19 08:09:15
8747,Fresh,26.42,2026-01-19 08:09:15
8747,Aquatic,16.98,2026-01-19 08:09:15
8748,Woody,16.91,2026-01-19 08:09:15
8748,Floral,16.91,2026-01-19 08:09:15
8748,Spicy,13.06,2026-01-19 08:09:15
8748,Oriental,10.98,2026-01-19 08:09:15
8748,Leathery,9.5,2026-01-19 08:09:15
8748,Resinous,7.72,2026-01-19 08:09:15
8750,Fresh,20.69,2026-01-19 08:09:15
8750,Synthetic,17.67,2026-01-19 08:09:15
8750,Aquatic,13.15,2026-01-19 08:09:15
8750,Floral,12.72,2026-01-19 08:09:15
8750,Woody,9.7,2026-01-19 08:09:15
8751,Citrus,19.64,2026-01-19 08:09:15
8751,Fresh,19.64,2026-01-19 08:09:15
8751,Woody,14.29,2026-01-19 08:09:15
8751,Spicy,10.71,2026-01-19 08:09:15
8751,Green,10.71,2026-01-19 08:09:15
8751,Fruity,10.71,2026-01-19 08:09:15
8752,Floral,33.33,2026-01-19 08:09:15
8754,Floral,25.42,2026-01-19 08:09:15
8754,Spicy,15.82,2026-01-19 08:09:15
8754,Woody,13.56,2026-01-19 08:09:15
8754,Fresh,12.99,2026-01-19 08:09:15
8754,Oriental,9.89,2026-01-19 08:09:15
8755,Citrus,21.43,2026-01-19 08:09:15
8755,Fresh,21.43,2026-01-19 08:09:15
8755,Synthetic,17.86,2026-01-19 08:09:15
8755,Floral,17.86,2026-01-19 08:09:15
8756,Green,20.63,2026-01-19 08:09:15
8756,Chypre,17.83,2026-01-19 08:09:15
8756,Spicy,14.34,2026-01-19 08:09:15
8756,Fresh,10.84,2026-01-19 08:09:15
8756,Woody,10.49,2026-01-19 08:09:15
8759,Green,25.71,2026-01-19 08:09:15
8759,Floral,25.71,2026-01-19 08:09:15
8759,Fresh,22.86,2026-01-19 08:09:15
8760,Spicy,17.87,2026-01-19 08:09:15
8760,Oriental,16.49,2026-01-19 08:09:15
8760,Floral,11.34,2026-01-19 08:09:15
8760,Woody,9.62,2026-01-19 08:09:15
8760,Resinous,8.25,2026-01-19 08:09:15
8760,Sweet,6.53,2026-01-19 08:09:15
8760,Earthy,6.53,2026-01-19 08:09:15
8760,Animal,6.53,2026-01-19 08:09:15
8762,Fruity,21.5,2026-01-19 08:09:15
8762,Fresh,21.5,2026-01-19 08:09:15
8763,Fresh,22.77,2026-01-19 08:09:15
8763,Floral,20.79,2026-01-19 08:09:15
8763,Green,17.82,2026-01-19 08:09:15
8764,Floral,25.37,2026-01-19 08:09:15
8764,Fresh,20.9,2026-01-19 08:09:15
8764,Fruity,17.91,2026-01-19 08:09:15
8764,Sweet,13.43,2026-01-19 08:09:15
8766,Fresh,24.73,2026-01-19 08:09:15
8766,Aquatic,17.56,2026-01-19 08:09:15
8766,Synthetic,15.05,2026-01-19 08:09:15
8766,Citrus,11.47,2026-01-19 08:09:15
8766,Woody,10.39,2026-01-19 08:09:15
8766,Fruity,9.68,2026-01-19 08:09:15
8767,Sweet,18.27,2026-01-19 08:09:15
8767,Floral,15.87,2026-01-19 08:09:15
8767,Woody,13.94,2026-01-19 08:09:15
8767,Spicy,12.02,2026-01-19 08:09:15
8767,Powdery,10.1,2026-01-19 08:09:15
8767,Oriental,9.13,2026-01-19 08:09:15
8767,Creamy,8.65,2026-01-19 08:09:15
8768,Citrus,25.93,2026-01-19 08:09:15
8768,Fresh,25.93,2026-01-19 08:09:15
8768,Floral,25.93,2026-01-19 08:09:15
8770,Floral,21.52,2026-01-19 08:09:15
8770,Fresh,15.16,2026-01-19 08:09:15
8770,Fruity,14.18,2026-01-19 08:09:15
8770,Spicy,11.0,2026-01-19 08:09:15
8770,Woody,9.78,2026-01-19 08:09:15
8770,Sweet,8.31,2026-01-19 08:09:15
8771,Chypre,20.43,2026-01-19 08:09:15
8771,Spicy,17.83,2026-01-19 08:09:15
8771,Green,16.09,2026-01-19 08:09:15
8771,Woody,9.57,2026-01-19 08:09:15
8771,Floral,8.7,2026-01-19 08:09:15
8772,Spicy,26.47,2026-01-19 08:09:15
8772,Floral,26.47,2026-01-19 08:09:15
8772,Smoky,23.53,2026-01-19 08:09:15
8774,Green,20.76,2026-01-19 08:09:15
8774,Fresh,19.88,2026-01-19 08:09:15
8774,Woody,13.16,2026-01-19 08:09:15
8774,Spicy,12.87,2026-01-19 08:09:15
8774,Synthetic,10.23,2026-01-19 08:09:15
8775,Floral,22.78,2026-01-19 08:09:15
8775,Citrus,15.19,2026-01-19 08:09:15
8775,Sweet,12.03,2026-01-19 08:09:15
8775,Fruity,11.39,2026-01-19 08:09:15
8775,Woody,10.76,2026-01-19 08:09:15
8775,Fresh,8.23,2026-01-19 08:09:15
8775,Green,7.59,2026-01-19 08:09:15
8776,Fresh,21.95,2026-01-19 08:09:15
8776,Woody,19.51,2026-01-19 08:09:15
8776,Citrus,14.63,2026-01-19 08:09:15
8776,Aquatic,14.63,2026-01-19 08:09:15
8778,Fresh,23.25,2026-01-19 08:09:15
8778,Floral,22.69,2026-01-19 08:09:15
8778,Green,20.45,2026-01-19 08:09:15
8779,Floral,21.57,2026-01-19 08:09:15
8779,Chypre,18.3,2026-01-19 08:09:15
8779,Fresh,15.69,2026-01-19 08:09:15
8779,Woody,11.11,2026-01-19 08:09:15
8779,Spicy,9.8,2026-01-19 08:09:15
8780,Fruity,30.0,2026-01-19 08:09:15
8780,Floral,23.33,2026-01-19 08:09:15
8780,Sweet,20.0,2026-01-19 08:09:15
8782,Green,24.17,2026-01-19 08:09:15
8782,Fresh,21.59,2026-01-19 08:09:15
8782,Citrus,17.16,2026-01-19 08:09:15
8782,Floral,15.68,2026-01-19 08:09:15
8785,Spicy,17.65,2026-01-19 08:09:15
8785,Green,17.65,2026-01-19 08:09:15
8785,Resinous,16.47,2026-01-19 08:09:15
8785,Woody,12.94,2026-01-19 08:09:15
8785,Floral,12.94,2026-01-19 08:09:15
8788,Spicy,20.0,2026-01-19 08:09:15
8788,Woody,20.0,2026-01-19 08:09:15
8788,Floral,14.0,2026-01-19 08:09:15
8788,Oriental,12.0,2026-01-19 08:09:15
8788,Leathery,12.0,2026-01-19 08:09:15
8789,Floral,25.76,2026-01-19 08:09:15
8789,Powdery,21.97,2026-01-19 08:09:15
8789,Fruity,19.7,2026-01-19 08:09:15
8790,Fruity,25.2,2026-01-19 08:09:15
8790,Floral,25.2,2026-01-19 08:09:15
8790,Fresh,17.69,2026-01-19 08:09:15
8792,Spicy,25.0,2026-01-19 08:09:15
8792,Oriental,19.51,2026-01-19 08:09:15
8792,Floral,18.9,2026-01-19 08:09:15
8792,Sweet,9.76,2026-01-19 08:09:15
8792,Resinous,9.76,2026-01-19 08:09:15
8793,Fruity,29.41,2026-01-19 08:09:15
8793,Sweet,23.53,2026-01-19 08:09:15
8793,Synthetic,17.65,2026-01-19 08:09:15
8793,Floral,17.65,2026-01-19 08:09:15
8796,Fresh,18.36,2026-01-19 08:09:15
8796,Floral,14.01,2026-01-19 08:09:15
8796,Synthetic,9.66,2026-01-19 08:09:15
8796,Green,9.66,2026-01-19 08:09:15
8796,Fougère,8.21,2026-01-19 08:09:15
8796,Citrus,7.73,2026-01-19 08:09:15
8796,Woody,7.73,2026-01-19 08:09:15
8797,Floral,20.0,2026-01-19 08:09:15
8797,Chypre,16.0,2026-01-19 08:09:15
8797,Spicy,12.0,2026-01-19 08:09:15
8797,Fresh,12.0,2026-01-19 08:09:15
8798,Citrus,29.41,2026-01-19 08:09:15
8798,Fresh,27.86,2026-01-19 08:09:15
8798,Floral,19.5,2026-01-19 08:09:15
8801,Floral,29.77,2026-01-19 08:09:15
8801,Woody,16.03,2026-01-19 08:09:15
8801,Green,14.5,2026-01-19 08:09:15
8801,Fresh,10.69,2026-01-19 08:09:15
8801,Spicy,8.4,2026-01-19 08:09:15
8801,Sweet,8.4,2026-01-19 08:09:15
8802,Fresh,25.64,2026-01-19 08:09:15
8802,Citrus,22.51,2026-01-19 08:09:15
8802,Floral,18.52,2026-01-19 08:09:15
8802,Fruity,12.25,2026-01-19 08:09:15
8804,Green,19.05,2026-01-19 08:09:15
8804,Fresh,14.29,2026-01-19 08:09:15
8804,Floral,14.29,2026-01-19 08:09:15
8804,Synthetic,9.52,2026-01-19 08:09:15
8804,Sweet,9.52,2026-01-19 08:09:15
8805,Sweet,23.2,2026-01-19 08:09:15
8805,Creamy,22.4,2026-01-19 08:09:15
8805,Floral,16.0,2026-01-19 08:09:15
8805,Fruity,11.2,2026-01-19 08:09:15
8806,Floral,24.59,2026-01-19 08:09:15
8806,Powdery,19.2,2026-01-19 08:09:15
8806,Fresh,15.46,2026-01-19 08:09:15
8806,Woody,9.13,2026-01-19 08:09:15
8806,Green,9.13,2026-01-19 08:09:15
8807,Fresh,28.57,2026-01-19 08:09:15
8807,Aquatic,19.05,2026-01-19 08:09:15
8807,Synthetic,14.29,2026-01-19 08:09:15
8809,Floral,24.83,2026-01-19 08:09:15
8809,Green,22.07,2026-01-19 08:09:15
8809,Fresh,16.55,2026-01-19 08:09:15
8809,Chypre,13.1,2026-01-19 08:09:15
8810,Woody,25.95,2026-01-19 08:09:15
8810,Floral,21.89,2026-01-19 08:09:15
8810,Spicy,15.68,2026-01-19 08:09:15
8810,Powdery,13.78,2026-01-19 08:09:15
8811,Floral,29.03,2026-01-19 08:09:15
8811,Synthetic,16.13,2026-01-19 08:09:15
8811,Spicy,12.9,2026-01-19 08:09:15
8811,Sweet,12.9,2026-01-19 08:09:15
8811,Fresh,12.9,2026-01-19 08:09:15
8814,Floral,31.44,2026-01-19 08:09:15
8814,Fresh,24.08,2026-01-19 08:09:15
8814,Citrus,16.39,2026-01-19 08:09:15
8817,Green,25.83,2026-01-19 08:09:15
8817,Spicy,23.33,2026-01-19 08:09:15
8817,Chypre,15.83,2026-01-19 08:09:15
8817,Floral,15.83,2026-01-19 08:09:15
8818,Floral,22.07,2026-01-19 08:09:15
8818,Fresh,19.73,2026-01-19 08:09:15
8818,Fruity,18.73,2026-01-19 08:09:15
8818,Citrus,12.04,2026-01-19 08:09:15
8819,Floral,21.74,2026-01-19 08:09:15
8819,Fruity,19.57,2026-01-19 08:09:15
8819,Fresh,17.39,2026-01-19 08:09:15
8819,Sweet,13.04,2026-01-19 08:09:15
8821,Floral,27.72,2026-01-19 08:09:15
8821,Woody,20.79,2026-01-19 08:09:15
8821,Fresh,14.85,2026-01-19 08:09:15
8821,Spicy,8.91,2026-01-19 08:09:15
8821,Sweet,8.91,2026-01-19 08:09:15
8822,Powdery,35.66,2026-01-19 08:09:15
8822,Floral,34.84,2026-01-19 08:09:15
8823,Citrus,26.09,2026-01-19 08:09:15
8823,Fresh,21.74,2026-01-19 08:09:15
8823,Floral,21.74,2026-01-19 08:09:15
8825,Fresh,22.22,2026-01-19 08:09:15
8825,Citrus,21.11,2026-01-19 08:09:15
8825,Aquatic,14.44,2026-01-19 08:09:15
8825,Creamy,13.33,2026-01-19 08:09:15
8826,Floral,21.89,2026-01-19 08:09:15
8826,Green,18.91,2026-01-19 08:09:15
8826,Chypre,16.67,2026-01-19 08:09:15
8826,Powdery,14.43,2026-01-19 08:09:15
8826,Spicy,13.68,2026-01-19 08:09:15
8827,Floral,25.81,2026-01-19 08:09:15
8827,Fruity,22.58,2026-01-19 08:09:15
8827,Fresh,19.35,2026-01-19 08:09:15
8829,Floral,23.26,2026-01-19 08:09:15
8829,Fresh,22.48,2026-01-19 08:09:15
8829,Green,17.05,2026-01-19 08:09:15
8829,Citrus,13.95,2026-01-19 08:09:15
8830,Floral,24.56,2026-01-19 08:09:15
8830,Fresh,17.16,2026-01-19 08:09:15
8830,Powdery,16.27,2026-01-19 08:09:15
8830,Green,14.79,2026-01-19 08:09:15
8831,Powdery,27.78,2026-01-19 08:09:15
8831,Floral,27.78,2026-01-19 08:09:15
8831,Creamy,22.22,2026-01-19 08:09:15
8832,Fruity,21.69,2026-01-19 08:09:15
8832,Sweet,20.68,2026-01-19 08:09:15
8832,Creamy,11.86,2026-01-19 08:09:15
8832,Floral,11.19,2026-01-19 08:09:15
8832,Woody,9.15,2026-01-19 08:09:15
8833,Floral,17.56,2026-01-19 08:09:15
8833,Fresh,14.5,2026-01-19 08:09:15
8833,Sweet,12.21,2026-01-19 08:09:15
8833,Gourmand,11.45,2026-01-19 08:09:15
8833,Woody,9.16,2026-01-19 08:09:15
8833,Fruity,9.16,2026-01-19 08:09:15
8834,Fresh,25.8,2026-01-19 08:09:15
8834,Citrus,24.52,2026-01-19 08:09:15
8834,Floral,16.24,2026-01-19 08:09:15
8835,Floral,27.59,2026-01-19 08:09:15
8835,Sweet,17.24,2026-01-19 08:09:15
8835,Powdery,13.79,2026-01-19 08:09:15
8835,Creamy,13.79,2026-01-19 08:09:15
8837,Sweet,23.62,2026-01-19 08:09:15
8837,Fruity,22.83,2026-01-19 08:09:15
8837,Gourmand,18.11,2026-01-19 08:09:15
8837,Floral,18.11,2026-01-19 08:09:15
8838,Floral,28.52,2026-01-19 08:09:15
8838,Powdery,26.23,2026-01-19 08:09:15
8838,Sweet,13.11,2026-01-19 08:09:15
8838,Green,11.8,2026-01-19 08:09:15
8840,Floral,31.58,2026-01-19 08:09:15
8840,Sweet,15.79,2026-01-19 08:09:15
8840,Powdery,15.79,2026-01-19 08:09:15
8840,Fresh,15.79,2026-01-19 08:09:15
8842,Leathery,24.92,2026-01-19 08:09:15
8842,Floral,21.26,2026-01-19 08:09:15
8842,Woody,19.27,2026-01-19 08:09:15
8843,Sweet,24.29,2026-01-19 08:09:15
8843,Fruity,23.73,2026-01-19 08:09:15
8843,Spicy,17.51,2026-01-19 08:09:15
8844,Floral,23.01,2026-01-19 08:09:15
8844,Chypre,21.24,2026-01-19 08:09:15
8844,Green,15.93,2026-01-19 08:09:15
8844,Spicy,11.5,2026-01-19 08:09:15
8844,Woody,11.5,2026-01-19 08:09:15
8846,Green,24.56,2026-01-19 08:09:15
8846,Powdery,23.84,2026-01-19 08:09:15
8846,Woody,18.86,2026-01-19 08:09:15
8847,Sweet,26.47,2026-01-19 08:09:15
8847,Fruity,26.47,2026-01-19 08:09:15
8847,Synthetic,19.12,2026-01-19 08:09:15
8848,Citrus,31.25,2026-01-19 08:09:15
8848,Spicy,18.75,2026-01-19 08:09:15
8848,Woody,18.75,2026-01-19 08:09:15
8848,Fresh,18.75,2026-01-19 08:09:15
8849,Floral,29.49,2026-01-19 08:09:15
8849,Fresh,24.36,2026-01-19 08:09:15
8849,Aquatic,17.95,2026-01-19 08:09:15
8850,Floral,29.04,2026-01-19 08:09:15
8850,Powdery,20.22,2026-01-19 08:09:15
8850,Green,11.03,2026-01-19 08:09:15
8850,Fresh,10.66,2026-01-19 08:09:15
8852,Fresh,23.81,2026-01-19 08:09:15
8852,Fruity,21.43,2026-01-19 08:09:15
8852,Citrus,11.9,2026-01-19 08:09:15
8852,Floral,11.9,2026-01-19 08:09:15
8853,Sweet,17.86,2026-01-19 08:09:15
8853,Floral,17.86,2026-01-19 08:09:15
8853,Fruity,14.29,2026-01-19 08:09:15
8853,Citrus,13.39,2026-01-19 08:09:15
8853,Fresh,8.93,2026-01-19 08:09:15
8854,Floral,27.88,2026-01-19 08:09:15
8854,Sweet,18.59,2026-01-19 08:09:15
8854,Green,15.61,2026-01-19 08:09:15
8854,Creamy,14.5,2026-01-19 08:09:15
8855,Sweet,25.76,2026-01-19 08:09:15
8855,Fruity,16.67,2026-01-19 08:09:15
8855,Woody,15.15,2026-01-19 08:09:15
8855,Spicy,9.09,2026-01-19 08:09:15
8855,Leathery,9.09,2026-01-19 08:09:15
8855,Creamy,9.09,2026-01-19 08:09:15
8855,Floral,9.09,2026-01-19 08:09:15
8856,Woody,26.32,2026-01-19 08:09:15
8856,Spicy,21.05,2026-01-19 08:09:15
8856,Sweet,21.05,2026-01-19 08:09:15
8856,Powdery,21.05,2026-01-19 08:09:15
8857,Floral,25.97,2026-01-19 08:09:15
8857,Fresh,20.78,2026-01-19 08:09:15
8857,Fruity,14.29,2026-01-19 08:09:15
8857,Sweet,9.09,2026-01-19 08:09:15
8857,Powdery,7.79,2026-01-19 08:09:15
8858,Floral,29.35,2026-01-19 08:09:15
8858,Powdery,21.01,2026-01-19 08:09:15
8858,Creamy,13.04,2026-01-19 08:09:15
8858,Fresh,12.32,2026-01-19 08:09:15
8858,Spicy,11.59,2026-01-19 08:09:15
8859,Floral,27.27,2026-01-19 08:09:15
8859,Fresh,22.73,2026-01-19 08:09:15
8859,Synthetic,13.64,2026-01-19 08:09:15
8859,Woody,13.64,2026-01-19 08:09:15
8860,Sweet,25.47,2026-01-19 08:09:15
8860,Spicy,21.7,2026-01-19 08:09:15
8860,Woody,13.21,2026-01-19 08:09:15
8860,Floral,12.26,2026-01-19 08:09:15
8861,Floral,25.0,2026-01-19 08:09:15
8861,Woody,17.05,2026-01-19 08:09:15
8861,Powdery,14.77,2026-01-19 08:09:15
8861,Fresh,14.77,2026-01-19 08:09:15
8861,Sweet,7.95,2026-01-19 08:09:15
8862,Fresh,22.34,2026-01-19 08:09:15
8862,Woody,15.38,2026-01-19 08:09:15
8862,Citrus,14.29,2026-01-19 08:09:15
8862,Synthetic,11.72,2026-01-19 08:09:15
8862,Spicy,10.62,2026-01-19 08:09:15
8863,Fresh,21.74,2026-01-19 08:09:15
8863,Citrus,17.39,2026-01-19 08:09:15
8863,Floral,17.39,2026-01-19 08:09:15
8863,Aquatic,17.39,2026-01-19 08:09:15
8864,Fresh,20.45,2026-01-19 08:09:15
8864,Floral,19.32,2026-01-19 08:09:15
8864,Powdery,15.91,2026-01-19 08:09:15
8864,Green,15.91,2026-01-19 08:09:15
8865,Smoky,23.75,2026-01-19 08:09:15
8865,Spicy,19.38,2026-01-19 08:09:15
8865,Sweet,17.5,2026-01-19 08:09:15
8865,Woody,17.5,2026-01-19 08:09:15
8866,Oriental,20.96,2026-01-19 08:09:15
8866,Spicy,18.41,2026-01-19 08:09:15
8866,Floral,16.15,2026-01-19 08:09:15
8866,Woody,15.86,2026-01-19 08:09:15
8867,Floral,30.77,2026-01-19 08:09:15
8867,Fruity,23.08,2026-01-19 08:09:15
8867,Fresh,23.08,2026-01-19 08:09:15
8868,Aquatic,21.18,2026-01-19 08:09:15
8868,Fresh,17.65,2026-01-19 08:09:15
8868,Fruity,14.12,2026-01-19 08:09:15
8868,Floral,14.12,2026-01-19 08:09:15
8868,Green,12.94,2026-01-19 08:09:15
8869,Fruity,27.91,2026-01-19 08:09:15
8869,Sweet,23.26,2026-01-19 08:09:15
8869,Leathery,17.44,2026-01-19 08:09:15
8870,Fruity,20.4,2026-01-19 08:09:15
8870,Fresh,19.2,2026-01-19 08:09:15
8870,Sweet,18.4,2026-01-19 08:09:15
8870,Synthetic,12.0,2026-01-19 08:09:15
8871,Fresh,25.0,2026-01-19 08:09:15
8871,Citrus,22.22,2026-01-19 08:09:15
8871,Aquatic,13.89,2026-01-19 08:09:15
8871,Spicy,11.11,2026-01-19 08:09:15
8871,Green,11.11,2026-01-19 08:09:15
8872,Fruity,23.46,2026-01-19 08:09:15
8872,Synthetic,20.99,2026-01-19 08:09:15
8872,Sweet,20.99,2026-01-19 08:09:15
8872,Floral,11.11,2026-01-19 08:09:15
8873,Fruity,33.33,2026-01-19 08:09:15
8873,Sweet,27.78,2026-01-19 08:09:15
8874,Woody,22.92,2026-01-19 08:09:15
8874,Spicy,21.74,2026-01-19 08:09:15
8874,Fresh,15.42,2026-01-19 08:09:15
8874,Synthetic,13.44,2026-01-19 08:09:15
8875,Fruity,22.54,2026-01-19 08:09:15
8875,Floral,21.13,2026-01-19 08:09:15
8875,Leathery,19.72,2026-01-19 08:09:15
8875,Sweet,15.49,2026-01-19 08:09:15
8876,Floral,22.22,2026-01-19 08:09:15
8876,Fresh,19.44,2026-01-19 08:09:15
8876,Aquatic,16.67,2026-01-19 08:09:15
8876,Fruity,13.89,2026-01-19 08:09:15
8877,Sweet,29.63,2026-01-19 08:09:15
8877,Woody,24.69,2026-01-19 08:09:15
8877,Leathery,18.52,2026-01-19 08:09:15
8878,Sweet,22.41,2026-01-19 08:09:15
8878,Fruity,17.93,2026-01-19 08:09:15
8878,Synthetic,16.55,2026-01-19 08:09:15
8878,Fresh,11.72,2026-01-19 08:09:15
8878,Spicy,10.0,2026-01-19 08:09:15
8879,Spicy,26.47,2026-01-19 08:09:15
8879,Floral,26.47,2026-01-19 08:09:15
8879,Sweet,14.71,2026-01-19 08:09:15
8879,Oriental,14.71,2026-01-19 08:09:15
8880,Fresh,26.67,2026-01-19 08:09:15
8880,Citrus,20.0,2026-01-19 08:09:15
8880,Fruity,20.0,2026-01-19 08:09:15
8881,Sweet,20.66,2026-01-19 08:09:15
8881,Creamy,19.01,2026-01-19 08:09:15
8881,Woody,16.53,2026-01-19 08:09:15
8881,Spicy,15.7,2026-01-19 08:09:15
8881,Gourmand,15.7,2026-01-19 08:09:15
8882,Floral,26.8,2026-01-19 08:09:15
8882,Fresh,22.88,2026-01-19 08:09:15
8882,Fruity,20.59,2026-01-19 08:09:15
8883,Fresh,27.27,2026-01-19 08:09:15
8883,Floral,27.27,2026-01-19 08:09:15
8883,Green,18.18,2026-01-19 08:09:15
8884,Floral,21.74,2026-01-19 08:09:15
8884,Sweet,17.39,2026-01-19 08:09:15
8884,Fruity,17.39,2026-01-19 08:09:15
8884,Oriental,13.04,2026-01-19 08:09:15
8884,Woody,13.04,2026-01-19 08:09:15
8885,Fresh,23.02,2026-01-19 08:09:15
8885,Spicy,22.3,2026-01-19 08:09:15
8885,Woody,13.67,2026-01-19 08:09:15
8885,Synthetic,11.51,2026-01-19 08:09:15
8886,Floral,29.04,2026-01-19 08:09:15
8886,Fresh,22.43,2026-01-19 08:09:15
8886,Fruity,14.71,2026-01-19 08:09:15
8886,Powdery,11.03,2026-01-19 08:09:15
8888,Floral,23.08,2026-01-19 08:09:15
8888,Powdery,19.23,2026-01-19 08:09:15
8888,Fresh,19.23,2026-01-19 08:09:15
8888,Sweet,15.38,2026-01-19 08:09:15
8889,Gourmand,26.47,2026-01-19 08:09:15
8889,Sweet,23.53,2026-01-19 08:09:15
8889,Spicy,16.18,2026-01-19 08:09:15
8889,Synthetic,16.18,2026-01-19 08:09:15
8891,Woody,21.86,2026-01-19 08:09:15
8891,Spicy,19.43,2026-01-19 08:09:15
8891,Sweet,11.74,2026-01-19 08:09:15
8891,Fresh,11.74,2026-01-19 08:09:15
8891,Synthetic,11.34,2026-01-19 08:09:15
8893,Sweet,26.0,2026-01-19 08:09:15
8893,Gourmand,21.0,2026-01-19 08:09:15
8893,Spicy,20.0,2026-01-19 08:09:15
8893,Fruity,11.0,2026-01-19 08:09:15
8894,Woody,19.05,2026-01-19 08:09:15
8894,Spicy,16.67,2026-01-19 08:09:15
8894,Powdery,14.29,2026-01-19 08:09:15
8894,Fresh,11.9,2026-01-19 08:09:15
8894,Earthy,7.14,2026-01-19 08:09:15
8894,Creamy,7.14,2026-01-19 08:09:15
8895,Fresh,26.81,2026-01-19 08:09:15
8895,Citrus,23.83,2026-01-19 08:09:15
8895,Synthetic,17.02,2026-01-19 08:09:15
8896,Powdery,24.0,2026-01-19 08:09:15
8896,Floral,24.0,2026-01-19 08:09:15
8896,Sweet,20.0,2026-01-19 08:09:15
8898,Fruity,22.39,2026-01-19 08:09:15
8898,Floral,22.39,2026-01-19 08:09:15
8898,Sweet,16.42,2026-01-19 08:09:15
8898,Synthetic,8.96,2026-01-19 08:09:15
8898,Powdery,8.96,2026-01-19 08:09:15
8899,Fresh,22.46,2026-01-19 08:09:15
8899,Floral,21.39,2026-01-19 08:09:15
8899,Synthetic,14.97,2026-01-19 08:09:15
8899,Woody,14.44,2026-01-19 08:09:15
8900,Powdery,25.0,2026-01-19 08:09:15
8900,Creamy,25.0,2026-01-19 08:09:15
8900,Sweet,16.67,2026-01-19 08:09:15
8900,Floral,16.67,2026-01-19 08:09:15
8901,Woody,21.67,2026-01-19 08:09:15
8901,Green,20.0,2026-01-19 08:09:15
8901,Spicy,18.33,2026-01-19 08:09:15
8901,Fresh,15.83,2026-01-19 08:09:15
8905,Sweet,31.15,2026-01-19 08:09:15
8905,Gourmand,29.51,2026-01-19 08:09:15
8906,Fruity,27.27,2026-01-19 08:09:15
8906,Fresh,26.7,2026-01-19 08:09:15
8906,Citrus,21.02,2026-01-19 08:09:15
8907,Woody,26.67,2026-01-19 08:09:15
8907,Floral,22.22,2026-01-19 08:09:15
8907,Spicy,15.56,2026-01-19 08:09:15
8907,Creamy,11.11,2026-01-19 08:09:15
8908,Fresh,23.53,2026-01-19 08:09:15
8908,Floral,23.53,2026-01-19 08:09:15
8908,Synthetic,11.76,2026-01-19 08:09:15
8908,Woody,11.76,2026-01-19 08:09:15
8908,Aquatic,11.76,2026-01-19 08:09:15
8909,Sweet,21.36,2026-01-19 08:09:15
8909,Spicy,15.53,2026-01-19 08:09:15
8909,Gourmand,14.56,2026-01-19 08:09:15
8909,Woody,13.59,2026-01-19 08:09:15
8909,Leathery,12.62,2026-01-19 08:09:15
8910,Floral,32.56,2026-01-19 08:09:15
8910,Synthetic,16.28,2026-01-19 08:09:15
8910,Sweet,9.3,2026-01-19 08:09:15
8910,Fruity,9.3,2026-01-19 08:09:15
8910,Fresh,9.3,2026-01-19 08:09:15
8910,Creamy,9.3,2026-01-19 08:09:15
8911,Floral,21.63,2026-01-19 08:09:15
8911,Fruity,20.41,2026-01-19 08:09:15
8911,Sweet,18.37,2026-01-19 08:09:15
8911,Synthetic,14.69,2026-01-19 08:09:15
8912,Floral,21.74,2026-01-19 08:09:15
8912,Fresh,17.39,2026-01-19 08:09:15
8912,Spicy,13.04,2026-01-19 08:09:15
8912,Woody,13.04,2026-01-19 08:09:15
8912,Fruity,13.04,2026-01-19 08:09:15
8913,Sweet,25.0,2026-01-19 08:09:15
8913,Gourmand,21.15,2026-01-19 08:09:15
8913,Animal,19.23,2026-01-19 08:09:15
8914,Spicy,25.0,2026-01-19 08:09:15
8914,Oriental,16.67,2026-01-19 08:09:15
8914,Woody,14.58,2026-01-19 08:09:15
8914,Fruity,12.5,2026-01-19 08:09:15
8914,Fresh,12.5,2026-01-19 08:09:15
8917,Sweet,24.68,2026-01-19 08:09:15
8917,Spicy,23.38,2026-01-19 08:09:15
8917,Woody,15.58,2026-01-19 08:09:15
8917,Gourmand,14.29,2026-01-19 08:09:15
8919,Citrus,25.0,2026-01-19 08:09:15
8919,Fresh,18.75,2026-01-19 08:09:15
8919,Aquatic,18.75,2026-01-19 08:09:15
8920,Aquatic,29.58,2026-01-19 08:09:15
8920,Fresh,27.46,2026-01-19 08:09:15
8921,Sweet,25.49,2026-01-19 08:09:15
8921,Synthetic,23.53,2026-01-19 08:09:15
8921,Powdery,19.61,2026-01-19 08:09:15
8922,Creamy,21.74,2026-01-19 08:09:15
8922,Floral,21.74,2026-01-19 08:09:15
8922,Green,19.57,2026-01-19 08:09:15
8922,Fruity,19.57,2026-01-19 08:09:15
8923,Floral,23.33,2026-01-19 08:09:15
8923,Powdery,20.0,2026-01-19 08:09:15
8923,Fresh,16.67,2026-01-19 08:09:15
8923,Green,13.33,2026-01-19 08:09:15
8924,Sweet,26.03,2026-01-19 08:09:15
8924,Fruity,21.46,2026-01-19 08:09:15
8924,Floral,18.26,2026-01-19 08:09:15
8924,Gourmand,11.42,2026-01-19 08:09:15
8926,Fruity,18.75,2026-01-19 08:09:15
8926,Floral,18.75,2026-01-19 08:09:15
8926,Citrus,16.67,2026-01-19 08:09:15
8926,Sweet,14.58,2026-01-19 08:09:15
8926,Fresh,14.58,2026-01-19 08:09:15
8927,Floral,22.44,2026-01-19 08:09:15
8927,Woody,17.07,2026-01-19 08:09:15
8927,Fresh,14.15,2026-01-19 08:09:15
8927,Aquatic,9.76,2026-01-19 08:09:15
8927,Spicy,9.27,2026-01-19 08:09:15
8928,Fruity,27.27,2026-01-19 08:09:15
8928,Sweet,18.18,2026-01-19 08:09:15
8928,Fresh,18.18,2026-01-19 08:09:15
8928,Floral,18.18,2026-01-19 08:09:15
8929,Sweet,17.65,2026-01-19 08:09:15
8929,Powdery,17.65,2026-01-19 08:09:15
8929,Fresh,17.65,2026-01-19 08:09:15
8929,Synthetic,15.69,2026-01-19 08:09:15
8930,Fresh,30.77,2026-01-19 08:09:15
8930,Floral,26.92,2026-01-19 08:09:15
8931,Fresh,23.28,2026-01-19 08:09:15
8931,Citrus,20.11,2026-01-19 08:09:15
8931,Green,15.34,2026-01-19 08:09:15
8931,Woody,9.52,2026-01-19 08:09:15
8931,Synthetic,7.94,2026-01-19 08:09:15
8933,Sweet,27.59,2026-01-19 08:09:15
8933,Animal,15.52,2026-01-19 08:09:15
8933,Powdery,13.79,2026-01-19 08:09:15
8933,Synthetic,12.07,2026-01-19 08:09:15
8933,Floral,8.62,2026-01-19 08:09:15
8934,Floral,26.47,2026-01-19 08:09:15
8934,Fruity,23.53,2026-01-19 08:09:15
8934,Sweet,20.59,2026-01-19 08:09:15
8935,Fruity,20.0,2026-01-19 08:09:15
8935,Spicy,17.84,2026-01-19 08:09:15
8935,Sweet,14.59,2026-01-19 08:09:15
8935,Woody,11.35,2026-01-19 08:09:15
8935,Leathery,10.81,2026-01-19 08:09:15
8936,Green,34.78,2026-01-19 08:09:15
8936,Fresh,30.43,2026-01-19 08:09:15
8937,Sweet,20.9,2026-01-19 08:09:15
8937,Gourmand,19.4,2026-01-19 08:09:15
8937,Leathery,17.91,2026-01-19 08:09:15
8937,Powdery,10.45,2026-01-19 08:09:15
8937,Creamy,10.45,2026-01-19 08:09:15
8938,Fruity,25.0,2026-01-19 08:09:15
8938,Fresh,25.0,2026-01-19 08:09:15
8938,Floral,20.0,2026-01-19 08:09:15
8939,Sweet,21.76,2026-01-19 08:09:15
8939,Fresh,17.06,2026-01-19 08:09:15
8939,Synthetic,15.88,2026-01-19 08:09:15
8939,Spicy,14.12,2026-01-19 08:09:15
8940,Fruity,27.27,2026-01-19 08:09:15
8940,Fresh,27.27,2026-01-19 08:09:15
8940,Aquatic,27.27,2026-01-19 08:09:15
8941,Citrus,24.29,2026-01-19 08:09:15
8941,Fresh,22.86,2026-01-19 08:09:15
8941,Floral,22.86,2026-01-19 08:09:15
8942,Spicy,21.05,2026-01-19 08:09:15
8942,Oriental,18.42,2026-01-19 08:09:15
8942,Floral,15.79,2026-01-19 08:09:15
8942,Animal,7.89,2026-01-19 08:09:15
8943,Citrus,26.37,2026-01-19 08:09:15
8943,Fresh,26.37,2026-01-19 08:09:15
8944,Green,23.08,2026-01-19 08:09:15
8944,Fruity,20.0,2026-01-19 08:09:15
8944,Fresh,20.0,2026-01-19 08:09:15
8944,Spicy,15.38,2026-01-19 08:09:15
8944,Sweet,15.38,2026-01-19 08:09:15
8945,Fruity,20.83,2026-01-19 08:09:15
8945,Sweet,16.67,2026-01-19 08:09:15
8945,Fresh,16.67,2026-01-19 08:09:15
8945,Floral,16.67,2026-01-19 08:09:15
8946,Floral,29.17,2026-01-19 08:09:15
8946,Fresh,25.0,2026-01-19 08:09:15
8946,Sweet,16.67,2026-01-19 08:09:15
8947,Fresh,23.33,2026-01-19 08:09:15
8947,Spicy,21.67,2026-01-19 08:09:15
8947,Green,20.0,2026-01-19 08:09:15
8947,Citrus,11.67,2026-01-19 08:09:15
8948,Floral,23.5,2026-01-19 08:09:15
8948,Fresh,17.51,2026-01-19 08:09:15
8948,Fruity,15.67,2026-01-19 08:09:15
8948,Powdery,11.98,2026-01-19 08:09:15
8948,Citrus,9.22,2026-01-19 08:09:15
8950,Floral,24.24,2026-01-19 08:09:15
8950,Fresh,15.15,2026-01-19 08:09:15
8950,Woody,12.12,2026-01-19 08:09:15
8950,Green,12.12,2026-01-19 08:09:15
8950,Fruity,12.12,2026-01-19 08:09:15
8951,Spicy,21.05,2026-01-19 08:09:15
8951,Synthetic,15.79,2026-01-19 08:09:15
8951,Sweet,15.79,2026-01-19 08:09:15
8951,Animal,15.79,2026-01-19 08:09:15
8951,Smoky,10.53,2026-01-19 08:09:15
8952,Powdery,25.58,2026-01-19 08:09:15
8952,Green,25.58,2026-01-19 08:09:15
8952,Floral,20.47,2026-01-19 08:09:15
8954,Fresh,28.85,2026-01-19 08:09:15
8954,Floral,25.0,2026-01-19 08:09:15
8954,Aquatic,15.38,2026-01-19 08:09:15
8957,Citrus,20.0,2026-01-19 08:09:15
8957,Synthetic,20.0,2026-01-19 08:09:15
8957,Woody,20.0,2026-01-19 08:09:15
8957,Fresh,20.0,2026-01-19 08:09:15
8957,Earthy,20.0,2026-01-19 08:09:15
8958,Floral,23.26,2026-01-19 08:09:15
8958,Green,18.6,2026-01-19 08:09:15
8958,Powdery,11.63,2026-01-19 08:09:15
8958,Spicy,9.3,2026-01-19 08:09:15
8958,Sweet,9.3,2026-01-19 08:09:15
8958,Woody,9.3,2026-01-19 08:09:15
8959,Green,28.51,2026-01-19 08:09:15
8959,Fresh,19.46,2026-01-19 08:09:15
8959,Floral,14.93,2026-01-19 08:09:15
8960,Floral,25.0,2026-01-19 08:09:15
8960,Spicy,23.21,2026-01-19 08:09:15
8960,Woody,19.64,2026-01-19 08:09:15
8962,Citrus,22.73,2026-01-19 08:09:15
8962,Floral,20.45,2026-01-19 08:09:15
8962,Fresh,18.18,2026-01-19 08:09:15
8963,Sweet,33.33,2026-01-19 08:09:15
8963,Gourmand,33.33,2026-01-19 08:09:15
8964,Floral,26.09,2026-01-19 08:09:15
8964,Powdery,19.57,2026-01-19 08:09:15
8964,Woody,11.23,2026-01-19 08:09:15
8964,Green,10.51,2026-01-19 08:09:15
8964,Creamy,10.14,2026-01-19 08:09:15
8964,Fresh,9.78,2026-01-19 08:09:15
8966,Spicy,18.75,2026-01-19 08:09:15
8966,Green,16.67,2026-01-19 08:09:15
8966,Fresh,16.67,2026-01-19 08:09:15
8966,Fougère,16.67,2026-01-19 08:09:15
8967,Floral,25.68,2026-01-19 08:09:15
8967,Creamy,20.72,2026-01-19 08:09:15
8967,Fruity,15.32,2026-01-19 08:09:15
8967,Fresh,14.41,2026-01-19 08:09:15
8968,Floral,28.21,2026-01-19 08:09:15
8968,Woody,25.64,2026-01-19 08:09:15
8968,Spicy,12.82,2026-01-19 08:09:15
8968,Earthy,12.82,2026-01-19 08:09:15
8969,Fruity,30.0,2026-01-19 08:09:15
8969,Fresh,30.0,2026-01-19 08:09:15
8969,Floral,30.0,2026-01-19 08:09:15
8970,Sweet,27.27,2026-01-19 08:09:15
8970,Creamy,22.73,2026-01-19 08:09:15
8970,Floral,22.73,2026-01-19 08:09:15
8971,Floral,20.2,2026-01-19 08:09:15
8971,Oriental,19.7,2026-01-19 08:09:15
8971,Spicy,17.24,2026-01-19 08:09:15
8971,Resinous,10.34,2026-01-19 08:09:15
8971,Sweet,8.37,2026-01-19 08:09:15
8972,Spicy,26.19,2026-01-19 08:09:15
8972,Sweet,26.19,2026-01-19 08:09:15
8972,Leathery,23.81,2026-01-19 08:09:15
8973,Floral,33.33,2026-01-19 08:09:15
8973,Green,16.67,2026-01-19 08:09:15
8973,Fruity,16.67,2026-01-19 08:09:15
8973,Fresh,16.67,2026-01-19 08:09:15
8973,Aquatic,16.67,2026-01-19 08:09:15
8974,Sweet,23.08,2026-01-19 08:09:15
8974,Floral,23.08,2026-01-19 08:09:15
8974,Spicy,15.38,2026-01-19 08:09:15
8974,Oriental,15.38,2026-01-19 08:09:15
8976,Woody,27.27,2026-01-19 08:09:15
8976,Spicy,20.45,2026-01-19 08:09:15
8976,Sweet,18.18,2026-01-19 08:09:15
8977,Fresh,33.33,2026-01-19 08:09:15
8977,Creamy,33.33,2026-01-19 08:09:15
8977,Floral,33.33,2026-01-19 08:09:15
8978,Floral,24.32,2026-01-19 08:09:15
8978,Green,18.92,2026-01-19 08:09:15
8978,Fresh,18.92,2026-01-19 08:09:15
8978,Fruity,16.22,2026-01-19 08:09:15
8981,Sweet,22.5,2026-01-19 08:09:15
8981,Fruity,22.5,2026-01-19 08:09:15
8981,Gourmand,20.0,2026-01-19 08:09:15
8981,Creamy,20.0,2026-01-19 08:09:15
8982,Floral,27.59,2026-01-19 08:09:15
8982,Woody,20.69,2026-01-19 08:09:15
8982,Fresh,17.24,2026-01-19 08:09:15
8982,Green,13.79,2026-01-19 08:09:15
8983,Floral,24.19,2026-01-19 08:09:15
8983,Woody,19.35,2026-01-19 08:09:15
8983,Fruity,16.67,2026-01-19 08:09:15
8983,Fresh,14.52,2026-01-19 08:09:15
8985,Sweet,28.57,2026-01-19 08:09:15
8985,Synthetic,19.05,2026-01-19 08:09:15
8985,Resinous,19.05,2026-01-19 08:09:15
8986,Woody,21.64,2026-01-19 08:09:15
8986,Floral,17.54,2026-01-19 08:09:15
8986,Spicy,11.7,2026-01-19 08:09:15
8986,Powdery,11.7,2026-01-19 08:09:15
8986,Oriental,7.6,2026-01-19 08:09:15
8986,Resinous,7.02,2026-01-19 08:09:15
8987,Floral,23.53,2026-01-19 08:09:15
8987,Fruity,17.65,2026-01-19 08:09:15
8987,Sweet,14.71,2026-01-19 08:09:15
8987,Fresh,11.76,2026-01-19 08:09:15
8988,Woody,17.65,2026-01-19 08:09:15
8988,Spicy,14.71,2026-01-19 08:09:15
8988,Sweet,14.71,2026-01-19 08:09:15
8988,Powdery,14.71,2026-01-19 08:09:15
8988,Leathery,14.71,2026-01-19 08:09:15
8988,Creamy,14.71,2026-01-19 08:09:15
8989,Green,50.0,2026-01-19 08:09:15
8989,Fresh,50.0,2026-01-19 08:09:15
8990,Fruity,22.58,2026-01-19 08:09:15
8990,Floral,22.58,2026-01-19 08:09:15
8990,Spicy,12.9,2026-01-19 08:09:15
8990,Sweet,9.68,2026-01-19 08:09:15
8990,Powdery,9.68,2026-01-19 08:09:15
8990,Fresh,9.68,2026-01-19 08:09:15
8991,Leathery,24.46,2026-01-19 08:09:15
8991,Spicy,16.85,2026-01-19 08:09:15
8991,Floral,16.3,2026-01-19 08:09:15
8991,Woody,13.04,2026-01-19 08:09:15
8991,Animal,13.04,2026-01-19 08:09:15
8992,Sweet,29.17,2026-01-19 08:09:15
8992,Fruity,29.17,2026-01-19 08:09:15
8995,Leathery,19.05,2026-01-19 08:09:15
8995,Spicy,14.29,2026-01-19 08:09:15
8995,Sweet,14.29,2026-01-19 08:09:15
8995,Green,14.29,2026-01-19 08:09:15
8995,Fruity,14.29,2026-01-19 08:09:15
8995,Fresh,14.29,2026-01-19 08:09:15
8996,Spicy,19.05,2026-01-19 08:09:15
8996,Leathery,16.67,2026-01-19 08:09:15
8996,Green,16.67,2026-01-19 08:09:15
8996,Woody,11.9,2026-01-19 08:09:15
8996,Animal,11.9,2026-01-19 08:09:15
8998,Powdery,23.14,2026-01-19 08:09:15
8998,Floral,22.31,2026-01-19 08:09:15
8999,Synthetic,20.0,2026-01-19 08:09:15
8999,Sweet,20.0,2026-01-19 08:09:15
8999,Fresh,20.0,2026-01-19 08:09:15
8999,Floral,20.0,2026-01-19 08:09:15
8999,Aquatic,20.0,2026-01-19 08:09:15
9000,Sweet,25.0,2026-01-19 08:09:15
9000,Creamy,25.0,2026-01-19 08:09:15
9000,Synthetic,16.67,2026-01-19 08:09:15
9000,Gourmand,16.67,2026-01-19 08:09:15
9001,Spicy,28.57,2026-01-19 08:09:15
9001,Leathery,20.0,2026-01-19 08:09:15
9001,Woody,17.14,2026-01-19 08:09:15
9001,Sweet,11.43,2026-01-19 08:09:15
9001,Resinous,11.43,2026-01-19 08:09:15
9003,Floral,17.39,2026-01-19 08:09:15
9003,Green,13.04,2026-01-19 08:09:15
9003,Citrus,8.7,2026-01-19 08:09:15
9003,Woody,8.7,2026-01-19 08:09:15
9003,Fruity,8.7,2026-01-19 08:09:15
9003,Fougère,8.7,2026-01-19 08:09:15
9003,Earthy,8.7,2026-01-19 08:09:15
9003,Chypre,8.7,2026-01-19 08:09:15
9003,Animal,8.7,2026-01-19 08:09:15
9004,Spicy,28.57,2026-01-19 08:09:15
9004,Sweet,21.43,2026-01-19 08:09:15
9005,Chypre,15.79,2026-01-19 08:09:15
9005,Floral,15.79,2026-01-19 08:09:15
9005,Spicy,10.53,2026-01-19 08:09:15
9005,Resinous,10.53,2026-01-19 08:09:15
9005,Earthy,10.53,2026-01-19 08:09:15
9006,Floral,21.79,2026-01-19 08:09:15
9006,Powdery,16.67,2026-01-19 08:09:15
9006,Earthy,13.46,2026-01-19 08:09:15
9006,Chypre,11.54,2026-01-19 08:09:15
9006,Animal,10.9,2026-01-19 08:09:15
9007,Floral,37.5,2026-01-19 08:09:15
9007,Spicy,25.0,2026-01-19 08:09:15
9007,Woody,25.0,2026-01-19 08:09:15
9009,Spicy,15.0,2026-01-19 08:09:15
9009,Sweet,15.0,2026-01-19 08:09:15
9009,Woody,15.0,2026-01-19 08:09:15
9009,Green,15.0,2026-01-19 08:09:15
9009,Smoky,10.0,2026-01-19 08:09:15
9009,Oriental,10.0,2026-01-19 08:09:15
9010,Fresh,40.0,2026-01-19 08:09:15
9010,Floral,40.0,2026-01-19 08:09:15
9011,Spicy,18.1,2026-01-19 08:09:15
9011,Earthy,18.1,2026-01-19 08:09:15
9011,Oriental,12.38,2026-01-19 08:09:15
9011,Woody,12.38,2026-01-19 08:09:15
9013,Floral,30.0,2026-01-19 08:09:15
9013,Citrus,20.0,2026-01-19 08:09:15
9013,Woody,20.0,2026-01-19 08:09:15
9013,Fresh,20.0,2026-01-19 08:09:15
9014,Floral,21.05,2026-01-19 08:09:15
9014,Fruity,15.79,2026-01-19 08:09:15
9014,Sweet,14.74,2026-01-19 08:09:15
9014,Oriental,13.68,2026-01-19 08:09:15
9014,Spicy,8.42,2026-01-19 08:09:15
9014,Woody,8.42,2026-01-19 08:09:15
9015,Citrus,12.5,2026-01-19 08:09:15
9015,Sweet,12.5,2026-01-19 08:09:15
9015,Green,12.5,2026-01-19 08:09:15
9015,Gourmand,12.5,2026-01-19 08:09:15
9015,Fruity,12.5,2026-01-19 08:09:15
9015,Fresh,12.5,2026-01-19 08:09:15
9015,Creamy,12.5,2026-01-19 08:09:15
9015,Floral,12.5,2026-01-19 08:09:15
9016,Sweet,50.0,2026-01-19 08:09:15
9016,Floral,50.0,2026-01-19 08:09:15
9018,Floral,23.28,2026-01-19 08:09:15
9018,Powdery,17.24,2026-01-19 08:09:15
9018,Creamy,12.93,2026-01-19 08:09:15
9018,Fruity,10.34,2026-01-19 08:09:15
9018,Fresh,9.48,2026-01-19 08:09:15
9018,Citrus,8.62,2026-01-19 08:09:15
9020,Spicy,12.07,2026-01-19 08:09:15
9020,Oriental,12.07,2026-01-19 08:09:15
9020,Resinous,12.07,2026-01-19 08:09:15
9020,Floral,12.07,2026-01-19 08:09:15
9020,Woody,10.34,2026-01-19 08:09:15
9020,Sweet,8.62,2026-01-19 08:09:15
9020,Earthy,8.62,2026-01-19 08:09:15
9022,Floral,25.34,2026-01-19 08:09:15
9022,Powdery,23.53,2026-01-19 08:09:15
9022,Sweet,15.38,2026-01-19 08:09:15
9022,Creamy,10.86,2026-01-19 08:09:15
9023,Citrus,20.0,2026-01-19 08:09:15
9023,Green,20.0,2026-01-19 08:09:15
9023,Fresh,20.0,2026-01-19 08:09:15
9023,Creamy,20.0,2026-01-19 08:09:15
9023,Floral,20.0,2026-01-19 08:09:15
9024,Leathery,23.3,2026-01-19 08:09:15
9024,Powdery,14.6,2026-01-19 08:09:15
9024,Spicy,13.7,2026-01-19 08:09:15
9024,Woody,11.48,2026-01-19 08:09:15
9024,Floral,10.66,2026-01-19 08:09:15
9025,Woody,23.33,2026-01-19 08:09:15
9025,Floral,23.33,2026-01-19 08:09:15
9026,Floral,29.07,2026-01-19 08:09:15
9026,Fresh,19.19,2026-01-19 08:09:15
9026,Fruity,17.44,2026-01-19 08:09:15
9026,Sweet,8.72,2026-01-19 08:09:15
9028,Woody,22.43,2026-01-19 08:09:15
9028,Spicy,20.45,2026-01-19 08:09:15
9028,Leathery,15.83,2026-01-19 08:09:15
9028,Resinous,12.53,2026-01-19 08:09:15
9030,Citrus,33.33,2026-01-19 08:09:15
9030,Fresh,33.33,2026-01-19 08:09:15
9030,Floral,33.33,2026-01-19 08:09:15
9031,Fresh,20.44,2026-01-19 08:09:15
9031,Citrus,19.56,2026-01-19 08:09:15
9031,Fruity,16.44,2026-01-19 08:09:15
9031,Aquatic,11.11,2026-01-19 08:09:15
9031,Synthetic,9.78,2026-01-19 08:09:15
9032,Fresh,19.89,2026-01-19 08:09:15
9032,Floral,18.22,2026-01-19 08:09:15
9032,Woody,14.5,2026-01-19 08:09:15
9032,Citrus,11.71,2026-01-19 08:09:15
9032,Fruity,11.71,2026-01-19 08:09:15
9035,Fresh,24.28,2026-01-19 08:09:15
9035,Floral,17.92,2026-01-19 08:09:15
9035,Synthetic,12.72,2026-01-19 08:09:15
9035,Citrus,10.98,2026-01-19 08:09:15
9035,Spicy,10.4,2026-01-19 08:09:15
9035,Creamy,9.83,2026-01-19 08:09:15
9036,Floral,24.41,2026-01-19 08:09:15
9036,Fresh,19.34,2026-01-19 08:09:15
9036,Fruity,13.48,2026-01-19 08:09:15
9036,Citrus,13.09,2026-01-19 08:09:15
9037,Sweet,27.78,2026-01-19 08:09:15
9037,Floral,22.22,2026-01-19 08:09:15
9037,Synthetic,16.67,2026-01-19 08:09:15
9040,Citrus,22.55,2026-01-19 08:09:15
9040,Woody,21.29,2026-01-19 08:09:15
9040,Fresh,15.66,2026-01-19 08:09:15
9040,Green,12.73,2026-01-19 08:09:15
9041,Green,21.21,2026-01-19 08:09:15
9041,Spicy,18.18,2026-01-19 08:09:15
9041,Floral,18.18,2026-01-19 08:09:15
9041,Fresh,15.15,2026-01-19 08:09:15
9041,Chypre,15.15,2026-01-19 08:09:15
9042,Citrus,12.5,2026-01-19 08:09:15
9042,Spicy,12.5,2026-01-19 08:09:15
9042,Sweet,12.5,2026-01-19 08:09:15
9042,Woody,12.5,2026-01-19 08:09:15
9042,Green,12.5,2026-01-19 08:09:15
9042,Fruity,12.5,2026-01-19 08:09:15
9042,Creamy,12.5,2026-01-19 08:09:15
9042,Floral,12.5,2026-01-19 08:09:15
9043,Sweet,22.07,2026-01-19 08:09:15
9043,Fruity,15.86,2026-01-19 08:09:15
9043,Synthetic,13.1,2026-01-19 08:09:15
9043,Fresh,13.1,2026-01-19 08:09:15
9043,Spicy,7.59,2026-01-19 08:09:15
9043,Woody,7.59,2026-01-19 08:09:15
9043,Gourmand,7.59,2026-01-19 08:09:15
9044,Spicy,20.26,2026-01-19 08:09:15
9044,Fresh,15.86,2026-01-19 08:09:15
9044,Woody,14.32,2026-01-19 08:09:15
9044,Green,14.1,2026-01-19 08:09:15
9044,Powdery,13.22,2026-01-19 08:09:15
9045,Spicy,16.67,2026-01-19 08:09:15
9045,Woody,16.67,2026-01-19 08:09:15
9045,Green,16.67,2026-01-19 08:09:15
9045,Citrus,11.11,2026-01-19 08:09:15
9045,Animal,11.11,2026-01-19 08:09:15
9046,Sweet,22.25,2026-01-19 08:09:15
9046,Fruity,18.43,2026-01-19 08:09:15
9046,Floral,13.71,2026-01-19 08:09:15
9046,Gourmand,12.81,2026-01-19 08:09:15
9046,Oriental,8.31,2026-01-19 08:09:15
9047,Woody,22.6,2026-01-19 08:09:15
9047,Leathery,21.19,2026-01-19 08:09:15
9047,Spicy,19.21,2026-01-19 08:09:15
9047,Resinous,10.45,2026-01-19 08:09:15
9048,Floral,26.58,2026-01-19 08:09:15
9048,Fruity,23.42,2026-01-19 08:09:15
9048,Fresh,21.52,2026-01-19 08:09:15
9049,Sweet,17.65,2026-01-19 08:09:15
9049,Gourmand,17.65,2026-01-19 08:09:15
9049,Creamy,11.76,2026-01-19 08:09:15
9049,Floral,11.76,2026-01-19 08:09:15
9050,Sweet,28.52,2026-01-19 08:09:15
9050,Fruity,26.24,2026-01-19 08:09:15
9050,Floral,20.53,2026-01-19 08:09:15
9051,Leathery,21.45,2026-01-19 08:09:15
9051,Floral,19.24,2026-01-19 08:09:15
9051,Spicy,17.98,2026-01-19 08:09:15
9051,Powdery,12.62,2026-01-19 08:09:15
9052,Fruity,25.53,2026-01-19 08:09:15
9052,Floral,24.82,2026-01-19 08:09:15
9052,Fresh,16.31,2026-01-19 08:09:15
9053,Sweet,33.33,2026-01-19 08:09:15
9053,Woody,33.33,2026-01-19 08:09:15
9053,Floral,33.33,2026-01-19 08:09:15
9054,Citrus,26.01,2026-01-19 08:09:15
9054,Fresh,25.11,2026-01-19 08:09:15
9054,Synthetic,12.56,2026-01-19 08:09:15
9054,Woody,12.11,2026-01-19 08:09:15
9055,Fresh,22.96,2026-01-19 08:09:15
9055,Green,20.74,2026-01-19 08:09:15
9055,Woody,15.56,2026-01-19 08:09:15
9055,Spicy,13.33,2026-01-19 08:09:15
9056,Sweet,25.0,2026-01-19 08:09:15
9056,Floral,25.0,2026-01-19 08:09:15
9056,Oriental,12.5,2026-01-19 08:09:15
9056,Woody,12.5,2026-01-19 08:09:15
9056,Fruity,12.5,2026-01-19 08:09:15
9056,Fresh,12.5,2026-01-19 08:09:15
9057,Woody,23.68,2026-01-19 08:09:15
9057,Spicy,20.39,2026-01-19 08:09:15
9057,Resinous,15.79,2026-01-19 08:09:15
9057,Leathery,14.47,2026-01-19 08:09:15
9058,Sweet,23.84,2026-01-19 08:09:15
9058,Floral,18.21,2026-01-19 08:09:15
9058,Spicy,12.91,2026-01-19 08:09:15
9058,Gourmand,11.59,2026-01-19 08:09:15
9058,Fruity,9.27,2026-01-19 08:09:15
9059,Fruity,25.68,2026-01-19 08:09:15
9059,Floral,24.32,2026-01-19 08:09:15
9059,Sweet,20.27,2026-01-19 08:09:15
9060,Floral,20.0,2026-01-19 08:09:15
9060,Spicy,15.0,2026-01-19 08:09:15
9060,Synthetic,10.0,2026-01-19 08:09:15
9060,Sweet,10.0,2026-01-19 08:09:15
9060,Resinous,10.0,2026-01-19 08:09:15
9060,Fresh,10.0,2026-01-19 08:09:15
9061,Leathery,18.97,2026-01-19 08:09:15
9061,Woody,18.18,2026-01-19 08:09:15
9061,Spicy,14.23,2026-01-19 08:09:15
9061,Floral,12.25,2026-01-19 08:09:15
9061,Powdery,11.46,2026-01-19 08:09:15
9061,Fresh,11.07,2026-01-19 08:09:15
9062,Sweet,28.76,2026-01-19 08:09:15
9062,Powdery,26.55,2026-01-19 08:09:15
9062,Floral,23.01,2026-01-19 08:09:15
9063,Woody,22.73,2026-01-19 08:09:15
9063,Chypre,22.73,2026-01-19 08:09:15
9063,Floral,22.73,2026-01-19 08:09:15
9064,Synthetic,24.5,2026-01-19 08:09:15
9064,Sweet,23.18,2026-01-19 08:09:15
9064,Fruity,13.91,2026-01-19 08:09:15
9064,Spicy,12.58,2026-01-19 08:09:15
9065,Fresh,22.99,2026-01-19 08:09:15
9065,Green,21.53,2026-01-19 08:09:15
9065,Citrus,20.8,2026-01-19 08:09:15
9066,Sweet,26.58,2026-01-19 08:09:15
9066,Fruity,25.68,2026-01-19 08:09:15
9066,Gourmand,16.22,2026-01-19 08:09:15
9068,Synthetic,22.64,2026-01-19 08:09:15
9068,Fresh,22.64,2026-01-19 08:09:15
9068,Citrus,15.09,2026-01-19 08:09:15
9068,Aquatic,12.26,2026-01-19 08:09:15
9070,Fruity,21.21,2026-01-19 08:09:15
9070,Fresh,19.7,2026-01-19 08:09:15
9070,Sweet,15.91,2026-01-19 08:09:15
9070,Synthetic,15.15,2026-01-19 08:09:15
9071,Fresh,26.88,2026-01-19 08:09:15
9071,Aquatic,26.34,2026-01-19 08:09:15
9071,Floral,14.52,2026-01-19 08:09:15
9072,Powdery,25.0,2026-01-19 08:09:15
9072,Floral,25.0,2026-01-19 08:09:15
9072,Sweet,18.75,2026-01-19 08:09:15
9073,Spicy,28.48,2026-01-19 08:09:15
9073,Woody,27.88,2026-01-19 08:09:15
9074,Floral,20.83,2026-01-19 08:09:15
9074,Sweet,16.67,2026-01-19 08:09:15
9074,Fruity,14.29,2026-01-19 08:09:15
9074,Fresh,11.9,2026-01-19 08:09:15
9074,Spicy,11.31,2026-01-19 08:09:15
9076,Floral,24.34,2026-01-19 08:09:15
9076,Creamy,23.28,2026-01-19 08:09:15
9076,Sweet,16.93,2026-01-19 08:09:15
9076,Spicy,11.64,2026-01-19 08:09:15
9078,Fruity,26.24,2026-01-19 08:09:15
9078,Sweet,24.11,2026-01-19 08:09:15
9078,Floral,19.15,2026-01-19 08:09:15
9079,Fresh,20.0,2026-01-19 08:09:15
9079,Citrus,14.12,2026-01-19 08:09:15
9079,Spicy,12.94,2026-01-19 08:09:15
9079,Synthetic,12.94,2026-01-19 08:09:15
9079,Fruity,11.76,2026-01-19 08:09:15
9080,Green,26.67,2026-01-19 08:09:15
9080,Fresh,22.38,2026-01-19 08:09:15
9080,Spicy,20.48,2026-01-19 08:09:15
9081,Floral,66.67,2026-01-19 08:09:15
9082,Sweet,27.82,2026-01-19 08:09:15
9082,Gourmand,22.56,2026-01-19 08:09:15
9082,Spicy,18.8,2026-01-19 08:09:15
9083,Fresh,23.23,2026-01-19 08:09:15
9083,Aquatic,20.2,2026-01-19 08:09:15
9083,Synthetic,16.16,2026-01-19 08:09:15
9083,Citrus,14.14,2026-01-19 08:09:15
9084,Floral,25.84,2026-01-19 08:09:15
9084,Leathery,21.91,2026-01-19 08:09:15
9084,Powdery,19.1,2026-01-19 08:09:15
9084,Fruity,10.11,2026-01-19 08:09:15
9085,Floral,25.0,2026-01-19 08:09:15
9085,Spicy,18.75,2026-01-19 08:09:15
9085,Creamy,12.5,2026-01-19 08:09:15
9086,Sweet,24.59,2026-01-19 08:09:15
9086,Floral,22.13,2026-01-19 08:09:15
9086,Fruity,19.67,2026-01-19 08:09:15
9086,Spicy,11.48,2026-01-19 08:09:15
9087,Floral,27.78,2026-01-19 08:09:15
9087,Fresh,24.69,2026-01-19 08:09:15
9087,Green,14.2,2026-01-19 08:09:15
9087,Spicy,11.11,2026-01-19 08:09:15
9088,Fresh,25.0,2026-01-19 08:09:15
9088,Citrus,22.92,2026-01-19 08:09:15
9088,Aquatic,13.54,2026-01-19 08:09:15
9088,Fruity,9.38,2026-01-19 08:09:15
9088,Spicy,8.33,2026-01-19 08:09:15
9088,Woody,8.33,2026-01-19 08:09:15
9089,Green,25.0,2026-01-19 08:09:15
9089,Fresh,25.0,2026-01-19 08:09:15
9089,Floral,25.0,2026-01-19 08:09:15
9089,Aquatic,25.0,2026-01-19 08:09:15
9090,Floral,20.71,2026-01-19 08:09:15
9090,Fruity,18.34,2026-01-19 08:09:15
9090,Fresh,16.57,2026-01-19 08:09:15
9090,Sweet,12.43,2026-01-19 08:09:15
9090,Synthetic,7.69,2026-01-19 08:09:15
9091,Fresh,16.23,2026-01-19 08:09:15
9091,Woody,14.29,2026-01-19 08:09:15
9091,Citrus,11.04,2026-01-19 08:09:15
9091,Floral,10.39,2026-01-19 08:09:15
9091,Creamy,9.09,2026-01-19 08:09:15
9091,Sweet,8.44,2026-01-19 08:09:15
9091,Synthetic,7.79,2026-01-19 08:09:15
9092,Fresh,21.48,2026-01-19 08:09:15
9092,Citrus,18.52,2026-01-19 08:09:15
9092,Green,14.07,2026-01-19 08:09:15
9092,Fruity,13.33,2026-01-19 08:09:15
9092,Aquatic,10.37,2026-01-19 08:09:15
9094,Fruity,24.19,2026-01-19 08:09:15
9094,Fresh,21.77,2026-01-19 08:09:15
9094,Floral,19.35,2026-01-19 08:09:15
9094,Citrus,10.48,2026-01-19 08:09:15
9095,Fruity,27.17,2026-01-19 08:09:15
9095,Fresh,22.28,2026-01-19 08:09:15
9095,Woody,14.13,2026-01-19 08:09:15
9095,Green,12.5,2026-01-19 08:09:15
9095,Citrus,11.96,2026-01-19 08:09:15
9096,Floral,26.71,2026-01-19 08:09:15
9096,Fresh,24.84,2026-01-19 08:09:15
9096,Fruity,12.42,2026-01-19 08:09:15
9096,Sweet,8.7,2026-01-19 08:09:15
9096,Powdery,8.7,2026-01-19 08:09:15
9098,Synthetic,18.84,2026-01-19 08:09:15
9098,Fresh,18.84,2026-01-19 08:09:15
9098,Woody,15.94,2026-01-19 08:09:15
9098,Sweet,14.49,2026-01-19 08:09:15
9099,Floral,30.77,2026-01-19 08:09:15
9099,Fresh,20.77,2026-01-19 08:09:15
9099,Sweet,14.62,2026-01-19 08:09:15
9099,Aquatic,11.54,2026-01-19 08:09:15
9100,Fresh,23.38,2026-01-19 08:09:15
9100,Citrus,19.48,2026-01-19 08:09:15
9100,Aquatic,16.88,2026-01-19 08:09:15
9100,Fruity,12.99,2026-01-19 08:09:15
9101,Powdery,20.0,2026-01-19 08:09:15
9101,Woody,20.0,2026-01-19 08:09:15
9101,Creamy,20.0,2026-01-19 08:09:15
9101,Spicy,10.0,2026-01-19 08:09:15
9101,Resinous,10.0,2026-01-19 08:09:15
9101,Fresh,10.0,2026-01-19 08:09:15
9101,Floral,10.0,2026-01-19 08:09:15
9102,Floral,26.72,2026-01-19 08:09:15
9102,Fresh,25.95,2026-01-19 08:09:15
9102,Green,13.74,2026-01-19 08:09:15
9102,Citrus,9.16,2026-01-19 08:09:15
9103,Synthetic,18.52,2026-01-19 08:09:15
9103,Fresh,16.67,2026-01-19 08:09:15
9103,Sweet,14.81,2026-01-19 08:09:15
9103,Fruity,11.11,2026-01-19 08:09:15
9103,Spicy,9.26,2026-01-19 08:09:15
9103,Creamy,7.41,2026-01-19 08:09:15
9104,Citrus,26.67,2026-01-19 08:09:15
9104,Fresh,25.0,2026-01-19 08:09:15
9104,Green,23.33,2026-01-19 08:09:15
9105,Fruity,25.0,2026-01-19 08:09:15
9105,Floral,25.0,2026-01-19 08:09:15
9105,Sweet,12.5,2026-01-19 08:09:15
9105,Powdery,12.5,2026-01-19 08:09:15
9105,Woody,12.5,2026-01-19 08:09:15
9105,Creamy,12.5,2026-01-19 08:09:15
9106,Green,25.66,2026-01-19 08:09:15
9106,Fresh,23.68,2026-01-19 08:09:15
9106,Spicy,19.08,2026-01-19 08:09:15
9107,Floral,25.19,2026-01-19 08:09:15
9107,Fruity,23.66,2026-01-19 08:09:15
9107,Fresh,19.08,2026-01-19 08:09:15
9108,Spicy,28.89,2026-01-19 08:09:15
9108,Woody,28.89,2026-01-19 08:09:15
9110,Floral,19.29,2026-01-19 08:09:15
9110,Fresh,17.14,2026-01-19 08:09:15
9110,Fruity,16.43,2026-01-19 08:09:15
9110,Woody,13.57,2026-01-19 08:09:15
9110,Sweet,12.86,2026-01-19 08:09:15
9111,Aquatic,23.64,2026-01-19 08:09:15
9111,Fresh,21.82,2026-01-19 08:09:15
9111,Citrus,20.0,2026-01-19 08:09:15
9112,Floral,24.68,2026-01-19 08:09:15
9112,Sweet,23.38,2026-01-19 08:09:15
9112,Powdery,22.08,2026-01-19 08:09:15
9113,Spicy,20.0,2026-01-19 08:09:15
9113,Green,20.0,2026-01-19 08:09:15
9113,Fruity,20.0,2026-01-19 08:09:15
9113,Fresh,20.0,2026-01-19 08:09:15
9113,Floral,20.0,2026-01-19 08:09:15
9114,Floral,33.88,2026-01-19 08:09:15
9114,Fresh,24.79,2026-01-19 08:09:15
9114,Powdery,14.88,2026-01-19 08:09:15
9115,Spicy,26.92,2026-01-19 08:09:15
9115,Woody,23.08,2026-01-19 08:09:15
9115,Leathery,19.23,2026-01-19 08:09:15
9116,Floral,30.34,2026-01-19 08:09:15
9116,Creamy,25.84,2026-01-19 08:09:15
9116,Sweet,21.35,2026-01-19 08:09:15
9117,Fruity,25.0,2026-01-19 08:09:15
9117,Floral,25.0,2026-01-19 08:09:15
9117,Sweet,18.75,2026-01-19 08:09:15
9117,Powdery,18.75,2026-01-19 08:09:15
9118,Green,25.34,2026-01-19 08:09:15
9118,Fresh,22.6,2026-01-19 08:09:15
9118,Citrus,17.12,2026-01-19 08:09:15
9118,Spicy,17.12,2026-01-19 08:09:15
9120,Powdery,31.71,2026-01-19 08:09:15
9120,Floral,31.71,2026-01-19 08:09:15
9121,Synthetic,23.73,2026-01-19 08:09:15
9121,Spicy,18.64,2026-01-19 08:09:15
9121,Woody,15.25,2026-01-19 08:09:15
9121,Leathery,11.86,2026-01-19 08:09:15
9121,Fresh,11.86,2026-01-19 08:09:15
9122,Floral,29.41,2026-01-19 08:09:15
9122,Fruity,25.49,2026-01-19 08:09:15
9122,Fresh,17.65,2026-01-19 08:09:15
9123,Floral,30.23,2026-01-19 08:09:15
9123,Woody,26.74,2026-01-19 08:09:15
9124,Synthetic,20.0,2026-01-19 08:09:15
9124,Sweet,20.0,2026-01-19 08:09:15
9124,Powdery,20.0,2026-01-19 08:09:15
9124,Oriental,20.0,2026-01-19 08:09:15
9124,Floral,20.0,2026-01-19 08:09:15
9125,Sweet,27.03,2026-01-19 08:09:15
9125,Floral,24.32,2026-01-19 08:09:15
9125,Fruity,18.92,2026-01-19 08:09:15
9126,Floral,27.54,2026-01-19 08:09:15
9126,Sweet,15.94,2026-01-19 08:09:15
9126,Green,14.49,2026-01-19 08:09:15
9126,Fresh,13.04,2026-01-19 08:09:15
9127,Floral,27.96,2026-01-19 08:09:15
9127,Green,18.28,2026-01-19 08:09:15
9127,Spicy,13.98,2026-01-19 08:09:15
9127,Woody,13.98,2026-01-19 08:09:15
9130,Floral,27.5,2026-01-19 08:09:15
9130,Sweet,17.5,2026-01-19 08:09:15
9130,Creamy,15.0,2026-01-19 08:09:15
9130,Woody,10.0,2026-01-19 08:09:15
9130,Fresh,10.0,2026-01-19 08:09:15
9131,Green,29.87,2026-01-19 08:09:15
9131,Woody,28.57,2026-01-19 08:09:15
9131,Spicy,18.18,2026-01-19 08:09:15
9132,Floral,42.86,2026-01-19 08:09:15
9132,Powdery,28.57,2026-01-19 08:09:15
9132,Gourmand,28.57,2026-01-19 08:09:15
9133,Citrus,50.0,2026-01-19 08:09:15
9133,Fresh,50.0,2026-01-19 08:09:15
9134,Leathery,28.21,2026-01-19 08:09:15
9134,Floral,23.08,2026-01-19 08:09:15
9134,Spicy,17.95,2026-01-19 08:09:15
9135,Floral,20.25,2026-01-19 08:09:15
9135,Sweet,15.19,2026-01-19 08:09:15
9135,Powdery,11.39,2026-01-19 08:09:15
9135,Oriental,11.39,2026-01-19 08:09:15
9135,Spicy,7.59,2026-01-19 08:09:15
9135,Fruity,7.59,2026-01-19 08:09:15
9135,Citrus,6.33,2026-01-19 08:09:15
9138,Woody,23.19,2026-01-19 08:09:15
9138,Spicy,18.84,2026-01-19 08:09:15
9138,Green,15.94,2026-01-19 08:09:15
9138,Resinous,11.59,2026-01-19 08:09:15
9138,Sweet,8.7,2026-01-19 08:09:15
9139,Fresh,18.75,2026-01-19 08:09:15
9139,Spicy,14.58,2026-01-19 08:09:15
9139,Green,14.58,2026-01-19 08:09:15
9139,Fougère,14.58,2026-01-19 08:09:15
9139,Woody,12.5,2026-01-19 08:09:15
9140,Floral,30.0,2026-01-19 08:09:15
9140,Fresh,20.0,2026-01-19 08:09:15
9140,Synthetic,10.0,2026-01-19 08:09:15
9140,Sweet,10.0,2026-01-19 08:09:15
9140,Powdery,10.0,2026-01-19 08:09:15
9140,Green,10.0,2026-01-19 08:09:15
9140,Fruity,10.0,2026-01-19 08:09:15
9142,Floral,23.33,2026-01-19 08:09:15
9142,Sweet,18.33,2026-01-19 08:09:15
9142,Fresh,13.33,2026-01-19 08:09:15
9142,Green,11.67,2026-01-19 08:09:15
9142,Citrus,10.0,2026-01-19 08:09:15
9143,Green,19.3,2026-01-19 08:09:15
9143,Floral,19.3,2026-01-19 08:09:15
9143,Powdery,17.54,2026-01-19 08:09:15
9143,Spicy,15.79,2026-01-19 08:09:15
9146,Woody,25.0,2026-01-19 08:09:15
9146,Spicy,23.53,2026-01-19 08:09:15
9146,Green,11.76,2026-01-19 08:09:15
9146,Synthetic,8.82,2026-01-19 08:09:15
9148,Powdery,17.39,2026-01-19 08:09:15
9148,Woody,17.39,2026-01-19 08:09:15
9148,Floral,17.39,2026-01-19 08:09:15
9148,Leathery,13.04,2026-01-19 08:09:15
9148,Green,13.04,2026-01-19 08:09:15
9148,Creamy,13.04,2026-01-19 08:09:15
9150,Spicy,29.41,2026-01-19 08:09:15
9150,Floral,14.71,2026-01-19 08:09:15
9150,Woody,11.76,2026-01-19 08:09:15
9150,Smoky,8.82,2026-01-19 08:09:15
9150,Powdery,8.82,2026-01-19 08:09:15
9150,Creamy,8.82,2026-01-19 08:09:15
9151,Fruity,22.22,2026-01-19 08:09:15
9151,Fresh,22.22,2026-01-19 08:09:15
9151,Floral,22.22,2026-01-19 08:09:15
9152,Woody,24.39,2026-01-19 08:09:15
9152,Citrus,21.95,2026-01-19 08:09:15
9152,Fresh,19.51,2026-01-19 08:09:15
9154,Green,23.81,2026-01-19 08:09:15
9154,Floral,19.05,2026-01-19 08:09:15
9154,Citrus,9.52,2026-01-19 08:09:15
9154,Spicy,9.52,2026-01-19 08:09:15
9154,Synthetic,9.52,2026-01-19 08:09:15
9154,Woody,9.52,2026-01-19 08:09:15
9154,Fresh,9.52,2026-01-19 08:09:15
9154,Creamy,9.52,2026-01-19 08:09:15
9158,Spicy,17.65,2026-01-19 08:09:15
9158,Sweet,17.65,2026-01-19 08:09:15
9158,Powdery,17.65,2026-01-19 08:09:15
9158,Woody,17.65,2026-01-19 08:09:15
9158,Fresh,17.65,2026-01-19 08:09:15
9160,Floral,27.08,2026-01-19 08:09:15
9160,Woody,22.92,2026-01-19 08:09:15
9162,Powdery,23.08,2026-01-19 08:09:15
9162,Leathery,23.08,2026-01-19 08:09:15
9162,Spicy,19.23,2026-01-19 08:09:15
9162,Floral,11.54,2026-01-19 08:09:15
9166,Sweet,23.81,2026-01-19 08:09:15
9166,Powdery,23.81,2026-01-19 08:09:15
9166,Spicy,14.29,2026-01-19 08:09:15
9166,Woody,11.9,2026-01-19 08:09:15
9169,Floral,25.0,2026-01-19 08:09:15
9169,Citrus,20.0,2026-01-19 08:09:15
9169,Fruity,12.5,2026-01-19 08:09:15
9169,Green,10.0,2026-01-19 08:09:15
9169,Fresh,10.0,2026-01-19 08:09:15
9170,Sweet,18.18,2026-01-19 08:09:15
9170,Powdery,18.18,2026-01-19 08:09:15
9170,Leathery,18.18,2026-01-19 08:09:15
9170,Floral,18.18,2026-01-19 08:09:15
9173,Woody,30.77,2026-01-19 08:09:15
9173,Spicy,26.92,2026-01-19 08:09:15
9173,Fresh,19.23,2026-01-19 08:09:15
9174,Spicy,22.22,2026-01-19 08:09:15
9174,Smoky,22.22,2026-01-19 08:09:15
9174,Leathery,22.22,2026-01-19 08:09:15
9177,Sweet,21.43,2026-01-19 08:09:15
9177,Floral,21.43,2026-01-19 08:09:15
9177,Fruity,17.86,2026-01-19 08:09:15
9177,Powdery,14.29,2026-01-19 08:09:15
9178,Spicy,15.38,2026-01-19 08:09:15
9178,Smoky,15.38,2026-01-19 08:09:15
9178,Woody,15.38,2026-01-19 08:09:15
9178,Resinous,7.69,2026-01-19 08:09:15
9178,Green,7.69,2026-01-19 08:09:15
9178,Gourmand,7.69,2026-01-19 08:09:15
9178,Fresh,7.69,2026-01-19 08:09:15
9178,Earthy,7.69,2026-01-19 08:09:15
9178,Creamy,7.69,2026-01-19 08:09:15
9178,Floral,7.69,2026-01-19 08:09:15
9179,Citrus,21.43,2026-01-19 08:09:15
9179,Fresh,21.43,2026-01-19 08:09:15
9179,Floral,21.43,2026-01-19 08:09:15
9184,Fruity,22.52,2026-01-19 08:09:15
9184,Fresh,21.62,2026-01-19 08:09:15
9184,Spicy,14.41,2026-01-19 08:09:15
9184,Sweet,14.41,2026-01-19 08:09:15
9186,Sweet,25.0,2026-01-19 08:09:15
9186,Smoky,25.0,2026-01-19 08:09:15
9186,Leathery,25.0,2026-01-19 08:09:15
9186,Fruity,25.0,2026-01-19 08:09:15
9189,Sweet,21.83,2026-01-19 08:09:15
9189,Spicy,20.42,2026-01-19 08:09:15
9189,Oriental,19.01,2026-01-19 08:09:15
9189,Woody,11.27,2026-01-19 08:09:15
9189,Gourmand,11.27,2026-01-19 08:09:15
9192,Fresh,25.0,2026-01-19 08:09:15
9192,Aquatic,20.83,2026-01-19 08:09:15
9192,Synthetic,18.75,2026-01-19 08:09:15
9192,Sweet,12.5,2026-01-19 08:09:15
9196,Sweet,25.0,2026-01-19 08:09:15
9196,Fruity,19.44,2026-01-19 08:09:15
9196,Floral,18.06,2026-01-19 08:09:15
9196,Gourmand,15.28,2026-01-19 08:09:15
9197,Fruity,31.15,2026-01-19 08:09:15
9197,Floral,24.59,2026-01-19 08:09:15
9197,Sweet,14.75,2026-01-19 08:09:15
9200,Fruity,21.02,2026-01-19 08:09:15
9200,Fresh,20.38,2026-01-19 08:09:15
9200,Synthetic,17.2,2026-01-19 08:09:15
9200,Sweet,11.46,2026-01-19 08:09:15
9200,Spicy,10.83,2026-01-19 08:09:15
9201,Spicy,25.0,2026-01-19 08:09:15
9201,Sweet,23.21,2026-01-19 08:09:15
9201,Oriental,16.07,2026-01-19 08:09:15
9201,Powdery,8.93,2026-01-19 08:09:15
9201,Resinous,8.93,2026-01-19 08:09:15
9202,Sweet,33.66,2026-01-19 08:09:15
9202,Gourmand,21.87,2026-01-19 08:09:15
9202,Creamy,19.17,2026-01-19 08:09:15
9204,Spicy,19.32,2026-01-19 08:09:15
9204,Fruity,19.32,2026-01-19 08:09:15
9204,Sweet,15.91,2026-01-19 08:09:15
9204,Oriental,14.77,2026-01-19 08:09:15
9205,Sweet,26.67,2026-01-19 08:09:15
9205,Gourmand,23.33,2026-01-19 08:09:15
9205,Fruity,15.0,2026-01-19 08:09:15
9205,Floral,13.33,2026-01-19 08:09:15
9206,Spicy,27.25,2026-01-19 08:09:15
9206,Woody,23.67,2026-01-19 08:09:15
9206,Sweet,17.5,2026-01-19 08:09:15
9208,Woody,20.0,2026-01-19 08:09:15
9208,Fruity,20.0,2026-01-19 08:09:15
9208,Synthetic,14.29,2026-01-19 08:09:15
9208,Sweet,14.29,2026-01-19 08:09:15
9208,Powdery,11.43,2026-01-19 08:09:15
9209,Sweet,20.0,2026-01-19 08:09:15
9209,Fruity,19.13,2026-01-19 08:09:15
9209,Fresh,18.26,2026-01-19 08:09:15
9209,Woody,13.91,2026-01-19 08:09:15
9210,Sweet,25.51,2026-01-19 08:09:15
9210,Fruity,24.95,2026-01-19 08:09:15
9212,Floral,24.07,2026-01-19 08:09:15
9212,Fruity,18.52,2026-01-19 08:09:15
9212,Synthetic,14.81,2026-01-19 08:09:15
9212,Sweet,11.11,2026-01-19 08:09:15
9212,Fresh,11.11,2026-01-19 08:09:15
9213,Spicy,23.75,2026-01-19 08:09:15
9213,Sweet,23.75,2026-01-19 08:09:15
9213,Woody,21.25,2026-01-19 08:09:15
9214,Woody,27.92,2026-01-19 08:09:15
9214,Sweet,26.25,2026-01-19 08:09:15
9214,Spicy,18.33,2026-01-19 08:09:15
9216,Floral,36.67,2026-01-19 08:09:15
9216,Fresh,26.67,2026-01-19 08:09:15
9216,Sweet,13.33,2026-01-19 08:09:15
9216,Green,13.33,2026-01-19 08:09:15
9217,Spicy,17.5,2026-01-19 08:09:15
9217,Sweet,17.5,2026-01-19 08:09:15
9217,Oriental,16.67,2026-01-19 08:09:15
9217,Powdery,10.83,2026-01-19 08:09:15
9217,Woody,10.83,2026-01-19 08:09:15
9219,Woody,27.34,2026-01-19 08:09:15
9219,Spicy,22.66,2026-01-19 08:09:15
9219,Fresh,21.09,2026-01-19 08:09:15
9221,Floral,34.29,2026-01-19 08:09:15
9221,Sweet,17.14,2026-01-19 08:09:15
9221,Creamy,14.29,2026-01-19 08:09:15
9221,Synthetic,8.57,2026-01-19 08:09:15
9221,Fresh,8.57,2026-01-19 08:09:15
9223,Fresh,18.54,2026-01-19 08:09:15
9223,Spicy,18.31,2026-01-19 08:09:15
9223,Woody,17.84,2026-01-19 08:09:15
9223,Synthetic,12.44,2026-01-19 08:09:15
9224,Oriental,16.3,2026-01-19 08:09:15
9224,Resinous,16.3,2026-01-19 08:09:15
9224,Spicy,11.96,2026-01-19 08:09:15
9224,Animal,11.96,2026-01-19 08:09:15
9224,Sweet,10.87,2026-01-19 08:09:15
9224,Leathery,9.78,2026-01-19 08:09:15
9225,Fruity,20.75,2026-01-19 08:09:15
9225,Floral,20.75,2026-01-19 08:09:15
9225,Fresh,16.98,2026-01-19 08:09:15
9225,Woody,13.21,2026-01-19 08:09:15
9227,Floral,23.17,2026-01-19 08:09:15
9227,Sweet,18.33,2026-01-19 08:09:15
9227,Powdery,14.83,2026-01-19 08:09:15
9227,Fruity,12.5,2026-01-19 08:09:15
9227,Woody,10.17,2026-01-19 08:09:15
9228,Spicy,23.23,2026-01-19 08:09:15
9228,Floral,22.22,2026-01-19 08:09:15
9228,Woody,13.13,2026-01-19 08:09:15
9228,Sweet,12.12,2026-01-19 08:09:15
9228,Synthetic,9.09,2026-01-19 08:09:15
9229,Sweet,20.0,2026-01-19 08:09:15
9229,Floral,20.0,2026-01-19 08:09:15
9229,Citrus,13.33,2026-01-19 08:09:15
9229,Synthetic,13.33,2026-01-19 08:09:15
9229,Fruity,13.33,2026-01-19 08:09:15
9231,Sweet,22.17,2026-01-19 08:09:15
9231,Fruity,18.33,2026-01-19 08:09:15
9231,Floral,15.67,2026-01-19 08:09:15
9231,Gourmand,13.0,2026-01-19 08:09:15
9232,Floral,28.87,2026-01-19 08:09:15
9232,Fresh,23.71,2026-01-19 08:09:15
9232,Aquatic,20.62,2026-01-19 08:09:15
9233,Spicy,18.18,2026-01-19 08:09:15
9233,Synthetic,18.18,2026-01-19 08:09:15
9233,Woody,18.18,2026-01-19 08:09:15
9233,Green,18.18,2026-01-19 08:09:15
9233,Fresh,18.18,2026-01-19 08:09:15
9235,Floral,33.03,2026-01-19 08:09:15
9235,Fresh,16.74,2026-01-19 08:09:15
9235,Sweet,16.06,2026-01-19 08:09:15
9235,Powdery,13.57,2026-01-19 08:09:15
9236,Sweet,17.12,2026-01-19 08:09:15
9236,Fresh,17.12,2026-01-19 08:09:15
9236,Citrus,15.32,2026-01-19 08:09:15
9236,Fruity,14.41,2026-01-19 08:09:15
9236,Spicy,13.51,2026-01-19 08:09:15
9237,Fruity,25.0,2026-01-19 08:09:15
9237,Floral,25.0,2026-01-19 08:09:15
9237,Fresh,18.75,2026-01-19 08:09:15
9237,Creamy,18.75,2026-01-19 08:09:15
9239,Fruity,24.73,2026-01-19 08:09:15
9239,Sweet,23.87,2026-01-19 08:09:15
9239,Creamy,17.2,2026-01-19 08:09:15
9239,Gourmand,11.83,2026-01-19 08:09:15
9240,Woody,21.54,2026-01-19 08:09:15
9240,Spicy,18.46,2026-01-19 08:09:15
9240,Sweet,18.46,2026-01-19 08:09:15
9240,Synthetic,15.38,2026-01-19 08:09:15
9243,Spicy,19.05,2026-01-19 08:09:15
9243,Woody,17.95,2026-01-19 08:09:15
9243,Fresh,12.45,2026-01-19 08:09:15
9243,Powdery,10.62,2026-01-19 08:09:15
9243,Sweet,10.44,2026-01-19 08:09:15
9243,Floral,8.79,2026-01-19 08:09:15
9244,Fresh,24.19,2026-01-19 08:09:15
9244,Citrus,19.35,2026-01-19 08:09:15
9244,Fruity,16.13,2026-01-19 08:09:15
9244,Aquatic,14.52,2026-01-19 08:09:15
9245,Smoky,15.38,2026-01-19 08:09:15
9245,Woody,15.38,2026-01-19 08:09:15
9245,Fresh,15.38,2026-01-19 08:09:15
9245,Floral,15.38,2026-01-19 08:09:15
9247,Fresh,20.97,2026-01-19 08:09:15
9247,Woody,20.74,2026-01-19 08:09:15
9247,Spicy,17.74,2026-01-19 08:09:15
9247,Fruity,9.68,2026-01-19 08:09:15
9247,Citrus,9.45,2026-01-19 08:09:15
9248,Sweet,15.84,2026-01-19 08:09:15
9248,Spicy,12.87,2026-01-19 08:09:15
9248,Woody,11.88,2026-01-19 08:09:15
9248,Synthetic,8.91,2026-01-19 08:09:15
9248,Resinous,8.91,2026-01-19 08:09:15
9248,Creamy,8.91,2026-01-19 08:09:15
9248,Smoky,7.92,2026-01-19 08:09:15
9248,Leathery,7.92,2026-01-19 08:09:15
9251,Floral,26.44,2026-01-19 08:09:15
9251,Sweet,14.71,2026-01-19 08:09:15
9251,Fresh,13.65,2026-01-19 08:09:15
9251,Synthetic,10.87,2026-01-19 08:09:15
9251,Fruity,10.66,2026-01-19 08:09:15
9252,Woody,19.44,2026-01-19 08:09:15
9252,Spicy,16.67,2026-01-19 08:09:15
9252,Powdery,13.89,2026-01-19 08:09:15
9252,Synthetic,11.11,2026-01-19 08:09:15
9252,Fresh,11.11,2026-01-19 08:09:15
9252,Creamy,11.11,2026-01-19 08:09:15
9255,Fruity,20.94,2026-01-19 08:09:15
9255,Sweet,18.93,2026-01-19 08:09:15
9255,Floral,15.37,2026-01-19 08:09:15
9255,Woody,11.14,2026-01-19 08:09:15
9255,Powdery,9.35,2026-01-19 08:09:15
9265,Woody,30.2,2026-01-19 08:09:15
9265,Sweet,26.24,2026-01-19 08:09:15
9266,Citrus,23.53,2026-01-19 08:09:15
9266,Fresh,23.53,2026-01-19 08:09:15
9269,Floral,37.5,2026-01-19 08:09:15
9269,Powdery,31.25,2026-01-19 08:09:15
9270,Floral,23.08,2026-01-19 08:09:15
9270,Woody,17.16,2026-01-19 08:09:15
9270,Powdery,15.68,2026-01-19 08:09:15
9270,Fresh,15.38,2026-01-19 08:09:15
9274,Citrus,27.59,2026-01-19 08:09:15
9274,Chypre,20.69,2026-01-19 08:09:15
9274,Fresh,17.24,2026-01-19 08:09:15
9274,Woody,13.79,2026-01-19 08:09:15
9275,Floral,24.4,2026-01-19 08:09:15
9275,Sweet,23.02,2026-01-19 08:09:15
9275,Fruity,19.24,2026-01-19 08:09:15
9278,Woody,25.0,2026-01-19 08:09:15
9278,Fresh,25.0,2026-01-19 08:09:15
9278,Spicy,20.0,2026-01-19 08:09:15
9278,Citrus,10.0,2026-01-19 08:09:15
9278,Aquatic,10.0,2026-01-19 08:09:15
9279,Floral,19.19,2026-01-19 08:09:15
9279,Fresh,17.73,2026-01-19 08:09:15
9279,Powdery,14.53,2026-01-19 08:09:15
9279,Sweet,11.92,2026-01-19 08:09:15
9279,Woody,10.47,2026-01-19 08:09:15
9279,Fruity,10.47,2026-01-19 08:09:15
9281,Spicy,23.53,2026-01-19 08:09:15
9281,Woody,23.53,2026-01-19 08:09:15
9281,Sweet,11.76,2026-01-19 08:09:15
9281,Oriental,11.76,2026-01-19 08:09:15
9285,Floral,25.0,2026-01-19 08:09:15
9285,Fresh,16.67,2026-01-19 08:09:15
9285,Powdery,12.5,2026-01-19 08:09:15
9285,Fruity,12.5,2026-01-19 08:09:15
9285,Citrus,8.33,2026-01-19 08:09:15
9285,Creamy,8.33,2026-01-19 08:09:15
9287,Spicy,20.8,2026-01-19 08:09:15
9287,Oriental,20.0,2026-01-19 08:09:15
9287,Sweet,16.8,2026-01-19 08:09:15
9287,Powdery,14.4,2026-01-19 08:09:15
9289,Citrus,21.43,2026-01-19 08:09:15
9289,Spicy,17.86,2026-01-19 08:09:15
9289,Woody,14.29,2026-01-19 08:09:15
9289,Fruity,14.29,2026-01-19 08:09:15
9289,Fresh,14.29,2026-01-19 08:09:15
9291,Floral,25.0,2026-01-19 08:09:15
9291,Powdery,23.06,2026-01-19 08:09:15
9291,Creamy,13.95,2026-01-19 08:09:15
9291,Sweet,12.02,2026-01-19 08:09:15
9293,Spicy,19.57,2026-01-19 08:09:15
9293,Woody,17.39,2026-01-19 08:09:15
9293,Fruity,15.22,2026-01-19 08:09:15
9293,Fresh,15.22,2026-01-19 08:09:15
9295,Floral,23.94,2026-01-19 08:09:15
9295,Spicy,17.44,2026-01-19 08:09:15
9295,Oriental,14.6,2026-01-19 08:09:15
9295,Powdery,11.97,2026-01-19 08:09:15
9295,Sweet,10.55,2026-01-19 08:09:15
9297,Floral,22.73,2026-01-19 08:09:15
9297,Fresh,18.18,2026-01-19 08:09:15
9297,Citrus,13.64,2026-01-19 08:09:15
9297,Synthetic,9.09,2026-01-19 08:09:15
9297,Sweet,9.09,2026-01-19 08:09:15
9297,Powdery,9.09,2026-01-19 08:09:15
9297,Fruity,9.09,2026-01-19 08:09:15
9299,Sweet,23.99,2026-01-19 08:09:15
9299,Spicy,19.95,2026-01-19 08:09:15
9299,Resinous,13.64,2026-01-19 08:09:15
9299,Oriental,13.38,2026-01-19 08:09:15
9300,Fresh,27.61,2026-01-19 08:09:15
9300,Aquatic,22.89,2026-01-19 08:09:15
9300,Woody,17.56,2026-01-19 08:09:15
9300,Spicy,11.44,2026-01-19 08:09:15
9302,Powdery,18.18,2026-01-19 08:09:15
9302,Floral,18.18,2026-01-19 08:09:15
9302,Citrus,13.64,2026-01-19 08:09:15
9302,Fresh,13.64,2026-01-19 08:09:15
9302,Creamy,13.64,2026-01-19 08:09:15
9306,Fresh,20.0,2026-01-19 08:09:15
9306,Citrus,15.0,2026-01-19 08:09:15
9306,Powdery,15.0,2026-01-19 08:09:15
9306,Green,15.0,2026-01-19 08:09:15
9307,Citrus,18.93,2026-01-19 08:09:15
9307,Spicy,18.57,2026-01-19 08:09:15
9307,Woody,16.43,2026-01-19 08:09:15
9307,Floral,13.21,2026-01-19 08:09:15
9307,Fresh,10.71,2026-01-19 08:09:15
9308,Floral,27.03,2026-01-19 08:09:15
9308,Fruity,23.92,2026-01-19 08:09:15
9308,Fresh,21.08,2026-01-19 08:09:15
9310,Sweet,24.62,2026-01-19 08:09:15
9310,Gourmand,17.8,2026-01-19 08:09:15
9310,Powdery,14.39,2026-01-19 08:09:15
9310,Creamy,13.64,2026-01-19 08:09:15
9311,Fruity,25.98,2026-01-19 08:09:15
9311,Fresh,22.21,2026-01-19 08:09:15
9311,Green,17.98,2026-01-19 08:09:15
9311,Woody,10.73,2026-01-19 08:09:15
9312,Fresh,25.0,2026-01-19 08:09:15
9312,Citrus,18.75,2026-01-19 08:09:15
9312,Spicy,12.5,2026-01-19 08:09:15
9312,Woody,12.5,2026-01-19 08:09:15
9312,Floral,12.5,2026-01-19 08:09:15
9314,Floral,27.5,2026-01-19 08:09:15
9314,Sweet,23.21,2026-01-19 08:09:15
9314,Powdery,13.57,2026-01-19 08:09:15
9314,Woody,8.57,2026-01-19 08:09:15
9318,Oriental,19.03,2026-01-19 08:09:15
9318,Floral,18.28,2026-01-19 08:09:15
9318,Citrus,13.81,2026-01-19 08:09:15
9318,Sweet,13.81,2026-01-19 08:09:15
9318,Woody,11.57,2026-01-19 08:09:15
9319,Woody,33.97,2026-01-19 08:09:15
9319,Citrus,19.18,2026-01-19 08:09:15
9319,Spicy,18.9,2026-01-19 08:09:15
9322,Floral,26.83,2026-01-19 08:09:15
9322,Fresh,21.95,2026-01-19 08:09:15
9322,Powdery,15.85,2026-01-19 08:09:15
9322,Sweet,13.82,2026-01-19 08:09:15
9324,Floral,30.96,2026-01-19 08:09:15
9324,Fresh,16.74,2026-01-19 08:09:15
9324,Fruity,15.14,2026-01-19 08:09:15
9324,Sweet,14.91,2026-01-19 08:09:15
9328,Floral,26.09,2026-01-19 08:09:15
9328,Spicy,19.32,2026-01-19 08:09:15
9328,Oriental,17.15,2026-01-19 08:09:15
9328,Sweet,16.18,2026-01-19 08:09:15
9328,Woody,16.18,2026-01-19 08:09:15
9335,Powdery,16.67,2026-01-19 08:09:15
9335,Woody,16.67,2026-01-19 08:09:15
9335,Resinous,16.67,2026-01-19 08:09:15
9335,Earthy,16.67,2026-01-19 08:09:15
9335,Floral,16.67,2026-01-19 08:09:15
9336,Citrus,26.55,2026-01-19 08:09:15
9336,Fresh,24.34,2026-01-19 08:09:15
9336,Green,19.25,2026-01-19 08:09:15
9339,Floral,20.28,2026-01-19 08:09:15
9339,Fruity,18.89,2026-01-19 08:09:15
9339,Powdery,12.44,2026-01-19 08:09:15
9339,Oriental,11.98,2026-01-19 08:09:15
9339,Spicy,11.06,2026-01-19 08:09:15
9342,Fresh,21.88,2026-01-19 08:09:15
9342,Citrus,19.79,2026-01-19 08:09:15
9342,Aquatic,15.62,2026-01-19 08:09:15
9342,Fruity,13.54,2026-01-19 08:09:15
9345,Sweet,20.99,2026-01-19 08:09:15
9345,Powdery,18.81,2026-01-19 08:09:15
9345,Spicy,18.04,2026-01-19 08:09:15
9345,Woody,16.43,2026-01-19 08:09:15
9346,Fresh,22.03,2026-01-19 08:09:15
9346,Citrus,20.34,2026-01-19 08:09:15
9346,Aquatic,20.34,2026-01-19 08:09:15
9346,Fruity,13.56,2026-01-19 08:09:15
9347,Spicy,18.09,2026-01-19 08:09:15
9347,Sweet,18.09,2026-01-19 08:09:15
9347,Woody,16.58,2026-01-19 08:09:15
9347,Oriental,16.08,2026-01-19 08:09:15
9348,Sweet,28.9,2026-01-19 08:09:15
9348,Gourmand,28.61,2026-01-19 08:09:15
9349,Powdery,23.92,2026-01-19 08:09:15
9349,Sweet,23.03,2026-01-19 08:09:15
9349,Spicy,18.96,2026-01-19 08:09:15
9349,Creamy,12.72,2026-01-19 08:09:15
9350,Fruity,24.39,2026-01-19 08:09:15
9350,Citrus,23.17,2026-01-19 08:09:15
9350,Fresh,21.95,2026-01-19 08:09:15
9351,Floral,22.29,2026-01-19 08:09:15
9351,Spicy,21.02,2026-01-19 08:09:15
9351,Fruity,18.47,2026-01-19 08:09:15
9351,Woody,14.01,2026-01-19 08:09:15
9352,Floral,29.59,2026-01-19 08:09:15
9352,Fresh,25.0,2026-01-19 08:09:15
9352,Aquatic,15.82,2026-01-19 08:09:15
9354,Leathery,23.08,2026-01-19 08:09:15
9354,Citrus,17.31,2026-01-19 08:09:15
9354,Woody,15.38,2026-01-19 08:09:15
9354,Fresh,13.46,2026-01-19 08:09:15
9355,Sweet,21.88,2026-01-19 08:09:15
9355,Gourmand,20.83,2026-01-19 08:09:15
9355,Floral,11.46,2026-01-19 08:09:15
9355,Spicy,10.42,2026-01-19 08:09:15
9355,Fruity,9.38,2026-01-19 08:09:15
9357,Sweet,24.98,2026-01-19 08:09:15
9357,Oriental,18.23,2026-01-19 08:09:15
9357,Gourmand,16.61,2026-01-19 08:09:15
9357,Spicy,15.2,2026-01-19 08:09:15
9358,Fresh,25.71,2026-01-19 08:09:15
9358,Citrus,18.57,2026-01-19 08:09:15
9358,Fruity,12.86,2026-01-19 08:09:15
9358,Aquatic,12.86,2026-01-19 08:09:15
9359,Spicy,20.69,2026-01-19 08:09:15
9359,Citrus,19.54,2026-01-19 08:09:15
9359,Chypre,17.24,2026-01-19 08:09:15
9359,Floral,13.79,2026-01-19 08:09:15
9360,Woody,29.81,2026-01-19 08:09:15
9360,Green,25.28,2026-01-19 08:09:15
9360,Fresh,23.77,2026-01-19 08:09:15
9361,Floral,31.36,2026-01-19 08:09:15
9361,Sweet,28.68,2026-01-19 08:09:15
9362,Powdery,18.52,2026-01-19 08:09:15
9362,Sweet,16.05,2026-01-19 08:09:15
9362,Floral,16.05,2026-01-19 08:09:15
9362,Resinous,9.88,2026-01-19 08:09:15
9362,Spicy,8.64,2026-01-19 08:09:15
9362,Fresh,8.64,2026-01-19 08:09:15
9363,Fruity,25.09,2026-01-19 08:09:15
9363,Fresh,22.65,2026-01-19 08:09:15
9363,Floral,21.6,2026-01-19 08:09:15
9364,Sweet,17.75,2026-01-19 08:09:15
9364,Gourmand,17.41,2026-01-19 08:09:15
9364,Spicy,17.06,2026-01-19 08:09:15
9364,Powdery,11.95,2026-01-19 08:09:15
9364,Floral,10.24,2026-01-19 08:09:15
9365,Woody,21.69,2026-01-19 08:09:15
9365,Spicy,19.94,2026-01-19 08:09:15
9365,Powdery,17.22,2026-01-19 08:09:15
9365,Sweet,16.75,2026-01-19 08:09:15
9366,Fresh,24.36,2026-01-19 08:09:15
9366,Floral,24.36,2026-01-19 08:09:15
9366,Fruity,16.67,2026-01-19 08:09:15
9367,Sweet,24.15,2026-01-19 08:09:15
9367,Fruity,21.89,2026-01-19 08:09:15
9367,Synthetic,12.83,2026-01-19 08:09:15
9367,Floral,12.83,2026-01-19 08:09:15
9368,Fresh,29.46,2026-01-19 08:09:15
9368,Green,23.65,2026-01-19 08:09:15
9368,Citrus,19.5,2026-01-19 08:09:15
9369,Spicy,19.58,2026-01-19 08:09:15
9369,Leathery,15.68,2026-01-19 08:09:15
9369,Woody,15.21,2026-01-19 08:09:15
9369,Earthy,12.15,2026-01-19 08:09:15
9369,Animal,8.02,2026-01-19 08:09:15
9369,Sweet,7.08,2026-01-19 08:09:15
9370,Sweet,22.22,2026-01-19 08:09:15
9370,Floral,22.22,2026-01-19 08:09:15
9370,Fruity,16.67,2026-01-19 08:09:15
9370,Spicy,9.26,2026-01-19 08:09:15
9370,Woody,9.26,2026-01-19 08:09:15
9371,Fresh,22.07,2026-01-19 08:09:15
9371,Woody,20.19,2026-01-19 08:09:15
9371,Spicy,17.84,2026-01-19 08:09:15
9371,Synthetic,12.21,2026-01-19 08:09:15
9371,Citrus,11.74,2026-01-19 08:09:15
9372,Fruity,21.62,2026-01-19 08:09:15
9372,Woody,20.95,2026-01-19 08:09:15
9372,Citrus,18.58,2026-01-19 08:09:15
9372,Spicy,17.57,2026-01-19 08:09:15
9373,Sweet,24.51,2026-01-19 08:09:15
9373,Powdery,20.42,2026-01-19 08:09:15
9373,Spicy,16.67,2026-01-19 08:09:15
9373,Woody,15.2,2026-01-19 08:09:15
9374,Spicy,18.46,2026-01-19 08:09:15
9374,Green,18.46,2026-01-19 08:09:15
9374,Woody,16.92,2026-01-19 08:09:15
9374,Earthy,15.38,2026-01-19 08:09:15
9374,Floral,10.77,2026-01-19 08:09:15
9375,Sweet,20.9,2026-01-19 08:09:15
9375,Fruity,14.93,2026-01-19 08:09:15
9375,Powdery,14.18,2026-01-19 08:09:15
9375,Floral,12.31,2026-01-19 08:09:15
9375,Creamy,9.33,2026-01-19 08:09:15
9375,Gourmand,8.21,2026-01-19 08:09:15
9375,Fresh,7.84,2026-01-19 08:09:15
9376,Floral,25.36,2026-01-19 08:09:15
9376,Citrus,22.97,2026-01-19 08:09:15
9376,Fresh,21.53,2026-01-19 08:09:15
9377,Sweet,23.91,2026-01-19 08:09:15
9377,Floral,21.44,2026-01-19 08:09:15
9377,Spicy,18.41,2026-01-19 08:09:15
9377,Creamy,13.09,2026-01-19 08:09:15
9378,Floral,24.1,2026-01-19 08:09:15
9378,Synthetic,14.46,2026-01-19 08:09:15
9378,Fresh,14.46,2026-01-19 08:09:15
9378,Woody,13.25,2026-01-19 08:09:15
9378,Sweet,10.84,2026-01-19 08:09:15
9380,Green,25.86,2026-01-19 08:09:15
9380,Fresh,21.84,2026-01-19 08:09:15
9380,Spicy,20.11,2026-01-19 08:09:15
9380,Woody,19.54,2026-01-19 08:09:15
9381,Floral,23.2,2026-01-19 08:09:15
9381,Fruity,22.5,2026-01-19 08:09:15
9381,Sweet,21.97,2026-01-19 08:09:15
9382,Fresh,25.81,2026-01-19 08:09:15
9382,Floral,25.81,2026-01-19 08:09:15
9382,Powdery,12.9,2026-01-19 08:09:15
9382,Green,12.9,2026-01-19 08:09:15
9383,Spicy,27.72,2026-01-19 08:09:15
9383,Fresh,22.83,2026-01-19 08:09:15
9383,Woody,21.2,2026-01-19 08:09:15
9384,Spicy,26.2,2026-01-19 08:09:15
9384,Woody,21.4,2026-01-19 08:09:15
9384,Sweet,17.03,2026-01-19 08:09:15
9384,Smoky,9.61,2026-01-19 08:09:15
9385,Floral,20.54,2026-01-19 08:09:15
9385,Sweet,20.06,2026-01-19 08:09:15
9385,Spicy,16.4,2026-01-19 08:09:15
9385,Oriental,14.49,2026-01-19 08:09:15
9386,Floral,25.0,2026-01-19 08:09:15
9386,Fresh,22.5,2026-01-19 08:09:15
9386,Powdery,12.5,2026-01-19 08:09:15
9386,Spicy,10.0,2026-01-19 08:09:15
9386,Fruity,10.0,2026-01-19 08:09:15
9387,Floral,24.15,2026-01-19 08:09:15
9387,Fruity,21.74,2026-01-19 08:09:15
9387,Fresh,20.77,2026-01-19 08:09:15
9387,Citrus,11.59,2026-01-19 08:09:15
9388,Floral,28.63,2026-01-19 08:09:15
9388,Fruity,21.77,2026-01-19 08:09:15
9388,Fresh,19.76,2026-01-19 08:09:15
9389,Floral,25.92,2026-01-19 08:09:15
9389,Oriental,19.44,2026-01-19 08:09:15
9389,Sweet,17.23,2026-01-19 08:09:15
9389,Spicy,16.05,2026-01-19 08:09:15
9390,Floral,33.85,2026-01-19 08:09:15
9390,Powdery,20.0,2026-01-19 08:09:15
9390,Fresh,15.38,2026-01-19 08:09:15
9391,Floral,23.7,2026-01-19 08:09:15
9391,Fruity,21.39,2026-01-19 08:09:15
9391,Sweet,16.18,2026-01-19 08:09:15
9391,Fresh,14.45,2026-01-19 08:09:15
9392,Floral,36.81,2026-01-19 08:09:15
9392,Fresh,23.31,2026-01-19 08:09:15
9393,Floral,27.15,2026-01-19 08:09:15
9393,Oriental,16.69,2026-01-19 08:09:15
9393,Sweet,15.51,2026-01-19 08:09:15
9393,Fruity,12.31,2026-01-19 08:09:15
9393,Spicy,11.64,2026-01-19 08:09:15
9394,Sweet,25.0,2026-01-19 08:09:15
9394,Floral,23.44,2026-01-19 08:09:15
9394,Fruity,21.88,2026-01-19 08:09:15
9395,Sweet,23.53,2026-01-19 08:09:15
9395,Fruity,22.17,2026-01-19 08:09:15
9395,Gourmand,17.19,2026-01-19 08:09:15
9395,Spicy,11.31,2026-01-19 08:09:15
9396,Floral,30.89,2026-01-19 08:09:15
9396,Sweet,19.92,2026-01-19 08:09:15
9396,Creamy,15.85,2026-01-19 08:09:15
9396,Spicy,10.98,2026-01-19 08:09:15
9398,Fresh,21.05,2026-01-19 08:09:15
9398,Aquatic,21.05,2026-01-19 08:09:15
9398,Fruity,14.04,2026-01-19 08:09:15
9398,Citrus,8.77,2026-01-19 08:09:15
9398,Green,8.77,2026-01-19 08:09:15
9399,Citrus,25.0,2026-01-19 08:09:15
9399,Fresh,22.14,2026-01-19 08:09:15
9399,Green,13.57,2026-01-19 08:09:15
9399,Synthetic,10.0,2026-01-19 08:09:15
9399,Fruity,10.0,2026-01-19 08:09:15
9400,Woody,29.65,2026-01-19 08:09:15
9400,Spicy,22.09,2026-01-19 08:09:15
9400,Green,15.7,2026-01-19 08:09:15
9400,Fresh,9.88,2026-01-19 08:09:15
9401,Fresh,20.91,2026-01-19 08:09:15
9401,Spicy,16.36,2026-01-19 08:09:15
9401,Woody,14.49,2026-01-19 08:09:15
9401,Synthetic,10.97,2026-01-19 08:09:15
9401,Green,8.28,2026-01-19 08:09:15
9402,Floral,20.45,2026-01-19 08:09:15
9402,Synthetic,15.91,2026-01-19 08:09:15
9402,Sweet,11.36,2026-01-19 08:09:15
9402,Aquatic,11.36,2026-01-19 08:09:15
9402,Spicy,9.09,2026-01-19 08:09:15
9402,Fruity,9.09,2026-01-19 08:09:15
9404,Spicy,28.26,2026-01-19 08:09:15
9404,Fresh,21.74,2026-01-19 08:09:15
9404,Woody,16.3,2026-01-19 08:09:15
9404,Sweet,11.96,2026-01-19 08:09:15
9405,Floral,20.42,2026-01-19 08:09:15
9405,Chypre,19.02,2026-01-19 08:09:15
9405,Spicy,15.01,2026-01-19 08:09:15
9405,Oriental,12.04,2026-01-19 08:09:15
9405,Woody,11.52,2026-01-19 08:09:15
9406,Oriental,25.81,2026-01-19 08:09:15
9406,Woody,19.35,2026-01-19 08:09:15
9406,Spicy,16.13,2026-01-19 08:09:15
9406,Synthetic,16.13,2026-01-19 08:09:15
9406,Sweet,16.13,2026-01-19 08:09:15
9407,Floral,30.73,2026-01-19 08:09:15
9407,Sweet,21.88,2026-01-19 08:09:15
9408,Leathery,24.32,2026-01-19 08:09:15
9408,Sweet,22.97,2026-01-19 08:09:15
9408,Woody,21.62,2026-01-19 08:09:15
9409,Sweet,22.02,2026-01-19 08:09:15
9409,Spicy,18.45,2026-01-19 08:09:15
9409,Woody,18.45,2026-01-19 08:09:15
9409,Powdery,13.99,2026-01-19 08:09:15
9410,Fresh,22.22,2026-01-19 08:09:15
9410,Fruity,17.78,2026-01-19 08:09:15
9410,Citrus,15.56,2026-01-19 08:09:15
9410,Aquatic,13.33,2026-01-19 08:09:15
9410,Floral,8.89,2026-01-19 08:09:15
9411,Floral,31.33,2026-01-19 08:09:15
9411,Sweet,26.67,2026-01-19 08:09:15
9412,Fresh,26.67,2026-01-19 08:09:15
9412,Powdery,22.96,2026-01-19 08:09:15
9412,Floral,18.52,2026-01-19 08:09:15
9413,Fresh,24.24,2026-01-19 08:09:15
9413,Woody,18.18,2026-01-19 08:09:15
9413,Citrus,15.15,2026-01-19 08:09:15
9413,Synthetic,15.15,2026-01-19 08:09:15
9414,Spicy,22.17,2026-01-19 08:09:15
9414,Woody,15.9,2026-01-19 08:09:15
9414,Sweet,13.73,2026-01-19 08:09:15
9414,Fruity,13.25,2026-01-19 08:09:15
9414,Oriental,11.33,2026-01-19 08:09:15
9415,Floral,29.25,2026-01-19 08:09:15
9415,Fresh,27.89,2026-01-19 08:09:15
9416,Floral,21.14,2026-01-19 08:09:15
9416,Fruity,14.86,2026-01-19 08:09:15
9416,Sweet,13.71,2026-01-19 08:09:15
9416,Woody,13.71,2026-01-19 08:09:15
9416,Fresh,12.0,2026-01-19 08:09:15
9417,Floral,28.12,2026-01-19 08:09:15
9417,Fresh,25.0,2026-01-19 08:09:15
9417,Fruity,15.62,2026-01-19 08:09:15
9417,Aquatic,15.62,2026-01-19 08:09:15
9418,Sweet,18.77,2026-01-19 08:09:15
9418,Powdery,16.0,2026-01-19 08:09:15
9418,Fruity,14.15,2026-01-19 08:09:15
9418,Fresh,12.0,2026-01-19 08:09:15
9418,Spicy,11.08,2026-01-19 08:09:15
9419,Spicy,26.11,2026-01-19 08:09:15
9419,Sweet,21.11,2026-01-19 08:09:15
9419,Floral,16.11,2026-01-19 08:09:15
9419,Gourmand,11.67,2026-01-19 08:09:15
9420,Fresh,21.26,2026-01-19 08:09:15
9420,Floral,21.26,2026-01-19 08:09:15
9420,Fruity,10.63,2026-01-19 08:09:15
9420,Sweet,8.21,2026-01-19 08:09:15
9420,Green,7.73,2026-01-19 08:09:15
9420,Citrus,7.25,2026-01-19 08:09:15
9420,Powdery,7.25,2026-01-19 08:09:15
9421,Sweet,26.1,2026-01-19 08:09:15
9421,Gourmand,20.22,2026-01-19 08:09:15
9421,Spicy,16.54,2026-01-19 08:09:15
9421,Woody,11.76,2026-01-19 08:09:15
9423,Floral,30.12,2026-01-19 08:09:15
9423,Green,25.3,2026-01-19 08:09:15
9423,Fresh,19.28,2026-01-19 08:09:15
9424,Fresh,19.05,2026-01-19 08:09:15
9424,Citrus,15.65,2026-01-19 08:09:15
9424,Green,12.93,2026-01-19 08:09:15
9424,Spicy,10.88,2026-01-19 08:09:15
9424,Woody,10.88,2026-01-19 08:09:15
9424,Aquatic,10.88,2026-01-19 08:09:15
9425,Spicy,27.52,2026-01-19 08:09:15
9425,Sweet,24.81,2026-01-19 08:09:15
9425,Woody,15.12,2026-01-19 08:09:15
9427,Sweet,20.1,2026-01-19 08:09:15
9427,Gourmand,20.1,2026-01-19 08:09:15
9427,Creamy,15.98,2026-01-19 08:09:15
9427,Spicy,14.95,2026-01-19 08:09:15
9428,Citrus,18.0,2026-01-19 08:09:15
9428,Fresh,18.0,2026-01-19 08:09:15
9428,Spicy,16.0,2026-01-19 08:09:15
9428,Woody,13.33,2026-01-19 08:09:15
9428,Fruity,10.67,2026-01-19 08:09:15
9430,Sweet,26.3,2026-01-19 08:09:15
9430,Floral,25.43,2026-01-19 08:09:15
9430,Creamy,13.58,2026-01-19 08:09:15
9430,Spicy,13.29,2026-01-19 08:09:15
9431,Floral,22.59,2026-01-19 08:09:15
9431,Fresh,20.08,2026-01-19 08:09:15
9431,Green,16.32,2026-01-19 08:09:15
9431,Spicy,11.3,2026-01-19 08:09:15
9431,Powdery,8.79,2026-01-19 08:09:15
9432,Sweet,21.05,2026-01-19 08:09:15
9432,Leathery,18.42,2026-01-19 08:09:15
9432,Spicy,14.47,2026-01-19 08:09:15
9432,Fruity,13.82,2026-01-19 08:09:15
9432,Floral,7.89,2026-01-19 08:09:15
9434,Sweet,18.21,2026-01-19 08:09:15
9434,Spicy,16.42,2026-01-19 08:09:15
9434,Woody,12.84,2026-01-19 08:09:15
9434,Resinous,10.15,2026-01-19 08:09:15
9434,Creamy,9.85,2026-01-19 08:09:15
9434,Powdery,9.55,2026-01-19 08:09:15
9435,Woody,21.48,2026-01-19 08:09:15
9435,Spicy,20.0,2026-01-19 08:09:15
9435,Powdery,11.85,2026-01-19 08:09:15
9435,Oriental,11.85,2026-01-19 08:09:15
9435,Smoky,8.89,2026-01-19 08:09:15
9436,Floral,21.31,2026-01-19 08:09:15
9436,Fresh,19.67,2026-01-19 08:09:15
9436,Citrus,18.03,2026-01-19 08:09:15
9436,Sweet,14.75,2026-01-19 08:09:15
9438,Floral,30.32,2026-01-19 08:09:15
9438,Sweet,25.63,2026-01-19 08:09:15
9438,Fruity,18.77,2026-01-19 08:09:15
9439,Woody,25.33,2026-01-19 08:09:15
9439,Floral,22.0,2026-01-19 08:09:15
9439,Powdery,16.67,2026-01-19 08:09:15
9439,Spicy,14.0,2026-01-19 08:09:15
9440,Sweet,21.3,2026-01-19 08:09:15
9440,Leathery,20.37,2026-01-19 08:09:15
9440,Woody,18.52,2026-01-19 08:09:15
9440,Fresh,16.67,2026-01-19 08:09:15
9441,Chypre,18.75,2026-01-19 08:09:15
9441,Floral,18.75,2026-01-19 08:09:15
9441,Spicy,12.5,2026-01-19 08:09:15
9441,Smoky,12.5,2026-01-19 08:09:15
9441,Powdery,12.5,2026-01-19 08:09:15
9441,Woody,12.5,2026-01-19 08:09:15
9441,Resinous,12.5,2026-01-19 08:09:15
9442,Floral,21.96,2026-01-19 08:09:15
9442,Green,15.61,2026-01-19 08:09:15
9442,Spicy,14.29,2026-01-19 08:09:15
9442,Fresh,14.02,2026-01-19 08:09:15
9442,Woody,11.9,2026-01-19 08:09:15
9443,Fresh,24.54,2026-01-19 08:09:15
9443,Green,22.09,2026-01-19 08:09:15
9443,Floral,20.25,2026-01-19 08:09:15
9444,Floral,24.3,2026-01-19 08:09:15
9444,Fruity,21.5,2026-01-19 08:09:15
9444,Fresh,19.63,2026-01-19 08:09:15
9446,Fresh,24.34,2026-01-19 08:09:15
9446,Citrus,23.89,2026-01-19 08:09:15
9446,Floral,12.83,2026-01-19 08:09:15
9446,Woody,10.18,2026-01-19 08:09:15
9447,Spicy,32.71,2026-01-19 08:09:15
9447,Fresh,25.23,2026-01-19 08:09:15
9447,Woody,18.69,2026-01-19 08:09:15
9448,Spicy,20.0,2026-01-19 08:09:15
9448,Earthy,16.25,2026-01-19 08:09:15
9448,Resinous,15.0,2026-01-19 08:09:15
9448,Sweet,12.5,2026-01-19 08:09:15
9448,Oriental,12.5,2026-01-19 08:09:15
9450,Floral,23.68,2026-01-19 08:09:15
9450,Fresh,20.07,2026-01-19 08:09:15
9450,Fruity,18.42,2026-01-19 08:09:15
9450,Sweet,14.47,2026-01-19 08:09:15
9451,Spicy,27.1,2026-01-19 08:09:15
9451,Fresh,24.3,2026-01-19 08:09:15
9451,Green,13.08,2026-01-19 08:09:15
9451,Fougère,11.21,2026-01-19 08:09:15
9451,Floral,11.21,2026-01-19 08:09:15
9452,Floral,27.59,2026-01-19 08:09:15
9452,Fresh,21.84,2026-01-19 08:09:15
9452,Citrus,11.49,2026-01-19 08:09:15
9452,Synthetic,9.2,2026-01-19 08:09:15
9452,Sweet,9.2,2026-01-19 08:09:15
9455,Fresh,21.97,2026-01-19 08:09:15
9455,Spicy,19.28,2026-01-19 08:09:15
9455,Citrus,16.14,2026-01-19 08:09:15
9455,Fruity,16.14,2026-01-19 08:09:15
9456,Fresh,22.55,2026-01-19 08:09:15
9456,Citrus,14.71,2026-01-19 08:09:15
9456,Floral,13.73,2026-01-19 08:09:15
9456,Spicy,11.76,2026-01-19 08:09:15
9456,Fruity,10.78,2026-01-19 08:09:15
9459,Floral,29.56,2026-01-19 08:09:15
9459,Powdery,23.9,2026-01-19 08:09:15
9459,Sweet,18.24,2026-01-19 08:09:15
9460,Sweet,25.76,2026-01-19 08:09:15
9460,Fruity,24.24,2026-01-19 08:09:15
9460,Floral,18.18,2026-01-19 08:09:15
9463,Leathery,19.1,2026-01-19 08:09:15
9463,Spicy,18.5,2026-01-19 08:09:15
9463,Smoky,14.74,2026-01-19 08:09:15
9463,Woody,13.83,2026-01-19 08:09:15
9463,Sweet,10.38,2026-01-19 08:09:15
9464,Floral,23.68,2026-01-19 08:09:15
9464,Fruity,19.3,2026-01-19 08:09:15
9464,Sweet,14.91,2026-01-19 08:09:15
9464,Fresh,14.04,2026-01-19 08:09:15
9466,Citrus,19.59,2026-01-19 08:09:15
9466,Fresh,19.59,2026-01-19 08:09:15
9466,Chypre,14.86,2026-01-19 08:09:15
9466,Spicy,14.53,2026-01-19 08:09:15
9468,Floral,23.68,2026-01-19 08:09:15
9468,Fresh,21.05,2026-01-19 08:09:15
9468,Woody,13.16,2026-01-19 08:09:15
9468,Citrus,11.4,2026-01-19 08:09:15
9468,Fruity,8.77,2026-01-19 08:09:15
9470,Sweet,23.73,2026-01-19 08:09:15
9470,Floral,22.88,2026-01-19 08:09:15
9470,Spicy,19.92,2026-01-19 08:09:15
9471,Spicy,24.31,2026-01-19 08:09:15
9471,Woody,21.55,2026-01-19 08:09:15
9471,Leathery,18.51,2026-01-19 08:09:15
9472,Fresh,21.57,2026-01-19 08:09:15
9472,Citrus,18.63,2026-01-19 08:09:15
9472,Fruity,15.69,2026-01-19 08:09:15
9472,Floral,14.71,2026-01-19 08:09:15
9475,Chypre,22.07,2026-01-19 08:09:15
9475,Floral,18.99,2026-01-19 08:09:15
9475,Green,17.6,2026-01-19 08:09:15
9475,Spicy,12.29,2026-01-19 08:09:15
9478,Spicy,24.36,2026-01-19 08:09:15
9478,Leathery,19.23,2026-01-19 08:09:15
9478,Woody,17.95,2026-01-19 08:09:15
9478,Sweet,9.94,2026-01-19 08:09:15
9478,Fresh,8.33,2026-01-19 08:09:15
9479,Spicy,17.82,2026-01-19 08:09:15
9479,Woody,16.83,2026-01-19 08:09:15
9479,Green,16.17,2026-01-19 08:09:15
9479,Floral,11.88,2026-01-19 08:09:15
9479,Fresh,10.89,2026-01-19 08:09:15
9482,Fresh,25.97,2026-01-19 08:09:15
9482,Spicy,18.18,2026-01-19 08:09:15
9482,Citrus,15.58,2026-01-19 08:09:15
9482,Green,12.99,2026-01-19 08:09:15
9483,Woody,19.58,2026-01-19 08:09:15
9483,Sweet,17.08,2026-01-19 08:09:15
9483,Gourmand,15.83,2026-01-19 08:09:15
9483,Spicy,12.92,2026-01-19 08:09:15
9483,Fresh,10.42,2026-01-19 08:09:15
9483,Green,9.58,2026-01-19 08:09:15
9484,Oriental,18.57,2026-01-19 08:09:15
9484,Gourmand,18.57,2026-01-19 08:09:15
9484,Sweet,15.71,2026-01-19 08:09:15
9484,Woody,15.71,2026-01-19 08:09:15
9487,Spicy,20.0,2026-01-19 08:09:15
9487,Oriental,15.79,2026-01-19 08:09:15
9487,Sweet,14.39,2026-01-19 08:09:15
9487,Woody,14.39,2026-01-19 08:09:15
9487,Powdery,10.18,2026-01-19 08:09:15
9488,Fresh,22.62,2026-01-19 08:09:15
9488,Aquatic,19.05,2026-01-19 08:09:15
9488,Synthetic,13.1,2026-01-19 08:09:15
9488,Fruity,10.71,2026-01-19 08:09:15
9488,Woody,9.52,2026-01-19 08:09:15
9491,Citrus,18.35,2026-01-19 08:09:15
9491,Fresh,16.46,2026-01-19 08:09:15
9491,Spicy,15.19,2026-01-19 08:09:15
9491,Synthetic,13.92,2026-01-19 08:09:15
9491,Sweet,13.92,2026-01-19 08:09:15
9492,Animal,28.57,2026-01-19 08:09:15
9492,Green,23.21,2026-01-19 08:09:15
9492,Spicy,14.29,2026-01-19 08:09:15
9492,Synthetic,14.29,2026-01-19 08:09:15
9494,Fresh,19.72,2026-01-19 08:09:15
9494,Aquatic,19.72,2026-01-19 08:09:15
9494,Fruity,15.02,2026-01-19 08:09:15
9494,Spicy,11.74,2026-01-19 08:09:15
9494,Synthetic,9.86,2026-01-19 08:09:15
9495,Citrus,19.28,2026-01-19 08:09:15
9495,Fresh,16.27,2026-01-19 08:09:15
9495,Spicy,15.66,2026-01-19 08:09:15
9495,Woody,13.25,2026-01-19 08:09:15
9495,Fruity,11.45,2026-01-19 08:09:15
9496,Citrus,21.43,2026-01-19 08:09:15
9496,Fresh,19.05,2026-01-19 08:09:15
9496,Woody,11.9,2026-01-19 08:09:15
9496,Spicy,9.52,2026-01-19 08:09:15
9496,Synthetic,9.52,2026-01-19 08:09:15
9496,Fruity,9.52,2026-01-19 08:09:15
9496,Aquatic,9.52,2026-01-19 08:09:15
9498,Spicy,17.16,2026-01-19 08:09:15
9498,Oriental,16.42,2026-01-19 08:09:15
9498,Sweet,15.67,2026-01-19 08:09:15
9498,Woody,13.06,2026-01-19 08:09:15
9498,Powdery,10.82,2026-01-19 08:09:15
9500,Citrus,18.52,2026-01-19 08:09:15
9500,Woody,18.52,2026-01-19 08:09:15
9500,Spicy,16.67,2026-01-19 08:09:15
9500,Fresh,11.11,2026-01-19 08:09:15
9500,Sweet,9.26,2026-01-19 08:09:15
9501,Sweet,25.32,2026-01-19 08:09:15
9501,Powdery,23.32,2026-01-19 08:09:15
9501,Creamy,19.14,2026-01-19 08:09:15
9502,Floral,28.14,2026-01-19 08:09:15
9502,Sweet,23.35,2026-01-19 08:09:15
9503,Floral,24.51,2026-01-19 08:09:15
9503,Fruity,23.53,2026-01-19 08:09:15
9503,Sweet,14.71,2026-01-19 08:09:15
9503,Spicy,11.76,2026-01-19 08:09:15
9504,Floral,23.81,2026-01-19 08:09:15
9504,Green,21.43,2026-01-19 08:09:15
9504,Fresh,21.43,2026-01-19 08:09:15
9505,Sweet,27.36,2026-01-19 08:09:15
9505,Creamy,19.91,2026-01-19 08:09:15
9505,Powdery,18.54,2026-01-19 08:09:15
9507,Sweet,19.5,2026-01-19 08:09:15
9507,Woody,16.98,2026-01-19 08:09:15
9507,Spicy,15.72,2026-01-19 08:09:15
9507,Leathery,11.95,2026-01-19 08:09:15
9507,Gourmand,9.43,2026-01-19 08:09:15
9508,Spicy,18.75,2026-01-19 08:09:15
9508,Woody,18.75,2026-01-19 08:09:15
9508,Animal,17.19,2026-01-19 08:09:15
9508,Leathery,14.06,2026-01-19 08:09:15
9508,Earthy,14.06,2026-01-19 08:09:15
9509,Powdery,23.24,2026-01-19 08:09:15
9509,Floral,19.1,2026-01-19 08:09:15
9509,Spicy,14.29,2026-01-19 08:09:15
9509,Creamy,12.74,2026-01-19 08:09:15
9511,Fresh,20.59,2026-01-19 08:09:15
9511,Sweet,19.61,2026-01-19 08:09:15
9511,Synthetic,18.63,2026-01-19 08:09:15
9511,Spicy,15.69,2026-01-19 08:09:15
9513,Powdery,28.48,2026-01-19 08:09:15
9513,Creamy,22.87,2026-01-19 08:09:15
9513,Floral,21.83,2026-01-19 08:09:15
9514,Woody,20.51,2026-01-19 08:09:15
9514,Leathery,19.23,2026-01-19 08:09:15
9514,Spicy,15.38,2026-01-19 08:09:15
9514,Smoky,11.54,2026-01-19 08:09:15
9514,Powdery,7.69,2026-01-19 08:09:15
9514,Earthy,7.69,2026-01-19 08:09:15
9515,Floral,28.93,2026-01-19 08:09:15
9515,Fresh,18.27,2026-01-19 08:09:15
9515,Sweet,11.68,2026-01-19 08:09:15
9515,Citrus,11.17,2026-01-19 08:09:15
9515,Powdery,9.64,2026-01-19 08:09:15
9517,Sweet,26.65,2026-01-19 08:09:15
9517,Powdery,23.58,2026-01-19 08:09:15
9517,Creamy,18.4,2026-01-19 08:09:15
9518,Synthetic,17.65,2026-01-19 08:09:15
9518,Fresh,17.65,2026-01-19 08:09:15
9518,Aquatic,17.65,2026-01-19 08:09:15
9518,Green,11.76,2026-01-19 08:09:15
9518,Citrus,8.82,2026-01-19 08:09:15
9518,Sweet,8.82,2026-01-19 08:09:15
9519,Green,22.11,2026-01-19 08:09:15
9519,Spicy,16.84,2026-01-19 08:09:15
9519,Woody,16.84,2026-01-19 08:09:15
9519,Earthy,14.74,2026-01-19 08:09:15
9520,Fresh,24.44,2026-01-19 08:09:15
9520,Citrus,22.22,2026-01-19 08:09:15
9520,Green,20.0,2026-01-19 08:09:15
9520,Floral,13.33,2026-01-19 08:09:15
9521,Powdery,20.8,2026-01-19 08:09:15
9521,Fresh,17.94,2026-01-19 08:09:15
9521,Creamy,15.08,2026-01-19 08:09:15
9521,Green,14.69,2026-01-19 08:09:15
9522,Spicy,22.39,2026-01-19 08:09:15
9522,Leathery,17.91,2026-01-19 08:09:15
9522,Earthy,13.43,2026-01-19 08:09:15
9522,Woody,11.94,2026-01-19 08:09:15
9522,Oriental,10.45,2026-01-19 08:09:15
9523,Fruity,25.62,2026-01-19 08:09:15
9523,Sweet,25.0,2026-01-19 08:09:15
9523,Floral,20.62,2026-01-19 08:09:15
9524,Floral,21.55,2026-01-19 08:09:15
9524,Spicy,16.38,2026-01-19 08:09:15
9524,Woody,14.66,2026-01-19 08:09:15
9524,Powdery,11.21,2026-01-19 08:09:15
9524,Oriental,11.21,2026-01-19 08:09:15
9525,Citrus,24.34,2026-01-19 08:09:15
9525,Fresh,23.68,2026-01-19 08:09:15
9525,Green,14.47,2026-01-19 08:09:15
9525,Woody,9.21,2026-01-19 08:09:15
9526,Fresh,29.55,2026-01-19 08:09:15
9526,Citrus,20.45,2026-01-19 08:09:15
9526,Synthetic,13.64,2026-01-19 08:09:15
9526,Spicy,6.82,2026-01-19 08:09:15
9526,Sweet,6.82,2026-01-19 08:09:15
9526,Green,6.82,2026-01-19 08:09:15
9526,Aquatic,6.82,2026-01-19 08:09:15
9527,Fruity,21.51,2026-01-19 08:09:15
9527,Sweet,18.02,2026-01-19 08:09:15
9527,Floral,15.7,2026-01-19 08:09:15
9527,Spicy,13.37,2026-01-19 08:09:15
9527,Woody,9.88,2026-01-19 08:09:15
9528,Floral,24.0,2026-01-19 08:09:15
9528,Spicy,17.6,2026-01-19 08:09:15
9528,Powdery,17.6,2026-01-19 08:09:15
9528,Sweet,16.0,2026-01-19 08:09:15
9529,Woody,23.39,2026-01-19 08:09:15
9529,Spicy,21.72,2026-01-19 08:09:15
9529,Powdery,16.23,2026-01-19 08:09:15
9529,Creamy,15.75,2026-01-19 08:09:15
9530,Spicy,21.05,2026-01-19 08:09:15
9530,Synthetic,21.05,2026-01-19 08:09:15
9530,Resinous,21.05,2026-01-19 08:09:15
9530,Sweet,10.53,2026-01-19 08:09:15
9531,Floral,25.4,2026-01-19 08:09:15
9531,Sweet,22.22,2026-01-19 08:09:15
9531,Fruity,15.87,2026-01-19 08:09:15
9531,Powdery,11.9,2026-01-19 08:09:15
9532,Floral,22.76,2026-01-19 08:09:15
9532,Fruity,16.26,2026-01-19 08:09:15
9532,Woody,13.01,2026-01-19 08:09:15
9532,Fresh,11.38,2026-01-19 08:09:15
9532,Sweet,10.57,2026-01-19 08:09:15
9533,Woody,25.83,2026-01-19 08:09:15
9533,Powdery,20.28,2026-01-19 08:09:15
9533,Spicy,19.72,2026-01-19 08:09:15
9534,Spicy,21.43,2026-01-19 08:09:15
9534,Fruity,21.43,2026-01-19 08:09:15
9534,Floral,21.43,2026-01-19 08:09:15
9534,Sweet,14.29,2026-01-19 08:09:15
9535,Floral,23.31,2026-01-19 08:09:15
9535,Fresh,19.02,2026-01-19 08:09:15
9535,Green,14.72,2026-01-19 08:09:15
9535,Woody,11.66,2026-01-19 08:09:15
9535,Citrus,10.43,2026-01-19 08:09:15
9536,Floral,23.23,2026-01-19 08:09:15
9536,Fruity,18.18,2026-01-19 08:09:15
9536,Fresh,15.15,2026-01-19 08:09:15
9536,Creamy,13.13,2026-01-19 08:09:15
9537,Smoky,24.4,2026-01-19 08:09:15
9537,Powdery,23.02,2026-01-19 08:09:15
9537,Sweet,16.15,2026-01-19 08:09:15
9537,Woody,15.46,2026-01-19 08:09:15
9538,Leathery,26.72,2026-01-19 08:09:15
9538,Woody,25.19,2026-01-19 08:09:15
9538,Spicy,19.85,2026-01-19 08:09:15
9539,Fresh,22.55,2026-01-19 08:09:15
9539,Woody,19.61,2026-01-19 08:09:15
9539,Spicy,15.69,2026-01-19 08:09:15
9539,Synthetic,14.71,2026-01-19 08:09:15
9540,Spicy,19.51,2026-01-19 08:09:15
9540,Citrus,18.29,2026-01-19 08:09:15
9540,Chypre,13.41,2026-01-19 08:09:15
9540,Woody,12.2,2026-01-19 08:09:15
9540,Fresh,12.2,2026-01-19 08:09:15
9542,Fresh,25.55,2026-01-19 08:09:15
9542,Citrus,21.17,2026-01-19 08:09:15
9542,Green,19.71,2026-01-19 08:09:15
9543,Sweet,23.18,2026-01-19 08:09:15
9543,Floral,22.52,2026-01-19 08:09:15
9543,Fruity,15.23,2026-01-19 08:09:15
9543,Fresh,9.93,2026-01-19 08:09:15
9544,Woody,23.16,2026-01-19 08:09:15
9544,Spicy,22.11,2026-01-19 08:09:15
9544,Fresh,13.68,2026-01-19 08:09:15
9544,Creamy,10.53,2026-01-19 08:09:15
9544,Floral,9.47,2026-01-19 08:09:15
9545,Woody,23.39,2026-01-19 08:09:15
9545,Fresh,16.27,2026-01-19 08:09:15
9545,Spicy,13.22,2026-01-19 08:09:15
9545,Powdery,12.54,2026-01-19 08:09:15
9545,Citrus,10.85,2026-01-19 08:09:15
9546,Fresh,24.22,2026-01-19 08:09:15
9546,Woody,20.31,2026-01-19 08:09:15
9546,Citrus,14.84,2026-01-19 08:09:15
9546,Green,10.94,2026-01-19 08:09:15
9546,Fougère,9.38,2026-01-19 08:09:15
9547,Sweet,25.42,2026-01-19 08:09:15
9547,Floral,25.42,2026-01-19 08:09:15
9547,Creamy,14.41,2026-01-19 08:09:15
9547,Woody,9.32,2026-01-19 08:09:15
9548,Floral,25.23,2026-01-19 08:09:15
9548,Sweet,23.42,2026-01-19 08:09:15
9548,Creamy,21.62,2026-01-19 08:09:15
9549,Creamy,26.22,2026-01-19 08:09:15
9549,Green,20.73,2026-01-19 08:09:15
9549,Floral,18.9,2026-01-19 08:09:15
9550,Sweet,26.47,2026-01-19 08:09:15
9550,Gourmand,25.0,2026-01-19 08:09:15
9550,Creamy,24.26,2026-01-19 08:09:15
9551,Green,23.08,2026-01-19 08:09:15
9551,Fresh,23.08,2026-01-19 08:09:15
9551,Floral,21.54,2026-01-19 08:09:15
9553,Citrus,25.32,2026-01-19 08:09:15
9553,Fresh,25.32,2026-01-19 08:09:15
9553,Green,16.46,2026-01-19 08:09:15
9554,Green,23.68,2026-01-19 08:09:15
9554,Floral,22.81,2026-01-19 08:09:15
9554,Fresh,18.42,2026-01-19 08:09:15
9555,Powdery,29.6,2026-01-19 08:09:15
9555,Floral,28.0,2026-01-19 08:09:15
9556,Floral,24.19,2026-01-19 08:09:15
9556,Spicy,19.35,2026-01-19 08:09:15
9556,Oriental,16.13,2026-01-19 08:09:15
9556,Smoky,12.9,2026-01-19 08:09:15
9556,Resinous,12.9,2026-01-19 08:09:15
9557,Powdery,26.09,2026-01-19 08:09:15
9557,Sweet,17.39,2026-01-19 08:09:15
9557,Creamy,17.39,2026-01-19 08:09:15
9557,Spicy,13.04,2026-01-19 08:09:15
9557,Woody,13.04,2026-01-19 08:09:15
9558,Green,27.93,2026-01-19 08:09:15
9558,Fresh,18.92,2026-01-19 08:09:15
9558,Woody,17.12,2026-01-19 08:09:15
9559,Floral,26.45,2026-01-19 08:09:15
9559,Sweet,17.36,2026-01-19 08:09:15
9559,Powdery,12.4,2026-01-19 08:09:15
9559,Spicy,11.57,2026-01-19 08:09:15
9560,Floral,20.21,2026-01-19 08:09:15
9560,Spicy,19.15,2026-01-19 08:09:15
9560,Oriental,15.96,2026-01-19 08:09:15
9560,Sweet,9.57,2026-01-19 08:09:15
9560,Woody,9.57,2026-01-19 08:09:15
9560,Creamy,9.57,2026-01-19 08:09:15
9561,Floral,21.28,2026-01-19 08:09:15
9561,Powdery,17.02,2026-01-19 08:09:15
9561,Spicy,12.77,2026-01-19 08:09:15
9561,Sweet,12.77,2026-01-19 08:09:15
9561,Oriental,10.64,2026-01-19 08:09:15
9561,Fruity,10.64,2026-01-19 08:09:15
9562,Fresh,23.39,2026-01-19 08:09:15
9562,Creamy,21.77,2026-01-19 08:09:15
9562,Citrus,16.94,2026-01-19 08:09:15
9562,Sweet,16.94,2026-01-19 08:09:15
9563,Citrus,26.44,2026-01-19 08:09:15
9563,Fresh,26.44,2026-01-19 08:09:15
9563,Woody,20.69,2026-01-19 08:09:15
9564,Woody,22.22,2026-01-19 08:09:15
9564,Fresh,22.22,2026-01-19 08:09:15
9564,Citrus,13.33,2026-01-19 08:09:15
9564,Spicy,11.11,2026-01-19 08:09:15
9564,Green,11.11,2026-01-19 08:09:15
9564,Earthy,11.11,2026-01-19 08:09:15
9565,Floral,23.08,2026-01-19 08:09:15
9565,Oriental,19.23,2026-01-19 08:09:15
9565,Spicy,15.38,2026-01-19 08:09:15
9565,Sweet,15.38,2026-01-19 08:09:15
9565,Powdery,15.38,2026-01-19 08:09:15
9566,Citrus,24.38,2026-01-19 08:09:15
9566,Fresh,23.12,2026-01-19 08:09:15
9566,Woody,12.5,2026-01-19 08:09:15
9566,Fruity,11.88,2026-01-19 08:09:15
9567,Floral,29.91,2026-01-19 08:09:15
9567,Sweet,26.17,2026-01-19 08:09:15
9567,Fruity,19.63,2026-01-19 08:09:15
9568,Woody,21.21,2026-01-19 08:09:15
9568,Citrus,15.15,2026-01-19 08:09:15
9568,Fresh,15.15,2026-01-19 08:09:15
9568,Synthetic,13.64,2026-01-19 08:09:15
9568,Spicy,12.12,2026-01-19 08:09:15
9569,Fresh,17.56,2026-01-19 08:09:15
9569,Woody,16.79,2026-01-19 08:09:15
9569,Floral,16.79,2026-01-19 08:09:15
9569,Fruity,15.27,2026-01-19 08:09:15
9569,Spicy,11.45,2026-01-19 08:09:15
9570,Spicy,21.88,2026-01-19 08:09:15
9570,Woody,18.75,2026-01-19 08:09:15
9570,Oriental,9.38,2026-01-19 08:09:15
9570,Green,9.38,2026-01-19 08:09:15
9570,Earthy,9.38,2026-01-19 08:09:15
9572,Powdery,16.0,2026-01-19 08:09:15
9572,Fruity,16.0,2026-01-19 08:09:15
9572,Floral,13.33,2026-01-19 08:09:15
9572,Spicy,12.0,2026-01-19 08:09:15
9572,Woody,12.0,2026-01-19 08:09:15
9572,Creamy,12.0,2026-01-19 08:09:15
9573,Sweet,23.76,2026-01-19 08:09:15
9573,Floral,20.99,2026-01-19 08:09:15
9573,Gourmand,16.02,2026-01-19 08:09:15
9573,Powdery,13.26,2026-01-19 08:09:15
9573,Oriental,13.26,2026-01-19 08:09:15
9574,Oriental,21.43,2026-01-19 08:09:15
9574,Spicy,17.86,2026-01-19 08:09:15
9574,Sweet,10.71,2026-01-19 08:09:15
9574,Powdery,10.71,2026-01-19 08:09:15
9574,Woody,10.71,2026-01-19 08:09:15
9575,Powdery,20.0,2026-01-19 08:09:15
9575,Sweet,17.24,2026-01-19 08:09:15
9575,Creamy,11.03,2026-01-19 08:09:15
9575,Floral,11.03,2026-01-19 08:09:15
9575,Oriental,10.34,2026-01-19 08:09:15
9575,Spicy,9.66,2026-01-19 08:09:15
9576,Floral,30.51,2026-01-19 08:09:15
9576,Fruity,25.42,2026-01-19 08:09:15
9576,Sweet,13.56,2026-01-19 08:09:15
9577,Spicy,27.1,2026-01-19 08:09:15
9577,Woody,20.56,2026-01-19 08:09:15
9577,Gourmand,14.95,2026-01-19 08:09:15
9577,Smoky,14.02,2026-01-19 08:09:15
9580,Floral,21.88,2026-01-19 08:09:15
9580,Fresh,18.75,2026-01-19 08:09:15
9580,Citrus,15.62,2026-01-19 08:09:15
9580,Green,14.06,2026-01-19 08:09:15
9581,Floral,28.57,2026-01-19 08:09:15
9581,Fresh,19.64,2026-01-19 08:09:15
9581,Woody,16.07,2026-01-19 08:09:15
9581,Sweet,11.61,2026-01-19 08:09:15
9581,Powdery,11.61,2026-01-19 08:09:15
9582,Fruity,33.33,2026-01-19 08:09:15
9582,Fresh,27.27,2026-01-19 08:09:15
9583,Floral,24.78,2026-01-19 08:09:15
9583,Sweet,15.04,2026-01-19 08:09:15
9583,Fresh,14.16,2026-01-19 08:09:15
9583,Fruity,13.27,2026-01-19 08:09:15
9583,Powdery,9.73,2026-01-19 08:09:15
9584,Sweet,25.0,2026-01-19 08:09:15
9584,Woody,22.5,2026-01-19 08:09:15
9584,Spicy,20.0,2026-01-19 08:09:15
9586,Spicy,25.2,2026-01-19 08:09:15
9586,Fresh,17.32,2026-01-19 08:09:15
9586,Green,15.75,2026-01-19 08:09:15
9586,Woody,14.96,2026-01-19 08:09:15
9587,Floral,27.78,2026-01-19 08:09:15
9587,Sweet,23.15,2026-01-19 08:09:15
9587,Fresh,12.04,2026-01-19 08:09:15
9587,Fruity,11.11,2026-01-19 08:09:15
9588,Citrus,23.29,2026-01-19 08:09:15
9588,Sweet,21.92,2026-01-19 08:09:15
9588,Floral,12.33,2026-01-19 08:09:15
9588,Fresh,10.96,2026-01-19 08:09:15
9588,Gourmand,9.59,2026-01-19 08:09:15
9589,Fruity,20.93,2026-01-19 08:09:15
9589,Sweet,18.6,2026-01-19 08:09:15
9589,Floral,16.28,2026-01-19 08:09:15
9589,Woody,13.95,2026-01-19 08:09:15
9589,Chypre,9.3,2026-01-19 08:09:15
9590,Green,26.35,2026-01-19 08:09:15
9590,Fresh,22.3,2026-01-19 08:09:15
9590,Spicy,14.19,2026-01-19 08:09:15
9590,Citrus,12.84,2026-01-19 08:09:15
9590,Sweet,12.84,2026-01-19 08:09:15
9593,Fresh,27.08,2026-01-19 08:09:15
9593,Floral,22.92,2026-01-19 08:09:15
9593,Fruity,18.75,2026-01-19 08:09:15
9594,Green,18.84,2026-01-19 08:09:15
9594,Fruity,18.12,2026-01-19 08:09:15
9594,Sweet,14.49,2026-01-19 08:09:15
9594,Woody,13.77,2026-01-19 08:09:15
9594,Fresh,10.87,2026-01-19 08:09:15
9595,Fruity,19.44,2026-01-19 08:09:15
9595,Floral,19.44,2026-01-19 08:09:15
9595,Sweet,15.74,2026-01-19 08:09:15
9595,Powdery,13.89,2026-01-19 08:09:15
9595,Spicy,10.19,2026-01-19 08:09:15
9595,Woody,10.19,2026-01-19 08:09:15
9596,Woody,21.43,2026-01-19 08:09:15
9596,Sweet,16.67,2026-01-19 08:09:15
9596,Gourmand,16.67,2026-01-19 08:09:15
9596,Spicy,14.29,2026-01-19 08:09:15
9596,Leathery,14.29,2026-01-19 08:09:15
9597,Floral,28.57,2026-01-19 08:09:15
9597,Fruity,26.19,2026-01-19 08:09:15
9597,Fresh,21.43,2026-01-19 08:09:15
9598,Powdery,32.2,2026-01-19 08:09:15
9598,Floral,30.51,2026-01-19 08:09:15
9599,Floral,23.68,2026-01-19 08:09:15
9599,Sweet,17.54,2026-01-19 08:09:15
9599,Spicy,10.53,2026-01-19 08:09:15
9599,Powdery,10.53,2026-01-19 08:09:15
9599,Fresh,10.53,2026-01-19 08:09:15
9600,Spicy,16.67,2026-01-19 08:09:15
9600,Floral,16.67,2026-01-19 08:09:15
9600,Powdery,14.1,2026-01-19 08:09:15
9600,Oriental,14.1,2026-01-19 08:09:15
9600,Fruity,11.54,2026-01-19 08:09:15
9601,Citrus,23.53,2026-01-19 08:09:15
9601,Fresh,23.53,2026-01-19 08:09:15
9601,Aquatic,17.65,2026-01-19 08:09:15
9602,Floral,30.48,2026-01-19 08:09:15
9602,Fresh,23.81,2026-01-19 08:09:15
9602,Fruity,19.05,2026-01-19 08:09:15
9603,Spicy,17.35,2026-01-19 08:09:15
9603,Sweet,17.35,2026-01-19 08:09:15
9603,Smoky,17.35,2026-01-19 08:09:15
9603,Resinous,15.31,2026-01-19 08:09:15
9605,Fresh,26.0,2026-01-19 08:09:15
9605,Floral,26.0,2026-01-19 08:09:15
9605,Citrus,16.0,2026-01-19 08:09:15
9606,Citrus,21.15,2026-01-19 08:09:15
9606,Fresh,21.15,2026-01-19 08:09:15
9606,Green,13.46,2026-01-19 08:09:15
9606,Fruity,11.54,2026-01-19 08:09:15
9606,Aquatic,9.62,2026-01-19 08:09:15
9607,Green,23.17,2026-01-19 08:09:15
9607,Citrus,21.95,2026-01-19 08:09:15
9607,Fresh,20.73,2026-01-19 08:09:15
9608,Floral,26.53,2026-01-19 08:09:15
9608,Fruity,24.49,2026-01-19 08:09:15
9608,Fresh,24.49,2026-01-19 08:09:15
9609,Smoky,25.0,2026-01-19 08:09:15
9609,Resinous,17.5,2026-01-19 08:09:15
9609,Woody,16.25,2026-01-19 08:09:15
9609,Citrus,12.5,2026-01-19 08:09:15
9610,Floral,25.0,2026-01-19 08:09:15
9610,Sweet,19.44,2026-01-19 08:09:15
9610,Synthetic,16.67,2026-01-19 08:09:15
9610,Spicy,11.11,2026-01-19 08:09:15
9610,Fruity,11.11,2026-01-19 08:09:15
9611,Fresh,24.41,2026-01-19 08:09:15
9611,Citrus,22.83,2026-01-19 08:09:15
9611,Green,21.26,2026-01-19 08:09:15
9612,Floral,25.0,2026-01-19 08:09:15
9612,Fresh,21.43,2026-01-19 08:09:15
9612,Green,17.86,2026-01-19 08:09:15
9612,Citrus,14.29,2026-01-19 08:09:15
9613,Spicy,23.26,2026-01-19 08:09:15
9613,Sweet,19.38,2026-01-19 08:09:15
9613,Resinous,16.28,2026-01-19 08:09:15
9613,Oriental,12.4,2026-01-19 08:09:15
9614,Spicy,25.58,2026-01-19 08:09:15
9614,Oriental,25.58,2026-01-19 08:09:15
9615,Oriental,22.81,2026-01-19 08:09:15
9615,Spicy,17.54,2026-01-19 08:09:15
9615,Woody,15.79,2026-01-19 08:09:15
9615,Smoky,14.04,2026-01-19 08:09:15
9615,Resinous,14.04,2026-01-19 08:09:15
9616,Fresh,21.74,2026-01-19 08:09:15
9616,Floral,21.74,2026-01-19 08:09:15
9616,Fruity,17.39,2026-01-19 08:09:15
9616,Citrus,15.22,2026-01-19 08:09:15
9617,Synthetic,20.0,2026-01-19 08:09:15
9617,Sweet,20.0,2026-01-19 08:09:15
9617,Citrus,12.0,2026-01-19 08:09:15
9617,Woody,12.0,2026-01-19 08:09:15
9617,Fresh,12.0,2026-01-19 08:09:15
9618,Oriental,26.09,2026-01-19 08:09:15
9618,Spicy,17.39,2026-01-19 08:09:15
9618,Sweet,13.04,2026-01-19 08:09:15
9618,Woody,13.04,2026-01-19 08:09:15
9619,Woody,20.19,2026-01-19 08:09:15
9619,Leathery,19.23,2026-01-19 08:09:15
9619,Spicy,16.35,2026-01-19 08:09:15
9619,Sweet,14.42,2026-01-19 08:09:15
9619,Oriental,9.62,2026-01-19 08:09:15
9620,Citrus,22.22,2026-01-19 08:09:15
9620,Fresh,22.22,2026-01-19 08:09:15
9620,Green,16.67,2026-01-19 08:09:15
9620,Woody,13.89,2026-01-19 08:09:15
9621,Spicy,19.44,2026-01-19 08:09:15
9621,Sweet,19.44,2026-01-19 08:09:15
9621,Oriental,13.89,2026-01-19 08:09:15
9621,Woody,8.33,2026-01-19 08:09:15
9621,Resinous,8.33,2026-01-19 08:09:15
9621,Gourmand,8.33,2026-01-19 08:09:15
9622,Spicy,22.22,2026-01-19 08:09:15
9622,Synthetic,22.22,2026-01-19 08:09:15
9622,Fresh,22.22,2026-01-19 08:09:15
9623,Fresh,21.21,2026-01-19 08:09:15
9623,Woody,17.42,2026-01-19 08:09:15
9623,Citrus,16.67,2026-01-19 08:09:15
9623,Aquatic,14.39,2026-01-19 08:09:15
9624,Sweet,16.22,2026-01-19 08:09:15
9624,Creamy,16.22,2026-01-19 08:09:15
9624,Floral,13.51,2026-01-19 08:09:15
9624,Spicy,10.81,2026-01-19 08:09:15
9624,Woody,10.81,2026-01-19 08:09:15
9624,Gourmand,10.81,2026-01-19 08:09:15
9625,Spicy,18.18,2026-01-19 08:09:15
9625,Woody,18.18,2026-01-19 08:09:15
9625,Oriental,13.64,2026-01-19 08:09:15
9625,Creamy,13.64,2026-01-19 08:09:15
9625,Sweet,11.36,2026-01-19 08:09:15
9626,Green,26.67,2026-01-19 08:09:15
9626,Fresh,23.33,2026-01-19 08:09:15
9626,Woody,20.0,2026-01-19 08:09:15
9627,Spicy,24.72,2026-01-19 08:09:15
9627,Woody,22.47,2026-01-19 08:09:15
9627,Sweet,16.85,2026-01-19 08:09:15
9627,Resinous,16.85,2026-01-19 08:09:15
9628,Fresh,28.57,2026-01-19 08:09:15
9628,Aquatic,25.0,2026-01-19 08:09:15
9628,Woody,17.86,2026-01-19 08:09:15
9629,Fruity,26.92,2026-01-19 08:09:15
9629,Sweet,25.0,2026-01-19 08:09:15
9629,Gourmand,23.08,2026-01-19 08:09:15
9631,Woody,17.82,2026-01-19 08:09:15
9631,Sweet,15.84,2026-01-19 08:09:15
9631,Gourmand,15.84,2026-01-19 08:09:15
9631,Spicy,10.89,2026-01-19 08:09:15
9631,Oriental,8.91,2026-01-19 08:09:15
9631,Leathery,8.91,2026-01-19 08:09:15
9632,Floral,22.73,2026-01-19 08:09:15
9632,Powdery,13.64,2026-01-19 08:09:15
9632,Green,13.64,2026-01-19 08:09:15
9632,Fresh,13.64,2026-01-19 08:09:15
9633,Fresh,30.0,2026-01-19 08:09:15
9633,Citrus,26.67,2026-01-19 08:09:15
9633,Woody,20.0,2026-01-19 08:09:15
9635,Floral,24.49,2026-01-19 08:09:15
9635,Powdery,18.37,2026-01-19 08:09:15
9635,Spicy,13.61,2026-01-19 08:09:15
9635,Fresh,12.24,2026-01-19 08:09:15
9635,Green,9.52,2026-01-19 08:09:15
9636,Spicy,31.25,2026-01-19 08:09:15
9636,Fresh,31.25,2026-01-19 08:09:15
9637,Floral,25.0,2026-01-19 08:09:15
9637,Fresh,20.0,2026-01-19 08:09:15
9637,Synthetic,15.0,2026-01-19 08:09:15
9637,Green,15.0,2026-01-19 08:09:15
9639,Floral,21.05,2026-01-19 08:09:15
9639,Green,14.74,2026-01-19 08:09:15
9639,Fresh,14.74,2026-01-19 08:09:15
9639,Citrus,11.58,2026-01-19 08:09:15
9639,Spicy,11.58,2026-01-19 08:09:15
9641,Aquatic,20.0,2026-01-19 08:09:15
9641,Spicy,13.33,2026-01-19 08:09:15
9641,Fresh,13.33,2026-01-19 08:09:15
9641,Creamy,13.33,2026-01-19 08:09:15
9641,Citrus,10.0,2026-01-19 08:09:15
9641,Synthetic,10.0,2026-01-19 08:09:15
9641,Woody,10.0,2026-01-19 08:09:15
9641,Floral,10.0,2026-01-19 08:09:15
9642,Fresh,23.4,2026-01-19 08:09:15
9642,Floral,20.21,2026-01-19 08:09:15
9642,Citrus,13.83,2026-01-19 08:09:15
9642,Green,13.83,2026-01-19 08:09:15
9643,Fresh,23.16,2026-01-19 08:09:15
9643,Floral,21.05,2026-01-19 08:09:15
9643,Green,16.84,2026-01-19 08:09:15
9643,Citrus,12.63,2026-01-19 08:09:15
9644,Green,20.0,2026-01-19 08:09:15
9644,Fresh,20.0,2026-01-19 08:09:15
9644,Creamy,20.0,2026-01-19 08:09:15
9644,Powdery,16.67,2026-01-19 08:09:15
9644,Floral,16.67,2026-01-19 08:09:15
9645,Fresh,26.67,2026-01-19 08:09:15
9645,Citrus,23.33,2026-01-19 08:09:15
9646,Citrus,23.76,2026-01-19 08:09:15
9646,Fresh,23.76,2026-01-19 08:09:15
9646,Green,22.77,2026-01-19 08:09:15
9647,Sweet,22.0,2026-01-19 08:09:15
9647,Spicy,20.0,2026-01-19 08:09:15
9647,Oriental,18.0,2026-01-19 08:09:15
9647,Floral,18.0,2026-01-19 08:09:15
9648,Spicy,14.71,2026-01-19 08:09:15
9648,Floral,14.71,2026-01-19 08:09:15
9648,Citrus,11.76,2026-01-19 08:09:15
9648,Powdery,11.76,2026-01-19 08:09:15
9648,Creamy,11.76,2026-01-19 08:09:15
9648,Woody,8.82,2026-01-19 08:09:15
9648,Fresh,8.82,2026-01-19 08:09:15
9649,Citrus,21.88,2026-01-19 08:09:15
9649,Fresh,21.88,2026-01-19 08:09:15
9649,Floral,21.88,2026-01-19 08:09:15
9650,Green,17.7,2026-01-19 08:09:15
9650,Fresh,17.7,2026-01-19 08:09:15
9650,Floral,16.81,2026-01-19 08:09:15
9650,Spicy,11.5,2026-01-19 08:09:15
9650,Fruity,9.73,2026-01-19 08:09:15
9651,Sweet,19.05,2026-01-19 08:09:15
9651,Oriental,17.46,2026-01-19 08:09:15
9651,Spicy,15.87,2026-01-19 08:09:15
9651,Floral,15.87,2026-01-19 08:09:15
9652,Citrus,20.0,2026-01-19 08:09:15
9652,Fruity,20.0,2026-01-19 08:09:15
9652,Fresh,20.0,2026-01-19 08:09:15
9653,Citrus,16.07,2026-01-19 08:09:15
9653,Fruity,16.07,2026-01-19 08:09:15
9653,Fresh,14.29,2026-01-19 08:09:15
9653,Aquatic,12.5,2026-01-19 08:09:15
9653,Spicy,10.71,2026-01-19 08:09:15
9653,Woody,7.14,2026-01-19 08:09:15
9653,Green,7.14,2026-01-19 08:09:15
9654,Floral,30.0,2026-01-19 08:09:15
9654,Creamy,20.0,2026-01-19 08:09:15
9654,Citrus,16.0,2026-01-19 08:09:15
9654,Fresh,16.0,2026-01-19 08:09:15
9655,Floral,31.15,2026-01-19 08:09:15
9655,Sweet,22.95,2026-01-19 08:09:15
9655,Citrus,14.75,2026-01-19 08:09:15
9655,Fresh,14.75,2026-01-19 08:09:15
9656,Citrus,25.0,2026-01-19 08:09:15
9656,Fresh,25.0,2026-01-19 08:09:15
9656,Spicy,18.75,2026-01-19 08:09:15
9656,Synthetic,18.75,2026-01-19 08:09:15
9657,Sweet,18.18,2026-01-19 08:09:15
9657,Oriental,15.91,2026-01-19 08:09:15
9657,Floral,15.91,2026-01-19 08:09:15
9657,Woody,9.09,2026-01-19 08:09:15
9657,Fruity,9.09,2026-01-19 08:09:15
9657,Powdery,6.82,2026-01-19 08:09:15
9657,Gourmand,6.82,2026-01-19 08:09:15
9658,Sweet,24.37,2026-01-19 08:09:15
9658,Floral,21.01,2026-01-19 08:09:15
9658,Fruity,19.33,2026-01-19 08:09:15
9658,Powdery,10.92,2026-01-19 08:09:15
9659,Floral,26.14,2026-01-19 08:09:15
9659,Fruity,21.59,2026-01-19 08:09:15
9659,Fresh,18.18,2026-01-19 08:09:15
9659,Green,12.5,2026-01-19 08:09:15
9662,Fruity,34.88,2026-01-19 08:09:15
9662,Sweet,25.58,2026-01-19 08:09:15
9662,Synthetic,16.28,2026-01-19 08:09:15
9664,Fresh,19.35,2026-01-19 08:09:15
9664,Citrus,16.13,2026-01-19 08:09:15
9664,Synthetic,12.9,2026-01-19 08:09:15
9664,Woody,12.9,2026-01-19 08:09:15
9664,Aquatic,12.9,2026-01-19 08:09:15
9666,Woody,32.26,2026-01-19 08:09:15
9666,Spicy,29.03,2026-01-19 08:09:15
9667,Citrus,20.78,2026-01-19 08:09:15
9667,Floral,19.48,2026-01-19 08:09:15
9667,Fresh,18.18,2026-01-19 08:09:15
9667,Green,12.99,2026-01-19 08:09:15
9667,Spicy,7.79,2026-01-19 08:09:15
9667,Powdery,7.79,2026-01-19 08:09:15
9668,Woody,37.5,2026-01-19 08:09:15
9670,Woody,26.92,2026-01-19 08:09:15
9670,Spicy,19.23,2026-01-19 08:09:15
9670,Synthetic,15.38,2026-01-19 08:09:15
9670,Powdery,15.38,2026-01-19 08:09:15
9671,Fresh,26.04,2026-01-19 08:09:15
9671,Fruity,19.79,2026-01-19 08:09:15
9671,Floral,19.79,2026-01-19 08:09:15
9671,Citrus,13.54,2026-01-19 08:09:15
9672,Fresh,28.57,2026-01-19 08:09:15
9672,Floral,28.57,2026-01-19 08:09:15
9674,Floral,25.93,2026-01-19 08:09:15
9674,Fruity,24.69,2026-01-19 08:09:15
9674,Sweet,19.75,2026-01-19 08:09:15
9675,Citrus,29.17,2026-01-19 08:09:15
9675,Green,28.12,2026-01-19 08:09:15
9676,Fresh,28.57,2026-01-19 08:09:15
9676,Floral,23.81,2026-01-19 08:09:15
9679,Floral,20.34,2026-01-19 08:09:15
9679,Spicy,15.25,2026-01-19 08:09:15
9679,Powdery,15.25,2026-01-19 08:09:15
9679,Woody,15.25,2026-01-19 08:09:15
9679,Sweet,11.86,2026-01-19 08:09:15
9679,Oriental,11.86,2026-01-19 08:09:15
9680,Floral,20.83,2026-01-19 08:09:15
9680,Sweet,16.67,2026-01-19 08:09:15
9680,Gourmand,12.5,2026-01-19 08:09:15
9680,Fruity,12.5,2026-01-19 08:09:15
9680,Creamy,12.5,2026-01-19 08:09:15
9682,Fresh,23.08,2026-01-19 08:09:15
9682,Aquatic,15.38,2026-01-19 08:09:15
9682,Citrus,13.85,2026-01-19 08:09:15
9682,Synthetic,13.85,2026-01-19 08:09:15
9683,Fruity,29.55,2026-01-19 08:09:15
9683,Sweet,23.86,2026-01-19 08:09:15
9683,Floral,18.18,2026-01-19 08:09:15
9684,Spicy,27.91,2026-01-19 08:09:15
9684,Citrus,23.26,2026-01-19 08:09:15
9684,Green,18.6,2026-01-19 08:09:15
9686,Fresh,18.75,2026-01-19 08:09:15
9686,Powdery,16.67,2026-01-19 08:09:15
9686,Synthetic,14.58,2026-01-19 08:09:15
9686,Sweet,14.58,2026-01-19 08:09:15
9686,Floral,10.42,2026-01-19 08:09:15
9687,Floral,27.78,2026-01-19 08:09:15
9687,Citrus,25.56,2026-01-19 08:09:15
9687,Fresh,25.56,2026-01-19 08:09:15
9688,Floral,29.63,2026-01-19 08:09:15
9688,Fruity,25.93,2026-01-19 08:09:15
9688,Sweet,22.22,2026-01-19 08:09:15
9690,Synthetic,20.83,2026-01-19 08:09:15
9690,Oriental,20.83,2026-01-19 08:09:15
9690,Woody,20.83,2026-01-19 08:09:15
9690,Floral,20.83,2026-01-19 08:09:15
9691,Creamy,26.51,2026-01-19 08:09:15
9691,Sweet,24.1,2026-01-19 08:09:15
9691,Floral,19.28,2026-01-19 08:09:15
9692,Oriental,22.5,2026-01-19 08:09:15
9692,Citrus,17.5,2026-01-19 08:09:15
9692,Woody,15.0,2026-01-19 08:09:15
9692,Fresh,12.5,2026-01-19 08:09:15
9692,Sweet,10.0,2026-01-19 08:09:15
9694,Floral,31.67,2026-01-19 08:09:15
9694,Sweet,30.0,2026-01-19 08:09:15
9695,Floral,22.32,2026-01-19 08:09:15
9695,Fresh,16.07,2026-01-19 08:09:15
9695,Green,13.39,2026-01-19 08:09:15
9695,Fruity,13.39,2026-01-19 08:09:15
9695,Spicy,12.5,2026-01-19 08:09:15
9696,Fruity,18.18,2026-01-19 08:09:15
9696,Floral,18.18,2026-01-19 08:09:15
9696,Sweet,11.36,2026-01-19 08:09:15
9696,Powdery,11.36,2026-01-19 08:09:15
9696,Oriental,11.36,2026-01-19 08:09:15
9696,Woody,11.36,2026-01-19 08:09:15
9698,Fresh,24.29,2026-01-19 08:09:15
9698,Citrus,22.86,2026-01-19 08:09:15
9698,Synthetic,14.29,2026-01-19 08:09:15
9698,Spicy,11.43,2026-01-19 08:09:15
9698,Aquatic,11.43,2026-01-19 08:09:15
9699,Resinous,21.69,2026-01-19 08:09:15
9699,Spicy,19.28,2026-01-19 08:09:15
9699,Sweet,16.87,2026-01-19 08:09:15
9699,Smoky,16.87,2026-01-19 08:09:15
9700,Sweet,26.67,2026-01-19 08:09:15
9700,Floral,26.67,2026-01-19 08:09:15
9700,Fruity,20.0,2026-01-19 08:09:15
9701,Woody,40.0,2026-01-19 08:09:15
9701,Floral,40.0,2026-01-19 08:09:15
9702,Spicy,22.22,2026-01-19 08:09:15
9702,Sweet,19.19,2026-01-19 08:09:15
9702,Green,10.1,2026-01-19 08:09:15
9702,Fresh,10.1,2026-01-19 08:09:15
9702,Gourmand,9.09,2026-01-19 08:09:15
9702,Creamy,9.09,2026-01-19 08:09:15
9703,Fresh,21.84,2026-01-19 08:09:15
9703,Citrus,18.39,2026-01-19 08:09:15
9703,Spicy,11.49,2026-01-19 08:09:15
9703,Gourmand,9.2,2026-01-19 08:09:15
9703,Green,8.05,2026-01-19 08:09:15
9704,Fruity,25.58,2026-01-19 08:09:15
9704,Floral,25.58,2026-01-19 08:09:15
9704,Fresh,20.93,2026-01-19 08:09:15
9706,Creamy,25.4,2026-01-19 08:09:15
9706,Woody,23.81,2026-01-19 08:09:15
9706,Spicy,22.22,2026-01-19 08:09:15
9707,Floral,34.0,2026-01-19 08:09:15
9707,Sweet,24.0,2026-01-19 08:09:15
9707,Spicy,16.0,2026-01-19 08:09:15
9708,Spicy,25.81,2026-01-19 08:09:15
9708,Fresh,16.13,2026-01-19 08:09:15
9708,Powdery,12.9,2026-01-19 08:09:15
9708,Woody,12.9,2026-01-19 08:09:15
9708,Citrus,9.68,2026-01-19 08:09:15
9708,Leathery,9.68,2026-01-19 08:09:15
9710,Floral,19.79,2026-01-19 08:09:15
9710,Fresh,15.62,2026-01-19 08:09:15
9710,Citrus,13.54,2026-01-19 08:09:15
9710,Green,12.5,2026-01-19 08:09:15
9710,Spicy,11.46,2026-01-19 08:09:15
9711,Fruity,18.57,2026-01-19 08:09:15
9711,Fresh,14.29,2026-01-19 08:09:15
9711,Citrus,12.86,2026-01-19 08:09:15
9711,Spicy,12.86,2026-01-19 08:09:15
9711,Sweet,11.43,2026-01-19 08:09:15
9711,Smoky,8.57,2026-01-19 08:09:15
9711,Powdery,8.57,2026-01-19 08:09:15
9712,Floral,20.45,2026-01-19 08:09:15
9712,Sweet,15.91,2026-01-19 08:09:15
9712,Powdery,15.91,2026-01-19 08:09:15
9712,Fruity,15.91,2026-01-19 08:09:15
9712,Oriental,11.36,2026-01-19 08:09:15
9714,Creamy,26.53,2026-01-19 08:09:15
9714,Spicy,20.41,2026-01-19 08:09:15
9714,Sweet,18.37,2026-01-19 08:09:15
9715,Floral,23.33,2026-01-19 08:09:15
9715,Woody,14.44,2026-01-19 08:09:15
9715,Fresh,14.44,2026-01-19 08:09:15
9715,Spicy,12.22,2026-01-19 08:09:15
9715,Green,11.11,2026-01-19 08:09:15
9718,Spicy,21.74,2026-01-19 08:09:15
9718,Woody,21.74,2026-01-19 08:09:15
9718,Leathery,15.22,2026-01-19 08:09:15
9718,Oriental,13.04,2026-01-19 08:09:15
9719,Floral,17.91,2026-01-19 08:09:15
9719,Green,15.67,2026-01-19 08:09:15
9719,Fresh,13.43,2026-01-19 08:09:15
9719,Powdery,10.45,2026-01-19 08:09:15
9719,Sweet,8.96,2026-01-19 08:09:15
9722,Floral,25.0,2026-01-19 08:09:15
9722,Citrus,22.62,2026-01-19 08:09:15
9722,Sweet,19.05,2026-01-19 08:09:15
9725,Fruity,26.67,2026-01-19 08:09:15
9725,Sweet,23.33,2026-01-19 08:09:15
9725,Floral,16.67,2026-01-19 08:09:15
9725,Synthetic,13.33,2026-01-19 08:09:15
9726,Spicy,25.33,2026-01-19 08:09:15
9726,Woody,25.33,2026-01-19 08:09:15
9726,Smoky,16.0,2026-01-19 08:09:15
9726,Fresh,10.67,2026-01-19 08:09:15
9727,Spicy,19.05,2026-01-19 08:09:15
9727,Chypre,19.05,2026-01-19 08:09:15
9727,Oriental,16.67,2026-01-19 08:09:15
9727,Floral,16.67,2026-01-19 08:09:15
9730,Spicy,21.21,2026-01-19 08:09:15
9730,Fruity,21.21,2026-01-19 08:09:15
9730,Woody,18.18,2026-01-19 08:09:15
9730,Sweet,15.15,2026-01-19 08:09:15
9732,Fruity,34.21,2026-01-19 08:09:15
9732,Citrus,28.95,2026-01-19 08:09:15
9733,Fruity,31.82,2026-01-19 08:09:15
9733,Sweet,27.27,2026-01-19 08:09:15
9733,Synthetic,13.64,2026-01-19 08:09:15
9733,Floral,13.64,2026-01-19 08:09:15
9734,Floral,22.45,2026-01-19 08:09:15
9734,Woody,16.33,2026-01-19 08:09:15
9734,Resinous,14.29,2026-01-19 08:09:15
9734,Smoky,12.24,2026-01-19 08:09:15
9734,Spicy,10.2,2026-01-19 08:09:15
9734,Sweet,10.2,2026-01-19 08:09:15
9736,Green,33.33,2026-01-19 08:09:15
9736,Fresh,27.78,2026-01-19 08:09:15
9737,Oriental,19.23,2026-01-19 08:09:15
9737,Floral,19.23,2026-01-19 08:09:15
9737,Fruity,11.54,2026-01-19 08:09:15
9737,Chypre,11.54,2026-01-19 08:09:15
9738,Fruity,22.03,2026-01-19 08:09:15
9738,Fresh,20.34,2026-01-19 08:09:15
9738,Sweet,15.25,2026-01-19 08:09:15
9738,Floral,11.86,2026-01-19 08:09:15
9739,Woody,22.22,2026-01-19 08:09:15
9739,Resinous,22.22,2026-01-19 08:09:15
9739,Sweet,16.67,2026-01-19 08:09:15
9739,Spicy,11.11,2026-01-19 08:09:15
9740,Fresh,30.0,2026-01-19 08:09:15
9740,Citrus,25.71,2026-01-19 08:09:15
9740,Green,24.29,2026-01-19 08:09:15
9741,Floral,37.5,2026-01-19 08:09:15
9741,Sweet,31.25,2026-01-19 08:09:15
9742,Floral,29.82,2026-01-19 08:09:15
9742,Sweet,21.05,2026-01-19 08:09:15
9742,Fresh,14.04,2026-01-19 08:09:15
9742,Creamy,14.04,2026-01-19 08:09:15
9743,Fresh,20.83,2026-01-19 08:09:15
9743,Aquatic,20.83,2026-01-19 08:09:15
9743,Citrus,16.67,2026-01-19 08:09:15
9743,Woody,16.67,2026-01-19 08:09:15
9743,Green,16.67,2026-01-19 08:09:15
9744,Floral,26.67,2026-01-19 08:09:15
9744,Fresh,22.22,2026-01-19 08:09:15
9744,Green,13.33,2026-01-19 08:09:15
9744,Spicy,8.89,2026-01-19 08:09:15
9744,Fruity,8.89,2026-01-19 08:09:15
9745,Citrus,17.65,2026-01-19 08:09:15
9745,Floral,17.65,2026-01-19 08:09:15
9745,Woody,11.76,2026-01-19 08:09:15
9745,Fruity,11.76,2026-01-19 08:09:15
9745,Fresh,11.76,2026-01-19 08:09:15
9746,Floral,25.64,2026-01-19 08:09:15
9746,Sweet,23.08,2026-01-19 08:09:15
9746,Creamy,15.38,2026-01-19 08:09:15
9746,Fruity,12.82,2026-01-19 08:09:15
9747,Fresh,22.86,2026-01-19 08:09:15
9747,Aquatic,17.14,2026-01-19 08:09:15
9747,Spicy,14.29,2026-01-19 08:09:15
9747,Citrus,11.43,2026-01-19 08:09:15
9747,Green,11.43,2026-01-19 08:09:15
9748,Floral,31.94,2026-01-19 08:09:15
9748,Fresh,23.61,2026-01-19 08:09:15
9748,Sweet,15.28,2026-01-19 08:09:15
9750,Floral,21.95,2026-01-19 08:09:15
9750,Fresh,17.07,2026-01-19 08:09:15
9750,Powdery,14.63,2026-01-19 08:09:15
9750,Aquatic,14.63,2026-01-19 08:09:15
9750,Spicy,9.76,2026-01-19 08:09:15
9751,Oriental,20.97,2026-01-19 08:09:15
9751,Spicy,17.74,2026-01-19 08:09:15
9751,Sweet,14.52,2026-01-19 08:09:15
9751,Earthy,14.52,2026-01-19 08:09:15
9751,Resinous,9.68,2026-01-19 08:09:15
9752,Woody,22.77,2026-01-19 08:09:15
9752,Spicy,19.8,2026-01-19 08:09:15
9752,Resinous,13.86,2026-01-19 08:09:15
9752,Green,11.88,2026-01-19 08:09:15
9752,Sweet,10.89,2026-01-19 08:09:15
9755,Sweet,24.44,2026-01-19 08:09:15
9755,Floral,24.44,2026-01-19 08:09:15
9755,Spicy,22.22,2026-01-19 08:09:15
9756,Floral,22.5,2026-01-19 08:09:15
9756,Spicy,18.75,2026-01-19 08:09:15
9756,Earthy,18.75,2026-01-19 08:09:15
9756,Fresh,16.25,2026-01-19 08:09:15
9757,Spicy,14.29,2026-01-19 08:09:15
9757,Synthetic,14.29,2026-01-19 08:09:15
9757,Sweet,14.29,2026-01-19 08:09:15
9757,Leathery,14.29,2026-01-19 08:09:15
9757,Woody,14.29,2026-01-19 08:09:15
9757,Floral,14.29,2026-01-19 08:09:15
9758,Citrus,16.67,2026-01-19 08:09:15
9758,Powdery,16.67,2026-01-19 08:09:15
9758,Woody,16.67,2026-01-19 08:09:15
9758,Fruity,16.67,2026-01-19 08:09:15
9758,Fresh,16.67,2026-01-19 08:09:15
9758,Floral,16.67,2026-01-19 08:09:15
9759,Sweet,25.93,2026-01-19 08:09:15
9759,Floral,24.07,2026-01-19 08:09:15
9759,Fruity,18.52,2026-01-19 08:09:15
9760,Green,24.0,2026-01-19 08:09:15
9760,Fresh,24.0,2026-01-19 08:09:15
9760,Spicy,21.33,2026-01-19 08:09:15
9762,Floral,26.09,2026-01-19 08:09:15
9762,Sweet,17.39,2026-01-19 08:09:15
9762,Synthetic,13.04,2026-01-19 08:09:15
9762,Fresh,13.04,2026-01-19 08:09:15
9762,Powdery,8.7,2026-01-19 08:09:15
9762,Creamy,8.7,2026-01-19 08:09:15
9763,Floral,26.32,2026-01-19 08:09:15
9763,Spicy,15.79,2026-01-19 08:09:15
9763,Creamy,13.16,2026-01-19 08:09:15
9763,Sweet,10.53,2026-01-19 08:09:15
9763,Woody,7.89,2026-01-19 08:09:15
9764,Aquatic,30.36,2026-01-19 08:09:15
9764,Fresh,28.57,2026-01-19 08:09:15
9765,Spicy,16.67,2026-01-19 08:09:15
9765,Floral,16.67,2026-01-19 08:09:15
9765,Powdery,8.33,2026-01-19 08:09:15
9765,Leathery,8.33,2026-01-19 08:09:15
9765,Woody,8.33,2026-01-19 08:09:15
9765,Green,8.33,2026-01-19 08:09:15
9765,Fresh,8.33,2026-01-19 08:09:15
9765,Earthy,8.33,2026-01-19 08:09:15
9765,Chypre,8.33,2026-01-19 08:09:15
9765,Animal,8.33,2026-01-19 08:09:15
9766,Green,23.19,2026-01-19 08:09:15
9766,Fruity,18.84,2026-01-19 08:09:15
9766,Spicy,14.49,2026-01-19 08:09:15
9766,Fresh,14.49,2026-01-19 08:09:15
9766,Woody,8.7,2026-01-19 08:09:15
9767,Fruity,26.53,2026-01-19 08:09:15
9767,Sweet,24.49,2026-01-19 08:09:15
9767,Floral,16.33,2026-01-19 08:09:15
9767,Synthetic,12.24,2026-01-19 08:09:15
9768,Citrus,27.59,2026-01-19 08:09:15
9768,Woody,27.59,2026-01-19 08:09:15
9768,Sweet,17.24,2026-01-19 08:09:15
9770,Spicy,16.67,2026-01-19 08:09:15
9770,Synthetic,16.67,2026-01-19 08:09:15
9770,Sweet,16.67,2026-01-19 08:09:15
9770,Green,16.67,2026-01-19 08:09:15
9770,Earthy,16.67,2026-01-19 08:09:15
9770,Floral,16.67,2026-01-19 08:09:15
9771,Floral,30.3,2026-01-19 08:09:15
9771,Green,18.18,2026-01-19 08:09:15
9771,Fresh,15.15,2026-01-19 08:09:15
9771,Spicy,13.64,2026-01-19 08:09:15
9772,Fresh,28.0,2026-01-19 08:09:15
9772,Citrus,26.0,2026-01-19 08:09:15
9772,Floral,22.0,2026-01-19 08:09:15
9774,Sweet,36.36,2026-01-19 08:09:15
9774,Gourmand,36.36,2026-01-19 08:09:15
9775,Green,36.73,2026-01-19 08:09:15
9775,Fresh,26.53,2026-01-19 08:09:15
9775,Floral,14.29,2026-01-19 08:09:15
9776,Leathery,17.07,2026-01-19 08:09:15
9776,Woody,17.07,2026-01-19 08:09:15
9776,Fresh,17.07,2026-01-19 08:09:15
9776,Spicy,12.2,2026-01-19 08:09:15
9776,Powdery,12.2,2026-01-19 08:09:15
9778,Sweet,29.41,2026-01-19 08:09:15
9778,Fruity,23.53,2026-01-19 08:09:15
9778,Synthetic,17.65,2026-01-19 08:09:15
9778,Gourmand,17.65,2026-01-19 08:09:15
9779,Floral,31.91,2026-01-19 08:09:15
9779,Sweet,23.4,2026-01-19 08:09:15
9779,Oriental,19.15,2026-01-19 08:09:15
9780,Floral,30.43,2026-01-19 08:09:15
9780,Spicy,19.57,2026-01-19 08:09:15
9780,Sweet,19.57,2026-01-19 08:09:15
9782,Sweet,28.57,2026-01-19 08:09:15
9782,Floral,28.57,2026-01-19 08:09:15
9783,Floral,25.0,2026-01-19 08:09:15
9783,Fresh,22.73,2026-01-19 08:09:15
9783,Citrus,18.18,2026-01-19 08:09:15
9783,Green,13.64,2026-01-19 08:09:15
9784,Floral,27.5,2026-01-19 08:09:15
9784,Sweet,25.0,2026-01-19 08:09:15
9784,Fruity,15.0,2026-01-19 08:09:15
9784,Powdery,12.5,2026-01-19 08:09:15
9784,Woody,12.5,2026-01-19 08:09:15
9787,Spicy,31.11,2026-01-19 08:09:15
9787,Floral,28.89,2026-01-19 08:09:15
9787,Oriental,20.0,2026-01-19 08:09:15
9788,Spicy,16.95,2026-01-19 08:09:15
9788,Sweet,16.95,2026-01-19 08:09:15
9788,Gourmand,13.56,2026-01-19 08:09:15
9788,Fruity,13.56,2026-01-19 08:09:15
9788,Oriental,8.47,2026-01-19 08:09:15
9790,Sweet,25.0,2026-01-19 08:09:15
9790,Fruity,25.0,2026-01-19 08:09:15
9790,Fresh,25.0,2026-01-19 08:09:15
9790,Aquatic,25.0,2026-01-19 08:09:15
9793,Citrus,14.29,2026-01-19 08:09:15
9793,Woody,14.29,2026-01-19 08:09:15
9793,Green,14.29,2026-01-19 08:09:15
9793,Fruity,14.29,2026-01-19 08:09:15
9793,Fresh,14.29,2026-01-19 08:09:15
9793,Floral,14.29,2026-01-19 08:09:15
9793,Aquatic,14.29,2026-01-19 08:09:15
9794,Spicy,25.0,2026-01-19 08:09:15
9794,Sweet,25.0,2026-01-19 08:09:15
9794,Fresh,25.0,2026-01-19 08:09:15
9794,Aquatic,25.0,2026-01-19 08:09:15
9795,Spicy,29.41,2026-01-19 08:09:15
9795,Fresh,23.53,2026-01-19 08:09:15
9795,Woody,21.57,2026-01-19 08:09:15
9796,Fresh,29.03,2026-01-19 08:09:15
9796,Creamy,22.58,2026-01-19 08:09:15
9796,Floral,19.35,2026-01-19 08:09:15
9798,Sweet,20.0,2026-01-19 08:09:15
9798,Fresh,20.0,2026-01-19 08:09:15
9798,Creamy,20.0,2026-01-19 08:09:15
9798,Floral,20.0,2026-01-19 08:09:15
9798,Aquatic,20.0,2026-01-19 08:09:15
9799,Spicy,27.27,2026-01-19 08:09:15
9799,Woody,25.0,2026-01-19 08:09:15
9799,Creamy,15.91,2026-01-19 08:09:15
9799,Sweet,11.36,2026-01-19 08:09:15
9799,Fruity,11.36,2026-01-19 08:09:15
9800,Spicy,20.51,2026-01-19 08:09:15
9800,Smoky,17.95,2026-01-19 08:09:15
9800,Oriental,15.38,2026-01-19 08:09:15
9800,Resinous,15.38,2026-01-19 08:09:15
9801,Synthetic,23.53,2026-01-19 08:09:15
9801,Fresh,23.53,2026-01-19 08:09:15
9801,Aquatic,23.53,2026-01-19 08:09:15
9802,Synthetic,25.0,2026-01-19 08:09:15
9802,Green,25.0,2026-01-19 08:09:15
9802,Fresh,25.0,2026-01-19 08:09:15
9802,Floral,25.0,2026-01-19 08:09:15
9803,Floral,34.78,2026-01-19 08:09:15
9803,Fresh,28.26,2026-01-19 08:09:15
9804,Floral,34.78,2026-01-19 08:09:15
9804,Fresh,26.09,2026-01-19 08:09:15
9804,Synthetic,13.04,2026-01-19 08:09:15
9806,Spicy,25.0,2026-01-19 08:09:15
9806,Sweet,25.0,2026-01-19 08:09:15
9806,Fruity,25.0,2026-01-19 08:09:15
9807,Green,34.92,2026-01-19 08:09:15
9807,Fresh,31.75,2026-01-19 08:09:15
9808,Woody,26.32,2026-01-19 08:09:15
9808,Spicy,21.05,2026-01-19 08:09:15
9808,Floral,21.05,2026-01-19 08:09:15
9808,Oriental,10.53,2026-01-19 08:09:15
9811,Floral,28.33,2026-01-19 08:09:15
9811,Green,18.33,2026-01-19 08:09:15
9811,Fresh,18.33,2026-01-19 08:09:15
9811,Powdery,11.67,2026-01-19 08:09:15
9812,Woody,36.36,2026-01-19 08:09:15
9812,Spicy,30.3,2026-01-19 08:09:15
9815,Floral,29.17,2026-01-19 08:09:15
9815,Powdery,20.83,2026-01-19 08:09:15
9815,Fruity,16.67,2026-01-19 08:09:15
9815,Sweet,12.5,2026-01-19 08:09:15
9815,Fresh,12.5,2026-01-19 08:09:15
9816,Green,23.4,2026-01-19 08:09:15
9816,Spicy,19.15,2026-01-19 08:09:15
9816,Woody,19.15,2026-01-19 08:09:15
9816,Fresh,17.02,2026-01-19 08:09:15
9818,Floral,34.78,2026-01-19 08:09:15
9818,Creamy,21.74,2026-01-19 08:09:15
9818,Sweet,17.39,2026-01-19 08:09:15
9820,Floral,36.36,2026-01-19 08:09:15
9820,Fresh,22.73,2026-01-19 08:09:15
9820,Green,20.45,2026-01-19 08:09:15
9821,Citrus,25.0,2026-01-19 08:09:15
9821,Green,25.0,2026-01-19 08:09:15
9821,Fruity,25.0,2026-01-19 08:09:15
9821,Fresh,25.0,2026-01-19 08:09:15
9822,Fresh,27.78,2026-01-19 08:09:15
9822,Aquatic,27.78,2026-01-19 08:09:15
9822,Earthy,22.22,2026-01-19 08:09:15
9823,Synthetic,25.93,2026-01-19 08:09:15
9823,Floral,25.93,2026-01-19 08:09:15
9823,Sweet,22.22,2026-01-19 08:09:15
9824,Fruity,29.09,2026-01-19 08:09:15
9824,Fresh,21.82,2026-01-19 08:09:15
9824,Sweet,20.0,2026-01-19 08:09:15
9825,Spicy,20.0,2026-01-19 08:09:15
9825,Resinous,20.0,2026-01-19 08:09:15
9825,Green,20.0,2026-01-19 08:09:15
9825,Fruity,20.0,2026-01-19 08:09:15
9825,Floral,20.0,2026-01-19 08:09:15
9826,Earthy,35.71,2026-01-19 08:09:15
9826,Green,28.57,2026-01-19 08:09:15
9826,Smoky,14.29,2026-01-19 08:09:15
9826,Leathery,14.29,2026-01-19 08:09:15
9827,Chypre,20.0,2026-01-19 08:09:15
9827,Green,17.33,2026-01-19 08:09:15
9827,Floral,17.33,2026-01-19 08:09:15
9827,Spicy,13.33,2026-01-19 08:09:15
9827,Woody,10.67,2026-01-19 08:09:15
9828,Fruity,31.82,2026-01-19 08:09:15
9828,Fresh,25.76,2026-01-19 08:09:15
9828,Citrus,19.7,2026-01-19 08:09:15
9829,Citrus,18.18,2026-01-19 08:09:15
9829,Synthetic,18.18,2026-01-19 08:09:15
9829,Fruity,18.18,2026-01-19 08:09:15
9829,Fresh,18.18,2026-01-19 08:09:15
9829,Floral,18.18,2026-01-19 08:09:15
9830,Citrus,25.0,2026-01-19 08:09:15
9830,Fruity,25.0,2026-01-19 08:09:15
9830,Fresh,25.0,2026-01-19 08:09:15
9831,Fruity,19.51,2026-01-19 08:09:15
9831,Sweet,14.63,2026-01-19 08:09:15
9831,Spicy,12.2,2026-01-19 08:09:15
9831,Woody,12.2,2026-01-19 08:09:15
9831,Oriental,9.76,2026-01-19 08:09:15
9832,Fresh,19.35,2026-01-19 08:09:15
9832,Citrus,17.74,2026-01-19 08:09:15
9832,Spicy,17.74,2026-01-19 08:09:15
9832,Green,17.74,2026-01-19 08:09:15
9835,Floral,26.83,2026-01-19 08:09:15
9835,Green,24.39,2026-01-19 08:09:15
9835,Fresh,21.95,2026-01-19 08:09:15
9836,Fresh,25.0,2026-01-19 08:09:15
9836,Aquatic,17.31,2026-01-19 08:09:15
9836,Fruity,15.38,2026-01-19 08:09:15
9836,Floral,15.38,2026-01-19 08:09:15
9839,Floral,32.08,2026-01-19 08:09:15
9839,Fresh,26.42,2026-01-19 08:09:15
9839,Green,15.09,2026-01-19 08:09:15
9840,Floral,31.25,2026-01-19 08:09:15
9840,Powdery,21.88,2026-01-19 08:09:15
9840,Spicy,15.62,2026-01-19 08:09:15
9842,Spicy,22.22,2026-01-19 08:09:15
9842,Smoky,22.22,2026-01-19 08:09:15
9842,Green,22.22,2026-01-19 08:09:15
9843,Green,26.67,2026-01-19 08:09:15
9843,Fresh,26.67,2026-01-19 08:09:15
9843,Floral,18.33,2026-01-19 08:09:15
9844,Woody,20.0,2026-01-19 08:09:15
9844,Spicy,15.0,2026-01-19 08:09:15
9844,Smoky,15.0,2026-01-19 08:09:15
9844,Green,15.0,2026-01-19 08:09:15
9844,Earthy,15.0,2026-01-19 08:09:15
9846,Spicy,20.0,2026-01-19 08:09:15
9846,Sweet,20.0,2026-01-19 08:09:15
9846,Gourmand,20.0,2026-01-19 08:09:15
9846,Creamy,20.0,2026-01-19 08:09:15
9847,Fresh,28.26,2026-01-19 08:09:15
9847,Synthetic,26.09,2026-01-19 08:09:15
9847,Spicy,17.39,2026-01-19 08:09:15
9848,Woody,18.03,2026-01-19 08:09:15
9848,Spicy,16.39,2026-01-19 08:09:15
9848,Green,16.39,2026-01-19 08:09:15
9848,Fresh,16.39,2026-01-19 08:09:15
9850,Citrus,23.08,2026-01-19 08:09:15
9850,Spicy,15.38,2026-01-19 08:09:15
9850,Fruity,15.38,2026-01-19 08:09:15
9850,Fresh,15.38,2026-01-19 08:09:15
9850,Floral,15.38,2026-01-19 08:09:15
9851,Green,30.0,2026-01-19 08:09:15
9851,Fresh,28.0,2026-01-19 08:09:15
9851,Fougère,18.0,2026-01-19 08:09:15
9852,Floral,35.71,2026-01-19 08:09:15
9852,Spicy,21.43,2026-01-19 08:09:15
9852,Woody,14.29,2026-01-19 08:09:15
9852,Fresh,14.29,2026-01-19 08:09:15
9854,Spicy,33.33,2026-01-19 08:09:15
9854,Sweet,33.33,2026-01-19 08:09:15
9854,Fruity,33.33,2026-01-19 08:09:15
9855,Fruity,30.95,2026-01-19 08:09:15
9855,Citrus,23.81,2026-01-19 08:09:15
9855,Fresh,23.81,2026-01-19 08:09:15
9856,Fresh,27.27,2026-01-19 08:09:15
9856,Floral,27.27,2026-01-19 08:09:15
9856,Citrus,18.18,2026-01-19 08:09:15
9858,Spicy,37.5,2026-01-19 08:09:15
9858,Oriental,25.0,2026-01-19 08:09:15
9858,Floral,25.0,2026-01-19 08:09:15
9859,Sweet,33.33,2026-01-19 08:09:15
9859,Gourmand,33.33,2026-01-19 08:09:15
9860,Floral,22.73,2026-01-19 08:09:15
9860,Sweet,20.45,2026-01-19 08:09:15
9860,Spicy,13.64,2026-01-19 08:09:15
9860,Oriental,11.36,2026-01-19 08:09:15
9860,Woody,11.36,2026-01-19 08:09:15
9863,Green,28.57,2026-01-19 08:09:15
9863,Floral,23.81,2026-01-19 08:09:15
9863,Fresh,21.43,2026-01-19 08:09:15
9866,Powdery,28.57,2026-01-19 08:09:15
9866,Fresh,28.57,2026-01-19 08:09:15
9867,Fresh,29.41,2026-01-19 08:09:15
9867,Creamy,23.53,2026-01-19 08:09:15
9867,Aquatic,23.53,2026-01-19 08:09:15
9868,Floral,30.43,2026-01-19 08:09:15
9868,Sweet,21.74,2026-01-19 08:09:15
9868,Fruity,17.39,2026-01-19 08:09:15
9870,Citrus,20.0,2026-01-19 08:09:15
9870,Spicy,20.0,2026-01-19 08:09:15
9870,Synthetic,20.0,2026-01-19 08:09:15
9870,Green,20.0,2026-01-19 08:09:15
9870,Fruity,20.0,2026-01-19 08:09:15
9871,Floral,26.53,2026-01-19 08:09:15
9871,Powdery,22.45,2026-01-19 08:09:15
9871,Sweet,20.41,2026-01-19 08:09:15
9872,Gourmand,29.79,2026-01-19 08:09:15
9872,Fruity,27.66,2026-01-19 08:09:15
9874,Green,29.17,2026-01-19 08:09:15
9874,Fresh,25.0,2026-01-19 08:09:15
9874,Aquatic,20.83,2026-01-19 08:09:15
9875,Floral,40.0,2026-01-19 08:09:15
9875,Fruity,34.29,2026-01-19 08:09:15
9876,Floral,22.58,2026-01-19 08:09:15
9876,Fresh,19.35,2026-01-19 08:09:15
9876,Synthetic,16.13,2026-01-19 08:09:15
9876,Sweet,9.68,2026-01-19 08:09:15
9876,Powdery,9.68,2026-01-19 08:09:15
9876,Fruity,9.68,2026-01-19 08:09:15
9878,Spicy,20.0,2026-01-19 08:09:15
9878,Synthetic,20.0,2026-01-19 08:09:15
9878,Sweet,20.0,2026-01-19 08:09:15
9878,Fruity,20.0,2026-01-19 08:09:15
9878,Floral,20.0,2026-01-19 08:09:15
9880,Sweet,25.0,2026-01-19 08:09:15
9880,Spicy,20.0,2026-01-19 08:09:15
9880,Floral,20.0,2026-01-19 08:09:15
9880,Powdery,15.0,2026-01-19 08:09:15
9882,Creamy,27.27,2026-01-19 08:09:15
9882,Green,18.18,2026-01-19 08:09:15
9882,Fresh,18.18,2026-01-19 08:09:15
9882,Floral,18.18,2026-01-19 08:09:15
9882,Aquatic,18.18,2026-01-19 08:09:15
9883,Fresh,25.53,2026-01-19 08:09:15
9883,Green,23.4,2026-01-19 08:09:15
9883,Spicy,12.77,2026-01-19 08:09:15
9883,Woody,10.64,2026-01-19 08:09:15
9884,Woody,20.51,2026-01-19 08:09:15
9884,Floral,20.51,2026-01-19 08:09:15
9884,Spicy,12.82,2026-01-19 08:09:15
9884,Smoky,7.69,2026-01-19 08:09:15
9884,Oriental,7.69,2026-01-19 08:09:15
9885,Spicy,33.33,2026-01-19 08:09:15
9885,Sweet,33.33,2026-01-19 08:09:15
9885,Floral,33.33,2026-01-19 08:09:15
9887,Floral,29.55,2026-01-19 08:09:15
9887,Spicy,20.45,2026-01-19 08:09:15
9887,Woody,18.18,2026-01-19 08:09:15
9888,Spicy,29.73,2026-01-19 08:09:15
9888,Sweet,18.92,2026-01-19 08:09:15
9888,Smoky,16.22,2026-01-19 08:09:15
9888,Oriental,16.22,2026-01-19 08:09:15
9890,Sweet,42.86,2026-01-19 08:09:15
9890,Creamy,28.57,2026-01-19 08:09:15
9891,Woody,17.95,2026-01-19 08:09:15
9891,Powdery,15.38,2026-01-19 08:09:15
9891,Spicy,12.82,2026-01-19 08:09:15
9891,Oriental,10.26,2026-01-19 08:09:15
9891,Creamy,10.26,2026-01-19 08:09:15
9892,Green,32.0,2026-01-19 08:09:15
9892,Fresh,32.0,2026-01-19 08:09:15
9892,Spicy,16.0,2026-01-19 08:09:15
9893,Fruity,33.33,2026-01-19 08:09:15
9893,Chypre,33.33,2026-01-19 08:09:15
9893,Floral,33.33,2026-01-19 08:09:15
9895,Floral,38.24,2026-01-19 08:09:15
9895,Fresh,23.53,2026-01-19 08:09:15
9895,Fruity,14.71,2026-01-19 08:09:15
9897,Smoky,14.71,2026-01-19 08:09:15
9897,Spicy,11.76,2026-01-19 08:09:15
9897,Sweet,11.76,2026-01-19 08:09:15
9897,Woody,11.76,2026-01-19 08:09:15
9897,Floral,11.76,2026-01-19 08:09:15
9897,Powdery,8.82,2026-01-19 08:09:15
9897,Resinous,8.82,2026-01-19 08:09:15
9897,Fruity,8.82,2026-01-19 08:09:15
9898,Gourmand,23.08,2026-01-19 08:09:15
9898,Fruity,23.08,2026-01-19 08:09:15
9898,Fresh,23.08,2026-01-19 08:09:15
9899,Woody,20.37,2026-01-19 08:09:15
9899,Fresh,20.37,2026-01-19 08:09:15
9899,Citrus,16.67,2026-01-19 08:09:15
9899,Floral,14.81,2026-01-19 08:09:15
9900,Aquatic,24.49,2026-01-19 08:09:15
9900,Floral,22.45,2026-01-19 08:09:15
9900,Fresh,20.41,2026-01-19 08:09:15
9900,Powdery,12.24,2026-01-19 08:09:15
9902,Sweet,28.57,2026-01-19 08:09:15
9902,Floral,28.57,2026-01-19 08:09:15
9903,Floral,29.73,2026-01-19 08:09:15
9903,Powdery,24.32,2026-01-19 08:09:15
9903,Green,18.92,2026-01-19 08:09:15
9904,Sweet,33.33,2026-01-19 08:09:15
9904,Floral,33.33,2026-01-19 08:09:15
9906,Sweet,25.0,2026-01-19 08:09:15
9906,Powdery,25.0,2026-01-19 08:09:15
9906,Floral,25.0,2026-01-19 08:09:15
9908,Fresh,30.0,2026-01-19 08:09:15
9908,Citrus,28.0,2026-01-19 08:09:15
9908,Green,16.0,2026-01-19 08:09:15
9909,Sweet,23.08,2026-01-19 08:09:15
9909,Woody,17.95,2026-01-19 08:09:15
9909,Fruity,17.95,2026-01-19 08:09:15
9909,Gourmand,15.38,2026-01-19 08:09:15
9910,Sweet,25.0,2026-01-19 08:09:15
9910,Floral,25.0,2026-01-19 08:09:15
9912,Green,22.58,2026-01-19 08:09:15
9912,Powdery,19.35,2026-01-19 08:09:15
9912,Floral,19.35,2026-01-19 08:09:15
9912,Leathery,12.9,2026-01-19 08:09:15
9912,Fresh,12.9,2026-01-19 08:09:15
9913,Spicy,18.75,2026-01-19 08:09:15
9913,Oriental,18.75,2026-01-19 08:09:15
9913,Woody,18.75,2026-01-19 08:09:15
9913,Resinous,18.75,2026-01-19 08:09:15
9914,Citrus,20.0,2026-01-19 08:09:15
9914,Spicy,20.0,2026-01-19 08:09:15
9914,Sweet,20.0,2026-01-19 08:09:15
9914,Gourmand,20.0,2026-01-19 08:09:15
9914,Creamy,20.0,2026-01-19 08:09:15
9916,Floral,39.13,2026-01-19 08:09:15
9916,Spicy,30.43,2026-01-19 08:09:15
9917,Sweet,33.33,2026-01-19 08:09:15
9917,Synthetic,16.67,2026-01-19 08:09:15
9917,Gourmand,16.67,2026-01-19 08:09:15
9917,Fruity,16.67,2026-01-19 08:09:15
9918,Spicy,22.22,2026-01-19 08:09:15
9918,Woody,22.22,2026-01-19 08:09:15
9918,Green,22.22,2026-01-19 08:09:15
9918,Floral,22.22,2026-01-19 08:09:15
9919,Fresh,30.0,2026-01-19 08:09:15
9919,Green,26.67,2026-01-19 08:09:15
9919,Floral,20.0,2026-01-19 08:09:15
9921,Resinous,27.27,2026-01-19 08:09:15
9921,Woody,22.73,2026-01-19 08:09:15
9921,Spicy,13.64,2026-01-19 08:09:15
9921,Oriental,13.64,2026-01-19 08:09:15
9921,Leathery,13.64,2026-01-19 08:09:15
9922,Sweet,22.22,2026-01-19 08:09:15
9922,Powdery,22.22,2026-01-19 08:09:15
9922,Fruity,22.22,2026-01-19 08:09:15
9922,Creamy,22.22,2026-01-19 08:09:15
9923,Woody,20.0,2026-01-19 08:09:15
9923,Fresh,20.0,2026-01-19 08:09:15
9923,Floral,20.0,2026-01-19 08:09:15
9923,Aquatic,20.0,2026-01-19 08:09:15
9924,Fruity,26.09,2026-01-19 08:09:15
9924,Fresh,21.74,2026-01-19 08:09:15
9924,Floral,21.74,2026-01-19 08:09:15
9927,Green,29.03,2026-01-19 08:09:15
9927,Floral,29.03,2026-01-19 08:09:15
9929,Woody,35.48,2026-01-19 08:09:15
9929,Fresh,22.58,2026-01-19 08:09:15
9929,Spicy,16.13,2026-01-19 08:09:15
9930,Gourmand,50.0,2026-01-19 08:09:15
9930,Sweet,25.0,2026-01-19 08:09:15
9930,Creamy,25.0,2026-01-19 08:09:15
9931,Fresh,23.91,2026-01-19 08:09:15
9931,Citrus,17.39,2026-01-19 08:09:15
9931,Spicy,13.04,2026-01-19 08:09:15
9931,Green,13.04,2026-01-19 08:09:15
9933,Woody,21.05,2026-01-19 08:09:15
9933,Citrus,15.79,2026-01-19 08:09:15
9933,Fresh,15.79,2026-01-19 08:09:15
9933,Oriental,10.53,2026-01-19 08:09:15
9933,Resinous,10.53,2026-01-19 08:09:15
9934,Spicy,25.0,2026-01-19 08:09:15
9934,Woody,25.0,2026-01-19 08:09:15
9934,Resinous,25.0,2026-01-19 08:09:15
9934,Green,25.0,2026-01-19 08:09:15
9935,Citrus,26.67,2026-01-19 08:09:15
9935,Floral,26.67,2026-01-19 08:09:15
9935,Fruity,20.0,2026-01-19 08:09:15
9935,Fresh,20.0,2026-01-19 08:09:15
9942,Sweet,25.0,2026-01-19 08:09:15
9942,Powdery,25.0,2026-01-19 08:09:15
9942,Creamy,25.0,2026-01-19 08:09:15
9942,Floral,25.0,2026-01-19 08:09:15
9943,Floral,33.33,2026-01-19 08:09:15
9943,Fresh,25.93,2026-01-19 08:09:15
9943,Fruity,18.52,2026-01-19 08:09:15
9945,Floral,18.97,2026-01-19 08:09:15
9945,Powdery,15.52,2026-01-19 08:09:15
9945,Spicy,13.79,2026-01-19 08:09:15
9945,Woody,12.07,2026-01-19 08:09:15
9945,Sweet,10.34,2026-01-19 08:09:15
9945,Fruity,10.34,2026-01-19 08:09:15
9946,Sweet,27.27,2026-01-19 08:09:15
9946,Gourmand,27.27,2026-01-19 08:09:15
9946,Citrus,18.18,2026-01-19 08:09:15
9946,Synthetic,18.18,2026-01-19 08:09:15
9947,Floral,30.3,2026-01-19 08:09:15
9947,Fresh,21.21,2026-01-19 08:09:15
9947,Powdery,18.18,2026-01-19 08:09:15
9949,Powdery,19.51,2026-01-19 08:09:15
9949,Floral,19.51,2026-01-19 08:09:15
9949,Sweet,12.2,2026-01-19 08:09:15
9949,Creamy,12.2,2026-01-19 08:09:15
9949,Woody,9.76,2026-01-19 08:09:15
9951,Creamy,27.27,2026-01-19 08:09:15
9951,Powdery,18.18,2026-01-19 08:09:15
9951,Green,18.18,2026-01-19 08:09:15
9951,Spicy,13.64,2026-01-19 08:09:15
9951,Sweet,13.64,2026-01-19 08:09:15
9953,Citrus,20.0,2026-01-19 08:09:15
9953,Woody,20.0,2026-01-19 08:09:15
9953,Green,20.0,2026-01-19 08:09:15
9953,Fresh,20.0,2026-01-19 08:09:15
9954,Green,33.33,2026-01-19 08:09:15
9954,Floral,33.33,2026-01-19 08:09:15
9955,Floral,22.73,2026-01-19 08:09:15
9955,Powdery,18.18,2026-01-19 08:09:15
9955,Fresh,18.18,2026-01-19 08:09:15
9955,Woody,13.64,2026-01-19 08:09:15
9955,Aquatic,13.64,2026-01-19 08:09:15
9956,Sweet,25.0,2026-01-19 08:09:15
9956,Resinous,25.0,2026-01-19 08:09:15
9956,Creamy,25.0,2026-01-19 08:09:15
9956,Floral,25.0,2026-01-19 08:09:15
9957,Floral,23.08,2026-01-19 08:09:15
9957,Fresh,19.23,2026-01-19 08:09:15
9957,Citrus,15.38,2026-01-19 08:09:15
9957,Fruity,15.38,2026-01-19 08:09:15
9958,Spicy,50.0,2026-01-19 08:09:15
9958,Gourmand,50.0,2026-01-19 08:09:15
9959,Citrus,26.92,2026-01-19 08:09:15
9959,Fruity,23.08,2026-01-19 08:09:15
9959,Fresh,19.23,2026-01-19 08:09:15
9960,Spicy,20.0,2026-01-19 08:09:15
9960,Sweet,20.0,2026-01-19 08:09:15
9960,Oriental,20.0,2026-01-19 08:09:15
9960,Woody,20.0,2026-01-19 08:09:15
9960,Floral,20.0,2026-01-19 08:09:15
9961,Oriental,22.22,2026-01-19 08:09:15
9961,Floral,22.22,2026-01-19 08:09:15
9961,Sweet,18.52,2026-01-19 08:09:15
9961,Powdery,18.52,2026-01-19 08:09:15
9962,Spicy,20.0,2026-01-19 08:09:15
9962,Green,20.0,2026-01-19 08:09:15
9962,Fruity,20.0,2026-01-19 08:09:15
9962,Fresh,20.0,2026-01-19 08:09:15
9962,Creamy,20.0,2026-01-19 08:09:15
9963,Citrus,35.29,2026-01-19 08:09:15
9963,Fresh,35.29,2026-01-19 08:09:15
9965,Fresh,29.17,2026-01-19 08:09:15
9965,Aquatic,29.17,2026-01-19 08:09:15
9965,Green,20.83,2026-01-19 08:09:15
9967,Green,25.0,2026-01-19 08:09:15
9967,Floral,25.0,2026-01-19 08:09:15
9967,Fresh,18.75,2026-01-19 08:09:15
9967,Aquatic,18.75,2026-01-19 08:09:15
9969,Floral,22.73,2026-01-19 08:09:15
9969,Fruity,18.18,2026-01-19 08:09:15
9969,Fresh,18.18,2026-01-19 08:09:15
9969,Sweet,13.64,2026-01-19 08:09:15
9969,Woody,13.64,2026-01-19 08:09:15
9971,Floral,30.43,2026-01-19 08:09:15
9971,Green,26.09,2026-01-19 08:09:15
9972,Floral,32.14,2026-01-19 08:09:15
9972,Green,17.86,2026-01-19 08:09:15
9972,Fresh,17.86,2026-01-19 08:09:15
9975,Floral,25.0,2026-01-19 08:09:15
9975,Sweet,15.0,2026-01-19 08:09:15
9975,Green,15.0,2026-01-19 08:09:15
9975,Fresh,15.0,2026-01-19 08:09:15
9975,Citrus,10.0,2026-01-19 08:09:15
9975,Fruity,10.0,2026-01-19 08:09:15
9976,Floral,18.75,2026-01-19 08:09:15
9976,Sweet,15.62,2026-01-19 08:09:15
9976,Woody,12.5,2026-01-19 08:09:15
9976,Fruity,12.5,2026-01-19 08:09:15
9976,Green,9.38,2026-01-19 08:09:15
9979,Woody,23.08,2026-01-19 08:09:15
9979,Green,23.08,2026-01-19 08:09:15
9979,Fresh,23.08,2026-01-19 08:09:15
9980,Fresh,21.74,2026-01-19 08:09:15
9980,Fruity,17.39,2026-01-19 08:09:15
9980,Citrus,13.04,2026-01-19 08:09:15
9980,Green,13.04,2026-01-19 08:09:15
9980,Floral,13.04,2026-01-19 08:09:15
9982,Sweet,27.27,2026-01-19 08:09:15
9982,Fruity,27.27,2026-01-19 08:09:15
9982,Synthetic,18.18,2026-01-19 08:09:15
9982,Fresh,18.18,2026-01-19 08:09:15
9983,Powdery,24.0,2026-01-19 08:09:15
9983,Floral,24.0,2026-01-19 08:09:15
9983,Spicy,16.0,2026-01-19 08:09:15
9983,Fresh,16.0,2026-01-19 08:09:15
9985,Sweet,25.0,2026-01-19 08:09:15
9985,Powdery,16.67,2026-01-19 08:09:15
9985,Fruity,16.67,2026-01-19 08:09:15
9985,Floral,16.67,2026-01-19 08:09:15
9987,Oriental,18.75,2026-01-19 08:09:15
9987,Spicy,15.62,2026-01-19 08:09:15
9987,Floral,15.62,2026-01-19 08:09:15
9987,Sweet,12.5,2026-01-19 08:09:15
9987,Resinous,12.5,2026-01-19 08:09:15
9990,Fresh,25.0,2026-01-19 08:09:15
9990,Aquatic,25.0,2026-01-19 08:09:15
9990,Citrus,12.5,2026-01-19 08:09:15
9990,Fruity,12.5,2026-01-19 08:09:15
9993,Green,27.64,2026-01-19 08:09:15
9993,Fresh,23.87,2026-01-19 08:09:15
9993,Fruity,18.36,2026-01-19 08:09:15
9995,Floral,21.05,2026-01-19 08:09:15
9995,Woody,15.79,2026-01-19 08:09:15
9995,Green,15.79,2026-01-19 08:09:15
9995,Creamy,15.79,2026-01-19 08:09:15
9995,Chypre,10.53,2026-01-19 08:09:15
9998,Creamy,22.46,2026-01-19 08:09:15
9998,Woody,19.01,2026-01-19 08:09:15
9998,Powdery,16.43,2026-01-19 08:09:15
9998,Fresh,14.95,2026-01-19 08:09:15
10002,Green,28.6,2026-01-19 08:09:15
10002,Fresh,21.87,2026-01-19 08:09:15
10002,Fruity,18.6,2026-01-19 08:09:15
10004,Aquatic,30.0,2026-01-19 08:09:15
10004,Spicy,20.0,2026-01-19 08:09:15
10004,Woody,20.0,2026-01-19 08:09:15
10004,Fresh,20.0,2026-01-19 08:09:15
10005,Spicy,20.5,2026-01-19 08:09:15
10005,Sweet,20.11,2026-01-19 08:09:15
10005,Gourmand,11.41,2026-01-19 08:09:15
10005,Woody,10.4,2026-01-19 08:09:15
10005,Powdery,9.78,2026-01-19 08:09:15
10005,Fresh,6.37,2026-01-19 08:09:15
10005,Smoky,5.98,2026-01-19 08:09:15
10006,Floral,20.83,2026-01-19 08:09:15
10006,Sweet,16.67,2026-01-19 08:09:15
10006,Woody,16.67,2026-01-19 08:09:15
10006,Powdery,12.5,2026-01-19 08:09:15
10013,Floral,21.47,2026-01-19 08:09:15
10013,Fresh,18.06,2026-01-19 08:09:15
10013,Woody,15.88,2026-01-19 08:09:15
10013,Powdery,13.87,2026-01-19 08:09:15
10014,Fruity,23.53,2026-01-19 08:09:15
10014,Fresh,23.53,2026-01-19 08:09:15
10014,Sweet,17.65,2026-01-19 08:09:15
10017,Spicy,22.33,2026-01-19 08:09:15
10017,Sweet,20.51,2026-01-19 08:09:15
10017,Woody,12.76,2026-01-19 08:09:15
10017,Smoky,11.94,2026-01-19 08:09:15
10017,Gourmand,8.93,2026-01-19 08:09:15
10018,Fresh,35.71,2026-01-19 08:09:15
10018,Floral,35.71,2026-01-19 08:09:15
10021,Floral,20.83,2026-01-19 08:09:15
10021,Fresh,16.67,2026-01-19 08:09:15
10021,Sweet,12.5,2026-01-19 08:09:15
10021,Powdery,12.5,2026-01-19 08:09:15
10021,Gourmand,8.33,2026-01-19 08:09:15
10022,Woody,34.81,2026-01-19 08:09:15
10022,Spicy,21.68,2026-01-19 08:09:15
10022,Green,14.55,2026-01-19 08:09:15
10025,Spicy,25.0,2026-01-19 08:09:15
10025,Sweet,25.0,2026-01-19 08:09:15
10025,Smoky,25.0,2026-01-19 08:09:15
10025,Floral,25.0,2026-01-19 08:09:15
10026,Woody,30.16,2026-01-19 08:09:15
10026,Spicy,22.97,2026-01-19 08:09:15
10026,Green,15.47,2026-01-19 08:09:15
10026,Creamy,9.53,2026-01-19 08:09:15
10029,Floral,33.33,2026-01-19 08:09:15
10029,Fresh,17.27,2026-01-19 08:09:15
10029,Sweet,12.61,2026-01-19 08:09:15
10029,Green,12.61,2026-01-19 08:09:15
10030,Floral,25.0,2026-01-19 08:09:15
10030,Spicy,20.0,2026-01-19 08:09:15
10030,Sweet,15.0,2026-01-19 08:09:15
10030,Oriental,15.0,2026-01-19 08:09:15
10033,Earthy,26.6,2026-01-19 08:09:15
10033,Spicy,24.36,2026-01-19 08:09:15
10033,Woody,20.67,2026-01-19 08:09:15
10034,Woody,16.28,2026-01-19 08:09:15
10034,Green,16.28,2026-01-19 08:09:15
10034,Floral,16.28,2026-01-19 08:09:15
10034,Spicy,13.95,2026-01-19 08:09:15
10034,Fresh,13.95,2026-01-19 08:09:15
10035,Sweet,16.67,2026-01-19 08:09:15
10035,Green,16.67,2026-01-19 08:09:15
10035,Fruity,16.67,2026-01-19 08:09:15
10035,Fresh,16.67,2026-01-19 08:09:15
10035,Creamy,16.67,2026-01-19 08:09:15
10035,Floral,16.67,2026-01-19 08:09:15
10037,Green,29.24,2026-01-19 08:09:15
10037,Floral,26.28,2026-01-19 08:09:15
10037,Fresh,20.37,2026-01-19 08:09:15
10038,Synthetic,13.79,2026-01-19 08:09:15
10038,Powdery,13.79,2026-01-19 08:09:15
10038,Oriental,13.79,2026-01-19 08:09:15
10038,Woody,13.79,2026-01-19 08:09:15
10038,Resinous,13.79,2026-01-19 08:09:15
10038,Floral,10.34,2026-01-19 08:09:15
10041,Sweet,23.08,2026-01-19 08:09:15
10041,Woody,23.08,2026-01-19 08:09:15
10041,Oriental,15.38,2026-01-19 08:09:15
10042,Spicy,21.67,2026-01-19 08:09:15
10042,Woody,20.32,2026-01-19 08:09:15
10042,Floral,16.02,2026-01-19 08:09:15
10042,Sweet,10.77,2026-01-19 08:09:15
10042,Fruity,9.56,2026-01-19 08:09:15
10045,Fresh,22.63,2026-01-19 08:09:15
10045,Floral,21.67,2026-01-19 08:09:15
10045,Citrus,18.62,2026-01-19 08:09:15
10045,Green,11.56,2026-01-19 08:09:15
10049,Floral,27.76,2026-01-19 08:09:15
10049,Spicy,17.65,2026-01-19 08:09:15
10049,Fresh,13.41,2026-01-19 08:09:15
10049,Woody,10.59,2026-01-19 08:09:15
10049,Earthy,10.35,2026-01-19 08:09:15
10050,Citrus,18.92,2026-01-19 08:09:15
10050,Green,18.92,2026-01-19 08:09:15
10050,Fruity,18.92,2026-01-19 08:09:15
10050,Fresh,16.22,2026-01-19 08:09:15
10053,Floral,34.54,2026-01-19 08:09:15
10053,Fresh,28.5,2026-01-19 08:09:15
10053,Green,15.22,2026-01-19 08:09:15
10054,Sweet,18.18,2026-01-19 08:09:15
10054,Powdery,18.18,2026-01-19 08:09:15
10054,Oriental,18.18,2026-01-19 08:09:15
10054,Floral,18.18,2026-01-19 08:09:15
10057,Floral,33.33,2026-01-19 08:09:15
10057,Sweet,18.31,2026-01-19 08:09:15
10057,Green,17.21,2026-01-19 08:09:15
10058,Fresh,27.27,2026-01-19 08:09:15
10058,Floral,27.27,2026-01-19 08:09:15
10058,Creamy,18.18,2026-01-19 08:09:15
10061,Fresh,27.53,2026-01-19 08:09:15
10061,Fougère,21.65,2026-01-19 08:09:15
10061,Green,20.71,2026-01-19 08:09:15
10065,Spicy,22.61,2026-01-19 08:09:15
10065,Sweet,20.49,2026-01-19 08:09:15
10065,Powdery,14.49,2026-01-19 08:09:15
10065,Resinous,12.37,2026-01-19 08:09:15
10065,Woody,9.89,2026-01-19 08:09:15
10066,Sweet,25.0,2026-01-19 08:09:15
10066,Fruity,25.0,2026-01-19 08:09:15
10066,Fresh,25.0,2026-01-19 08:09:15
10066,Floral,25.0,2026-01-19 08:09:15
10067,Spicy,21.15,2026-01-19 08:09:15
10067,Chypre,18.67,2026-01-19 08:09:15
10067,Woody,15.29,2026-01-19 08:09:15
10067,Floral,13.21,2026-01-19 08:09:15
10067,Green,10.53,2026-01-19 08:09:15
10069,Fresh,21.73,2026-01-19 08:09:15
10069,Floral,18.52,2026-01-19 08:09:15
10069,Fruity,17.28,2026-01-19 08:09:15
10069,Sweet,15.06,2026-01-19 08:09:15
10070,Floral,37.5,2026-01-19 08:09:15
10070,Fruity,25.0,2026-01-19 08:09:15
10072,Fresh,22.82,2026-01-19 08:09:15
10072,Citrus,21.66,2026-01-19 08:09:15
10072,Fruity,19.54,2026-01-19 08:09:15
10072,Aquatic,9.86,2026-01-19 08:09:15
10073,Woody,18.4,2026-01-19 08:09:15
10073,Oriental,16.46,2026-01-19 08:09:15
10073,Spicy,13.32,2026-01-19 08:09:15
10073,Floral,12.83,2026-01-19 08:09:15
10073,Animal,10.17,2026-01-19 08:09:15
10076,Fresh,25.53,2026-01-19 08:09:15
10076,Floral,21.86,2026-01-19 08:09:15
10076,Citrus,17.99,2026-01-19 08:09:15
10076,Fruity,14.51,2026-01-19 08:09:15
10077,Green,20.5,2026-01-19 08:09:15
10077,Fresh,17.34,2026-01-19 08:09:15
10077,Woody,16.67,2026-01-19 08:09:15
10077,Citrus,14.19,2026-01-19 08:09:15
10077,Spicy,13.51,2026-01-19 08:09:15
10078,Synthetic,27.27,2026-01-19 08:09:15
10078,Citrus,18.18,2026-01-19 08:09:15
10078,Woody,18.18,2026-01-19 08:09:15
10080,Floral,27.21,2026-01-19 08:09:15
10080,Powdery,18.71,2026-01-19 08:09:15
10080,Spicy,17.01,2026-01-19 08:09:15
10080,Woody,11.9,2026-01-19 08:09:15
10080,Fresh,11.56,2026-01-19 08:09:15
10081,Floral,33.86,2026-01-19 08:09:15
10081,Fresh,21.94,2026-01-19 08:09:15
10081,Green,21.32,2026-01-19 08:09:15
10082,Floral,33.33,2026-01-19 08:09:15
10082,Spicy,16.67,2026-01-19 08:09:15
10082,Sweet,16.67,2026-01-19 08:09:15
10082,Gourmand,16.67,2026-01-19 08:09:15
10082,Fruity,16.67,2026-01-19 08:09:15
10084,Green,19.92,2026-01-19 08:09:15
10084,Spicy,18.67,2026-01-19 08:09:15
10084,Chypre,14.11,2026-01-19 08:09:15
10084,Woody,13.69,2026-01-19 08:09:15
10084,Fresh,12.86,2026-01-19 08:09:15
10085,Green,27.95,2026-01-19 08:09:15
10085,Floral,25.75,2026-01-19 08:09:15
10085,Fresh,18.08,2026-01-19 08:09:15
10086,Sweet,25.0,2026-01-19 08:09:15
10086,Oriental,25.0,2026-01-19 08:09:15
10086,Woody,25.0,2026-01-19 08:09:15
10088,Citrus,23.63,2026-01-19 08:09:15
10088,Fresh,19.23,2026-01-19 08:09:15
10088,Fruity,16.48,2026-01-19 08:09:15
10088,Spicy,12.36,2026-01-19 08:09:15
10089,Floral,21.88,2026-01-19 08:09:15
10089,Oriental,17.86,2026-01-19 08:09:15
10089,Sweet,12.05,2026-01-19 08:09:15
10089,Spicy,10.27,2026-01-19 08:09:15
10089,Powdery,10.27,2026-01-19 08:09:15
10090,Spicy,20.0,2026-01-19 08:09:15
10090,Woody,20.0,2026-01-19 08:09:15
10090,Green,20.0,2026-01-19 08:09:15
10090,Fresh,20.0,2026-01-19 08:09:15
10090,Floral,20.0,2026-01-19 08:09:15
10093,Sweet,18.42,2026-01-19 08:09:15
10093,Fruity,15.79,2026-01-19 08:09:15
10093,Floral,14.04,2026-01-19 08:09:15
10093,Gourmand,12.28,2026-01-19 08:09:15
10093,Fresh,12.28,2026-01-19 08:09:15
10094,Fruity,20.0,2026-01-19 08:09:15
10094,Fresh,20.0,2026-01-19 08:09:15
10094,Spicy,13.33,2026-01-19 08:09:15
10094,Sweet,13.33,2026-01-19 08:09:15
10096,Citrus,26.85,2026-01-19 08:09:15
10096,Fresh,25.31,2026-01-19 08:09:15
10096,Green,22.22,2026-01-19 08:09:15
10097,Green,19.58,2026-01-19 08:09:15
10097,Fresh,19.58,2026-01-19 08:09:15
10097,Fruity,16.4,2026-01-19 08:09:15
10097,Floral,16.4,2026-01-19 08:09:15
10098,Oriental,21.05,2026-01-19 08:09:15
10098,Floral,21.05,2026-01-19 08:09:15
10098,Spicy,10.53,2026-01-19 08:09:15
10098,Sweet,10.53,2026-01-19 08:09:15
10100,Floral,37.55,2026-01-19 08:09:15
10100,Fresh,20.68,2026-01-19 08:09:15
10100,Green,18.57,2026-01-19 08:09:15
10101,Sweet,22.22,2026-01-19 08:09:15
10101,Floral,22.22,2026-01-19 08:09:15
10101,Citrus,11.11,2026-01-19 08:09:15
10101,Spicy,11.11,2026-01-19 08:09:15
10101,Powdery,11.11,2026-01-19 08:09:15
10101,Fruity,11.11,2026-01-19 08:09:15
10101,Fresh,11.11,2026-01-19 08:09:15
10102,Floral,20.9,2026-01-19 08:09:15
10102,Spicy,17.16,2026-01-19 08:09:15
10102,Resinous,15.67,2026-01-19 08:09:15
10102,Woody,11.19,2026-01-19 08:09:15
10102,Oriental,8.21,2026-01-19 08:09:15
10102,Sweet,5.97,2026-01-19 08:09:15
10106,Floral,22.62,2026-01-19 08:09:15
10106,Fresh,20.24,2026-01-19 08:09:15
10106,Fruity,15.48,2026-01-19 08:09:15
10106,Green,9.52,2026-01-19 08:09:15
10106,Aquatic,9.52,2026-01-19 08:09:15
10108,Resinous,23.6,2026-01-19 08:09:15
10108,Spicy,20.19,2026-01-19 08:09:15
10108,Sweet,17.08,2026-01-19 08:09:15
10108,Woody,15.22,2026-01-19 08:09:15
10109,Citrus,16.67,2026-01-19 08:09:15
10109,Sweet,16.67,2026-01-19 08:09:15
10109,Fruity,16.67,2026-01-19 08:09:15
10109,Floral,16.67,2026-01-19 08:09:15
10110,Chypre,22.52,2026-01-19 08:09:15
10110,Spicy,18.02,2026-01-19 08:09:15
10110,Floral,15.32,2026-01-19 08:09:15
10110,Woody,12.61,2026-01-19 08:09:15
10110,Green,12.61,2026-01-19 08:09:15
10112,Floral,28.1,2026-01-19 08:09:15
10112,Fresh,21.24,2026-01-19 08:09:15
10112,Sweet,13.4,2026-01-19 08:09:15
10112,Green,13.4,2026-01-19 08:09:15
10112,Spicy,13.07,2026-01-19 08:09:15
10114,Spicy,22.73,2026-01-19 08:09:15
10114,Fruity,21.21,2026-01-19 08:09:15
10114,Sweet,16.67,2026-01-19 08:09:15
10114,Floral,15.15,2026-01-19 08:09:15
10116,Green,18.31,2026-01-19 08:09:15
10116,Fresh,17.75,2026-01-19 08:09:15
10116,Woody,13.8,2026-01-19 08:09:15
10116,Citrus,12.96,2026-01-19 08:09:15
10116,Spicy,11.83,2026-01-19 08:09:15
10117,Citrus,18.18,2026-01-19 08:09:15
10117,Green,18.18,2026-01-19 08:09:15
10117,Fresh,18.18,2026-01-19 08:09:15
10117,Chypre,18.18,2026-01-19 08:09:15
10117,Floral,18.18,2026-01-19 08:09:15
10118,Sweet,31.82,2026-01-19 08:09:15
10118,Gourmand,22.73,2026-01-19 08:09:15
10118,Creamy,22.73,2026-01-19 08:09:15
10120,Green,21.46,2026-01-19 08:09:15
10120,Woody,18.01,2026-01-19 08:09:15
10120,Earthy,14.18,2026-01-19 08:09:15
10120,Spicy,13.41,2026-01-19 08:09:15
10120,Fresh,12.64,2026-01-19 08:09:15
10125,Green,27.66,2026-01-19 08:09:15
10125,Fresh,22.7,2026-01-19 08:09:15
10125,Aquatic,14.18,2026-01-19 08:09:15
10125,Floral,13.83,2026-01-19 08:09:15
10126,Green,20.59,2026-01-19 08:09:15
10126,Fruity,14.71,2026-01-19 08:09:15
10126,Fresh,14.71,2026-01-19 08:09:15
10126,Floral,14.71,2026-01-19 08:09:15
10126,Citrus,11.76,2026-01-19 08:09:15
10129,Floral,31.86,2026-01-19 08:09:15
10129,Fresh,17.7,2026-01-19 08:09:15
10129,Green,14.6,2026-01-19 08:09:15
10129,Woody,13.72,2026-01-19 08:09:15
10130,Fresh,22.86,2026-01-19 08:09:15
10130,Spicy,20.0,2026-01-19 08:09:15
10130,Synthetic,11.43,2026-01-19 08:09:15
10130,Woody,8.57,2026-01-19 08:09:15
10130,Green,8.57,2026-01-19 08:09:15
10132,Green,12.5,2026-01-19 08:09:15
10132,Fruity,12.5,2026-01-19 08:09:15
10132,Chypre,12.5,2026-01-19 08:09:15
10132,Floral,12.5,2026-01-19 08:09:15
10132,Animal,12.5,2026-01-19 08:09:15
10133,Spicy,20.07,2026-01-19 08:09:15
10133,Sweet,15.31,2026-01-19 08:09:15
10133,Powdery,13.61,2026-01-19 08:09:15
10133,Woody,11.9,2026-01-19 08:09:15
10133,Resinous,11.56,2026-01-19 08:09:15
10134,Fresh,21.28,2026-01-19 08:09:15
10134,Floral,14.89,2026-01-19 08:09:15
10134,Fruity,12.77,2026-01-19 08:09:15
10134,Citrus,10.64,2026-01-19 08:09:15
10134,Aquatic,10.64,2026-01-19 08:09:15
10137,Green,21.68,2026-01-19 08:09:15
10137,Earthy,16.43,2026-01-19 08:09:15
10137,Floral,16.08,2026-01-19 08:09:15
10137,Fresh,12.59,2026-01-19 08:09:15
10137,Spicy,11.89,2026-01-19 08:09:15
10138,Chypre,18.42,2026-01-19 08:09:15
10138,Floral,15.79,2026-01-19 08:09:15
10138,Spicy,13.16,2026-01-19 08:09:15
10138,Woody,10.53,2026-01-19 08:09:15
10138,Earthy,10.53,2026-01-19 08:09:15
10140,Citrus,16.67,2026-01-19 08:09:15
10140,Sweet,16.67,2026-01-19 08:09:15
10140,Woody,16.67,2026-01-19 08:09:15
10140,Fruity,16.67,2026-01-19 08:09:15
10140,Fresh,16.67,2026-01-19 08:09:15
10140,Floral,16.67,2026-01-19 08:09:15
10141,Spicy,28.57,2026-01-19 08:09:15
10141,Oriental,18.61,2026-01-19 08:09:15
10141,Sweet,12.99,2026-01-19 08:09:15
10141,Powdery,12.55,2026-01-19 08:09:15
10142,Spicy,20.0,2026-01-19 08:09:15
10142,Woody,20.0,2026-01-19 08:09:15
10142,Sweet,13.33,2026-01-19 08:09:15
10142,Resinous,13.33,2026-01-19 08:09:15
10145,Leathery,30.0,2026-01-19 08:09:15
10145,Fruity,20.0,2026-01-19 08:09:15
10145,Spicy,15.33,2026-01-19 08:09:15
10145,Oriental,13.33,2026-01-19 08:09:15
10145,Woody,12.67,2026-01-19 08:09:15
10146,Floral,31.25,2026-01-19 08:09:15
10146,Sweet,25.0,2026-01-19 08:09:15
10146,Fruity,18.75,2026-01-19 08:09:15
10153,Citrus,25.0,2026-01-19 08:09:15
10153,Spicy,25.0,2026-01-19 08:09:15
10153,Synthetic,25.0,2026-01-19 08:09:15
10153,Green,25.0,2026-01-19 08:09:15
10154,Fresh,50.0,2026-01-19 08:09:15
10154,Floral,50.0,2026-01-19 08:09:15
10156,Fresh,33.33,2026-01-19 08:09:15
10156,Fruity,22.22,2026-01-19 08:09:15
10156,Synthetic,11.11,2026-01-19 08:09:15
10156,Sweet,11.11,2026-01-19 08:09:15
10156,Woody,11.11,2026-01-19 08:09:15
10156,Floral,11.11,2026-01-19 08:09:15
10158,Powdery,20.0,2026-01-19 08:09:15
10158,Green,20.0,2026-01-19 08:09:15
10158,Fruity,20.0,2026-01-19 08:09:15
10158,Fresh,20.0,2026-01-19 08:09:15
10158,Aquatic,20.0,2026-01-19 08:09:15
10161,Sweet,25.0,2026-01-19 08:09:15
10161,Woody,25.0,2026-01-19 08:09:15
10161,Gourmand,25.0,2026-01-19 08:09:15
10161,Floral,25.0,2026-01-19 08:09:15
10164,Spicy,18.75,2026-01-19 08:09:15
10164,Woody,18.75,2026-01-19 08:09:15
10164,Fresh,18.75,2026-01-19 08:09:15
10164,Chypre,18.75,2026-01-19 08:09:15
10168,Green,23.08,2026-01-19 08:09:15
10168,Floral,23.08,2026-01-19 08:09:15
10168,Sweet,15.38,2026-01-19 08:09:15
10168,Fruity,15.38,2026-01-19 08:09:15
10169,Fruity,33.33,2026-01-19 08:09:15
10169,Earthy,33.33,2026-01-19 08:09:15
10170,Citrus,33.33,2026-01-19 08:09:15
10170,Fruity,33.33,2026-01-19 08:09:15
10174,Smoky,20.0,2026-01-19 08:09:15
10174,Powdery,20.0,2026-01-19 08:09:15
10174,Woody,20.0,2026-01-19 08:09:15
10174,Chypre,20.0,2026-01-19 08:09:15
10174,Floral,20.0,2026-01-19 08:09:15
10176,Fruity,40.0,2026-01-19 08:09:15
10176,Floral,40.0,2026-01-19 08:09:15
10177,Spicy,33.33,2026-01-19 08:09:15
10177,Sweet,33.33,2026-01-19 08:09:15
10177,Gourmand,33.33,2026-01-19 08:09:15
10180,Spicy,16.67,2026-01-19 08:09:15
10180,Green,16.67,2026-01-19 08:09:15
10180,Fougère,16.67,2026-01-19 08:09:15
10180,Aquatic,16.67,2026-01-19 08:09:15
10181,Synthetic,100.0,2026-01-19 08:09:15
10185,Sweet,33.33,2026-01-19 08:09:15
10185,Fruity,33.33,2026-01-19 08:09:15
10186,Citrus,50.0,2026-01-19 08:09:15
10186,Fresh,50.0,2026-01-19 08:09:15
10192,Citrus,21.43,2026-01-19 08:09:15
10192,Fresh,21.43,2026-01-19 08:09:15
10192,Green,14.29,2026-01-19 08:09:15
10192,Fruity,14.29,2026-01-19 08:09:15
10192,Floral,14.29,2026-01-19 08:09:15
10193,Fresh,40.0,2026-01-19 08:09:15
10193,Synthetic,20.0,2026-01-19 08:09:15
10193,Green,20.0,2026-01-19 08:09:15
10193,Floral,20.0,2026-01-19 08:09:15
10196,Citrus,16.67,2026-01-19 08:09:15
10196,Fresh,16.67,2026-01-19 08:09:15
10196,Aquatic,16.67,2026-01-19 08:09:15
10196,Spicy,12.5,2026-01-19 08:09:15
10196,Woody,12.5,2026-01-19 08:09:15
10197,Sweet,33.33,2026-01-19 08:09:15
10197,Synthetic,16.67,2026-01-19 08:09:15
10197,Resinous,16.67,2026-01-19 08:09:15
10197,Green,16.67,2026-01-19 08:09:15
10197,Fresh,16.67,2026-01-19 08:09:15
10204,Floral,23.08,2026-01-19 08:09:15
10204,Sweet,15.38,2026-01-19 08:09:15
10204,Powdery,15.38,2026-01-19 08:09:15
10204,Oriental,15.38,2026-01-19 08:09:15
10204,Gourmand,15.38,2026-01-19 08:09:15
10204,Animal,15.38,2026-01-19 08:09:15
10208,Floral,28.57,2026-01-19 08:09:15
10209,Citrus,20.0,2026-01-19 08:09:15
10209,Sweet,20.0,2026-01-19 08:09:15
10209,Gourmand,20.0,2026-01-19 08:09:15
10209,Fruity,20.0,2026-01-19 08:09:15
10209,Fresh,20.0,2026-01-19 08:09:15
10216,Sweet,33.33,2026-01-19 08:09:15
10216,Fruity,33.33,2026-01-19 08:09:15
10216,Fresh,33.33,2026-01-19 08:09:15
10217,Spicy,25.0,2026-01-19 08:09:15
10217,Woody,25.0,2026-01-19 08:09:15
10217,Green,25.0,2026-01-19 08:09:15
10217,Fresh,25.0,2026-01-19 08:09:15
10220,Woody,15.79,2026-01-19 08:09:15
10220,Green,15.79,2026-01-19 08:09:15
10220,Chypre,15.79,2026-01-19 08:09:15
10220,Fresh,10.53,2026-01-19 08:09:15
10220,Creamy,10.53,2026-01-19 08:09:15
10220,Floral,10.53,2026-01-19 08:09:15
10228,Woody,14.29,2026-01-19 08:09:15
10228,Green,14.29,2026-01-19 08:09:15
10228,Fresh,14.29,2026-01-19 08:09:15
10228,Floral,14.29,2026-01-19 08:09:15
10229,Citrus,20.0,2026-01-19 08:09:15
10229,Spicy,20.0,2026-01-19 08:09:15
10229,Sweet,20.0,2026-01-19 08:09:15
10229,Smoky,10.0,2026-01-19 08:09:15
10229,Resinous,10.0,2026-01-19 08:09:15
10229,Fruity,10.0,2026-01-19 08:09:15
10229,Floral,10.0,2026-01-19 08:09:15
10232,Spicy,22.22,2026-01-19 08:09:15
10232,Fresh,22.22,2026-01-19 08:09:15
10232,Citrus,11.11,2026-01-19 08:09:15
10232,Woody,11.11,2026-01-19 08:09:15
10232,Green,11.11,2026-01-19 08:09:15
10232,Chypre,11.11,2026-01-19 08:09:15
10232,Floral,11.11,2026-01-19 08:09:15
10234,Citrus,28.88,2026-01-19 08:09:15
10234,Fresh,24.06,2026-01-19 08:09:15
10234,Floral,14.44,2026-01-19 08:09:15
10234,Green,12.3,2026-01-19 08:09:15
10238,Fresh,19.07,2026-01-19 08:09:15
10238,Floral,18.56,2026-01-19 08:09:15
10238,Aquatic,15.98,2026-01-19 08:09:15
10238,Green,14.95,2026-01-19 08:09:15
10238,Spicy,11.34,2026-01-19 08:09:15
10242,Spicy,29.22,2026-01-19 08:09:15
10242,Woody,16.88,2026-01-19 08:09:15
10242,Floral,14.94,2026-01-19 08:09:15
10242,Oriental,11.69,2026-01-19 08:09:15
10244,Citrus,16.67,2026-01-19 08:09:15
10244,Sweet,16.67,2026-01-19 08:09:15
10244,Green,16.67,2026-01-19 08:09:15
10244,Fruity,16.67,2026-01-19 08:09:15
10244,Fresh,16.67,2026-01-19 08:09:15
10246,Woody,26.7,2026-01-19 08:09:15
10246,Spicy,17.05,2026-01-19 08:09:15
10246,Sweet,17.05,2026-01-19 08:09:15
10246,Resinous,9.66,2026-01-19 08:09:15
10246,Creamy,9.66,2026-01-19 08:09:15
10254,Spicy,18.8,2026-01-19 08:09:15
10254,Resinous,16.54,2026-01-19 08:09:15
10254,Green,14.29,2026-01-19 08:09:15
10254,Woody,12.03,2026-01-19 08:09:15
10254,Fresh,9.77,2026-01-19 08:09:15
10254,Creamy,6.77,2026-01-19 08:09:15
10258,Spicy,25.75,2026-01-19 08:09:15
10258,Fresh,20.96,2026-01-19 08:09:15
10258,Citrus,16.77,2026-01-19 08:09:15
10258,Green,10.18,2026-01-19 08:09:15
10258,Floral,9.58,2026-01-19 08:09:15
10259,Citrus,14.29,2026-01-19 08:09:15
10259,Spicy,14.29,2026-01-19 08:09:15
10259,Woody,14.29,2026-01-19 08:09:15
10259,Fruity,14.29,2026-01-19 08:09:15
10259,Fresh,14.29,2026-01-19 08:09:15
10262,Spicy,20.99,2026-01-19 08:09:15
10262,Woody,19.14,2026-01-19 08:09:15
10262,Resinous,19.14,2026-01-19 08:09:15
10262,Smoky,16.05,2026-01-19 08:09:15
10266,Spicy,27.88,2026-01-19 08:09:15
10266,Fresh,22.12,2026-01-19 08:09:15
10266,Synthetic,17.31,2026-01-19 08:09:15
10268,Sweet,20.0,2026-01-19 08:09:15
10268,Powdery,20.0,2026-01-19 08:09:15
10268,Fruity,20.0,2026-01-19 08:09:15
10268,Fresh,20.0,2026-01-19 08:09:15
10268,Floral,20.0,2026-01-19 08:09:15
10270,Powdery,27.06,2026-01-19 08:09:15
10270,Floral,27.06,2026-01-19 08:09:15
10270,Fresh,25.88,2026-01-19 08:09:15
10272,Sweet,33.33,2026-01-19 08:09:15
10272,Fruity,33.33,2026-01-19 08:09:15
10272,Floral,33.33,2026-01-19 08:09:15
10274,Smoky,17.58,2026-01-19 08:09:15
10274,Sweet,16.36,2026-01-19 08:09:15
10274,Spicy,15.76,2026-01-19 08:09:15
10274,Fruity,15.15,2026-01-19 08:09:15
10274,Leathery,11.52,2026-01-19 08:09:15
10276,Citrus,25.0,2026-01-19 08:09:15
10276,Spicy,25.0,2026-01-19 08:09:15
10276,Woody,25.0,2026-01-19 08:09:15
10276,Fresh,25.0,2026-01-19 08:09:15
10279,Powdery,25.0,2026-01-19 08:09:15
10279,Spicy,21.88,2026-01-19 08:09:15
10279,Smoky,16.67,2026-01-19 08:09:15
10279,Floral,13.54,2026-01-19 08:09:15
10284,Floral,21.67,2026-01-19 08:09:15
10284,Fresh,20.0,2026-01-19 08:09:15
10284,Green,16.67,2026-01-19 08:09:15
10284,Fruity,15.0,2026-01-19 08:09:15
10288,Floral,25.36,2026-01-19 08:09:15
10288,Green,22.46,2026-01-19 08:09:15
10288,Fresh,22.46,2026-01-19 08:09:15
10290,Woody,16.67,2026-01-19 08:09:15
10290,Fougère,16.67,2026-01-19 08:09:15
10290,Earthy,16.67,2026-01-19 08:09:15
10290,Chypre,16.67,2026-01-19 08:09:15
10290,Floral,16.67,2026-01-19 08:09:15
10290,Animal,16.67,2026-01-19 08:09:15
10292,Spicy,30.0,2026-01-19 08:09:15
10292,Woody,22.5,2026-01-19 08:09:15
10292,Resinous,15.0,2026-01-19 08:09:15
10292,Citrus,12.5,2026-01-19 08:09:15
10295,Sweet,28.48,2026-01-19 08:09:15
10295,Floral,21.59,2026-01-19 08:09:15
10295,Fruity,16.56,2026-01-19 08:09:15
10296,Fresh,23.66,2026-01-19 08:09:15
10296,Green,17.2,2026-01-19 08:09:15
10296,Floral,12.9,2026-01-19 08:09:15
10296,Spicy,11.83,2026-01-19 08:09:15
10296,Citrus,9.68,2026-01-19 08:09:15
10296,Woody,9.68,2026-01-19 08:09:15
10299,Floral,30.2,2026-01-19 08:09:15
10299,Sweet,20.0,2026-01-19 08:09:15
10299,Fruity,19.39,2026-01-19 08:09:15
10300,Citrus,23.91,2026-01-19 08:09:15
10300,Floral,22.83,2026-01-19 08:09:15
10300,Fresh,20.65,2026-01-19 08:09:15
10303,Spicy,25.29,2026-01-19 08:09:15
10303,Floral,18.39,2026-01-19 08:09:15
10303,Fresh,14.94,2026-01-19 08:09:15
10303,Woody,10.34,2026-01-19 08:09:15
10303,Earthy,9.2,2026-01-19 08:09:15
10303,Animal,9.2,2026-01-19 08:09:15
10304,Sweet,26.67,2026-01-19 08:09:15
10304,Gourmand,19.27,2026-01-19 08:09:15
10304,Floral,17.24,2026-01-19 08:09:15
10304,Fruity,15.92,2026-01-19 08:09:15
10305,Sweet,18.1,2026-01-19 08:09:15
10305,Fresh,14.22,2026-01-19 08:09:15
10305,Spicy,13.79,2026-01-19 08:09:15
10305,Fruity,12.5,2026-01-19 08:09:15
10305,Floral,12.07,2026-01-19 08:09:15
10307,Floral,36.07,2026-01-19 08:09:15
10307,Fruity,19.67,2026-01-19 08:09:15
10307,Sweet,14.75,2026-01-19 08:09:15
10307,Spicy,8.2,2026-01-19 08:09:15
10307,Green,8.2,2026-01-19 08:09:15
10308,Floral,23.43,2026-01-19 08:09:15
10308,Sweet,19.6,2026-01-19 08:09:15
10308,Fruity,17.17,2026-01-19 08:09:15
10308,Powdery,13.33,2026-01-19 08:09:15
10309,Fresh,23.23,2026-01-19 08:09:15
10309,Fruity,18.06,2026-01-19 08:09:15
10309,Green,14.84,2026-01-19 08:09:15
10309,Citrus,12.9,2026-01-19 08:09:15
10309,Synthetic,10.97,2026-01-19 08:09:15
10311,Green,32.0,2026-01-19 08:09:15
10311,Fresh,26.67,2026-01-19 08:09:15
10311,Spicy,17.33,2026-01-19 08:09:15
10312,Sweet,23.97,2026-01-19 08:09:15
10312,Fruity,16.78,2026-01-19 08:09:15
10312,Gourmand,15.58,2026-01-19 08:09:15
10312,Floral,13.85,2026-01-19 08:09:15
10315,Citrus,33.33,2026-01-19 08:09:15
10315,Gourmand,33.33,2026-01-19 08:09:15
10315,Fruity,33.33,2026-01-19 08:09:15
10316,Sweet,24.2,2026-01-19 08:09:15
10316,Floral,22.19,2026-01-19 08:09:15
10316,Powdery,14.57,2026-01-19 08:09:15
10316,Oriental,10.29,2026-01-19 08:09:15
10317,Floral,25.76,2026-01-19 08:09:15
10317,Fruity,22.73,2026-01-19 08:09:15
10317,Sweet,21.97,2026-01-19 08:09:15
10319,Fresh,28.57,2026-01-19 08:09:15
10319,Floral,28.57,2026-01-19 08:09:15
10320,Floral,25.88,2026-01-19 08:09:15
10320,Sweet,20.59,2026-01-19 08:09:15
10320,Powdery,12.0,2026-01-19 08:09:15
10320,Oriental,12.0,2026-01-19 08:09:15
10321,Floral,27.83,2026-01-19 08:09:15
10321,Fruity,24.35,2026-01-19 08:09:15
10321,Sweet,19.13,2026-01-19 08:09:15
10322,Oriental,50.0,2026-01-19 08:09:15
10322,Floral,50.0,2026-01-19 08:09:15
10323,Fruity,25.0,2026-01-19 08:09:15
10323,Fresh,25.0,2026-01-19 08:09:15
10323,Floral,25.0,2026-01-19 08:09:15
10324,Sweet,23.34,2026-01-19 08:09:15
10324,Oriental,22.8,2026-01-19 08:09:15
10324,Gourmand,14.79,2026-01-19 08:09:15
10324,Woody,14.11,2026-01-19 08:09:15
10324,Spicy,13.57,2026-01-19 08:09:15
10325,Sweet,21.43,2026-01-19 08:09:15
10325,Creamy,20.41,2026-01-19 08:09:15
10325,Floral,16.33,2026-01-19 08:09:15
10325,Fruity,15.31,2026-01-19 08:09:15
10327,Citrus,25.0,2026-01-19 08:09:15
10327,Fresh,25.0,2026-01-19 08:09:15
10327,Floral,25.0,2026-01-19 08:09:15
10328,Fruity,26.14,2026-01-19 08:09:15
10328,Floral,25.35,2026-01-19 08:09:15
10328,Sweet,23.46,2026-01-19 08:09:15
10329,Fruity,31.08,2026-01-19 08:09:15
10329,Sweet,25.68,2026-01-19 08:09:15
10329,Floral,18.92,2026-01-19 08:09:15
10330,Fresh,50.0,2026-01-19 08:09:15
10330,Floral,50.0,2026-01-19 08:09:15
10331,Spicy,33.33,2026-01-19 08:09:15
10331,Sweet,33.33,2026-01-19 08:09:15
10331,Gourmand,33.33,2026-01-19 08:09:15
10332,Floral,29.63,2026-01-19 08:09:15
10332,Fresh,22.07,2026-01-19 08:09:15
10332,Fruity,16.44,2026-01-19 08:09:15
10333,Floral,27.08,2026-01-19 08:09:15
10333,Sweet,20.83,2026-01-19 08:09:15
10333,Fruity,18.75,2026-01-19 08:09:15
10333,Synthetic,12.5,2026-01-19 08:09:15
10333,Fresh,12.5,2026-01-19 08:09:15
10335,Sweet,50.0,2026-01-19 08:09:15
10335,Gourmand,50.0,2026-01-19 08:09:15
10336,Sweet,19.68,2026-01-19 08:09:15
10336,Spicy,18.77,2026-01-19 08:09:15
10336,Oriental,16.25,2026-01-19 08:09:15
10336,Woody,10.65,2026-01-19 08:09:15
10336,Fresh,8.84,2026-01-19 08:09:15
10337,Floral,28.21,2026-01-19 08:09:15
10337,Sweet,26.92,2026-01-19 08:09:15
10337,Fruity,20.51,2026-01-19 08:09:15
10340,Floral,30.07,2026-01-19 08:09:15
10340,Sweet,23.62,2026-01-19 08:09:15
10340,Creamy,14.76,2026-01-19 08:09:15
10340,Fresh,9.59,2026-01-19 08:09:15
10341,Fresh,19.72,2026-01-19 08:09:15
10341,Synthetic,18.31,2026-01-19 08:09:15
10341,Spicy,16.9,2026-01-19 08:09:15
10341,Woody,15.49,2026-01-19 08:09:15
10344,Spicy,18.23,2026-01-19 08:09:15
10344,Chypre,16.32,2026-01-19 08:09:15
10344,Oriental,16.16,2026-01-19 08:09:15
10344,Floral,16.01,2026-01-19 08:09:15
10345,Floral,23.81,2026-01-19 08:09:15
10345,Fruity,19.05,2026-01-19 08:09:15
10345,Fresh,17.46,2026-01-19 08:09:15
10345,Sweet,14.29,2026-01-19 08:09:15
10347,Spicy,50.0,2026-01-19 08:09:15
10347,Woody,50.0,2026-01-19 08:09:15
10348,Sweet,23.43,2026-01-19 08:09:15
10348,Creamy,20.47,2026-01-19 08:09:15
10348,Fruity,16.93,2026-01-19 08:09:15
10348,Gourmand,13.39,2026-01-19 08:09:15
10348,Floral,12.8,2026-01-19 08:09:15
10349,Spicy,15.15,2026-01-19 08:09:15
10349,Leathery,15.15,2026-01-19 08:09:15
10349,Woody,15.15,2026-01-19 08:09:15
10349,Fresh,15.15,2026-01-19 08:09:15
10349,Citrus,9.09,2026-01-19 08:09:15
10349,Sweet,9.09,2026-01-19 08:09:15
10349,Oriental,9.09,2026-01-19 08:09:15
10351,Citrus,100.0,2026-01-19 08:09:15
10352,Floral,26.84,2026-01-19 08:09:15
10352,Fruity,23.06,2026-01-19 08:09:15
10352,Sweet,16.1,2026-01-19 08:09:15
10352,Fresh,15.51,2026-01-19 08:09:15
10356,Fruity,27.03,2026-01-19 08:09:15
10356,Sweet,23.24,2026-01-19 08:09:15
10356,Floral,17.03,2026-01-19 08:09:15
10356,Synthetic,12.16,2026-01-19 08:09:15
10357,Synthetic,37.5,2026-01-19 08:09:15
10357,Sweet,31.25,2026-01-19 08:09:15
10358,Powdery,25.0,2026-01-19 08:09:15
10358,Woody,25.0,2026-01-19 08:09:15
10358,Fruity,25.0,2026-01-19 08:09:15
10358,Floral,25.0,2026-01-19 08:09:15
10360,Floral,28.1,2026-01-19 08:09:15
10360,Sweet,24.05,2026-01-19 08:09:15
10360,Creamy,15.95,2026-01-19 08:09:15
10360,Fresh,11.14,2026-01-19 08:09:15
10362,Floral,42.86,2026-01-19 08:09:15
10362,Synthetic,28.57,2026-01-19 08:09:15
10362,Sweet,28.57,2026-01-19 08:09:15
10363,Sweet,50.0,2026-01-19 08:09:15
10363,Gourmand,50.0,2026-01-19 08:09:15
10364,Citrus,22.26,2026-01-19 08:09:15
10364,Fresh,21.18,2026-01-19 08:09:15
10364,Green,18.13,2026-01-19 08:09:15
10364,Chypre,14.36,2026-01-19 08:09:15
10365,Floral,26.09,2026-01-19 08:09:15
10365,Fruity,17.39,2026-01-19 08:09:15
10365,Fresh,17.39,2026-01-19 08:09:15
10368,Floral,25.59,2026-01-19 08:09:15
10368,Sweet,18.28,2026-01-19 08:09:15
10368,Fresh,13.32,2026-01-19 08:09:15
10368,Fruity,13.05,2026-01-19 08:09:15
10368,Chypre,7.31,2026-01-19 08:09:15
10368,Woody,6.53,2026-01-19 08:09:15
10369,Floral,18.18,2026-01-19 08:09:15
10369,Citrus,13.64,2026-01-19 08:09:15
10369,Fruity,13.64,2026-01-19 08:09:15
10369,Fresh,13.64,2026-01-19 08:09:15
10369,Sweet,9.09,2026-01-19 08:09:15
10369,Green,9.09,2026-01-19 08:09:15
10369,Aquatic,9.09,2026-01-19 08:09:15
10372,Woody,20.0,2026-01-19 08:09:15
10372,Fresh,20.0,2026-01-19 08:09:15
10372,Floral,20.0,2026-01-19 08:09:15
10373,Sweet,28.4,2026-01-19 08:09:15
10373,Floral,25.74,2026-01-19 08:09:15
10373,Fruity,13.61,2026-01-19 08:09:15
10373,Synthetic,10.65,2026-01-19 08:09:15
10376,Sweet,24.64,2026-01-19 08:09:15
10376,Floral,20.0,2026-01-19 08:09:15
10376,Creamy,16.23,2026-01-19 08:09:15
10376,Synthetic,11.59,2026-01-19 08:09:15
10377,Floral,30.0,2026-01-19 08:09:15
10377,Fruity,20.0,2026-01-19 08:09:15
10377,Fresh,20.0,2026-01-19 08:09:15
10381,Fresh,33.33,2026-01-19 08:09:15
10381,Floral,33.33,2026-01-19 08:09:15
10384,Fresh,19.55,2026-01-19 08:09:15
10384,Green,17.6,2026-01-19 08:09:15
10384,Citrus,17.04,2026-01-19 08:09:15
10384,Fruity,16.2,2026-01-19 08:09:15
10385,Sweet,21.43,2026-01-19 08:09:15
10385,Woody,21.43,2026-01-19 08:09:15
10385,Floral,21.43,2026-01-19 08:09:15
10385,Fruity,14.29,2026-01-19 08:09:15
10387,Citrus,28.57,2026-01-19 08:09:15
10387,Spicy,28.57,2026-01-19 08:09:15
10388,Sweet,26.15,2026-01-19 08:09:15
10388,Gourmand,20.31,2026-01-19 08:09:15
10388,Floral,18.15,2026-01-19 08:09:15
10392,Sweet,16.67,2026-01-19 08:09:15
10392,Oriental,16.67,2026-01-19 08:09:15
10392,Woody,16.67,2026-01-19 08:09:15
10392,Chypre,16.67,2026-01-19 08:09:15
10392,Floral,16.67,2026-01-19 08:09:15
10399,Spicy,20.27,2026-01-19 08:09:15
10399,Floral,20.27,2026-01-19 08:09:15
10399,Woody,13.51,2026-01-19 08:09:15
10399,Sweet,12.16,2026-01-19 08:09:15
10399,Smoky,9.46,2026-01-19 08:09:15
10400,Citrus,21.97,2026-01-19 08:09:15
10400,Spicy,18.36,2026-01-19 08:09:15
10400,Fruity,15.08,2026-01-19 08:09:15
10400,Fresh,14.43,2026-01-19 08:09:15
10402,Leathery,23.08,2026-01-19 08:09:15
10402,Woody,15.38,2026-01-19 08:09:15
10402,Earthy,15.38,2026-01-19 08:09:15
10402,Spicy,7.69,2026-01-19 08:09:15
10402,Synthetic,7.69,2026-01-19 08:09:15
10402,Smoky,7.69,2026-01-19 08:09:15
10402,Green,7.69,2026-01-19 08:09:15
10402,Fresh,7.69,2026-01-19 08:09:15
10402,Animal,7.69,2026-01-19 08:09:15
10403,Floral,29.09,2026-01-19 08:09:15
10403,Green,20.0,2026-01-19 08:09:15
10403,Spicy,12.73,2026-01-19 08:09:15
10404,Sweet,25.72,2026-01-19 08:09:15
10404,Powdery,20.65,2026-01-19 08:09:15
10404,Floral,18.48,2026-01-19 08:09:15
10404,Fruity,12.32,2026-01-19 08:09:15
10407,Citrus,28.21,2026-01-19 08:09:15
10407,Fresh,28.21,2026-01-19 08:09:15
10407,Green,15.38,2026-01-19 08:09:15
10409,Citrus,16.67,2026-01-19 08:09:15
10409,Spicy,16.67,2026-01-19 08:09:15
10409,Woody,16.67,2026-01-19 08:09:15
10409,Green,16.67,2026-01-19 08:09:15
10409,Fresh,16.67,2026-01-19 08:09:15
10409,Fougère,16.67,2026-01-19 08:09:15
10410,Sweet,25.87,2026-01-19 08:09:15
10410,Powdery,19.9,2026-01-19 08:09:15
10410,Floral,18.91,2026-01-19 08:09:15
10411,Floral,30.0,2026-01-19 08:09:15
10411,Fresh,20.0,2026-01-19 08:09:15
10411,Aquatic,20.0,2026-01-19 08:09:15
10414,Sweet,25.34,2026-01-19 08:09:15
10414,Fruity,22.3,2026-01-19 08:09:15
10414,Floral,16.89,2026-01-19 08:09:15
10414,Creamy,11.82,2026-01-19 08:09:15
10418,Leathery,20.74,2026-01-19 08:09:15
10418,Floral,16.19,2026-01-19 08:09:15
10418,Spicy,12.22,2026-01-19 08:09:15
10418,Woody,11.93,2026-01-19 08:09:15
10418,Sweet,7.67,2026-01-19 08:09:15
10418,Powdery,7.67,2026-01-19 08:09:15
10422,Sweet,25.2,2026-01-19 08:09:15
10422,Gourmand,19.6,2026-01-19 08:09:15
10422,Floral,18.0,2026-01-19 08:09:15
10422,Powdery,12.4,2026-01-19 08:09:15
10422,Fruity,11.6,2026-01-19 08:09:15
10423,Spicy,19.57,2026-01-19 08:09:15
10423,Synthetic,15.22,2026-01-19 08:09:15
10423,Citrus,13.04,2026-01-19 08:09:15
10423,Woody,13.04,2026-01-19 08:09:15
10423,Fresh,10.87,2026-01-19 08:09:15
10424,Citrus,25.0,2026-01-19 08:09:15
10424,Woody,25.0,2026-01-19 08:09:15
10424,Fresh,25.0,2026-01-19 08:09:15
10424,Floral,25.0,2026-01-19 08:09:15
10425,Fruity,20.59,2026-01-19 08:09:15
10425,Fresh,20.59,2026-01-19 08:09:15
10425,Floral,17.65,2026-01-19 08:09:15
10425,Sweet,11.76,2026-01-19 08:09:15
10425,Citrus,8.82,2026-01-19 08:09:15
10425,Powdery,8.82,2026-01-19 08:09:15
10430,Woody,21.95,2026-01-19 08:09:15
10430,Floral,21.95,2026-01-19 08:09:15
10430,Spicy,19.51,2026-01-19 08:09:15
10431,Citrus,23.0,2026-01-19 08:09:15
10431,Fresh,23.0,2026-01-19 08:09:15
10431,Floral,18.67,2026-01-19 08:09:15
10431,Green,15.0,2026-01-19 08:09:15
10434,Sweet,23.49,2026-01-19 08:09:15
10434,Fruity,22.06,2026-01-19 08:09:15
10434,Floral,16.73,2026-01-19 08:09:15
10434,Gourmand,14.23,2026-01-19 08:09:15
10435,Spicy,16.67,2026-01-19 08:09:15
10435,Citrus,13.89,2026-01-19 08:09:15
10435,Woody,13.89,2026-01-19 08:09:15
10435,Green,13.89,2026-01-19 08:09:15
10435,Fruity,11.11,2026-01-19 08:09:15
10438,Sweet,20.86,2026-01-19 08:09:15
10438,Floral,20.86,2026-01-19 08:09:15
10438,Gourmand,15.83,2026-01-19 08:09:15
10438,Spicy,12.59,2026-01-19 08:09:15
10442,Sweet,21.82,2026-01-19 08:09:15
10442,Floral,19.09,2026-01-19 08:09:15
10442,Gourmand,14.55,2026-01-19 08:09:15
10442,Fruity,12.73,2026-01-19 08:09:15
10442,Powdery,11.82,2026-01-19 08:09:15
10446,Sweet,26.83,2026-01-19 08:09:15
10446,Floral,26.83,2026-01-19 08:09:15
10446,Fruity,18.54,2026-01-19 08:09:15
10447,Floral,31.25,2026-01-19 08:09:15
10447,Fresh,25.0,2026-01-19 08:09:15
10450,Floral,22.55,2026-01-19 08:09:15
10450,Spicy,19.12,2026-01-19 08:09:15
10450,Woody,18.14,2026-01-19 08:09:15
10450,Oriental,12.25,2026-01-19 08:09:15
10451,Powdery,26.09,2026-01-19 08:09:15
10451,Floral,26.09,2026-01-19 08:09:15
10451,Woody,21.74,2026-01-19 08:09:15
10455,Fresh,28.57,2026-01-19 08:09:15
10455,Creamy,28.57,2026-01-19 08:09:15
10455,Floral,28.57,2026-01-19 08:09:15
10458,Sweet,27.87,2026-01-19 08:09:15
10458,Floral,27.87,2026-01-19 08:09:15
10458,Powdery,16.94,2026-01-19 08:09:15
10459,Green,27.78,2026-01-19 08:09:15
10459,Floral,27.78,2026-01-19 08:09:15
10462,Spicy,26.67,2026-01-19 08:09:15
10462,Woody,26.22,2026-01-19 08:09:15
10463,Floral,22.22,2026-01-19 08:09:15
10463,Powdery,11.11,2026-01-19 08:09:15
10463,Woody,11.11,2026-01-19 08:09:15
10463,Green,11.11,2026-01-19 08:09:15
10463,Fruity,11.11,2026-01-19 08:09:15
10463,Fresh,11.11,2026-01-19 08:09:15
10463,Earthy,11.11,2026-01-19 08:09:15
10463,Creamy,11.11,2026-01-19 08:09:15
10464,Green,24.94,2026-01-19 08:09:15
10464,Fresh,20.88,2026-01-19 08:09:15
10464,Citrus,20.52,2026-01-19 08:09:15
10464,Woody,13.39,2026-01-19 08:09:15
10466,Sweet,27.03,2026-01-19 08:09:15
10466,Floral,24.32,2026-01-19 08:09:15
10466,Gourmand,17.3,2026-01-19 08:09:15
10467,Sweet,21.43,2026-01-19 08:09:15
10467,Oriental,21.43,2026-01-19 08:09:15
10467,Fruity,21.43,2026-01-19 08:09:15
10467,Floral,21.43,2026-01-19 08:09:15
10469,Spicy,14.65,2026-01-19 08:09:15
10469,Resinous,14.56,2026-01-19 08:09:15
10469,Oriental,14.27,2026-01-19 08:09:15
10469,Smoky,13.7,2026-01-19 08:09:15
10469,Woody,10.09,2026-01-19 08:09:15
10469,Leathery,9.51,2026-01-19 08:09:15
10470,Floral,29.22,2026-01-19 08:09:15
10470,Sweet,27.92,2026-01-19 08:09:15
10470,Synthetic,18.18,2026-01-19 08:09:15
10471,Floral,46.15,2026-01-19 08:09:15
10471,Fresh,30.77,2026-01-19 08:09:15
10473,Sweet,20.88,2026-01-19 08:09:15
10473,Floral,16.48,2026-01-19 08:09:15
10473,Spicy,13.74,2026-01-19 08:09:15
10473,Oriental,13.19,2026-01-19 08:09:15
10473,Woody,11.54,2026-01-19 08:09:15
10474,Citrus,30.72,2026-01-19 08:09:15
10474,Fresh,26.42,2026-01-19 08:09:15
10474,Green,15.51,2026-01-19 08:09:15
10476,Spicy,22.34,2026-01-19 08:09:15
10476,Woody,19.85,2026-01-19 08:09:15
10476,Sweet,15.25,2026-01-19 08:09:15
10476,Oriental,14.55,2026-01-19 08:09:15
10477,Woody,20.18,2026-01-19 08:09:15
10477,Oriental,17.11,2026-01-19 08:09:15
10477,Spicy,14.91,2026-01-19 08:09:15
10477,Resinous,13.6,2026-01-19 08:09:15
10477,Floral,13.16,2026-01-19 08:09:15
10478,Sweet,28.09,2026-01-19 08:09:15
10478,Creamy,17.49,2026-01-19 08:09:15
10478,Gourmand,14.84,2026-01-19 08:09:15
10478,Spicy,14.31,2026-01-19 08:09:15
10480,Aquatic,25.8,2026-01-19 08:09:15
10480,Fresh,22.77,2026-01-19 08:09:15
10480,Citrus,18.47,2026-01-19 08:09:15
10480,Fruity,10.62,2026-01-19 08:09:15
10481,Sweet,29.12,2026-01-19 08:09:15
10481,Floral,20.33,2026-01-19 08:09:15
10481,Gourmand,19.23,2026-01-19 08:09:15
10482,Smoky,20.64,2026-01-19 08:09:15
10482,Spicy,20.11,2026-01-19 08:09:15
10482,Woody,17.97,2026-01-19 08:09:15
10482,Resinous,17.62,2026-01-19 08:09:15
10484,Citrus,23.67,2026-01-19 08:09:15
10484,Fresh,22.41,2026-01-19 08:09:15
10484,Woody,15.97,2026-01-19 08:09:15
10484,Spicy,12.18,2026-01-19 08:09:15
10485,Sweet,25.68,2026-01-19 08:09:15
10485,Fruity,25.14,2026-01-19 08:09:15
10485,Floral,19.13,2026-01-19 08:09:15
10486,Citrus,24.3,2026-01-19 08:09:15
10486,Fresh,22.82,2026-01-19 08:09:15
10486,Green,19.67,2026-01-19 08:09:15
10487,Sweet,37.5,2026-01-19 08:09:15
10487,Spicy,25.0,2026-01-19 08:09:15
10488,Fresh,28.12,2026-01-19 08:09:15
10488,Floral,22.98,2026-01-19 08:09:15
10488,Aquatic,12.5,2026-01-19 08:09:15
10488,Woody,9.88,2026-01-19 08:09:15
10489,Floral,30.77,2026-01-19 08:09:15
10489,Powdery,28.21,2026-01-19 08:09:15
10489,Sweet,18.59,2026-01-19 08:09:15
10490,Fruity,28.95,2026-01-19 08:09:15
10490,Floral,22.06,2026-01-19 08:09:15
10490,Fresh,20.45,2026-01-19 08:09:15
10492,Floral,31.65,2026-01-19 08:09:15
10492,Sweet,23.74,2026-01-19 08:09:15
10492,Fruity,19.42,2026-01-19 08:09:15
10492,Fresh,18.71,2026-01-19 08:09:15
10493,Aquatic,26.44,2026-01-19 08:09:15
10493,Fresh,24.47,2026-01-19 08:09:15
10493,Citrus,13.3,2026-01-19 08:09:15
10493,Green,10.84,2026-01-19 08:09:15
10494,Fresh,18.32,2026-01-19 08:09:15
10494,Green,17.94,2026-01-19 08:09:15
10494,Spicy,14.95,2026-01-19 08:09:15
10494,Woody,14.58,2026-01-19 08:09:15
10494,Citrus,14.21,2026-01-19 08:09:15
10496,Woody,22.13,2026-01-19 08:09:15
10496,Synthetic,16.72,2026-01-19 08:09:15
10496,Green,16.38,2026-01-19 08:09:15
10496,Fresh,13.94,2026-01-19 08:09:15
10497,Spicy,26.13,2026-01-19 08:09:15
10497,Woody,18.93,2026-01-19 08:09:15
10497,Earthy,12.55,2026-01-19 08:09:15
10497,Resinous,9.88,2026-01-19 08:09:15
10497,Oriental,9.67,2026-01-19 08:09:15
10498,Spicy,14.45,2026-01-19 08:09:15
10498,Chypre,14.45,2026-01-19 08:09:15
10498,Green,11.41,2026-01-19 08:09:15
10498,Floral,11.41,2026-01-19 08:09:15
10498,Woody,8.75,2026-01-19 08:09:15
10498,Citrus,7.6,2026-01-19 08:09:15
10498,Fresh,6.08,2026-01-19 08:09:15
10499,Sweet,33.33,2026-01-19 08:09:15
10499,Gourmand,33.33,2026-01-19 08:09:15
10500,Leathery,20.18,2026-01-19 08:09:15
10500,Sweet,15.58,2026-01-19 08:09:15
10500,Smoky,12.01,2026-01-19 08:09:15
10500,Spicy,10.34,2026-01-19 08:09:15
10500,Woody,10.34,2026-01-19 08:09:15
10501,Floral,31.91,2026-01-19 08:09:15
10501,Sweet,24.87,2026-01-19 08:09:15
10501,Oriental,13.82,2026-01-19 08:09:15
10502,Sweet,16.98,2026-01-19 08:09:15
10502,Oriental,16.04,2026-01-19 08:09:15
10502,Woody,15.09,2026-01-19 08:09:15
10502,Spicy,11.79,2026-01-19 08:09:15
10502,Floral,11.79,2026-01-19 08:09:15
10503,Synthetic,33.33,2026-01-19 08:09:15
10503,Smoky,16.67,2026-01-19 08:09:15
10503,Woody,16.67,2026-01-19 08:09:15
10503,Resinous,16.67,2026-01-19 08:09:15
10503,Animal,16.67,2026-01-19 08:09:15
10504,Sweet,22.54,2026-01-19 08:09:15
10504,Floral,20.42,2026-01-19 08:09:15
10504,Gourmand,18.31,2026-01-19 08:09:15
10504,Powdery,14.79,2026-01-19 08:09:15
10505,Spicy,22.73,2026-01-19 08:09:15
10505,Fresh,18.18,2026-01-19 08:09:15
10505,Citrus,17.73,2026-01-19 08:09:15
10505,Green,15.68,2026-01-19 08:09:15
10506,Floral,26.78,2026-01-19 08:09:15
10506,Woody,20.08,2026-01-19 08:09:15
10506,Oriental,16.88,2026-01-19 08:09:15
10506,Spicy,12.83,2026-01-19 08:09:15
10508,Floral,23.67,2026-01-19 08:09:15
10508,Spicy,11.83,2026-01-19 08:09:15
10508,Animal,10.65,2026-01-19 08:09:15
10508,Powdery,9.47,2026-01-19 08:09:15
10508,Woody,8.88,2026-01-19 08:09:15
10508,Green,8.28,2026-01-19 08:09:15
10508,Fresh,8.28,2026-01-19 08:09:15
10509,Sweet,25.33,2026-01-19 08:09:15
10509,Gourmand,21.64,2026-01-19 08:09:15
10509,Powdery,17.68,2026-01-19 08:09:15
10509,Spicy,11.61,2026-01-19 08:09:15
10510,Aquatic,27.72,2026-01-19 08:09:15
10510,Fresh,25.43,2026-01-19 08:09:15
10510,Citrus,16.44,2026-01-19 08:09:15
10512,Sweet,23.2,2026-01-19 08:09:15
10512,Powdery,21.6,2026-01-19 08:09:15
10512,Floral,20.8,2026-01-19 08:09:15
10512,Oriental,11.2,2026-01-19 08:09:15
10514,Fresh,21.01,2026-01-19 08:09:15
10514,Citrus,20.17,2026-01-19 08:09:15
10514,Woody,18.91,2026-01-19 08:09:15
10514,Floral,13.03,2026-01-19 08:09:15
10515,Powdery,29.85,2026-01-19 08:09:15
10515,Sweet,24.78,2026-01-19 08:09:15
10515,Floral,20.9,2026-01-19 08:09:15
10517,Sweet,21.79,2026-01-19 08:09:15
10517,Floral,21.23,2026-01-19 08:09:15
10517,Gourmand,13.41,2026-01-19 08:09:15
10517,Fruity,12.85,2026-01-19 08:09:15
10517,Spicy,9.5,2026-01-19 08:09:15
10518,Citrus,25.0,2026-01-19 08:09:15
10518,Synthetic,25.0,2026-01-19 08:09:15
10518,Sweet,25.0,2026-01-19 08:09:15
10518,Fruity,25.0,2026-01-19 08:09:15
10519,Aquatic,26.14,2026-01-19 08:09:15
10519,Fresh,24.43,2026-01-19 08:09:15
10519,Synthetic,14.2,2026-01-19 08:09:15
10519,Citrus,13.35,2026-01-19 08:09:15
10520,Fresh,26.09,2026-01-19 08:09:15
10520,Green,23.19,2026-01-19 08:09:15
10520,Citrus,17.39,2026-01-19 08:09:15
10520,Fruity,10.14,2026-01-19 08:09:15
10521,Fruity,25.35,2026-01-19 08:09:15
10521,Floral,24.3,2026-01-19 08:09:15
10521,Fresh,19.93,2026-01-19 08:09:15
10522,Sweet,24.71,2026-01-19 08:09:15
10522,Floral,24.33,2026-01-19 08:09:15
10522,Powdery,20.53,2026-01-19 08:09:15
10525,Floral,30.72,2026-01-19 08:09:15
10525,Fresh,23.09,2026-01-19 08:09:15
10525,Powdery,17.86,2026-01-19 08:09:15
10526,Floral,26.11,2026-01-19 08:09:15
10526,Green,17.52,2026-01-19 08:09:15
10526,Spicy,13.06,2026-01-19 08:09:15
10526,Powdery,11.15,2026-01-19 08:09:15
10526,Fresh,11.15,2026-01-19 08:09:15
10527,Green,33.33,2026-01-19 08:09:15
10527,Fresh,33.33,2026-01-19 08:09:15
10527,Floral,33.33,2026-01-19 08:09:15
10528,Green,24.71,2026-01-19 08:09:15
10528,Fresh,24.71,2026-01-19 08:09:15
10528,Citrus,15.44,2026-01-19 08:09:15
10528,Floral,12.74,2026-01-19 08:09:15
10529,Sweet,23.91,2026-01-19 08:09:15
10529,Gourmand,18.84,2026-01-19 08:09:15
10529,Fruity,18.12,2026-01-19 08:09:15
10529,Floral,17.39,2026-01-19 08:09:15
10530,Resinous,21.2,2026-01-19 08:09:15
10530,Woody,17.93,2026-01-19 08:09:15
10530,Spicy,15.76,2026-01-19 08:09:15
10530,Smoky,15.49,2026-01-19 08:09:15
10532,Woody,18.85,2026-01-19 08:09:15
10532,Powdery,18.46,2026-01-19 08:09:15
10532,Animal,10.77,2026-01-19 08:09:15
10532,Oriental,10.38,2026-01-19 08:09:15
10532,Spicy,10.0,2026-01-19 08:09:15
10532,Sweet,9.62,2026-01-19 08:09:15
10533,Woody,26.95,2026-01-19 08:09:15
10533,Fresh,23.05,2026-01-19 08:09:15
10533,Spicy,18.26,2026-01-19 08:09:15
10535,Sweet,26.04,2026-01-19 08:09:15
10535,Gourmand,22.92,2026-01-19 08:09:15
10535,Floral,19.79,2026-01-19 08:09:15
10536,Fresh,22.88,2026-01-19 08:09:15
10536,Woody,20.05,2026-01-19 08:09:15
10536,Spicy,16.2,2026-01-19 08:09:15
10536,Citrus,13.11,2026-01-19 08:09:15
10537,Spicy,21.94,2026-01-19 08:09:15
10537,Citrus,15.28,2026-01-19 08:09:15
10537,Fresh,15.28,2026-01-19 08:09:15
10537,Green,14.44,2026-01-19 08:09:15
10537,Woody,12.22,2026-01-19 08:09:15
10539,Sweet,19.38,2026-01-19 08:09:15
10539,Fruity,18.12,2026-01-19 08:09:15
10539,Floral,14.37,2026-01-19 08:09:15
10539,Gourmand,12.5,2026-01-19 08:09:15
10539,Oriental,10.0,2026-01-19 08:09:15
10540,Powdery,31.85,2026-01-19 08:09:15
10540,Floral,21.55,2026-01-19 08:09:15
10540,Sweet,17.1,2026-01-19 08:09:15
10542,Floral,27.68,2026-01-19 08:09:15
10542,Fresh,23.81,2026-01-19 08:09:15
10542,Green,22.92,2026-01-19 08:09:15
10543,Sweet,24.47,2026-01-19 08:09:15
10543,Floral,24.47,2026-01-19 08:09:15
10543,Powdery,14.89,2026-01-19 08:09:15
10543,Gourmand,11.7,2026-01-19 08:09:15
10544,Earthy,20.98,2026-01-19 08:09:15
10544,Woody,15.12,2026-01-19 08:09:15
10544,Citrus,13.9,2026-01-19 08:09:15
10544,Spicy,11.22,2026-01-19 08:09:15
10544,Synthetic,7.8,2026-01-19 08:09:15
10547,Floral,22.22,2026-01-19 08:09:15
10547,Sweet,19.05,2026-01-19 08:09:15
10547,Fruity,13.49,2026-01-19 08:09:15
10547,Synthetic,11.11,2026-01-19 08:09:15
10547,Powdery,11.11,2026-01-19 08:09:15
10549,Fresh,31.65,2026-01-19 08:09:15
10549,Floral,18.73,2026-01-19 08:09:15
10549,Spicy,14.43,2026-01-19 08:09:15
10549,Powdery,12.66,2026-01-19 08:09:15
10551,Sweet,22.22,2026-01-19 08:09:15
10551,Floral,21.48,2026-01-19 08:09:15
10551,Fruity,18.52,2026-01-19 08:09:15
10551,Powdery,13.33,2026-01-19 08:09:15
10554,Floral,33.08,2026-01-19 08:09:15
10554,Powdery,24.49,2026-01-19 08:09:15
10554,Sweet,12.88,2026-01-19 08:09:15
10555,Floral,25.69,2026-01-19 08:09:15
10555,Synthetic,15.6,2026-01-19 08:09:15
10555,Sweet,15.6,2026-01-19 08:09:15
10555,Woody,14.68,2026-01-19 08:09:15
10558,Floral,25.92,2026-01-19 08:09:15
10558,Sweet,18.35,2026-01-19 08:09:15
10558,Powdery,13.3,2026-01-19 08:09:15
10558,Woody,11.47,2026-01-19 08:09:15
10558,Fresh,10.32,2026-01-19 08:09:15
10559,Sweet,20.83,2026-01-19 08:09:15
10559,Spicy,20.0,2026-01-19 08:09:15
10559,Earthy,15.0,2026-01-19 08:09:15
10559,Creamy,10.83,2026-01-19 08:09:15
10559,Fresh,10.0,2026-01-19 08:09:15
10562,Fresh,21.36,2026-01-19 08:09:15
10562,Citrus,19.42,2026-01-19 08:09:15
10562,Woody,14.08,2026-01-19 08:09:15
10562,Spicy,11.65,2026-01-19 08:09:15
10562,Green,8.5,2026-01-19 08:09:15
10562,Fruity,7.52,2026-01-19 08:09:15
10563,Floral,35.14,2026-01-19 08:09:15
10563,Sweet,20.72,2026-01-19 08:09:15
10563,Fresh,19.82,2026-01-19 08:09:15
10566,Spicy,23.78,2026-01-19 08:09:15
10566,Oriental,20.75,2026-01-19 08:09:15
10566,Woody,20.05,2026-01-19 08:09:15
10566,Sweet,10.49,2026-01-19 08:09:15
10566,Gourmand,10.02,2026-01-19 08:09:15
10567,Floral,28.21,2026-01-19 08:09:15
10567,Fresh,22.22,2026-01-19 08:09:15
10567,Green,17.95,2026-01-19 08:09:15
10567,Sweet,10.26,2026-01-19 08:09:15
10570,Fresh,24.5,2026-01-19 08:09:15
10570,Citrus,20.13,2026-01-19 08:09:15
10570,Woody,18.12,2026-01-19 08:09:15
10572,Citrus,20.0,2026-01-19 08:09:15
10572,Sweet,20.0,2026-01-19 08:09:15
10572,Powdery,20.0,2026-01-19 08:09:15
10572,Creamy,20.0,2026-01-19 08:09:15
10572,Floral,20.0,2026-01-19 08:09:15
10574,Spicy,21.43,2026-01-19 08:09:15
10574,Smoky,20.63,2026-01-19 08:09:15
10574,Woody,17.46,2026-01-19 08:09:15
10574,Green,15.48,2026-01-19 08:09:15
10575,Floral,30.38,2026-01-19 08:09:15
10575,Fresh,20.25,2026-01-19 08:09:15
10575,Sweet,16.46,2026-01-19 08:09:15
10575,Powdery,10.13,2026-01-19 08:09:15
10578,Fresh,17.59,2026-01-19 08:09:15
10578,Spicy,17.32,2026-01-19 08:09:15
10578,Fruity,14.96,2026-01-19 08:09:15
10578,Woody,13.12,2026-01-19 08:09:15
10578,Citrus,9.71,2026-01-19 08:09:15
10579,Floral,35.11,2026-01-19 08:09:15
10579,Fresh,22.34,2026-01-19 08:09:15
10579,Sweet,19.15,2026-01-19 08:09:15
10582,Fresh,21.53,2026-01-19 08:09:15
10582,Green,18.06,2026-01-19 08:09:15
10582,Floral,17.59,2026-01-19 08:09:15
10582,Powdery,9.26,2026-01-19 08:09:15
10582,Citrus,8.56,2026-01-19 08:09:15
10583,Sweet,24.36,2026-01-19 08:09:15
10583,Fruity,24.36,2026-01-19 08:09:15
10583,Floral,20.51,2026-01-19 08:09:15
10586,Fresh,24.57,2026-01-19 08:09:15
10586,Synthetic,20.69,2026-01-19 08:09:15
10586,Woody,14.22,2026-01-19 08:09:15
10586,Aquatic,14.22,2026-01-19 08:09:15
10587,Floral,24.6,2026-01-19 08:09:15
10587,Fresh,19.05,2026-01-19 08:09:15
10587,Fruity,14.29,2026-01-19 08:09:15
10587,Sweet,11.11,2026-01-19 08:09:15
10587,Powdery,9.52,2026-01-19 08:09:15
10591,Floral,23.43,2026-01-19 08:09:15
10591,Sweet,23.08,2026-01-19 08:09:15
10591,Fruity,15.73,2026-01-19 08:09:15
10591,Powdery,13.64,2026-01-19 08:09:15
10593,Sweet,24.73,2026-01-19 08:09:15
10593,Citrus,23.66,2026-01-19 08:09:15
10593,Floral,19.35,2026-01-19 08:09:15
10593,Creamy,10.75,2026-01-19 08:09:15
10594,Floral,25.21,2026-01-19 08:09:15
10594,Powdery,20.92,2026-01-19 08:09:15
10594,Sweet,15.76,2026-01-19 08:09:15
10594,Creamy,13.18,2026-01-19 08:09:15
10598,Sweet,25.51,2026-01-19 08:09:15
10598,Fruity,22.45,2026-01-19 08:09:15
10598,Floral,19.39,2026-01-19 08:09:15
10599,Gourmand,20.0,2026-01-19 08:09:15
10599,Fruity,20.0,2026-01-19 08:09:15
10599,Earthy,20.0,2026-01-19 08:09:15
10599,Chypre,20.0,2026-01-19 08:09:15
10599,Floral,20.0,2026-01-19 08:09:15
10601,Floral,20.96,2026-01-19 08:09:15
10601,Fruity,19.59,2026-01-19 08:09:15
10601,Fresh,13.06,2026-01-19 08:09:15
10601,Sweet,11.0,2026-01-19 08:09:15
10601,Woody,8.93,2026-01-19 08:09:15
10602,Citrus,21.05,2026-01-19 08:09:15
10602,Green,18.42,2026-01-19 08:09:15
10602,Fresh,18.42,2026-01-19 08:09:15
10602,Spicy,15.79,2026-01-19 08:09:15
10605,Floral,27.45,2026-01-19 08:09:15
10605,Fresh,17.65,2026-01-19 08:09:15
10605,Fruity,15.69,2026-01-19 08:09:15
10605,Citrus,14.71,2026-01-19 08:09:15
10607,Spicy,19.2,2026-01-19 08:09:15
10607,Oriental,19.2,2026-01-19 08:09:15
10607,Woody,16.67,2026-01-19 08:09:15
10607,Leathery,15.94,2026-01-19 08:09:15
10611,Floral,23.1,2026-01-19 08:09:15
10611,Fresh,21.28,2026-01-19 08:09:15
10611,Green,13.68,2026-01-19 08:09:15
10611,Citrus,13.37,2026-01-19 08:09:15
10611,Fruity,8.51,2026-01-19 08:09:15
10613,Green,25.56,2026-01-19 08:09:15
10613,Fresh,25.56,2026-01-19 08:09:15
10613,Floral,24.44,2026-01-19 08:09:15
10614,Sweet,18.18,2026-01-19 08:09:15
10614,Fruity,18.18,2026-01-19 08:09:15
10614,Fresh,18.18,2026-01-19 08:09:15
10614,Floral,18.18,2026-01-19 08:09:15
10615,Fresh,16.34,2026-01-19 08:09:15
10615,Floral,16.01,2026-01-19 08:09:15
10615,Aquatic,12.75,2026-01-19 08:09:15
10615,Spicy,11.11,2026-01-19 08:09:15
10615,Citrus,9.8,2026-01-19 08:09:15
10615,Synthetic,7.19,2026-01-19 08:09:15
10615,Sweet,7.19,2026-01-19 08:09:15
10615,Fruity,7.19,2026-01-19 08:09:15
10615,Woody,6.54,2026-01-19 08:09:15
10618,Green,19.01,2026-01-19 08:09:15
10618,Fresh,18.31,2026-01-19 08:09:15
10618,Citrus,15.49,2026-01-19 08:09:15
10618,Woody,13.38,2026-01-19 08:09:15
10618,Spicy,11.97,2026-01-19 08:09:15
10619,Floral,20.0,2026-01-19 08:09:15
10619,Spicy,18.72,2026-01-19 08:09:15
10619,Woody,13.62,2026-01-19 08:09:15
10619,Smoky,11.49,2026-01-19 08:09:15
10619,Earthy,11.49,2026-01-19 08:09:15
10622,Floral,19.23,2026-01-19 08:09:15
10622,Sweet,17.31,2026-01-19 08:09:15
10622,Spicy,14.42,2026-01-19 08:09:15
10622,Powdery,12.5,2026-01-19 08:09:15
10622,Leathery,11.54,2026-01-19 08:09:15
10623,Floral,33.85,2026-01-19 08:09:15
10623,Powdery,19.23,2026-01-19 08:09:15
10623,Fresh,18.08,2026-01-19 08:09:15
10625,Spicy,18.21,2026-01-19 08:09:15
10625,Green,17.92,2026-01-19 08:09:15
10625,Fresh,16.18,2026-01-19 08:09:15
10625,Woody,13.87,2026-01-19 08:09:15
10625,Leathery,11.27,2026-01-19 08:09:15
10626,Floral,36.67,2026-01-19 08:09:15
10627,Fresh,25.29,2026-01-19 08:09:15
10627,Aquatic,20.59,2026-01-19 08:09:15
10627,Citrus,12.94,2026-01-19 08:09:15
10627,Woody,10.59,2026-01-19 08:09:15
10627,Green,10.0,2026-01-19 08:09:15
10629,Chypre,19.1,2026-01-19 08:09:15
10629,Animal,13.48,2026-01-19 08:09:15
10629,Spicy,11.24,2026-01-19 08:09:15
10629,Floral,11.24,2026-01-19 08:09:15
10629,Smoky,10.11,2026-01-19 08:09:15
10629,Oriental,10.11,2026-01-19 08:09:15
10629,Earthy,10.11,2026-01-19 08:09:15
10630,Citrus,24.02,2026-01-19 08:09:15
10630,Woody,24.02,2026-01-19 08:09:15
10630,Green,17.72,2026-01-19 08:09:15
10630,Fresh,17.72,2026-01-19 08:09:15
10631,Floral,30.43,2026-01-19 08:09:15
10631,Sweet,22.17,2026-01-19 08:09:15
10631,Fresh,19.13,2026-01-19 08:09:15
10633,Woody,20.69,2026-01-19 08:09:15
10633,Fresh,19.54,2026-01-19 08:09:15
10633,Spicy,17.24,2026-01-19 08:09:15
10633,Green,16.09,2026-01-19 08:09:15
10634,Floral,26.09,2026-01-19 08:09:15
10634,Fruity,21.74,2026-01-19 08:09:15
10634,Fresh,15.72,2026-01-19 08:09:15
10634,Powdery,13.04,2026-01-19 08:09:15
10634,Sweet,12.71,2026-01-19 08:09:15
10635,Sweet,25.2,2026-01-19 08:09:15
10635,Creamy,19.2,2026-01-19 08:09:15
10635,Powdery,15.6,2026-01-19 08:09:15
10635,Floral,13.2,2026-01-19 08:09:15
10636,Green,23.53,2026-01-19 08:09:15
10636,Fresh,23.53,2026-01-19 08:09:15
10636,Floral,23.53,2026-01-19 08:09:15
10637,Floral,20.0,2026-01-19 08:09:15
10637,Animal,17.65,2026-01-19 08:09:15
10637,Powdery,14.12,2026-01-19 08:09:15
10637,Spicy,12.94,2026-01-19 08:09:15
10637,Chypre,11.76,2026-01-19 08:09:15
10638,Citrus,28.46,2026-01-19 08:09:15
10638,Fresh,25.77,2026-01-19 08:09:15
10638,Green,16.92,2026-01-19 08:09:15
10639,Woody,19.42,2026-01-19 08:09:15
10639,Spicy,18.6,2026-01-19 08:09:15
10639,Sweet,14.46,2026-01-19 08:09:15
10639,Oriental,14.05,2026-01-19 08:09:15
10639,Gourmand,8.68,2026-01-19 08:09:15
10642,Floral,28.67,2026-01-19 08:09:15
10642,Green,19.93,2026-01-19 08:09:15
10642,Fresh,18.88,2026-01-19 08:09:15
10643,Fruity,25.41,2026-01-19 08:09:15
10643,Floral,17.49,2026-01-19 08:09:15
10643,Sweet,16.17,2026-01-19 08:09:15
10643,Fresh,16.17,2026-01-19 08:09:15
10644,Spicy,20.0,2026-01-19 08:09:15
10644,Floral,20.0,2026-01-19 08:09:15
10644,Earthy,15.0,2026-01-19 08:09:15
10644,Sweet,10.0,2026-01-19 08:09:15
10644,Chypre,10.0,2026-01-19 08:09:15
10645,Floral,23.81,2026-01-19 08:09:15
10645,Green,21.43,2026-01-19 08:09:15
10645,Fresh,15.48,2026-01-19 08:09:15
10645,Sweet,13.1,2026-01-19 08:09:15
10646,Floral,23.45,2026-01-19 08:09:15
10646,Powdery,15.96,2026-01-19 08:09:15
10646,Fruity,10.1,2026-01-19 08:09:15
10646,Sweet,9.77,2026-01-19 08:09:15
10646,Green,9.77,2026-01-19 08:09:15
10646,Fresh,9.77,2026-01-19 08:09:15
10647,Leathery,19.3,2026-01-19 08:09:15
10647,Woody,18.86,2026-01-19 08:09:15
10647,Resinous,17.54,2026-01-19 08:09:15
10647,Smoky,15.79,2026-01-19 08:09:15
10649,Fresh,26.67,2026-01-19 08:09:15
10649,Aquatic,24.0,2026-01-19 08:09:15
10649,Floral,14.67,2026-01-19 08:09:15
10649,Fruity,10.67,2026-01-19 08:09:15
10650,Citrus,24.37,2026-01-19 08:09:15
10650,Fresh,24.37,2026-01-19 08:09:15
10650,Green,14.71,2026-01-19 08:09:15
10650,Floral,13.45,2026-01-19 08:09:15
10651,Woody,18.49,2026-01-19 08:09:15
10651,Sweet,17.65,2026-01-19 08:09:15
10651,Spicy,15.13,2026-01-19 08:09:15
10651,Leathery,13.03,2026-01-19 08:09:15
10651,Resinous,12.18,2026-01-19 08:09:15
10652,Spicy,36.36,2026-01-19 08:09:15
10652,Oriental,27.27,2026-01-19 08:09:15
10653,Floral,29.31,2026-01-19 08:09:15
10653,Fresh,22.41,2026-01-19 08:09:15
10653,Woody,15.52,2026-01-19 08:09:15
10653,Green,15.52,2026-01-19 08:09:15
10654,Floral,32.39,2026-01-19 08:09:15
10654,Fruity,25.35,2026-01-19 08:09:15
10654,Fresh,19.25,2026-01-19 08:09:15
10655,Fresh,24.26,2026-01-19 08:09:15
10655,Spicy,18.81,2026-01-19 08:09:15
10655,Woody,14.36,2026-01-19 08:09:15
10655,Powdery,9.41,2026-01-19 08:09:15
10655,Sweet,8.42,2026-01-19 08:09:15
10657,Floral,27.78,2026-01-19 08:09:15
10657,Green,23.61,2026-01-19 08:09:15
10657,Fresh,23.61,2026-01-19 08:09:15
10658,Green,17.67,2026-01-19 08:09:15
10658,Fresh,16.87,2026-01-19 08:09:15
10658,Spicy,16.47,2026-01-19 08:09:15
10658,Woody,15.26,2026-01-19 08:09:15
10658,Citrus,14.86,2026-01-19 08:09:15
10659,Floral,20.89,2026-01-19 08:09:15
10659,Powdery,19.56,2026-01-19 08:09:15
10659,Fresh,19.56,2026-01-19 08:09:15
10659,Woody,11.56,2026-01-19 08:09:15
10661,Fresh,28.89,2026-01-19 08:09:15
10661,Citrus,26.67,2026-01-19 08:09:15
10661,Fruity,24.44,2026-01-19 08:09:15
10663,Floral,30.34,2026-01-19 08:09:15
10663,Sweet,25.64,2026-01-19 08:09:15
10663,Creamy,15.38,2026-01-19 08:09:15
10664,Green,20.0,2026-01-19 08:09:15
10664,Fresh,20.0,2026-01-19 08:09:15
10664,Woody,15.0,2026-01-19 08:09:15
10664,Floral,15.0,2026-01-19 08:09:15
10664,Fruity,10.0,2026-01-19 08:09:15
10665,Floral,32.0,2026-01-19 08:09:15
10665,Fresh,28.0,2026-01-19 08:09:15
10665,Green,18.0,2026-01-19 08:09:15
10666,Floral,31.35,2026-01-19 08:09:15
10666,Fruity,29.19,2026-01-19 08:09:15
10666,Sweet,16.76,2026-01-19 08:09:15
10668,Powdery,18.75,2026-01-19 08:09:15
10668,Woody,18.75,2026-01-19 08:09:15
10668,Green,18.75,2026-01-19 08:09:15
10668,Fresh,18.75,2026-01-19 08:09:15
10668,Floral,18.75,2026-01-19 08:09:15
10669,Floral,29.31,2026-01-19 08:09:15
10669,Fresh,25.86,2026-01-19 08:09:15
10669,Green,15.52,2026-01-19 08:09:15
10670,Sweet,22.49,2026-01-19 08:09:15
10670,Gourmand,19.53,2026-01-19 08:09:15
10670,Spicy,16.57,2026-01-19 08:09:15
10670,Powdery,10.65,2026-01-19 08:09:15
10670,Creamy,9.47,2026-01-19 08:09:15
10671,Fresh,24.85,2026-01-19 08:09:15
10671,Woody,21.3,2026-01-19 08:09:15
10671,Green,19.53,2026-01-19 08:09:15
10673,Green,19.7,2026-01-19 08:09:15
10673,Fresh,19.7,2026-01-19 08:09:15
10673,Citrus,16.67,2026-01-19 08:09:15
10673,Spicy,12.12,2026-01-19 08:09:15
10673,Woody,12.12,2026-01-19 08:09:15
10674,Floral,30.19,2026-01-19 08:09:15
10674,Fresh,20.75,2026-01-19 08:09:15
10674,Fruity,16.98,2026-01-19 08:09:15
10675,Floral,27.52,2026-01-19 08:09:15
10675,Sweet,22.48,2026-01-19 08:09:15
10675,Fruity,13.3,2026-01-19 08:09:15
10675,Creamy,12.84,2026-01-19 08:09:15
10676,Floral,50.0,2026-01-19 08:09:15
10676,Woody,25.0,2026-01-19 08:09:15
10676,Earthy,25.0,2026-01-19 08:09:15
10677,Woody,15.38,2026-01-19 08:09:15
10677,Spicy,14.53,2026-01-19 08:09:15
10677,Earthy,11.97,2026-01-19 08:09:15
10677,Green,11.11,2026-01-19 08:09:15
10677,Citrus,7.69,2026-01-19 08:09:15
10677,Leathery,7.69,2026-01-19 08:09:15
10677,Chypre,7.69,2026-01-19 08:09:15
10677,Animal,7.69,2026-01-19 08:09:15
10678,Spicy,22.27,2026-01-19 08:09:15
10678,Resinous,17.06,2026-01-19 08:09:15
10678,Oriental,13.74,2026-01-19 08:09:15
10678,Smoky,12.32,2026-01-19 08:09:15
10678,Sweet,10.9,2026-01-19 08:09:15
10682,Citrus,25.82,2026-01-19 08:09:15
10682,Fresh,23.47,2026-01-19 08:09:15
10682,Spicy,14.55,2026-01-19 08:09:15
10682,Green,13.15,2026-01-19 08:09:15
10683,Powdery,22.22,2026-01-19 08:09:15
10683,Woody,22.22,2026-01-19 08:09:15
10683,Fresh,22.22,2026-01-19 08:09:15
10683,Floral,22.22,2026-01-19 08:09:15
10684,Floral,28.7,2026-01-19 08:09:15
10684,Creamy,17.83,2026-01-19 08:09:15
10684,Sweet,13.91,2026-01-19 08:09:15
10684,Fruity,11.74,2026-01-19 08:09:15
10685,Powdery,21.62,2026-01-19 08:09:15
10685,Floral,21.62,2026-01-19 08:09:15
10685,Woody,18.92,2026-01-19 08:09:15
10685,Spicy,13.51,2026-01-19 08:09:15
10685,Sweet,13.51,2026-01-19 08:09:15
10686,Earthy,18.09,2026-01-19 08:09:15
10686,Powdery,15.96,2026-01-19 08:09:15
10686,Fruity,15.43,2026-01-19 08:09:15
10686,Floral,14.89,2026-01-19 08:09:15
10686,Spicy,13.83,2026-01-19 08:09:15
10688,Spicy,20.44,2026-01-19 08:09:15
10688,Fresh,19.89,2026-01-19 08:09:15
10688,Citrus,16.57,2026-01-19 08:09:15
10688,Sweet,12.15,2026-01-19 08:09:15
10688,Woody,12.15,2026-01-19 08:09:15
10689,Sweet,25.0,2026-01-19 08:09:15
10689,Oriental,21.43,2026-01-19 08:09:15
10689,Floral,17.86,2026-01-19 08:09:15
10689,Spicy,10.71,2026-01-19 08:09:15
10689,Woody,10.71,2026-01-19 08:09:15
10690,Fresh,25.57,2026-01-19 08:09:15
10690,Green,21.02,2026-01-19 08:09:15
10690,Citrus,19.32,2026-01-19 08:09:15
10692,Citrus,22.31,2026-01-19 08:09:15
10692,Floral,19.62,2026-01-19 08:09:15
10692,Fresh,14.62,2026-01-19 08:09:15
10692,Sweet,14.23,2026-01-19 08:09:15
10695,Floral,40.0,2026-01-19 08:09:15
10696,Powdery,24.31,2026-01-19 08:09:15
10696,Floral,21.1,2026-01-19 08:09:15
10696,Creamy,16.06,2026-01-19 08:09:15
10696,Woody,12.84,2026-01-19 08:09:15
10697,Sweet,18.75,2026-01-19 08:09:15
10697,Fresh,15.62,2026-01-19 08:09:15
10697,Floral,15.62,2026-01-19 08:09:15
10697,Powdery,12.5,2026-01-19 08:09:15
10697,Gourmand,12.5,2026-01-19 08:09:15
10699,Green,27.88,2026-01-19 08:09:15
10699,Floral,26.06,2026-01-19 08:09:15
10699,Fresh,22.42,2026-01-19 08:09:15
10700,Sweet,22.73,2026-01-19 08:09:15
10700,Resinous,15.15,2026-01-19 08:09:15
10700,Spicy,13.13,2026-01-19 08:09:15
10700,Green,11.62,2026-01-19 08:09:15
10700,Woody,9.6,2026-01-19 08:09:15
10701,Floral,30.56,2026-01-19 08:09:15
10701,Woody,22.22,2026-01-19 08:09:15
10701,Sweet,16.67,2026-01-19 08:09:15
10701,Creamy,16.67,2026-01-19 08:09:15
10703,Floral,26.28,2026-01-19 08:09:15
10703,Powdery,17.31,2026-01-19 08:09:15
10703,Woody,15.38,2026-01-19 08:09:15
10703,Spicy,10.9,2026-01-19 08:09:15
10703,Green,10.9,2026-01-19 08:09:15
10704,Floral,27.39,2026-01-19 08:09:15
10704,Fresh,19.11,2026-01-19 08:09:15
10704,Sweet,14.01,2026-01-19 08:09:15
10704,Fruity,10.83,2026-01-19 08:09:15
10705,Sweet,15.22,2026-01-19 08:09:15
10705,Powdery,15.22,2026-01-19 08:09:15
10705,Oriental,15.22,2026-01-19 08:09:15
10705,Woody,13.04,2026-01-19 08:09:15
10705,Floral,13.04,2026-01-19 08:09:15
10708,Floral,31.79,2026-01-19 08:09:15
10708,Powdery,30.06,2026-01-19 08:09:15
10708,Sweet,15.61,2026-01-19 08:09:15
10709,Sweet,25.0,2026-01-19 08:09:15
10709,Powdery,25.0,2026-01-19 08:09:15
10709,Floral,25.0,2026-01-19 08:09:15
10712,Woody,18.49,2026-01-19 08:09:15
10712,Floral,16.98,2026-01-19 08:09:15
10712,Spicy,16.6,2026-01-19 08:09:15
10712,Smoky,12.08,2026-01-19 08:09:15
10712,Oriental,9.06,2026-01-19 08:09:15
10712,Leathery,6.42,2026-01-19 08:09:15
10713,Floral,26.0,2026-01-19 08:09:15
10713,Green,22.0,2026-01-19 08:09:15
10713,Fresh,20.0,2026-01-19 08:09:15
10713,Earthy,12.0,2026-01-19 08:09:15
10716,Powdery,20.18,2026-01-19 08:09:15
10716,Spicy,16.06,2026-01-19 08:09:15
10716,Floral,15.14,2026-01-19 08:09:15
10716,Gourmand,13.3,2026-01-19 08:09:15
10716,Fresh,12.39,2026-01-19 08:09:15
10717,Floral,23.68,2026-01-19 08:09:15
10717,Spicy,18.42,2026-01-19 08:09:15
10717,Chypre,18.42,2026-01-19 08:09:15
10717,Green,13.16,2026-01-19 08:09:15
10720,Floral,29.61,2026-01-19 08:09:15
10720,Powdery,29.05,2026-01-19 08:09:15
10720,Creamy,15.64,2026-01-19 08:09:15
10721,Floral,14.08,2026-01-19 08:09:15
10721,Spicy,12.68,2026-01-19 08:09:15
10721,Woody,12.68,2026-01-19 08:09:15
10721,Chypre,12.68,2026-01-19 08:09:15
10721,Fruity,9.86,2026-01-19 08:09:15
10721,Green,8.45,2026-01-19 08:09:15
10721,Citrus,7.04,2026-01-19 08:09:15
10723,Synthetic,100.0,2026-01-19 08:09:15
10724,Floral,21.61,2026-01-19 08:09:15
10724,Fruity,21.11,2026-01-19 08:09:15
10724,Sweet,16.58,2026-01-19 08:09:15
10724,Fresh,15.08,2026-01-19 08:09:15
10725,Floral,26.67,2026-01-19 08:09:15
10725,Green,22.22,2026-01-19 08:09:15
10725,Fruity,17.78,2026-01-19 08:09:15
10725,Sweet,13.33,2026-01-19 08:09:15
10728,Woody,19.87,2026-01-19 08:09:15
10728,Leathery,19.21,2026-01-19 08:09:15
10728,Animal,13.91,2026-01-19 08:09:15
10728,Smoky,13.25,2026-01-19 08:09:15
10728,Spicy,12.58,2026-01-19 08:09:15
10729,Floral,29.63,2026-01-19 08:09:15
10729,Aquatic,25.93,2026-01-19 08:09:15
10729,Fresh,22.22,2026-01-19 08:09:15
10731,Spicy,22.22,2026-01-19 08:09:15
10731,Sweet,22.22,2026-01-19 08:09:15
10731,Green,22.22,2026-01-19 08:09:15
10732,Floral,28.09,2026-01-19 08:09:15
10732,Sweet,16.85,2026-01-19 08:09:15
10732,Oriental,16.85,2026-01-19 08:09:15
10732,Woody,12.92,2026-01-19 08:09:15
10733,Woody,29.17,2026-01-19 08:09:15
10733,Floral,29.17,2026-01-19 08:09:15
10735,Spicy,20.0,2026-01-19 08:09:15
10735,Synthetic,20.0,2026-01-19 08:09:15
10735,Sweet,20.0,2026-01-19 08:09:15
10735,Gourmand,20.0,2026-01-19 08:09:15
10735,Fruity,20.0,2026-01-19 08:09:15
10736,Fresh,25.78,2026-01-19 08:09:15
10736,Green,24.89,2026-01-19 08:09:15
10736,Citrus,16.44,2026-01-19 08:09:15
10737,Floral,25.0,2026-01-19 08:09:15
10737,Sweet,22.22,2026-01-19 08:09:15
10737,Powdery,19.44,2026-01-19 08:09:15
10740,Spicy,19.39,2026-01-19 08:09:15
10740,Woody,15.31,2026-01-19 08:09:15
10740,Resinous,15.31,2026-01-19 08:09:15
10740,Sweet,12.24,2026-01-19 08:09:15
10740,Oriental,12.24,2026-01-19 08:09:15
10741,Spicy,18.52,2026-01-19 08:09:15
10741,Floral,18.52,2026-01-19 08:09:15
10741,Green,14.81,2026-01-19 08:09:15
10741,Powdery,11.11,2026-01-19 08:09:15
10741,Chypre,11.11,2026-01-19 08:09:15
10741,Animal,11.11,2026-01-19 08:09:15
10743,Spicy,33.33,2026-01-19 08:09:15
10743,Sweet,33.33,2026-01-19 08:09:15
10743,Gourmand,33.33,2026-01-19 08:09:15
10744,Spicy,28.17,2026-01-19 08:09:15
10744,Oriental,19.72,2026-01-19 08:09:15
10744,Woody,16.9,2026-01-19 08:09:15
10744,Resinous,11.27,2026-01-19 08:09:15
10745,Fruity,23.08,2026-01-19 08:09:15
10745,Floral,23.08,2026-01-19 08:09:15
10745,Sweet,15.38,2026-01-19 08:09:15
10745,Fresh,15.38,2026-01-19 08:09:15
10748,Floral,26.11,2026-01-19 08:09:15
10748,Fresh,21.66,2026-01-19 08:09:15
10748,Powdery,14.01,2026-01-19 08:09:15
10748,Sweet,9.55,2026-01-19 08:09:15
10748,Fruity,8.28,2026-01-19 08:09:15
10748,Aquatic,8.28,2026-01-19 08:09:15
10749,Spicy,24.14,2026-01-19 08:09:15
10749,Floral,24.14,2026-01-19 08:09:15
10749,Smoky,20.69,2026-01-19 08:09:15
10752,Powdery,25.34,2026-01-19 08:09:15
10752,Floral,22.6,2026-01-19 08:09:15
10752,Creamy,15.07,2026-01-19 08:09:15
10752,Sweet,13.7,2026-01-19 08:09:15
10753,Fruity,19.44,2026-01-19 08:09:15
10753,Sweet,16.67,2026-01-19 08:09:15
10753,Floral,11.11,2026-01-19 08:09:15
10753,Citrus,8.33,2026-01-19 08:09:15
10753,Woody,8.33,2026-01-19 08:09:15
10753,Fresh,8.33,2026-01-19 08:09:15
10756,Floral,33.87,2026-01-19 08:09:15
10756,Fresh,29.03,2026-01-19 08:09:15
10756,Powdery,16.94,2026-01-19 08:09:15
10758,Sweet,27.27,2026-01-19 08:09:15
10758,Floral,27.27,2026-01-19 08:09:15
10758,Fresh,18.18,2026-01-19 08:09:15
10760,Sweet,26.67,2026-01-19 08:09:15
10760,Creamy,26.67,2026-01-19 08:09:15
10760,Floral,25.56,2026-01-19 08:09:15
10762,Floral,28.57,2026-01-19 08:09:15
10762,Spicy,19.05,2026-01-19 08:09:15
10762,Green,19.05,2026-01-19 08:09:15
10762,Fresh,19.05,2026-01-19 08:09:15
10765,Woody,22.56,2026-01-19 08:09:15
10765,Green,16.54,2026-01-19 08:09:15
10765,Fougère,16.54,2026-01-19 08:09:15
10765,Fresh,15.04,2026-01-19 08:09:15
10766,Citrus,25.0,2026-01-19 08:09:15
10766,Fruity,25.0,2026-01-19 08:09:15
10766,Green,15.62,2026-01-19 08:09:15
10766,Fresh,15.62,2026-01-19 08:09:15
10768,Powdery,25.41,2026-01-19 08:09:15
10768,Sweet,20.49,2026-01-19 08:09:15
10768,Woody,18.85,2026-01-19 08:09:15
10772,Floral,25.23,2026-01-19 08:09:15
10772,Smoky,19.82,2026-01-19 08:09:15
10772,Spicy,18.92,2026-01-19 08:09:15
10772,Woody,12.61,2026-01-19 08:09:15
10773,Sweet,23.53,2026-01-19 08:09:15
10773,Floral,23.53,2026-01-19 08:09:15
10773,Powdery,17.65,2026-01-19 08:09:15
10776,Spicy,20.63,2026-01-19 08:09:15
10776,Sweet,19.84,2026-01-19 08:09:15
10776,Oriental,17.46,2026-01-19 08:09:15
10776,Woody,17.46,2026-01-19 08:09:15
10776,Fruity,17.46,2026-01-19 08:09:15
10781,Fruity,23.81,2026-01-19 08:09:15
10781,Floral,23.81,2026-01-19 08:09:15
10781,Sweet,19.05,2026-01-19 08:09:15
10781,Powdery,19.05,2026-01-19 08:09:15
10785,Sweet,18.75,2026-01-19 08:09:15
10785,Fruity,18.75,2026-01-19 08:09:15
10785,Floral,15.62,2026-01-19 08:09:15
10785,Powdery,9.38,2026-01-19 08:09:15
10786,Floral,35.51,2026-01-19 08:09:15
10788,Floral,26.61,2026-01-19 08:09:15
10788,Sweet,22.94,2026-01-19 08:09:15
10788,Synthetic,19.27,2026-01-19 08:09:15
10789,Fresh,27.78,2026-01-19 08:09:15
10789,Floral,27.78,2026-01-19 08:09:15
10789,Sweet,16.67,2026-01-19 08:09:15
10789,Powdery,16.67,2026-01-19 08:09:15
10790,Citrus,23.44,2026-01-19 08:09:15
10790,Floral,21.88,2026-01-19 08:09:15
10790,Fresh,18.75,2026-01-19 08:09:15
10792,Floral,18.92,2026-01-19 08:09:15
10792,Fruity,18.02,2026-01-19 08:09:15
10792,Citrus,17.12,2026-01-19 08:09:15
10792,Sweet,11.71,2026-01-19 08:09:15
10792,Fresh,11.71,2026-01-19 08:09:15
10793,Sweet,19.23,2026-01-19 08:09:15
10793,Floral,19.23,2026-01-19 08:09:15
10793,Synthetic,15.38,2026-01-19 08:09:15
10793,Powdery,15.38,2026-01-19 08:09:15
10793,Gourmand,15.38,2026-01-19 08:09:15
10794,Spicy,21.0,2026-01-19 08:09:15
10794,Green,18.0,2026-01-19 08:09:15
10794,Smoky,17.0,2026-01-19 08:09:15
10794,Woody,16.0,2026-01-19 08:09:15
10796,Floral,27.93,2026-01-19 08:09:15
10796,Fresh,24.32,2026-01-19 08:09:15
10796,Creamy,15.32,2026-01-19 08:09:15
10796,Green,11.71,2026-01-19 08:09:15
10797,Spicy,23.02,2026-01-19 08:09:15
10797,Floral,16.67,2026-01-19 08:09:15
10797,Leathery,15.87,2026-01-19 08:09:15
10797,Smoky,12.7,2026-01-19 08:09:15
10797,Sweet,11.11,2026-01-19 08:09:15
10798,Powdery,15.79,2026-01-19 08:09:15
10798,Fruity,15.79,2026-01-19 08:09:15
10798,Floral,15.79,2026-01-19 08:09:15
10798,Sweet,13.16,2026-01-19 08:09:15
10798,Gourmand,10.53,2026-01-19 08:09:15
10798,Creamy,10.53,2026-01-19 08:09:15
10800,Floral,26.28,2026-01-19 08:09:15
10800,Sweet,13.87,2026-01-19 08:09:15
10800,Spicy,13.14,2026-01-19 08:09:15
10800,Powdery,11.68,2026-01-19 08:09:15
10800,Green,10.22,2026-01-19 08:09:15
10801,Citrus,23.66,2026-01-19 08:09:15
10801,Fresh,19.35,2026-01-19 08:09:15
10801,Woody,18.28,2026-01-19 08:09:15
10801,Spicy,15.05,2026-01-19 08:09:15
10803,Floral,25.0,2026-01-19 08:09:15
10803,Gourmand,15.0,2026-01-19 08:09:15
10803,Spicy,10.0,2026-01-19 08:09:15
10803,Sweet,10.0,2026-01-19 08:09:15
10803,Smoky,10.0,2026-01-19 08:09:15
10803,Powdery,10.0,2026-01-19 08:09:15
10803,Oriental,10.0,2026-01-19 08:09:15
10803,Animal,10.0,2026-01-19 08:09:15
10805,Citrus,15.38,2026-01-19 08:09:15
10805,Fresh,15.38,2026-01-19 08:09:15
10805,Synthetic,12.82,2026-01-19 08:09:15
10805,Green,12.82,2026-01-19 08:09:15
10805,Floral,12.82,2026-01-19 08:09:15
10806,Floral,21.15,2026-01-19 08:09:15
10806,Oriental,20.19,2026-01-19 08:09:15
10806,Spicy,17.31,2026-01-19 08:09:15
10806,Sweet,13.46,2026-01-19 08:09:15
10807,Fresh,28.87,2026-01-19 08:09:15
10807,Floral,28.87,2026-01-19 08:09:15
10808,Synthetic,16.67,2026-01-19 08:09:15
10808,Sweet,16.67,2026-01-19 08:09:15
10808,Fruity,16.67,2026-01-19 08:09:15
10808,Floral,16.67,2026-01-19 08:09:15
10810,Fresh,25.56,2026-01-19 08:09:15
10810,Floral,24.44,2026-01-19 08:09:15
10810,Citrus,17.78,2026-01-19 08:09:15
10812,Sweet,26.92,2026-01-19 08:09:15
10812,Fruity,26.92,2026-01-19 08:09:15
10812,Floral,19.23,2026-01-19 08:09:15
10814,Leathery,23.44,2026-01-19 08:09:15
10814,Woody,23.44,2026-01-19 08:09:15
10814,Spicy,18.75,2026-01-19 08:09:15
10815,Floral,33.82,2026-01-19 08:09:15
10816,Floral,24.19,2026-01-19 08:09:15
10816,Spicy,22.58,2026-01-19 08:09:15
10816,Oriental,20.97,2026-01-19 08:09:15
10817,Sweet,23.08,2026-01-19 08:09:15
10817,Floral,23.08,2026-01-19 08:09:15
10817,Powdery,19.23,2026-01-19 08:09:15
10817,Creamy,19.23,2026-01-19 08:09:15
10819,Floral,27.37,2026-01-19 08:09:15
10819,Fruity,23.16,2026-01-19 08:09:15
10819,Sweet,21.05,2026-01-19 08:09:15
10822,Floral,18.52,2026-01-19 08:09:15
10822,Spicy,17.28,2026-01-19 08:09:15
10822,Green,17.28,2026-01-19 08:09:15
10822,Resinous,16.05,2026-01-19 08:09:15
10823,Citrus,23.64,2026-01-19 08:09:15
10823,Fresh,22.73,2026-01-19 08:09:15
10823,Green,13.64,2026-01-19 08:09:15
10823,Woody,9.09,2026-01-19 08:09:15
10823,Spicy,8.18,2026-01-19 08:09:15
10824,Spicy,15.79,2026-01-19 08:09:15
10824,Green,15.79,2026-01-19 08:09:15
10824,Chypre,15.79,2026-01-19 08:09:15
10824,Floral,15.79,2026-01-19 08:09:15
10824,Fresh,10.53,2026-01-19 08:09:15
10826,Floral,17.82,2026-01-19 08:09:15
10826,Spicy,15.84,2026-01-19 08:09:15
10826,Oriental,14.85,2026-01-19 08:09:15
10826,Sweet,13.86,2026-01-19 08:09:15
10826,Woody,10.89,2026-01-19 08:09:15
10827,Spicy,19.83,2026-01-19 08:09:15
10827,Woody,19.83,2026-01-19 08:09:15
10827,Smoky,16.38,2026-01-19 08:09:15
10827,Oriental,16.38,2026-01-19 08:09:15
10828,Fruity,22.22,2026-01-19 08:09:15
10828,Floral,19.44,2026-01-19 08:09:15
10828,Spicy,9.72,2026-01-19 08:09:15
10828,Fresh,9.72,2026-01-19 08:09:15
10828,Sweet,6.94,2026-01-19 08:09:15
10828,Powdery,6.94,2026-01-19 08:09:15
10830,Spicy,15.38,2026-01-19 08:09:15
10830,Woody,15.38,2026-01-19 08:09:15
10830,Fresh,15.38,2026-01-19 08:09:15
10830,Aquatic,15.38,2026-01-19 08:09:15
10831,Floral,21.31,2026-01-19 08:09:15
10831,Fruity,19.67,2026-01-19 08:09:15
10831,Fresh,19.67,2026-01-19 08:09:15
10831,Woody,13.11,2026-01-19 08:09:15
10832,Sweet,18.99,2026-01-19 08:09:15
10832,Floral,18.99,2026-01-19 08:09:15
10832,Oriental,15.19,2026-01-19 08:09:15
10832,Woody,13.92,2026-01-19 08:09:15
10832,Spicy,12.66,2026-01-19 08:09:15
10834,Spicy,15.0,2026-01-19 08:09:15
10834,Sweet,15.0,2026-01-19 08:09:15
10834,Oriental,15.0,2026-01-19 08:09:15
10834,Synthetic,10.0,2026-01-19 08:09:15
10834,Smoky,10.0,2026-01-19 08:09:15
10834,Woody,10.0,2026-01-19 08:09:15
10834,Fruity,10.0,2026-01-19 08:09:15
10834,Floral,10.0,2026-01-19 08:09:15
10835,Floral,28.42,2026-01-19 08:09:15
10835,Fresh,22.11,2026-01-19 08:09:15
10835,Green,20.0,2026-01-19 08:09:15
10838,Fresh,21.43,2026-01-19 08:09:15
10838,Floral,21.43,2026-01-19 08:09:15
10838,Citrus,14.29,2026-01-19 08:09:15
10838,Sweet,14.29,2026-01-19 08:09:15
10838,Woody,14.29,2026-01-19 08:09:15
10838,Fruity,14.29,2026-01-19 08:09:15
10841,Floral,35.0,2026-01-19 08:09:15
10841,Powdery,21.67,2026-01-19 08:09:15
10841,Fresh,16.67,2026-01-19 08:09:15
10842,Citrus,15.0,2026-01-19 08:09:15
10842,Spicy,15.0,2026-01-19 08:09:15
10842,Synthetic,10.0,2026-01-19 08:09:15
10842,Woody,10.0,2026-01-19 08:09:15
10842,Aquatic,10.0,2026-01-19 08:09:15
10842,Sweet,5.0,2026-01-19 08:09:15
10842,Green,5.0,2026-01-19 08:09:15
10842,Fruity,5.0,2026-01-19 08:09:15
10842,Fresh,5.0,2026-01-19 08:09:15
10842,Fougère,5.0,2026-01-19 08:09:15
10842,Earthy,5.0,2026-01-19 08:09:15
10842,Chypre,5.0,2026-01-19 08:09:15
10842,Floral,5.0,2026-01-19 08:09:15
10843,Floral,23.08,2026-01-19 08:09:15
10843,Green,18.68,2026-01-19 08:09:15
10843,Fresh,13.19,2026-01-19 08:09:15
10843,Powdery,9.89,2026-01-19 08:09:15
10843,Woody,8.79,2026-01-19 08:09:15
10845,Green,25.0,2026-01-19 08:09:15
10845,Fresh,25.0,2026-01-19 08:09:15
10845,Floral,17.31,2026-01-19 08:09:15
10846,Green,15.09,2026-01-19 08:09:15
10846,Citrus,13.21,2026-01-19 08:09:15
10846,Spicy,13.21,2026-01-19 08:09:15
10846,Fresh,13.21,2026-01-19 08:09:15
10846,Chypre,11.32,2026-01-19 08:09:15
10846,Woody,9.43,2026-01-19 08:09:15
10846,Floral,9.43,2026-01-19 08:09:15
10847,Floral,25.84,2026-01-19 08:09:15
10847,Green,22.47,2026-01-19 08:09:15
10847,Fresh,21.35,2026-01-19 08:09:15
10849,Floral,31.75,2026-01-19 08:09:15
10849,Fresh,17.46,2026-01-19 08:09:15
10849,Creamy,17.46,2026-01-19 08:09:15
10849,Sweet,11.11,2026-01-19 08:09:15
10850,Oriental,20.0,2026-01-19 08:09:15
10850,Floral,20.0,2026-01-19 08:09:15
10850,Smoky,15.0,2026-01-19 08:09:15
10850,Spicy,10.0,2026-01-19 08:09:15
10850,Sweet,10.0,2026-01-19 08:09:15
10850,Woody,10.0,2026-01-19 08:09:15
10850,Resinous,10.0,2026-01-19 08:09:15
10851,Floral,25.0,2026-01-19 08:09:15
10851,Sweet,22.06,2026-01-19 08:09:15
10851,Fresh,16.18,2026-01-19 08:09:15
10851,Green,13.24,2026-01-19 08:09:15
10853,Floral,21.52,2026-01-19 08:09:15
10853,Spicy,18.99,2026-01-19 08:09:15
10853,Oriental,17.72,2026-01-19 08:09:15
10853,Sweet,16.46,2026-01-19 08:09:15
10854,Sweet,21.74,2026-01-19 08:09:15
10854,Fruity,21.74,2026-01-19 08:09:15
10854,Floral,17.39,2026-01-19 08:09:15
10854,Creamy,13.04,2026-01-19 08:09:15
10855,Floral,31.25,2026-01-19 08:09:15
10855,Sweet,21.88,2026-01-19 08:09:15
10855,Spicy,18.75,2026-01-19 08:09:15
10857,Floral,28.57,2026-01-19 08:09:15
10857,Fresh,23.81,2026-01-19 08:09:15
10857,Woody,16.67,2026-01-19 08:09:15
10857,Synthetic,9.52,2026-01-19 08:09:15
10858,Floral,17.86,2026-01-19 08:09:15
10858,Powdery,14.29,2026-01-19 08:09:15
10858,Animal,14.29,2026-01-19 08:09:15
10858,Sweet,10.71,2026-01-19 08:09:15
10858,Oriental,10.71,2026-01-19 08:09:15
10858,Chypre,10.71,2026-01-19 08:09:15
10861,Floral,24.56,2026-01-19 08:09:15
10861,Sweet,21.05,2026-01-19 08:09:15
10861,Citrus,14.04,2026-01-19 08:09:15
10861,Fresh,12.28,2026-01-19 08:09:15
10862,Floral,21.74,2026-01-19 08:09:15
10862,Citrus,17.39,2026-01-19 08:09:15
10862,Green,13.04,2026-01-19 08:09:15
10862,Fresh,13.04,2026-01-19 08:09:15
10863,Leathery,18.64,2026-01-19 08:09:15
10863,Smoky,15.25,2026-01-19 08:09:15
10863,Spicy,13.56,2026-01-19 08:09:15
10863,Resinous,13.56,2026-01-19 08:09:15
10863,Woody,11.86,2026-01-19 08:09:15
10865,Fruity,26.42,2026-01-19 08:09:15
10865,Floral,24.53,2026-01-19 08:09:15
10865,Sweet,18.87,2026-01-19 08:09:15
10866,Citrus,19.05,2026-01-19 08:09:15
10866,Fruity,19.05,2026-01-19 08:09:15
10866,Floral,19.05,2026-01-19 08:09:15
10866,Sweet,14.29,2026-01-19 08:09:15
10869,Woody,17.74,2026-01-19 08:09:15
10869,Floral,16.13,2026-01-19 08:09:15
10869,Oriental,14.52,2026-01-19 08:09:15
10869,Resinous,12.9,2026-01-19 08:09:15
10869,Spicy,8.06,2026-01-19 08:09:15
10869,Powdery,8.06,2026-01-19 08:09:15
10873,Floral,31.25,2026-01-19 08:09:15
10873,Fruity,25.0,2026-01-19 08:09:15
10873,Powdery,12.5,2026-01-19 08:09:15
10874,Aquatic,30.61,2026-01-19 08:09:15
10874,Fresh,28.57,2026-01-19 08:09:15
10874,Woody,16.33,2026-01-19 08:09:15
10877,Floral,42.86,2026-01-19 08:09:15
10877,Sweet,28.57,2026-01-19 08:09:15
10879,Fresh,25.0,2026-01-19 08:09:15
10879,Floral,22.5,2026-01-19 08:09:15
10879,Citrus,12.5,2026-01-19 08:09:15
10879,Synthetic,10.0,2026-01-19 08:09:15
10879,Spicy,7.5,2026-01-19 08:09:15
10879,Creamy,7.5,2026-01-19 08:09:15
10881,Floral,33.33,2026-01-19 08:09:15
10881,Spicy,22.22,2026-01-19 08:09:15
10881,Sweet,22.22,2026-01-19 08:09:15
10881,Fruity,22.22,2026-01-19 08:09:15
10882,Floral,33.78,2026-01-19 08:09:15
10882,Fresh,22.93,2026-01-19 08:09:15
10882,Powdery,19.21,2026-01-19 08:09:15
10885,Floral,21.74,2026-01-19 08:09:15
10885,Fruity,17.39,2026-01-19 08:09:15
10885,Fresh,17.39,2026-01-19 08:09:15
10885,Citrus,13.04,2026-01-19 08:09:15
10885,Sweet,13.04,2026-01-19 08:09:15
10886,Floral,23.4,2026-01-19 08:09:15
10886,Fruity,19.34,2026-01-19 08:09:15
10886,Fresh,14.0,2026-01-19 08:09:15
10886,Chypre,11.81,2026-01-19 08:09:15
10886,Sweet,11.14,2026-01-19 08:09:15
10890,Powdery,32.94,2026-01-19 08:09:15
10890,Floral,29.85,2026-01-19 08:09:15
10890,Sweet,16.91,2026-01-19 08:09:15
10893,Spicy,14.55,2026-01-19 08:09:15
10893,Woody,14.55,2026-01-19 08:09:15
10893,Citrus,12.73,2026-01-19 08:09:15
10893,Green,12.73,2026-01-19 08:09:15
10893,Fresh,12.73,2026-01-19 08:09:15
10893,Chypre,12.73,2026-01-19 08:09:15
10894,Sweet,33.33,2026-01-19 08:09:15
10894,Gourmand,33.33,2026-01-19 08:09:15
10895,Sweet,21.37,2026-01-19 08:09:15
10895,Floral,18.78,2026-01-19 08:09:15
10895,Creamy,14.5,2026-01-19 08:09:15
10895,Fruity,10.99,2026-01-19 08:09:15
10895,Spicy,9.77,2026-01-19 08:09:15
10899,Floral,25.66,2026-01-19 08:09:15
10899,Fresh,20.57,2026-01-19 08:09:15
10899,Sweet,11.2,2026-01-19 08:09:15
10899,Citrus,9.16,2026-01-19 08:09:15
10899,Powdery,8.96,2026-01-19 08:09:15
10902,Floral,20.0,2026-01-19 08:09:15
10902,Citrus,16.92,2026-01-19 08:09:15
10902,Green,16.92,2026-01-19 08:09:15
10902,Fresh,16.92,2026-01-19 08:09:15
10902,Fruity,9.23,2026-01-19 08:09:15
10903,Fresh,25.22,2026-01-19 08:09:15
10903,Floral,24.87,2026-01-19 08:09:15
10903,Citrus,18.78,2026-01-19 08:09:15
10903,Green,18.78,2026-01-19 08:09:15
10905,Floral,30.77,2026-01-19 08:09:15
10905,Animal,17.95,2026-01-19 08:09:15
10905,Powdery,15.38,2026-01-19 08:09:15
10905,Green,15.38,2026-01-19 08:09:15
10907,Fruity,28.57,2026-01-19 08:09:15
10907,Fresh,28.57,2026-01-19 08:09:15
10909,Green,23.68,2026-01-19 08:09:15
10909,Floral,23.68,2026-01-19 08:09:15
10909,Fresh,21.05,2026-01-19 08:09:15
10910,Sweet,23.08,2026-01-19 08:09:15
10910,Fruity,23.08,2026-01-19 08:09:15
10910,Floral,23.08,2026-01-19 08:09:15
10911,Fresh,23.48,2026-01-19 08:09:15
10911,Woody,22.73,2026-01-19 08:09:15
10911,Green,18.43,2026-01-19 08:09:15
10911,Spicy,12.63,2026-01-19 08:09:15
10913,Green,18.75,2026-01-19 08:09:15
10913,Fresh,18.75,2026-01-19 08:09:15
10913,Citrus,15.62,2026-01-19 08:09:15
10913,Spicy,15.62,2026-01-19 08:09:15
10914,Floral,26.73,2026-01-19 08:09:15
10914,Spicy,19.42,2026-01-19 08:09:15
10914,Powdery,10.77,2026-01-19 08:09:15
10914,Woody,10.38,2026-01-19 08:09:15
10914,Sweet,10.19,2026-01-19 08:09:15
10915,Floral,20.0,2026-01-19 08:09:15
10915,Sweet,16.0,2026-01-19 08:09:15
10915,Smoky,16.0,2026-01-19 08:09:15
10915,Fruity,16.0,2026-01-19 08:09:15
10915,Oriental,12.0,2026-01-19 08:09:15
10915,Woody,12.0,2026-01-19 08:09:15
10917,Powdery,26.52,2026-01-19 08:09:15
10917,Floral,21.97,2026-01-19 08:09:15
10917,Sweet,16.41,2026-01-19 08:09:15
10917,Oriental,13.13,2026-01-19 08:09:15
10918,Floral,33.33,2026-01-19 08:09:15
10918,Powdery,25.0,2026-01-19 08:09:15
10918,Fresh,25.0,2026-01-19 08:09:15
10919,Spicy,20.83,2026-01-19 08:09:15
10919,Green,14.58,2026-01-19 08:09:15
10919,Fresh,14.58,2026-01-19 08:09:15
10919,Floral,14.58,2026-01-19 08:09:15
10919,Woody,10.42,2026-01-19 08:09:15
10921,Floral,27.84,2026-01-19 08:09:15
10921,Sweet,17.3,2026-01-19 08:09:15
10921,Spicy,13.51,2026-01-19 08:09:15
10921,Fruity,12.43,2026-01-19 08:09:15
10925,Spicy,18.18,2026-01-19 08:09:15
10925,Green,18.18,2026-01-19 08:09:15
10925,Fresh,18.18,2026-01-19 08:09:15
10925,Floral,18.18,2026-01-19 08:09:15
10927,Fruity,22.3,2026-01-19 08:09:15
10927,Woody,19.86,2026-01-19 08:09:15
10927,Floral,14.63,2026-01-19 08:09:15
10927,Spicy,13.24,2026-01-19 08:09:15
10929,Floral,20.83,2026-01-19 08:09:15
10929,Spicy,16.67,2026-01-19 08:09:15
10929,Oriental,16.67,2026-01-19 08:09:15
10929,Fruity,12.5,2026-01-19 08:09:15
10929,Earthy,12.5,2026-01-19 08:09:15
10930,Sweet,25.0,2026-01-19 08:09:15
10930,Floral,22.76,2026-01-19 08:09:15
10930,Spicy,18.59,2026-01-19 08:09:15
10930,Creamy,13.14,2026-01-19 08:09:15
10931,Powdery,30.0,2026-01-19 08:09:15
10931,Floral,30.0,2026-01-19 08:09:15
10931,Oriental,20.0,2026-01-19 08:09:15
10931,Chypre,20.0,2026-01-19 08:09:15
10933,Fruity,17.39,2026-01-19 08:09:15
10933,Floral,17.39,2026-01-19 08:09:15
10933,Fresh,13.04,2026-01-19 08:09:15
10933,Citrus,8.7,2026-01-19 08:09:15
10933,Spicy,8.7,2026-01-19 08:09:15
10933,Synthetic,8.7,2026-01-19 08:09:15
10933,Sweet,8.7,2026-01-19 08:09:15
10933,Powdery,8.7,2026-01-19 08:09:15
10933,Green,8.7,2026-01-19 08:09:15
10934,Citrus,23.08,2026-01-19 08:09:15
10934,Fresh,23.08,2026-01-19 08:09:15
10934,Green,15.38,2026-01-19 08:09:15
10934,Spicy,12.82,2026-01-19 08:09:15
10934,Fruity,12.82,2026-01-19 08:09:15
10935,Floral,23.55,2026-01-19 08:09:15
10935,Fruity,21.41,2026-01-19 08:09:15
10935,Fresh,17.13,2026-01-19 08:09:15
10935,Sweet,12.54,2026-01-19 08:09:15
10937,Floral,27.27,2026-01-19 08:09:15
10937,Citrus,18.18,2026-01-19 08:09:15
10937,Spicy,18.18,2026-01-19 08:09:15
10937,Sweet,18.18,2026-01-19 08:09:15
10937,Fruity,18.18,2026-01-19 08:09:15
10938,Sweet,22.46,2026-01-19 08:09:15
10938,Green,21.01,2026-01-19 08:09:15
10938,Floral,21.01,2026-01-19 08:09:15
10938,Spicy,12.68,2026-01-19 08:09:15
10939,Citrus,33.33,2026-01-19 08:09:15
10939,Green,33.33,2026-01-19 08:09:15
10939,Floral,33.33,2026-01-19 08:09:15
10942,Floral,26.15,2026-01-19 08:09:15
10942,Fresh,21.54,2026-01-19 08:09:15
10942,Powdery,16.15,2026-01-19 08:09:15
10942,Fruity,10.38,2026-01-19 08:09:15
10943,Floral,40.0,2026-01-19 08:09:15
10943,Sweet,20.0,2026-01-19 08:09:15
10943,Gourmand,20.0,2026-01-19 08:09:15
10943,Creamy,20.0,2026-01-19 08:09:15
10945,Fruity,25.0,2026-01-19 08:09:15
10945,Fresh,25.0,2026-01-19 08:09:15
10945,Floral,25.0,2026-01-19 08:09:15
10946,Floral,25.44,2026-01-19 08:09:15
10946,Fresh,25.0,2026-01-19 08:09:15
10946,Green,19.3,2026-01-19 08:09:15
10947,Floral,33.33,2026-01-19 08:09:15
10947,Fruity,22.22,2026-01-19 08:09:15
10947,Sweet,11.11,2026-01-19 08:09:15
10947,Green,11.11,2026-01-19 08:09:15
10947,Creamy,11.11,2026-01-19 08:09:15
10947,Animal,11.11,2026-01-19 08:09:15
10950,Floral,18.75,2026-01-19 08:09:15
10950,Sweet,12.5,2026-01-19 08:09:15
10950,Citrus,6.25,2026-01-19 08:09:15
10950,Spicy,6.25,2026-01-19 08:09:15
10950,Synthetic,6.25,2026-01-19 08:09:15
10950,Powdery,6.25,2026-01-19 08:09:15
10950,Oriental,6.25,2026-01-19 08:09:15
10950,Woody,6.25,2026-01-19 08:09:15
10950,Green,6.25,2026-01-19 08:09:15
10950,Fresh,6.25,2026-01-19 08:09:15
10950,Earthy,6.25,2026-01-19 08:09:15
10950,Chypre,6.25,2026-01-19 08:09:15
10950,Animal,6.25,2026-01-19 08:09:15
10951,Floral,26.79,2026-01-19 08:09:15
10951,Fruity,21.43,2026-01-19 08:09:15
10951,Sweet,20.24,2026-01-19 08:09:15
10953,Citrus,13.33,2026-01-19 08:09:15
10953,Sweet,13.33,2026-01-19 08:09:15
10953,Powdery,13.33,2026-01-19 08:09:15
10953,Woody,13.33,2026-01-19 08:09:15
10953,Fruity,13.33,2026-01-19 08:09:15
10953,Floral,13.33,2026-01-19 08:09:15
10954,Sweet,28.82,2026-01-19 08:09:15
10954,Floral,28.24,2026-01-19 08:09:15
10955,Spicy,20.0,2026-01-19 08:09:15
10955,Smoky,20.0,2026-01-19 08:09:15
10955,Resinous,20.0,2026-01-19 08:09:15
10955,Earthy,20.0,2026-01-19 08:09:15
10955,Creamy,20.0,2026-01-19 08:09:15
10957,Sweet,33.33,2026-01-19 08:09:15
10957,Woody,33.33,2026-01-19 08:09:15
10957,Floral,33.33,2026-01-19 08:09:15
10958,Floral,26.42,2026-01-19 08:09:15
10958,Fresh,21.51,2026-01-19 08:09:15
10958,Fruity,17.74,2026-01-19 08:09:15
10958,Citrus,10.94,2026-01-19 08:09:15
10966,Floral,24.39,2026-01-19 08:09:15
10966,Sweet,21.95,2026-01-19 08:09:15
10966,Powdery,21.95,2026-01-19 08:09:15
10970,Floral,24.32,2026-01-19 08:09:15
10970,Woody,21.62,2026-01-19 08:09:15
10970,Synthetic,16.22,2026-01-19 08:09:15
10970,Fresh,16.22,2026-01-19 08:09:15
10972,Fresh,28.57,2026-01-19 08:09:15
10972,Aquatic,28.57,2026-01-19 08:09:15
10974,Floral,30.77,2026-01-19 08:09:15
10974,Fresh,28.21,2026-01-19 08:09:15
10974,Citrus,15.38,2026-01-19 08:09:15
10977,Woody,20.0,2026-01-19 08:09:15
10977,Citrus,10.0,2026-01-19 08:09:15
10977,Spicy,10.0,2026-01-19 08:09:15
10977,Smoky,10.0,2026-01-19 08:09:15
10977,Leathery,10.0,2026-01-19 08:09:15
10977,Resinous,10.0,2026-01-19 08:09:15
10977,Earthy,10.0,2026-01-19 08:09:15
10977,Chypre,10.0,2026-01-19 08:09:15
10977,Animal,10.0,2026-01-19 08:09:15
10978,Fruity,26.19,2026-01-19 08:09:15
10978,Powdery,21.43,2026-01-19 08:09:15
10978,Sweet,16.67,2026-01-19 08:09:15
10978,Floral,16.67,2026-01-19 08:09:15
10982,Fresh,30.77,2026-01-19 08:09:15
10982,Aquatic,23.08,2026-01-19 08:09:15
10982,Floral,20.51,2026-01-19 08:09:15
10987,Floral,24.59,2026-01-19 08:09:15
10987,Woody,16.39,2026-01-19 08:09:15
10987,Fresh,13.11,2026-01-19 08:09:15
10987,Green,11.48,2026-01-19 08:09:15
10987,Fruity,11.48,2026-01-19 08:09:15
10991,Floral,26.67,2026-01-19 08:09:15
10991,Sweet,22.22,2026-01-19 08:09:15
10991,Creamy,15.56,2026-01-19 08:09:15
10991,Fresh,11.11,2026-01-19 08:09:15
10993,Spicy,16.67,2026-01-19 08:09:15
10993,Green,16.67,2026-01-19 08:09:15
10993,Smoky,11.11,2026-01-19 08:09:15
10993,Woody,11.11,2026-01-19 08:09:15
10993,Resinous,11.11,2026-01-19 08:09:15
10993,Fruity,11.11,2026-01-19 08:09:15
10993,Fresh,11.11,2026-01-19 08:09:15
10993,Floral,11.11,2026-01-19 08:09:15
10995,Sweet,38.46,2026-01-19 08:09:15
10995,Creamy,30.77,2026-01-19 08:09:15
10999,Floral,27.59,2026-01-19 08:09:15
10999,Green,24.14,2026-01-19 08:09:15
10999,Fresh,24.14,2026-01-19 08:09:15
11000,Spicy,33.33,2026-01-19 08:09:15
11000,Sweet,33.33,2026-01-19 08:09:15
11000,Gourmand,33.33,2026-01-19 08:09:15
11003,Fresh,22.58,2026-01-19 08:09:15
11003,Synthetic,19.35,2026-01-19 08:09:15
11003,Aquatic,19.35,2026-01-19 08:09:15
11003,Citrus,16.13,2026-01-19 08:09:15
11007,Fresh,21.95,2026-01-19 08:09:15
11007,Floral,17.07,2026-01-19 08:09:15
11007,Citrus,14.63,2026-01-19 08:09:15
11007,Green,12.2,2026-01-19 08:09:15
11007,Fruity,12.2,2026-01-19 08:09:15
11011,Floral,25.71,2026-01-19 08:09:15
11011,Fresh,22.86,2026-01-19 08:09:15
11011,Creamy,20.0,2026-01-19 08:09:15
11013,Spicy,20.0,2026-01-19 08:09:15
11013,Leathery,20.0,2026-01-19 08:09:15
11013,Woody,20.0,2026-01-19 08:09:15
11013,Chypre,20.0,2026-01-19 08:09:15
11013,Floral,20.0,2026-01-19 08:09:15
11016,Floral,29.63,2026-01-19 08:09:15
11016,Fresh,25.93,2026-01-19 08:09:15
11016,Creamy,18.52,2026-01-19 08:09:15
11020,Sweet,22.73,2026-01-19 08:09:15
11020,Powdery,18.18,2026-01-19 08:09:15
11020,Floral,18.18,2026-01-19 08:09:15
11020,Fruity,9.09,2026-01-19 08:09:15
11020,Fresh,9.09,2026-01-19 08:09:15
11020,Creamy,9.09,2026-01-19 08:09:15
11028,Sweet,21.74,2026-01-19 08:09:15
11028,Powdery,21.74,2026-01-19 08:09:15
11028,Fresh,21.74,2026-01-19 08:09:15
11028,Floral,21.74,2026-01-19 08:09:15
11032,Sweet,25.0,2026-01-19 08:09:15
11032,Powdery,25.0,2026-01-19 08:09:15
11032,Woody,25.0,2026-01-19 08:09:15
11032,Creamy,25.0,2026-01-19 08:09:15
11036,Sweet,33.33,2026-01-19 08:09:15
11036,Floral,33.33,2026-01-19 08:09:15
11039,Citrus,38.46,2026-01-19 08:09:15
11039,Fresh,30.77,2026-01-19 08:09:15
11045,Chypre,22.22,2026-01-19 08:09:15
11045,Floral,22.22,2026-01-19 08:09:15
11045,Spicy,11.11,2026-01-19 08:09:15
11045,Leathery,11.11,2026-01-19 08:09:15
11045,Woody,11.11,2026-01-19 08:09:15
11045,Earthy,11.11,2026-01-19 08:09:15
11045,Animal,11.11,2026-01-19 08:09:15
11048,Sweet,23.81,2026-01-19 08:09:15
11048,Floral,23.81,2026-01-19 08:09:15
11048,Fruity,19.05,2026-01-19 08:09:15
11060,Citrus,29.41,2026-01-19 08:09:15
11060,Fresh,29.41,2026-01-19 08:09:15
11079,Woody,22.22,2026-01-19 08:09:15
11079,Creamy,22.22,2026-01-19 08:09:15
11079,Floral,22.22,2026-01-19 08:09:15
11084,Gourmand,33.33,2026-01-19 08:09:15
11084,Spicy,16.67,2026-01-19 08:09:15
11084,Powdery,16.67,2026-01-19 08:09:15
11084,Woody,16.67,2026-01-19 08:09:15
11084,Earthy,16.67,2026-01-19 08:09:15
11087,Citrus,11.76,2026-01-19 08:09:15
11087,Spicy,11.76,2026-01-19 08:09:15
11087,Synthetic,11.76,2026-01-19 08:09:15
11087,Fresh,11.76,2026-01-19 08:09:15
11087,Aquatic,11.76,2026-01-19 08:09:15
11103,Citrus,25.0,2026-01-19 08:09:15
11103,Fresh,25.0,2026-01-19 08:09:15
11103,Powdery,12.5,2026-01-19 08:09:15
11103,Woody,12.5,2026-01-19 08:09:15
11103,Green,12.5,2026-01-19 08:09:15
11103,Floral,12.5,2026-01-19 08:09:15
11106,Fresh,27.83,2026-01-19 08:09:15
11106,Synthetic,20.0,2026-01-19 08:09:15
11106,Floral,14.78,2026-01-19 08:09:15
11106,Powdery,12.17,2026-01-19 08:09:15
11108,Sweet,50.0,2026-01-19 08:09:15
11108,Gourmand,50.0,2026-01-19 08:09:15
11110,Spicy,21.78,2026-01-19 08:09:15
11110,Earthy,21.78,2026-01-19 08:09:15
11110,Sweet,14.85,2026-01-19 08:09:15
11110,Woody,14.85,2026-01-19 08:09:15
11122,Sweet,29.17,2026-01-19 08:09:15
11122,Gourmand,29.17,2026-01-19 08:09:15
11122,Floral,16.67,2026-01-19 08:09:15
11125,Powdery,29.63,2026-01-19 08:09:15
11125,Floral,28.24,2026-01-19 08:09:15
11125,Fresh,18.06,2026-01-19 08:09:15
11126,Creamy,18.18,2026-01-19 08:09:15
11126,Synthetic,15.15,2026-01-19 08:09:15
11126,Sweet,15.15,2026-01-19 08:09:15
11126,Fresh,15.15,2026-01-19 08:09:15
11126,Gourmand,12.12,2026-01-19 08:09:15
11128,Sweet,33.33,2026-01-19 08:09:15
11128,Gourmand,33.33,2026-01-19 08:09:15
11128,Fruity,33.33,2026-01-19 08:09:15
11129,Sweet,27.88,2026-01-19 08:09:15
11129,Floral,27.88,2026-01-19 08:09:15
11129,Creamy,17.79,2026-01-19 08:09:15
11133,Floral,27.6,2026-01-19 08:09:15
11133,Powdery,18.75,2026-01-19 08:09:15
11133,Spicy,15.1,2026-01-19 08:09:15
11133,Woody,14.06,2026-01-19 08:09:15
11137,Floral,27.5,2026-01-19 08:09:15
11137,Fresh,23.75,2026-01-19 08:09:15
11137,Fruity,19.38,2026-01-19 08:09:15
11138,Sweet,30.43,2026-01-19 08:09:15
11138,Gourmand,30.43,2026-01-19 08:09:15
11145,Floral,28.89,2026-01-19 08:09:15
11145,Fresh,26.67,2026-01-19 08:09:15
11149,Floral,30.95,2026-01-19 08:09:15
11149,Sweet,18.25,2026-01-19 08:09:15
11149,Creamy,11.9,2026-01-19 08:09:15
11149,Fresh,10.32,2026-01-19 08:09:15
11150,Creamy,27.91,2026-01-19 08:09:15
11150,Spicy,25.58,2026-01-19 08:09:15
11150,Sweet,18.6,2026-01-19 08:09:15
11153,Floral,22.39,2026-01-19 08:09:15
11153,Sweet,14.18,2026-01-19 08:09:15
11153,Fresh,14.18,2026-01-19 08:09:15
11153,Woody,11.19,2026-01-19 08:09:15
11153,Creamy,8.21,2026-01-19 08:09:15
11154,Sweet,32.0,2026-01-19 08:09:15
11154,Gourmand,28.0,2026-01-19 08:09:15
11154,Synthetic,20.0,2026-01-19 08:09:15
11157,Floral,24.82,2026-01-19 08:09:15
11157,Woody,19.86,2026-01-19 08:09:15
11157,Fresh,15.6,2026-01-19 08:09:15
11157,Sweet,9.93,2026-01-19 08:09:15
11157,Green,9.93,2026-01-19 08:09:15
11162,Woody,25.0,2026-01-19 08:09:15
11162,Spicy,12.5,2026-01-19 08:09:15
11162,Sweet,12.5,2026-01-19 08:09:15
11162,Oriental,8.33,2026-01-19 08:09:15
11162,Resinous,8.33,2026-01-19 08:09:15
11162,Creamy,8.33,2026-01-19 08:09:15
11165,Floral,31.15,2026-01-19 08:09:15
11165,Green,24.59,2026-01-19 08:09:15
11165,Fresh,22.13,2026-01-19 08:09:15
11166,Citrus,29.63,2026-01-19 08:09:15
11166,Fresh,25.93,2026-01-19 08:09:15
11169,Floral,27.16,2026-01-19 08:09:15
11169,Fresh,22.22,2026-01-19 08:09:15
11169,Fruity,11.73,2026-01-19 08:09:15
11169,Synthetic,10.49,2026-01-19 08:09:15
11170,Fruity,45.45,2026-01-19 08:09:15
11170,Gourmand,27.27,2026-01-19 08:09:15
11173,Floral,28.46,2026-01-19 08:09:15
11173,Green,24.62,2026-01-19 08:09:15
11173,Fresh,22.31,2026-01-19 08:09:15
11177,Floral,25.17,2026-01-19 08:09:15
11177,Sweet,20.98,2026-01-19 08:09:15
11177,Powdery,13.29,2026-01-19 08:09:15
11177,Fresh,13.29,2026-01-19 08:09:15
11178,Sweet,31.25,2026-01-19 08:09:15
11178,Synthetic,18.75,2026-01-19 08:09:15
11178,Fruity,18.75,2026-01-19 08:09:15
11181,Floral,31.03,2026-01-19 08:09:15
11181,Fresh,26.72,2026-01-19 08:09:15
11185,Floral,24.55,2026-01-19 08:09:15
11185,Fresh,19.09,2026-01-19 08:09:15
11185,Powdery,14.55,2026-01-19 08:09:15
11185,Woody,12.73,2026-01-19 08:09:15
11186,Woody,25.0,2026-01-19 08:09:15
11186,Green,25.0,2026-01-19 08:09:15
11186,Fresh,25.0,2026-01-19 08:09:15
11190,Sweet,25.81,2026-01-19 08:09:15
11190,Synthetic,16.13,2026-01-19 08:09:15
11190,Gourmand,16.13,2026-01-19 08:09:15
11190,Powdery,12.9,2026-01-19 08:09:15
11190,Creamy,12.9,2026-01-19 08:09:15
11193,Sweet,30.0,2026-01-19 08:09:15
11193,Gourmand,30.0,2026-01-19 08:09:15
11193,Spicy,20.0,2026-01-19 08:09:15
11193,Oriental,20.0,2026-01-19 08:09:15
11194,Floral,39.39,2026-01-19 08:09:15
11194,Fresh,28.79,2026-01-19 08:09:15
11197,Spicy,17.65,2026-01-19 08:09:15
11197,Floral,17.65,2026-01-19 08:09:15
11197,Citrus,11.76,2026-01-19 08:09:15
11197,Sweet,11.76,2026-01-19 08:09:15
11197,Fresh,11.76,2026-01-19 08:09:15
11198,Floral,25.47,2026-01-19 08:09:15
11198,Fresh,22.64,2026-01-19 08:09:15
11198,Fruity,13.21,2026-01-19 08:09:15
11198,Spicy,12.26,2026-01-19 08:09:15
11202,Floral,33.82,2026-01-19 08:09:15
11202,Creamy,25.0,2026-01-19 08:09:15
11205,Sweet,30.0,2026-01-19 08:09:15
11205,Fruity,30.0,2026-01-19 08:09:15
11206,Citrus,20.0,2026-01-19 08:09:15
11206,Synthetic,20.0,2026-01-19 08:09:15
11206,Green,20.0,2026-01-19 08:09:15
11206,Fresh,20.0,2026-01-19 08:09:15
11206,Aquatic,20.0,2026-01-19 08:09:15
11209,Sweet,20.0,2026-01-19 08:09:15
11209,Fruity,20.0,2026-01-19 08:09:15
11209,Floral,20.0,2026-01-19 08:09:15
11209,Spicy,10.0,2026-01-19 08:09:15
11209,Synthetic,10.0,2026-01-19 08:09:15
11209,Woody,10.0,2026-01-19 08:09:15
11209,Gourmand,10.0,2026-01-19 08:09:15
11217,Sweet,33.33,2026-01-19 08:09:15
11217,Woody,33.33,2026-01-19 08:09:15
11217,Earthy,33.33,2026-01-19 08:09:15
11221,Floral,40.0,2026-01-19 08:09:15
11221,Green,20.0,2026-01-19 08:09:15
11221,Fresh,20.0,2026-01-19 08:09:15
11221,Aquatic,20.0,2026-01-19 08:09:15
11231,Fresh,23.08,2026-01-19 08:09:15
11231,Floral,23.08,2026-01-19 08:09:15
11231,Sweet,15.38,2026-01-19 08:09:15
11231,Green,15.38,2026-01-19 08:09:15
11243,Sweet,40.0,2026-01-19 08:09:15
11243,Synthetic,30.0,2026-01-19 08:09:15
11243,Fruity,30.0,2026-01-19 08:09:15
11247,Gourmand,28.57,2026-01-19 08:09:15
11252,Sweet,20.0,2026-01-19 08:09:15
11252,Fruity,20.0,2026-01-19 08:09:15
11252,Floral,20.0,2026-01-19 08:09:15
11252,Gourmand,10.0,2026-01-19 08:09:15
11252,Fresh,10.0,2026-01-19 08:09:15
11252,Creamy,10.0,2026-01-19 08:09:15
11263,Sweet,23.08,2026-01-19 08:09:15
11263,Gourmand,23.08,2026-01-19 08:09:15
11263,Powdery,15.38,2026-01-19 08:09:15
11263,Oriental,15.38,2026-01-19 08:09:15
11267,Sweet,26.67,2026-01-19 08:09:15
11267,Floral,26.67,2026-01-19 08:09:15
11267,Fresh,20.0,2026-01-19 08:09:15
11272,Spicy,20.0,2026-01-19 08:09:15
11272,Woody,20.0,2026-01-19 08:09:15
11272,Sweet,10.0,2026-01-19 08:09:15
11272,Smoky,10.0,2026-01-19 08:09:15
11272,Powdery,10.0,2026-01-19 08:09:15
11272,Oriental,10.0,2026-01-19 08:09:15
11272,Resinous,10.0,2026-01-19 08:09:15
11272,Earthy,10.0,2026-01-19 08:09:15
11280,Fruity,33.33,2026-01-19 08:09:15
11280,Synthetic,16.67,2026-01-19 08:09:15
11280,Sweet,16.67,2026-01-19 08:09:15
11280,Gourmand,16.67,2026-01-19 08:09:15
11280,Creamy,16.67,2026-01-19 08:09:15
11286,Spicy,25.0,2026-01-19 08:09:15
11286,Fruity,25.0,2026-01-19 08:09:15
11286,Citrus,12.5,2026-01-19 08:09:15
11286,Synthetic,12.5,2026-01-19 08:09:15
11286,Sweet,12.5,2026-01-19 08:09:15
11286,Resinous,12.5,2026-01-19 08:09:15
11287,Floral,20.87,2026-01-19 08:09:15
11287,Powdery,20.0,2026-01-19 08:09:15
11287,Fresh,18.26,2026-01-19 08:09:15
11287,Green,13.91,2026-01-19 08:09:15
11288,Sweet,25.62,2026-01-19 08:09:15
11288,Spicy,16.39,2026-01-19 08:09:15
11288,Fresh,14.82,2026-01-19 08:09:15
11288,Oriental,12.98,2026-01-19 08:09:15
11288,Powdery,10.07,2026-01-19 08:09:15
11290,Woody,25.0,2026-01-19 08:09:15
11290,Floral,25.0,2026-01-19 08:09:15
11290,Spicy,12.5,2026-01-19 08:09:15
11290,Synthetic,12.5,2026-01-19 08:09:15
11290,Smoky,12.5,2026-01-19 08:09:15
11290,Resinous,12.5,2026-01-19 08:09:15
11291,Floral,23.88,2026-01-19 08:09:15
11291,Sweet,19.4,2026-01-19 08:09:15
11291,Spicy,16.42,2026-01-19 08:09:15
11292,Sweet,33.3,2026-01-19 08:09:15
11292,Fruity,24.59,2026-01-19 08:09:15
11292,Synthetic,14.3,2026-01-19 08:09:15
11294,Sweet,23.08,2026-01-19 08:09:15
11294,Floral,20.19,2026-01-19 08:09:15
11294,Citrus,13.46,2026-01-19 08:09:15
11294,Spicy,11.54,2026-01-19 08:09:15
11294,Earthy,9.62,2026-01-19 08:09:15
11296,Sweet,28.77,2026-01-19 08:09:15
11296,Gourmand,22.27,2026-01-19 08:09:15
11296,Creamy,15.68,2026-01-19 08:09:15
11299,Woody,24.49,2026-01-19 08:09:15
11299,Sweet,19.39,2026-01-19 08:09:15
11299,Fresh,14.29,2026-01-19 08:09:15
11299,Creamy,14.29,2026-01-19 08:09:15
11300,Sweet,27.53,2026-01-19 08:09:15
11300,Fruity,22.8,2026-01-19 08:09:15
11300,Creamy,16.17,2026-01-19 08:09:15
11303,Floral,22.45,2026-01-19 08:09:15
11303,Fresh,20.41,2026-01-19 08:09:15
11303,Sweet,14.29,2026-01-19 08:09:15
11303,Synthetic,9.18,2026-01-19 08:09:15
11303,Citrus,8.16,2026-01-19 08:09:15
11303,Green,8.16,2026-01-19 08:09:15
11304,Sweet,20.05,2026-01-19 08:09:15
11304,Fresh,19.64,2026-01-19 08:09:15
11304,Fruity,18.31,2026-01-19 08:09:15
11304,Green,16.16,2026-01-19 08:09:15
11306,Oriental,27.27,2026-01-19 08:09:15
11306,Woody,18.18,2026-01-19 08:09:15
11306,Spicy,9.09,2026-01-19 08:09:15
11306,Resinous,9.09,2026-01-19 08:09:15
11306,Fruity,9.09,2026-01-19 08:09:15
11306,Earthy,9.09,2026-01-19 08:09:15
11306,Chypre,9.09,2026-01-19 08:09:15
11306,Animal,9.09,2026-01-19 08:09:15
11307,Spicy,23.33,2026-01-19 08:09:15
11307,Floral,23.33,2026-01-19 08:09:15
11307,Sweet,21.67,2026-01-19 08:09:15
11308,Sweet,24.81,2026-01-19 08:09:15
11308,Fresh,17.0,2026-01-19 08:09:15
11308,Synthetic,15.11,2026-01-19 08:09:15
11308,Fruity,13.13,2026-01-19 08:09:15
11310,Fresh,22.06,2026-01-19 08:09:15
11310,Citrus,19.61,2026-01-19 08:09:15
11310,Synthetic,18.14,2026-01-19 08:09:15
11310,Spicy,10.29,2026-01-19 08:09:15
11310,Fruity,9.8,2026-01-19 08:09:15
11311,Floral,26.76,2026-01-19 08:09:15
11311,Fresh,25.35,2026-01-19 08:09:15
11311,Citrus,18.31,2026-01-19 08:09:15
11312,Sweet,29.03,2026-01-19 08:09:15
11312,Fruity,24.76,2026-01-19 08:09:15
11312,Gourmand,17.18,2026-01-19 08:09:15
11314,Sweet,34.0,2026-01-19 08:09:15
11314,Fruity,32.0,2026-01-19 08:09:15
11315,Woody,28.36,2026-01-19 08:09:15
11315,Fresh,20.9,2026-01-19 08:09:15
11315,Creamy,20.9,2026-01-19 08:09:15
11316,Sweet,25.86,2026-01-19 08:09:15
11316,Oriental,18.38,2026-01-19 08:09:15
11316,Gourmand,12.85,2026-01-19 08:09:15
11316,Powdery,12.69,2026-01-19 08:09:15
11320,Sweet,31.27,2026-01-19 08:09:15
11320,Synthetic,23.68,2026-01-19 08:09:15
11320,Gourmand,16.34,2026-01-19 08:09:15
11322,Fresh,26.04,2026-01-19 08:09:15
11322,Aquatic,20.83,2026-01-19 08:09:15
11322,Fruity,13.54,2026-01-19 08:09:15
11322,Woody,10.42,2026-01-19 08:09:15
11323,Floral,30.16,2026-01-19 08:09:15
11323,Fresh,26.98,2026-01-19 08:09:15
11324,Floral,23.1,2026-01-19 08:09:15
11324,Sweet,22.11,2026-01-19 08:09:15
11324,Powdery,18.94,2026-01-19 08:09:15
11324,Oriental,13.1,2026-01-19 08:09:15
11326,Fresh,19.9,2026-01-19 08:09:15
11326,Spicy,19.39,2026-01-19 08:09:15
11326,Green,17.86,2026-01-19 08:09:15
11326,Citrus,15.31,2026-01-19 08:09:15
11327,Floral,24.32,2026-01-19 08:09:15
11327,Fresh,22.97,2026-01-19 08:09:15
11327,Powdery,14.86,2026-01-19 08:09:15
11327,Green,12.16,2026-01-19 08:09:15
11328,Sweet,25.73,2026-01-19 08:09:15
11328,Fruity,19.62,2026-01-19 08:09:15
11328,Gourmand,17.84,2026-01-19 08:09:15
11328,Creamy,10.14,2026-01-19 08:09:15
11330,Fruity,22.16,2026-01-19 08:09:15
11330,Sweet,21.56,2026-01-19 08:09:15
11330,Floral,14.37,2026-01-19 08:09:15
11330,Gourmand,8.98,2026-01-19 08:09:15
11330,Fresh,8.98,2026-01-19 08:09:15
11331,Floral,25.42,2026-01-19 08:09:15
11331,Powdery,22.03,2026-01-19 08:09:15
11331,Creamy,15.25,2026-01-19 08:09:15
11331,Fresh,11.86,2026-01-19 08:09:15
11332,Sweet,31.8,2026-01-19 08:09:15
11332,Gourmand,20.99,2026-01-19 08:09:15
11332,Floral,15.74,2026-01-19 08:09:15
11335,Floral,38.78,2026-01-19 08:09:15
11335,Fresh,28.57,2026-01-19 08:09:15
11336,Sweet,24.15,2026-01-19 08:09:15
11336,Synthetic,16.57,2026-01-19 08:09:15
11336,Woody,13.77,2026-01-19 08:09:15
11336,Spicy,11.98,2026-01-19 08:09:15
11336,Gourmand,11.58,2026-01-19 08:09:15
11338,Citrus,31.71,2026-01-19 08:09:15
11338,Fresh,31.71,2026-01-19 08:09:15
11339,Spicy,18.13,2026-01-19 08:09:15
11339,Sweet,18.13,2026-01-19 08:09:15
11339,Oriental,15.79,2026-01-19 08:09:15
11339,Woody,9.94,2026-01-19 08:09:15
11339,Floral,9.94,2026-01-19 08:09:15
11339,Fruity,7.02,2026-01-19 08:09:15
11340,Sweet,23.85,2026-01-19 08:09:15
11340,Leathery,22.26,2026-01-19 08:09:15
11340,Spicy,18.2,2026-01-19 08:09:15
11340,Woody,13.25,2026-01-19 08:09:15
11342,Floral,27.27,2026-01-19 08:09:15
11342,Spicy,18.18,2026-01-19 08:09:15
11342,Green,18.18,2026-01-19 08:09:15
11342,Sweet,11.36,2026-01-19 08:09:15
11343,Fresh,19.81,2026-01-19 08:09:15
11343,Woody,18.87,2026-01-19 08:09:15
11343,Spicy,16.98,2026-01-19 08:09:15
11343,Synthetic,12.26,2026-01-19 08:09:15
11343,Green,12.26,2026-01-19 08:09:15
11344,Sweet,23.02,2026-01-19 08:09:15
11344,Floral,19.13,2026-01-19 08:09:15
11344,Creamy,14.46,2026-01-19 08:09:15
11344,Woody,11.35,2026-01-19 08:09:15
11344,Oriental,11.04,2026-01-19 08:09:15
11346,Floral,22.22,2026-01-19 08:09:15
11346,Spicy,18.06,2026-01-19 08:09:15
11346,Fresh,13.89,2026-01-19 08:09:15
11346,Sweet,11.11,2026-01-19 08:09:15
11346,Woody,9.72,2026-01-19 08:09:15
11347,Sweet,23.66,2026-01-19 08:09:15
11347,Fruity,22.14,2026-01-19 08:09:15
11347,Floral,19.08,2026-01-19 08:09:15
11347,Citrus,10.69,2026-01-19 08:09:15
11347,Fresh,10.69,2026-01-19 08:09:15
11348,Sweet,22.72,2026-01-19 08:09:15
11348,Creamy,16.77,2026-01-19 08:09:15
11348,Gourmand,15.5,2026-01-19 08:09:15
11348,Fruity,14.44,2026-01-19 08:09:15
11351,Floral,25.9,2026-01-19 08:09:15
11351,Sweet,22.3,2026-01-19 08:09:15
11351,Fruity,18.71,2026-01-19 08:09:15
11352,Sweet,24.24,2026-01-19 08:09:15
11352,Floral,24.06,2026-01-19 08:09:15
11352,Aquatic,13.82,2026-01-19 08:09:15
11352,Creamy,13.29,2026-01-19 08:09:15
11354,Floral,39.13,2026-01-19 08:09:15
11354,Fresh,26.09,2026-01-19 08:09:15
11355,Oriental,23.19,2026-01-19 08:09:15
11355,Spicy,20.29,2026-01-19 08:09:15
11355,Woody,14.49,2026-01-19 08:09:15
11355,Resinous,14.49,2026-01-19 08:09:15
11356,Floral,29.78,2026-01-19 08:09:15
11356,Sweet,22.06,2026-01-19 08:09:15
11356,Powdery,16.18,2026-01-19 08:09:15
11356,Fresh,10.48,2026-01-19 08:09:15
11358,Floral,34.15,2026-01-19 08:09:15
11358,Fresh,29.27,2026-01-19 08:09:15
11359,Floral,26.45,2026-01-19 08:09:15
11359,Fruity,21.49,2026-01-19 08:09:15
11359,Fresh,17.36,2026-01-19 08:09:15
11359,Sweet,14.05,2026-01-19 08:09:15
11360,Fresh,24.24,2026-01-19 08:09:15
11360,Citrus,24.02,2026-01-19 08:09:15
11360,Fruity,17.47,2026-01-19 08:09:15
11362,Floral,26.19,2026-01-19 08:09:15
11362,Oriental,19.05,2026-01-19 08:09:15
11362,Chypre,14.29,2026-01-19 08:09:15
11362,Spicy,11.9,2026-01-19 08:09:15
11362,Powdery,11.9,2026-01-19 08:09:15
11363,Sweet,23.13,2026-01-19 08:09:15
11363,Gourmand,20.9,2026-01-19 08:09:15
11363,Floral,19.4,2026-01-19 08:09:15
11364,Sweet,26.04,2026-01-19 08:09:15
11364,Gourmand,21.2,2026-01-19 08:09:15
11364,Creamy,16.59,2026-01-19 08:09:15
11364,Fruity,11.06,2026-01-19 08:09:15
11367,Sweet,20.16,2026-01-19 08:09:15
11367,Fruity,18.55,2026-01-19 08:09:15
11367,Floral,17.74,2026-01-19 08:09:15
11367,Woody,12.9,2026-01-19 08:09:15
11368,Sweet,30.66,2026-01-19 08:09:15
11368,Gourmand,24.53,2026-01-19 08:09:15
11368,Creamy,17.92,2026-01-19 08:09:15
11371,Fresh,25.68,2026-01-19 08:09:15
11371,Synthetic,18.92,2026-01-19 08:09:15
11371,Citrus,17.57,2026-01-19 08:09:15
11371,Fruity,16.22,2026-01-19 08:09:15
11372,Woody,19.92,2026-01-19 08:09:15
11372,Gourmand,18.87,2026-01-19 08:09:15
11372,Spicy,16.56,2026-01-19 08:09:15
11372,Sweet,14.26,2026-01-19 08:09:15
11372,Earthy,10.27,2026-01-19 08:09:15
11375,Woody,19.49,2026-01-19 08:09:15
11375,Spicy,16.95,2026-01-19 08:09:15
11375,Oriental,13.56,2026-01-19 08:09:15
11375,Smoky,12.71,2026-01-19 08:09:15
11375,Synthetic,11.86,2026-01-19 08:09:15
11376,Floral,25.31,2026-01-19 08:09:15
11376,Sweet,25.1,2026-01-19 08:09:15
11376,Oriental,19.5,2026-01-19 08:09:15
11379,Sweet,23.87,2026-01-19 08:09:15
11379,Floral,19.35,2026-01-19 08:09:15
11379,Creamy,12.26,2026-01-19 08:09:15
11379,Fruity,10.32,2026-01-19 08:09:15
11379,Leathery,9.03,2026-01-19 08:09:15
11383,Fruity,23.48,2026-01-19 08:09:15
11383,Floral,20.87,2026-01-19 08:09:15
11383,Fresh,19.13,2026-01-19 08:09:15
11384,Floral,23.5,2026-01-19 08:09:15
11384,Sweet,23.29,2026-01-19 08:09:15
11384,Fresh,14.1,2026-01-19 08:09:15
11384,Aquatic,14.1,2026-01-19 08:09:15
11387,Fresh,22.88,2026-01-19 08:09:15
11387,Aquatic,20.34,2026-01-19 08:09:15
11387,Synthetic,16.1,2026-01-19 08:09:15
11387,Citrus,11.02,2026-01-19 08:09:15
11387,Floral,11.02,2026-01-19 08:09:15
11388,Sweet,23.43,2026-01-19 08:09:15
11388,Fresh,22.73,2026-01-19 08:09:15
11388,Synthetic,19.23,2026-01-19 08:09:15
11391,Fresh,22.22,2026-01-19 08:09:15
11391,Citrus,20.0,2026-01-19 08:09:15
11391,Spicy,15.56,2026-01-19 08:09:15
11391,Aquatic,15.56,2026-01-19 08:09:15
11392,Sweet,30.38,2026-01-19 08:09:15
11392,Floral,20.35,2026-01-19 08:09:15
11392,Gourmand,19.76,2026-01-19 08:09:15
11394,Floral,26.19,2026-01-19 08:09:15
11394,Spicy,21.43,2026-01-19 08:09:15
11394,Chypre,14.29,2026-01-19 08:09:15
11394,Sweet,11.9,2026-01-19 08:09:15
11395,Spicy,23.86,2026-01-19 08:09:15
11395,Sweet,20.45,2026-01-19 08:09:15
11395,Powdery,20.45,2026-01-19 08:09:15
11395,Woody,20.45,2026-01-19 08:09:15
11398,Creamy,28.57,2026-01-19 08:09:15
11398,Floral,28.57,2026-01-19 08:09:15
11398,Green,17.86,2026-01-19 08:09:15
11399,Fresh,25.6,2026-01-19 08:09:15
11399,Floral,25.6,2026-01-19 08:09:15
11399,Fruity,15.2,2026-01-19 08:09:15
11399,Citrus,12.0,2026-01-19 08:09:15
11399,Synthetic,12.0,2026-01-19 08:09:15
11400,Sweet,25.81,2026-01-19 08:09:15
11400,Floral,23.39,2026-01-19 08:09:15
11400,Fruity,19.62,2026-01-19 08:09:15
11404,Sweet,22.34,2026-01-19 08:09:15
11404,Spicy,18.32,2026-01-19 08:09:15
11404,Fresh,13.19,2026-01-19 08:09:15
11404,Synthetic,11.72,2026-01-19 08:09:15
11404,Oriental,10.99,2026-01-19 08:09:15
11407,Spicy,22.67,2026-01-19 08:09:15
11407,Fruity,21.33,2026-01-19 08:09:15
11407,Synthetic,14.67,2026-01-19 08:09:15
11407,Sweet,14.67,2026-01-19 08:09:15
11407,Fresh,14.67,2026-01-19 08:09:15
11408,Fresh,20.54,2026-01-19 08:09:15
11408,Synthetic,15.41,2026-01-19 08:09:15
11408,Spicy,10.88,2026-01-19 08:09:15
11408,Aquatic,10.88,2026-01-19 08:09:15
11408,Sweet,10.27,2026-01-19 08:09:15
11408,Citrus,7.85,2026-01-19 08:09:15
11408,Floral,7.55,2026-01-19 08:09:15
11410,Floral,35.29,2026-01-19 08:09:15
11410,Sweet,17.65,2026-01-19 08:09:15
11410,Powdery,17.65,2026-01-19 08:09:15
11411,Sweet,22.92,2026-01-19 08:09:15
11411,Fruity,18.75,2026-01-19 08:09:15
11411,Citrus,12.5,2026-01-19 08:09:15
11411,Synthetic,12.5,2026-01-19 08:09:15
11411,Woody,12.5,2026-01-19 08:09:15
11414,Floral,33.33,2026-01-19 08:09:15
11414,Spicy,16.67,2026-01-19 08:09:15
11414,Sweet,16.67,2026-01-19 08:09:15
11415,Sweet,27.17,2026-01-19 08:09:15
11415,Fruity,25.0,2026-01-19 08:09:15
11415,Creamy,15.22,2026-01-19 08:09:15
11415,Floral,15.22,2026-01-19 08:09:15
11417,Sweet,24.35,2026-01-19 08:09:15
11417,Fresh,20.87,2026-01-19 08:09:15
11417,Synthetic,17.39,2026-01-19 08:09:15
11417,Creamy,16.52,2026-01-19 08:09:15
11418,Woody,16.67,2026-01-19 08:09:15
11418,Fruity,16.67,2026-01-19 08:09:15
11418,Floral,16.67,2026-01-19 08:09:15
11419,Spicy,24.27,2026-01-19 08:09:15
11419,Woody,19.42,2026-01-19 08:09:15
11419,Leathery,18.45,2026-01-19 08:09:15
11419,Green,11.65,2026-01-19 08:09:15
11421,Sweet,29.65,2026-01-19 08:09:15
11421,Gourmand,18.14,2026-01-19 08:09:15
11421,Floral,18.14,2026-01-19 08:09:15
11421,Creamy,12.39,2026-01-19 08:09:15
11422,Creamy,17.24,2026-01-19 08:09:15
11422,Floral,17.24,2026-01-19 08:09:15
11422,Fruity,10.34,2026-01-19 08:09:15
11422,Citrus,6.9,2026-01-19 08:09:15
11422,Oriental,6.9,2026-01-19 08:09:15
11422,Woody,6.9,2026-01-19 08:09:15
11422,Green,6.9,2026-01-19 08:09:15
11422,Fougère,6.9,2026-01-19 08:09:15
11422,Chypre,6.9,2026-01-19 08:09:15
11422,Aquatic,6.9,2026-01-19 08:09:15
11422,Animal,6.9,2026-01-19 08:09:15
11423,Sweet,26.76,2026-01-19 08:09:15
11423,Spicy,19.72,2026-01-19 08:09:15
11423,Woody,16.9,2026-01-19 08:09:15
11423,Fruity,11.27,2026-01-19 08:09:15
11425,Floral,26.26,2026-01-19 08:09:15
11425,Spicy,17.68,2026-01-19 08:09:15
11425,Sweet,16.67,2026-01-19 08:09:15
11425,Oriental,12.63,2026-01-19 08:09:15
11428,Fresh,28.81,2026-01-19 08:09:15
11428,Fruity,20.34,2026-01-19 08:09:15
11428,Synthetic,18.64,2026-01-19 08:09:15
11429,Floral,25.41,2026-01-19 08:09:15
11429,Sweet,22.7,2026-01-19 08:09:15
11429,Creamy,16.22,2026-01-19 08:09:15
11429,Aquatic,14.05,2026-01-19 08:09:15
11432,Fruity,21.74,2026-01-19 08:09:15
11432,Citrus,19.57,2026-01-19 08:09:15
11432,Fresh,16.3,2026-01-19 08:09:15
11432,Sweet,14.13,2026-01-19 08:09:15
11433,Sweet,20.89,2026-01-19 08:09:15
11433,Powdery,16.89,2026-01-19 08:09:15
11433,Spicy,13.33,2026-01-19 08:09:15
11433,Oriental,10.67,2026-01-19 08:09:15
11433,Floral,9.78,2026-01-19 08:09:15
11433,Gourmand,8.0,2026-01-19 08:09:15
11433,Fruity,7.56,2026-01-19 08:09:15
11436,Floral,22.22,2026-01-19 08:09:15
11436,Fresh,18.52,2026-01-19 08:09:15
11436,Woody,13.58,2026-01-19 08:09:15
11436,Sweet,12.35,2026-01-19 08:09:15
11436,Creamy,12.35,2026-01-19 08:09:15
11437,Floral,23.67,2026-01-19 08:09:15
11437,Sweet,23.08,2026-01-19 08:09:15
11437,Creamy,13.61,2026-01-19 08:09:15
11437,Oriental,12.43,2026-01-19 08:09:15
11440,Synthetic,24.53,2026-01-19 08:09:15
11440,Fresh,24.53,2026-01-19 08:09:15
11440,Citrus,18.87,2026-01-19 08:09:15
11440,Fruity,11.32,2026-01-19 08:09:15
11441,Floral,24.71,2026-01-19 08:09:15
11441,Fresh,18.39,2026-01-19 08:09:15
11441,Fruity,13.79,2026-01-19 08:09:15
11441,Citrus,12.64,2026-01-19 08:09:15
11445,Sweet,24.5,2026-01-19 08:09:15
11445,Floral,21.85,2026-01-19 08:09:15
11445,Creamy,19.87,2026-01-19 08:09:15
11445,Spicy,11.26,2026-01-19 08:09:15
11448,Floral,24.36,2026-01-19 08:09:15
11448,Fruity,20.51,2026-01-19 08:09:15
11448,Woody,17.95,2026-01-19 08:09:15
11448,Sweet,14.1,2026-01-19 08:09:15
11449,Sweet,28.45,2026-01-19 08:09:15
11449,Floral,26.72,2026-01-19 08:09:15
11449,Creamy,17.24,2026-01-19 08:09:15
11451,Synthetic,18.18,2026-01-19 08:09:15
11451,Fresh,16.16,2026-01-19 08:09:15
11451,Fruity,14.14,2026-01-19 08:09:15
11451,Woody,13.13,2026-01-19 08:09:15
11451,Citrus,11.11,2026-01-19 08:09:15
11453,Sweet,27.78,2026-01-19 08:09:15
11453,Synthetic,23.15,2026-01-19 08:09:15
11453,Spicy,13.89,2026-01-19 08:09:15
11453,Leathery,12.96,2026-01-19 08:09:15
11454,Floral,20.62,2026-01-19 08:09:15
11454,Fresh,18.62,2026-01-19 08:09:15
11454,Fruity,16.35,2026-01-19 08:09:15
11454,Citrus,13.97,2026-01-19 08:09:15
11455,Fresh,21.51,2026-01-19 08:09:15
11455,Aquatic,21.51,2026-01-19 08:09:15
11455,Citrus,16.13,2026-01-19 08:09:15
11455,Spicy,12.9,2026-01-19 08:09:15
11455,Synthetic,12.9,2026-01-19 08:09:15
11457,Sweet,22.56,2026-01-19 08:09:15
11457,Floral,17.68,2026-01-19 08:09:15
11457,Citrus,13.41,2026-01-19 08:09:15
11457,Fruity,11.59,2026-01-19 08:09:15
11457,Creamy,10.37,2026-01-19 08:09:15
11458,Woody,21.51,2026-01-19 08:09:15
11458,Spicy,17.1,2026-01-19 08:09:15
11458,Fresh,16.34,2026-01-19 08:09:15
11458,Citrus,14.55,2026-01-19 08:09:15
11459,Fruity,20.0,2026-01-19 08:09:15
11459,Fresh,20.0,2026-01-19 08:09:15
11459,Sweet,16.67,2026-01-19 08:09:15
11459,Aquatic,13.33,2026-01-19 08:09:15
11459,Leathery,10.0,2026-01-19 08:09:15
11461,Fresh,23.08,2026-01-19 08:09:15
11461,Synthetic,20.51,2026-01-19 08:09:15
11461,Sweet,12.82,2026-01-19 08:09:15
11461,Woody,12.82,2026-01-19 08:09:15
11462,Floral,28.57,2026-01-19 08:09:15
11462,Sweet,20.0,2026-01-19 08:09:15
11462,Creamy,17.14,2026-01-19 08:09:15
11462,Powdery,11.43,2026-01-19 08:09:15
11462,Fresh,11.43,2026-01-19 08:09:15
11464,Floral,22.95,2026-01-19 08:09:15
11464,Fresh,20.03,2026-01-19 08:09:15
11464,Woody,14.75,2026-01-19 08:09:15
11464,Fruity,13.49,2026-01-19 08:09:15
11465,Gourmand,22.46,2026-01-19 08:09:15
11465,Sweet,21.01,2026-01-19 08:09:15
11465,Spicy,13.04,2026-01-19 08:09:15
11465,Oriental,11.59,2026-01-19 08:09:15
11465,Woody,10.14,2026-01-19 08:09:15
11467,Floral,24.59,2026-01-19 08:09:15
11467,Fruity,19.67,2026-01-19 08:09:15
11467,Fresh,14.75,2026-01-19 08:09:15
11467,Synthetic,13.11,2026-01-19 08:09:15
11467,Woody,13.11,2026-01-19 08:09:15
11468,Fresh,31.95,2026-01-19 08:09:15
11468,Floral,24.51,2026-01-19 08:09:15
11468,Synthetic,22.54,2026-01-19 08:09:15
11469,Floral,28.03,2026-01-19 08:09:15
11469,Fruity,18.94,2026-01-19 08:09:15
11469,Sweet,15.15,2026-01-19 08:09:15
11469,Citrus,10.61,2026-01-19 08:09:15
11469,Powdery,10.61,2026-01-19 08:09:15
11471,Fruity,26.23,2026-01-19 08:09:15
11471,Floral,26.23,2026-01-19 08:09:15
11471,Fresh,16.39,2026-01-19 08:09:15
11472,Fruity,26.2,2026-01-19 08:09:15
11472,Leathery,23.32,2026-01-19 08:09:15
11472,Sweet,21.73,2026-01-19 08:09:15
11473,Floral,22.12,2026-01-19 08:09:15
11473,Sweet,21.24,2026-01-19 08:09:15
11473,Fresh,15.93,2026-01-19 08:09:15
11473,Powdery,10.62,2026-01-19 08:09:15
11473,Creamy,8.85,2026-01-19 08:09:15
11475,Spicy,21.31,2026-01-19 08:09:15
11475,Creamy,18.03,2026-01-19 08:09:15
11475,Sweet,16.39,2026-01-19 08:09:15
11475,Green,16.39,2026-01-19 08:09:15
11476,Leathery,20.3,2026-01-19 08:09:15
11476,Fruity,19.07,2026-01-19 08:09:15
11476,Spicy,16.48,2026-01-19 08:09:15
11476,Floral,11.93,2026-01-19 08:09:15
11476,Sweet,10.95,2026-01-19 08:09:15
11479,Fresh,23.64,2026-01-19 08:09:15
11479,Fruity,20.0,2026-01-19 08:09:15
11479,Citrus,14.55,2026-01-19 08:09:15
11479,Spicy,12.73,2026-01-19 08:09:15
11479,Synthetic,12.73,2026-01-19 08:09:15
11480,Floral,32.58,2026-01-19 08:09:15
11480,Fresh,23.71,2026-01-19 08:09:15
11480,Green,19.21,2026-01-19 08:09:15
11481,Sweet,26.52,2026-01-19 08:09:15
11481,Fruity,22.73,2026-01-19 08:09:15
11481,Floral,18.18,2026-01-19 08:09:15
11483,Fruity,25.0,2026-01-19 08:09:15
11483,Sweet,23.44,2026-01-19 08:09:15
11483,Fresh,18.75,2026-01-19 08:09:15
11484,Floral,33.99,2026-01-19 08:09:15
11485,Floral,21.05,2026-01-19 08:09:15
11485,Spicy,18.95,2026-01-19 08:09:15
11485,Sweet,13.68,2026-01-19 08:09:15
11485,Fresh,12.63,2026-01-19 08:09:15
11485,Woody,10.53,2026-01-19 08:09:15
11488,Fruity,28.12,2026-01-19 08:09:15
11488,Sweet,17.54,2026-01-19 08:09:15
11488,Fresh,10.58,2026-01-19 08:09:15
11488,Citrus,7.27,2026-01-19 08:09:15
11488,Gourmand,6.95,2026-01-19 08:09:15
11488,Woody,6.79,2026-01-19 08:09:15
11489,Citrus,21.43,2026-01-19 08:09:15
11489,Fresh,20.0,2026-01-19 08:09:15
11489,Sweet,18.57,2026-01-19 08:09:15
11489,Floral,18.57,2026-01-19 08:09:15
11491,Green,26.32,2026-01-19 08:09:15
11491,Citrus,22.81,2026-01-19 08:09:15
11491,Fresh,21.05,2026-01-19 08:09:15
11492,Spicy,16.89,2026-01-19 08:09:15
11492,Leathery,15.69,2026-01-19 08:09:15
11492,Woody,12.82,2026-01-19 08:09:15
11492,Powdery,10.26,2026-01-19 08:09:15
11492,Sweet,10.11,2026-01-19 08:09:15
11493,Floral,27.4,2026-01-19 08:09:15
11493,Sweet,21.92,2026-01-19 08:09:15
11493,Fruity,20.55,2026-01-19 08:09:15
11496,Woody,20.53,2026-01-19 08:09:15
11496,Spicy,17.49,2026-01-19 08:09:15
11496,Smoky,11.98,2026-01-19 08:09:15
11496,Earthy,9.13,2026-01-19 08:09:15
11496,Oriental,7.03,2026-01-19 08:09:15
11496,Resinous,7.03,2026-01-19 08:09:15
11496,Fruity,6.27,2026-01-19 08:09:15
11496,Citrus,5.51,2026-01-19 08:09:15
11497,Fresh,24.24,2026-01-19 08:09:15
11497,Synthetic,19.7,2026-01-19 08:09:15
11497,Aquatic,18.18,2026-01-19 08:09:15
11497,Sweet,13.64,2026-01-19 08:09:15
11499,Spicy,21.95,2026-01-19 08:09:15
11499,Woody,21.95,2026-01-19 08:09:15
11499,Powdery,12.2,2026-01-19 08:09:15
11499,Leathery,12.2,2026-01-19 08:09:15
11499,Earthy,12.2,2026-01-19 08:09:15
11500,Fruity,24.75,2026-01-19 08:09:15
11500,Woody,18.0,2026-01-19 08:09:15
11500,Smoky,17.5,2026-01-19 08:09:15
11500,Spicy,13.75,2026-01-19 08:09:15
11501,Citrus,24.69,2026-01-19 08:09:15
11501,Fruity,22.22,2026-01-19 08:09:15
11501,Fresh,19.75,2026-01-19 08:09:15
11503,Spicy,18.18,2026-01-19 08:09:15
11503,Woody,16.36,2026-01-19 08:09:15
11503,Resinous,14.55,2026-01-19 08:09:15
11503,Synthetic,12.73,2026-01-19 08:09:15
11503,Green,9.09,2026-01-19 08:09:15
11503,Floral,9.09,2026-01-19 08:09:15
11504,Citrus,24.32,2026-01-19 08:09:15
11504,Sweet,21.38,2026-01-19 08:09:15
11504,Fresh,15.3,2026-01-19 08:09:15
11504,Fruity,12.58,2026-01-19 08:09:15
11507,Spicy,18.42,2026-01-19 08:09:15
11507,Woody,18.42,2026-01-19 08:09:15
11507,Sweet,15.79,2026-01-19 08:09:15
11507,Synthetic,13.16,2026-01-19 08:09:15
11507,Powdery,7.89,2026-01-19 08:09:15
11508,Leathery,23.7,2026-01-19 08:09:15
11508,Powdery,15.4,2026-01-19 08:09:15
11508,Woody,13.98,2026-01-19 08:09:15
11508,Creamy,12.32,2026-01-19 08:09:15
11508,Floral,12.32,2026-01-19 08:09:15
11510,Floral,19.3,2026-01-19 08:09:15
11510,Fruity,17.54,2026-01-19 08:09:15
11510,Woody,14.04,2026-01-19 08:09:15
11510,Creamy,14.04,2026-01-19 08:09:15
11510,Fresh,10.53,2026-01-19 08:09:15
11512,Woody,19.65,2026-01-19 08:09:15
11512,Spicy,18.68,2026-01-19 08:09:15
11512,Leathery,16.93,2026-01-19 08:09:15
11512,Fruity,16.73,2026-01-19 08:09:15
11513,Fresh,24.05,2026-01-19 08:09:15
11513,Green,20.25,2026-01-19 08:09:15
11513,Citrus,17.72,2026-01-19 08:09:15
11513,Woody,15.19,2026-01-19 08:09:15
11515,Fresh,28.57,2026-01-19 08:09:15
11515,Floral,28.57,2026-01-19 08:09:15
11515,Woody,14.29,2026-01-19 08:09:15
11516,Woody,31.21,2026-01-19 08:09:15
11516,Spicy,26.85,2026-01-19 08:09:15
11516,Green,14.43,2026-01-19 08:09:15
11517,Sweet,23.44,2026-01-19 08:09:15
11517,Floral,21.88,2026-01-19 08:09:15
11517,Powdery,20.31,2026-01-19 08:09:15
11518,Synthetic,20.0,2026-01-19 08:09:15
11518,Fruity,20.0,2026-01-19 08:09:15
11518,Fresh,20.0,2026-01-19 08:09:15
11518,Sweet,17.14,2026-01-19 08:09:15
11520,Creamy,20.32,2026-01-19 08:09:15
11520,Sweet,18.94,2026-01-19 08:09:15
11520,Powdery,11.55,2026-01-19 08:09:15
11520,Spicy,9.7,2026-01-19 08:09:15
11520,Synthetic,8.31,2026-01-19 08:09:15
11520,Floral,7.85,2026-01-19 08:09:15
11521,Floral,23.94,2026-01-19 08:09:15
11521,Fruity,19.72,2026-01-19 08:09:15
11521,Sweet,18.31,2026-01-19 08:09:15
11521,Fresh,12.68,2026-01-19 08:09:15
11523,Fresh,23.81,2026-01-19 08:09:15
11523,Woody,19.05,2026-01-19 08:09:15
11523,Fougère,16.67,2026-01-19 08:09:15
11523,Green,11.9,2026-01-19 08:09:15
11524,Woody,32.62,2026-01-19 08:09:15
11524,Synthetic,21.63,2026-01-19 08:09:15
11524,Fresh,14.89,2026-01-19 08:09:15
11524,Floral,14.54,2026-01-19 08:09:15
11525,Sweet,21.88,2026-01-19 08:09:15
11525,Floral,21.88,2026-01-19 08:09:15
11525,Creamy,14.06,2026-01-19 08:09:15
11525,Powdery,12.5,2026-01-19 08:09:15
11527,Fresh,25.0,2026-01-19 08:09:15
11527,Fruity,18.75,2026-01-19 08:09:15
11527,Citrus,14.58,2026-01-19 08:09:15
11527,Synthetic,14.58,2026-01-19 08:09:15
11528,Floral,33.17,2026-01-19 08:09:15
11528,Fresh,26.13,2026-01-19 08:09:15
11529,Sweet,19.05,2026-01-19 08:09:15
11529,Synthetic,16.67,2026-01-19 08:09:15
11529,Fresh,16.67,2026-01-19 08:09:15
11529,Oriental,11.9,2026-01-19 08:09:15
11529,Floral,11.9,2026-01-19 08:09:15
11531,Floral,22.64,2026-01-19 08:09:15
11531,Citrus,16.98,2026-01-19 08:09:15
11531,Fresh,15.09,2026-01-19 08:09:15
11531,Synthetic,11.32,2026-01-19 08:09:15
11531,Powdery,11.32,2026-01-19 08:09:15
11532,Sweet,22.32,2026-01-19 08:09:15
11532,Resinous,21.64,2026-01-19 08:09:15
11532,Floral,12.07,2026-01-19 08:09:15
11532,Spicy,11.85,2026-01-19 08:09:15
11532,Fruity,8.88,2026-01-19 08:09:15
11533,Sweet,25.64,2026-01-19 08:09:15
11533,Fresh,25.64,2026-01-19 08:09:15
11533,Oriental,20.51,2026-01-19 08:09:15
11535,Oriental,24.0,2026-01-19 08:09:15
11535,Sweet,22.0,2026-01-19 08:09:15
11535,Powdery,16.0,2026-01-19 08:09:15
11535,Resinous,12.0,2026-01-19 08:09:15
11535,Gourmand,12.0,2026-01-19 08:09:15
11536,Sweet,22.55,2026-01-19 08:09:15
11536,Spicy,20.36,2026-01-19 08:09:15
11536,Woody,18.18,2026-01-19 08:09:15
11536,Oriental,12.0,2026-01-19 08:09:15
11537,Floral,27.5,2026-01-19 08:09:15
11537,Fruity,20.0,2026-01-19 08:09:15
11537,Sweet,17.5,2026-01-19 08:09:15
11537,Fresh,15.0,2026-01-19 08:09:15
11539,Woody,25.0,2026-01-19 08:09:15
11539,Powdery,20.0,2026-01-19 08:09:15
11539,Spicy,15.0,2026-01-19 08:09:15
11539,Sweet,15.0,2026-01-19 08:09:15
11539,Creamy,15.0,2026-01-19 08:09:15
11540,Spicy,27.25,2026-01-19 08:09:15
11540,Fruity,18.75,2026-01-19 08:09:15
11540,Woody,15.25,2026-01-19 08:09:15
11540,Sweet,13.25,2026-01-19 08:09:15
11541,Sweet,22.5,2026-01-19 08:09:15
11541,Spicy,15.0,2026-01-19 08:09:15
11541,Synthetic,12.5,2026-01-19 08:09:15
11541,Green,12.5,2026-01-19 08:09:15
11541,Floral,12.5,2026-01-19 08:09:15
11543,Leathery,22.86,2026-01-19 08:09:15
11543,Floral,20.0,2026-01-19 08:09:15
11543,Spicy,14.29,2026-01-19 08:09:15
11543,Fougère,14.29,2026-01-19 08:09:15
11544,Spicy,22.0,2026-01-19 08:09:15
11544,Leathery,18.34,2026-01-19 08:09:15
11544,Woody,17.36,2026-01-19 08:09:15
11544,Smoky,16.14,2026-01-19 08:09:15
11545,Sweet,25.0,2026-01-19 08:09:15
11545,Floral,21.88,2026-01-19 08:09:15
11545,Fresh,18.75,2026-01-19 08:09:15
11545,Fruity,12.5,2026-01-19 08:09:15
11548,Spicy,20.06,2026-01-19 08:09:15
11548,Woody,14.45,2026-01-19 08:09:15
11548,Smoky,11.5,2026-01-19 08:09:15
11548,Leathery,11.5,2026-01-19 08:09:15
11548,Resinous,10.91,2026-01-19 08:09:15
11548,Sweet,9.73,2026-01-19 08:09:15
11549,Spicy,25.64,2026-01-19 08:09:15
11549,Oriental,23.08,2026-01-19 08:09:15
11549,Sweet,20.51,2026-01-19 08:09:15
11552,Floral,33.61,2026-01-19 08:09:15
11552,Fresh,26.47,2026-01-19 08:09:15
11552,Green,14.29,2026-01-19 08:09:15
11553,Floral,24.44,2026-01-19 08:09:15
11553,Citrus,17.78,2026-01-19 08:09:15
11553,Sweet,15.56,2026-01-19 08:09:15
11553,Fruity,15.56,2026-01-19 08:09:15
11553,Fresh,15.56,2026-01-19 08:09:15
11555,Woody,26.67,2026-01-19 08:09:15
11555,Spicy,23.33,2026-01-19 08:09:15
11555,Sweet,16.67,2026-01-19 08:09:15
11555,Smoky,10.0,2026-01-19 08:09:15
11555,Powdery,10.0,2026-01-19 08:09:15
11556,Floral,27.11,2026-01-19 08:09:15
11556,Fresh,13.99,2026-01-19 08:09:15
11556,Earthy,9.91,2026-01-19 08:09:15
11556,Green,9.04,2026-01-19 08:09:15
11557,Sweet,18.92,2026-01-19 08:09:15
11557,Fresh,13.51,2026-01-19 08:09:15
11557,Floral,13.51,2026-01-19 08:09:15
11557,Spicy,10.81,2026-01-19 08:09:15
11557,Synthetic,10.81,2026-01-19 08:09:15
11557,Powdery,8.11,2026-01-19 08:09:15
11557,Oriental,8.11,2026-01-19 08:09:15
11559,Floral,26.0,2026-01-19 08:09:15
11559,Fresh,20.0,2026-01-19 08:09:15
11559,Synthetic,18.0,2026-01-19 08:09:15
11559,Woody,14.0,2026-01-19 08:09:15
11560,Fresh,25.07,2026-01-19 08:09:15
11560,Spicy,20.06,2026-01-19 08:09:15
11560,Citrus,19.47,2026-01-19 08:09:15
11560,Green,14.16,2026-01-19 08:09:15
11563,Floral,24.53,2026-01-19 08:09:15
11563,Fruity,20.75,2026-01-19 08:09:15
11563,Citrus,16.98,2026-01-19 08:09:15
11563,Fresh,16.98,2026-01-19 08:09:15
11564,Spicy,33.33,2026-01-19 08:09:15
11564,Sweet,22.65,2026-01-19 08:09:15
11564,Powdery,20.51,2026-01-19 08:09:15
11567,Fresh,21.74,2026-01-19 08:09:15
11567,Woody,17.39,2026-01-19 08:09:15
11567,Green,17.39,2026-01-19 08:09:15
11567,Citrus,13.04,2026-01-19 08:09:15
11567,Spicy,13.04,2026-01-19 08:09:15
11568,Spicy,22.58,2026-01-19 08:09:15
11568,Woody,22.58,2026-01-19 08:09:15
11568,Oriental,14.84,2026-01-19 08:09:15
11568,Resinous,14.84,2026-01-19 08:09:15
11571,Smoky,18.46,2026-01-19 08:09:15
11571,Woody,15.38,2026-01-19 08:09:15
11571,Resinous,15.38,2026-01-19 08:09:15
11571,Spicy,13.85,2026-01-19 08:09:15
11571,Fruity,13.85,2026-01-19 08:09:15
11572,Sweet,21.29,2026-01-19 08:09:15
11572,Fruity,18.81,2026-01-19 08:09:15
11572,Citrus,13.86,2026-01-19 08:09:15
11572,Woody,13.86,2026-01-19 08:09:15
11575,Woody,20.0,2026-01-19 08:09:15
11575,Earthy,20.0,2026-01-19 08:09:15
11575,Smoky,13.33,2026-01-19 08:09:15
11575,Resinous,13.33,2026-01-19 08:09:15
11575,Fresh,13.33,2026-01-19 08:09:15
11576,Floral,29.95,2026-01-19 08:09:15
11576,Sweet,25.38,2026-01-19 08:09:15
11576,Fruity,16.75,2026-01-19 08:09:15
11579,Fruity,19.05,2026-01-19 08:09:15
11579,Sweet,14.29,2026-01-19 08:09:15
11579,Floral,14.29,2026-01-19 08:09:15
11579,Smoky,9.52,2026-01-19 08:09:15
11579,Creamy,9.52,2026-01-19 08:09:15
11579,Spicy,7.14,2026-01-19 08:09:15
11579,Leathery,7.14,2026-01-19 08:09:15
11583,Citrus,21.05,2026-01-19 08:09:15
11583,Synthetic,21.05,2026-01-19 08:09:15
11583,Fresh,21.05,2026-01-19 08:09:15
11583,Sweet,15.79,2026-01-19 08:09:15
11583,Woody,15.79,2026-01-19 08:09:15
11584,Fruity,21.54,2026-01-19 08:09:15
11584,Spicy,20.51,2026-01-19 08:09:15
11584,Sweet,19.49,2026-01-19 08:09:15
11584,Woody,12.31,2026-01-19 08:09:15
11584,Oriental,11.79,2026-01-19 08:09:15
11587,Citrus,24.32,2026-01-19 08:09:15
11587,Leathery,24.32,2026-01-19 08:09:15
11587,Fresh,16.22,2026-01-19 08:09:15
11588,Floral,30.09,2026-01-19 08:09:15
11588,Green,22.57,2026-01-19 08:09:15
11588,Fresh,16.81,2026-01-19 08:09:15
11589,Spicy,22.68,2026-01-19 08:09:15
11589,Woody,19.8,2026-01-19 08:09:15
11589,Sweet,19.03,2026-01-19 08:09:15
11589,Smoky,14.1,2026-01-19 08:09:15
11591,Spicy,21.05,2026-01-19 08:09:15
11591,Leathery,21.05,2026-01-19 08:09:15
11591,Woody,18.42,2026-01-19 08:09:15
11591,Smoky,13.16,2026-01-19 08:09:15
11592,Floral,25.64,2026-01-19 08:09:15
11592,Spicy,22.05,2026-01-19 08:09:15
11592,Fruity,15.9,2026-01-19 08:09:15
11592,Sweet,12.31,2026-01-19 08:09:15
11593,Woody,25.32,2026-01-19 08:09:15
11593,Spicy,23.8,2026-01-19 08:09:15
11593,Fresh,15.95,2026-01-19 08:09:15
11593,Floral,10.89,2026-01-19 08:09:15
11595,Citrus,21.43,2026-01-19 08:09:15
11595,Fresh,21.43,2026-01-19 08:09:15
11595,Green,17.86,2026-01-19 08:09:15
11595,Woody,14.29,2026-01-19 08:09:15
11595,Fruity,14.29,2026-01-19 08:09:15
11596,Leathery,22.53,2026-01-19 08:09:15
11596,Spicy,18.13,2026-01-19 08:09:15
11596,Woody,17.58,2026-01-19 08:09:15
11596,Smoky,10.99,2026-01-19 08:09:15
11596,Synthetic,7.69,2026-01-19 08:09:15
11597,Spicy,19.66,2026-01-19 08:09:15
11597,Oriental,19.17,2026-01-19 08:09:15
11597,Sweet,17.96,2026-01-19 08:09:15
11597,Woody,13.59,2026-01-19 08:09:15
11599,Spicy,18.18,2026-01-19 08:09:15
11599,Green,17.79,2026-01-19 08:09:15
11599,Fresh,17.0,2026-01-19 08:09:15
11599,Floral,16.6,2026-01-19 08:09:15
11600,Oriental,20.0,2026-01-19 08:09:15
11600,Woody,20.0,2026-01-19 08:09:15
11600,Resinous,15.0,2026-01-19 08:09:15
11600,Earthy,15.0,2026-01-19 08:09:15
11600,Floral,15.0,2026-01-19 08:09:15
11601,Citrus,33.7,2026-01-19 08:09:15
11601,Fresh,29.01,2026-01-19 08:09:15
11603,Sweet,25.19,2026-01-19 08:09:15
11603,Synthetic,22.9,2026-01-19 08:09:15
11603,Creamy,20.61,2026-01-19 08:09:15
11605,Floral,31.56,2026-01-19 08:09:15
11605,Fresh,25.82,2026-01-19 08:09:15
11605,Fruity,22.13,2026-01-19 08:09:15
11607,Floral,22.42,2026-01-19 08:09:15
11607,Synthetic,18.39,2026-01-19 08:09:15
11607,Leathery,11.66,2026-01-19 08:09:15
11607,Fruity,11.66,2026-01-19 08:09:15
11607,Sweet,9.42,2026-01-19 08:09:15
11607,Woody,8.97,2026-01-19 08:09:15
11608,Woody,27.27,2026-01-19 08:09:15
11608,Citrus,18.18,2026-01-19 08:09:15
11608,Spicy,18.18,2026-01-19 08:09:15
11608,Fresh,18.18,2026-01-19 08:09:15
11608,Aquatic,18.18,2026-01-19 08:09:15
11609,Citrus,31.47,2026-01-19 08:09:15
11609,Fresh,27.59,2026-01-19 08:09:15
11609,Green,15.09,2026-01-19 08:09:15
11611,Spicy,21.33,2026-01-19 08:09:15
11611,Smoky,18.22,2026-01-19 08:09:15
11611,Citrus,14.22,2026-01-19 08:09:15
11611,Resinous,11.56,2026-01-19 08:09:15
11611,Fresh,11.11,2026-01-19 08:09:15
11612,Smoky,21.74,2026-01-19 08:09:15
11612,Woody,17.39,2026-01-19 08:09:15
11612,Synthetic,13.04,2026-01-19 08:09:15
11612,Sweet,13.04,2026-01-19 08:09:15
11612,Resinous,13.04,2026-01-19 08:09:15
11613,Woody,23.79,2026-01-19 08:09:15
11613,Spicy,22.03,2026-01-19 08:09:15
11613,Fresh,12.33,2026-01-19 08:09:15
11613,Resinous,9.69,2026-01-19 08:09:15
11613,Citrus,8.81,2026-01-19 08:09:15
11615,Spicy,21.62,2026-01-19 08:09:15
11615,Sweet,20.27,2026-01-19 08:09:15
11615,Oriental,14.41,2026-01-19 08:09:15
11615,Gourmand,12.16,2026-01-19 08:09:15
11615,Floral,11.26,2026-01-19 08:09:15
11618,Sweet,27.23,2026-01-19 08:09:15
11618,Floral,19.31,2026-01-19 08:09:15
11618,Spicy,15.35,2026-01-19 08:09:15
11618,Gourmand,12.87,2026-01-19 08:09:15
11620,Spicy,25.0,2026-01-19 08:09:15
11620,Sweet,25.0,2026-01-19 08:09:15
11620,Fresh,25.0,2026-01-19 08:09:15
11622,Floral,28.37,2026-01-19 08:09:15
11622,Fresh,20.19,2026-01-19 08:09:15
11622,Sweet,14.9,2026-01-19 08:09:15
11622,Citrus,13.46,2026-01-19 08:09:15
11623,Woody,27.97,2026-01-19 08:09:15
11623,Spicy,18.18,2026-01-19 08:09:15
11623,Fresh,16.08,2026-01-19 08:09:15
11623,Green,12.59,2026-01-19 08:09:15
11624,Spicy,20.0,2026-01-19 08:09:15
11624,Woody,20.0,2026-01-19 08:09:15
11624,Green,20.0,2026-01-19 08:09:15
11624,Fresh,20.0,2026-01-19 08:09:15
11624,Fougère,20.0,2026-01-19 08:09:15
11625,Spicy,25.0,2026-01-19 08:09:15
11625,Sweet,25.0,2026-01-19 08:09:15
11625,Creamy,25.0,2026-01-19 08:09:15
11625,Animal,25.0,2026-01-19 08:09:15
11627,Fruity,20.89,2026-01-19 08:09:15
11627,Leathery,20.0,2026-01-19 08:09:15
11627,Floral,14.22,2026-01-19 08:09:15
11627,Spicy,13.78,2026-01-19 08:09:15
11628,Spicy,18.18,2026-01-19 08:09:15
11628,Synthetic,18.18,2026-01-19 08:09:15
11628,Woody,18.18,2026-01-19 08:09:15
11628,Green,18.18,2026-01-19 08:09:15
11628,Floral,18.18,2026-01-19 08:09:15
11629,Creamy,33.33,2026-01-19 08:09:15
11629,Sweet,16.67,2026-01-19 08:09:15
11629,Fruity,16.67,2026-01-19 08:09:15
11629,Fresh,16.67,2026-01-19 08:09:15
11629,Floral,16.67,2026-01-19 08:09:15
11630,Sweet,21.78,2026-01-19 08:09:15
11630,Oriental,17.78,2026-01-19 08:09:15
11630,Spicy,15.11,2026-01-19 08:09:15
11630,Resinous,10.67,2026-01-19 08:09:15
11630,Woody,9.78,2026-01-19 08:09:15
11631,Woody,18.18,2026-01-19 08:09:15
11631,Green,18.18,2026-01-19 08:09:15
11631,Fresh,18.18,2026-01-19 08:09:15
11632,Citrus,22.95,2026-01-19 08:09:15
11632,Green,22.4,2026-01-19 08:09:15
11632,Fresh,19.67,2026-01-19 08:09:15
11633,Woody,40.0,2026-01-19 08:09:15
11633,Floral,40.0,2026-01-19 08:09:15
11634,Green,25.0,2026-01-19 08:09:15
11634,Fresh,21.09,2026-01-19 08:09:15
11634,Fruity,14.84,2026-01-19 08:09:15
11634,Floral,13.28,2026-01-19 08:09:15
11635,Citrus,20.0,2026-01-19 08:09:15
11635,Synthetic,20.0,2026-01-19 08:09:15
11635,Sweet,20.0,2026-01-19 08:09:15
11635,Woody,20.0,2026-01-19 08:09:15
11635,Fresh,20.0,2026-01-19 08:09:15
11636,Synthetic,16.4,2026-01-19 08:09:15
11636,Woody,14.29,2026-01-19 08:09:15
11636,Spicy,13.23,2026-01-19 08:09:15
11636,Resinous,11.64,2026-01-19 08:09:15
11636,Green,9.52,2026-01-19 08:09:15
11636,Animal,8.99,2026-01-19 08:09:15
11638,Woody,20.0,2026-01-19 08:09:15
11638,Oriental,16.67,2026-01-19 08:09:15
11638,Sweet,15.71,2026-01-19 08:09:15
11638,Spicy,13.81,2026-01-19 08:09:15
11638,Resinous,10.0,2026-01-19 08:09:15
11639,Citrus,17.65,2026-01-19 08:09:15
11639,Spicy,17.65,2026-01-19 08:09:15
11639,Woody,17.65,2026-01-19 08:09:15
11639,Green,17.65,2026-01-19 08:09:15
11639,Aquatic,17.65,2026-01-19 08:09:15
11640,Fresh,26.04,2026-01-19 08:09:15
11640,Synthetic,23.96,2026-01-19 08:09:15
11640,Floral,16.67,2026-01-19 08:09:15
11641,Creamy,50.0,2026-01-19 08:09:15
11641,Floral,50.0,2026-01-19 08:09:15
11643,Floral,26.79,2026-01-19 08:09:15
11643,Fresh,20.83,2026-01-19 08:09:15
11643,Green,13.1,2026-01-19 08:09:15
11643,Sweet,11.9,2026-01-19 08:09:15
11644,Green,29.75,2026-01-19 08:09:15
11644,Floral,23.14,2026-01-19 08:09:15
11644,Fresh,21.49,2026-01-19 08:09:15
11646,Spicy,20.0,2026-01-19 08:09:15
11646,Synthetic,20.0,2026-01-19 08:09:15
11646,Powdery,20.0,2026-01-19 08:09:15
11646,Fresh,20.0,2026-01-19 08:09:15
11646,Creamy,20.0,2026-01-19 08:09:15
11647,Citrus,33.88,2026-01-19 08:09:15
11647,Fresh,27.27,2026-01-19 08:09:15
11647,Green,17.36,2026-01-19 08:09:15
11648,Citrus,30.08,2026-01-19 08:09:15
11648,Fresh,22.76,2026-01-19 08:09:15
11648,Woody,13.82,2026-01-19 08:09:15
11648,Spicy,9.76,2026-01-19 08:09:15
11648,Sweet,9.76,2026-01-19 08:09:15
11650,Sweet,20.77,2026-01-19 08:09:15
11650,Fruity,20.77,2026-01-19 08:09:15
11650,Woody,17.69,2026-01-19 08:09:15
11650,Spicy,16.92,2026-01-19 08:09:15
11651,Spicy,24.0,2026-01-19 08:09:15
11651,Woody,24.0,2026-01-19 08:09:15
11651,Earthy,20.0,2026-01-19 08:09:15
11651,Leathery,12.0,2026-01-19 08:09:15
11651,Animal,12.0,2026-01-19 08:09:15
11658,Sweet,23.21,2026-01-19 08:09:15
11658,Floral,19.64,2026-01-19 08:09:15
11658,Powdery,15.18,2026-01-19 08:09:15
11658,Gourmand,15.18,2026-01-19 08:09:15
11659,Sweet,23.88,2026-01-19 08:09:15
11659,Spicy,23.64,2026-01-19 08:09:15
11659,Gourmand,16.55,2026-01-19 08:09:15
11659,Woody,13.95,2026-01-19 08:09:15
11661,Fruity,33.33,2026-01-19 08:09:15
11661,Sweet,16.67,2026-01-19 08:09:15
11661,Woody,16.67,2026-01-19 08:09:15
11661,Fresh,16.67,2026-01-19 08:09:15
11661,Floral,16.67,2026-01-19 08:09:15
11662,Floral,23.7,2026-01-19 08:09:15
11662,Fresh,18.52,2026-01-19 08:09:15
11662,Powdery,13.33,2026-01-19 08:09:15
11662,Spicy,11.85,2026-01-19 08:09:15
11662,Fruity,8.89,2026-01-19 08:09:15
11663,Leathery,18.8,2026-01-19 08:09:15
11663,Oriental,17.31,2026-01-19 08:09:15
11663,Woody,16.88,2026-01-19 08:09:15
11663,Spicy,14.53,2026-01-19 08:09:15
11663,Animal,12.39,2026-01-19 08:09:15
11665,Sweet,25.0,2026-01-19 08:09:15
11665,Fruity,25.0,2026-01-19 08:09:15
11665,Fresh,25.0,2026-01-19 08:09:15
11665,Floral,25.0,2026-01-19 08:09:15
11666,Green,26.45,2026-01-19 08:09:15
11666,Fresh,26.45,2026-01-19 08:09:15
11666,Citrus,21.94,2026-01-19 08:09:15
11668,Spicy,33.33,2026-01-19 08:09:15
11668,Sweet,16.67,2026-01-19 08:09:15
11668,Smoky,16.67,2026-01-19 08:09:15
11668,Oriental,16.67,2026-01-19 08:09:15
11668,Creamy,16.67,2026-01-19 08:09:15
11669,Sweet,16.67,2026-01-19 08:09:15
11669,Smoky,16.67,2026-01-19 08:09:15
11669,Oriental,16.67,2026-01-19 08:09:15
11669,Gourmand,16.67,2026-01-19 08:09:15
11669,Floral,16.67,2026-01-19 08:09:15
11670,Fresh,28.72,2026-01-19 08:09:15
11670,Green,24.47,2026-01-19 08:09:15
11670,Citrus,20.21,2026-01-19 08:09:15
11671,Fruity,26.23,2026-01-19 08:09:15
11671,Sweet,23.53,2026-01-19 08:09:15
11671,Floral,22.55,2026-01-19 08:09:15
11672,Citrus,33.33,2026-01-19 08:09:15
11672,Spicy,33.33,2026-01-19 08:09:15
11672,Fresh,33.33,2026-01-19 08:09:15
11673,Oriental,18.18,2026-01-19 08:09:15
11673,Gourmand,18.18,2026-01-19 08:09:15
11673,Spicy,9.09,2026-01-19 08:09:15
11673,Synthetic,9.09,2026-01-19 08:09:15
11673,Sweet,9.09,2026-01-19 08:09:15
11673,Powdery,9.09,2026-01-19 08:09:15
11673,Woody,9.09,2026-01-19 08:09:15
11673,Green,9.09,2026-01-19 08:09:15
11673,Creamy,9.09,2026-01-19 08:09:15
11674,Spicy,19.69,2026-01-19 08:09:15
11674,Woody,18.9,2026-01-19 08:09:15
11674,Oriental,16.54,2026-01-19 08:09:15
11674,Sweet,14.96,2026-01-19 08:09:15
11675,Fruity,17.38,2026-01-19 08:09:15
11675,Fresh,16.88,2026-01-19 08:09:15
11675,Woody,14.36,2026-01-19 08:09:15
11675,Citrus,14.11,2026-01-19 08:09:15
11675,Spicy,11.59,2026-01-19 08:09:15
11677,Sweet,25.0,2026-01-19 08:09:15
11677,Gourmand,25.0,2026-01-19 08:09:15
11677,Fruity,25.0,2026-01-19 08:09:15
11678,Citrus,26.4,2026-01-19 08:09:15
11678,Fresh,25.6,2026-01-19 08:09:15
11678,Green,20.0,2026-01-19 08:09:15
11679,Spicy,22.65,2026-01-19 08:09:15
11679,Sweet,16.18,2026-01-19 08:09:15
11679,Woody,15.86,2026-01-19 08:09:15
11679,Green,11.97,2026-01-19 08:09:15
11679,Resinous,8.41,2026-01-19 08:09:15
11681,Spicy,25.0,2026-01-19 08:09:15
11681,Sweet,25.0,2026-01-19 08:09:15
11681,Oriental,25.0,2026-01-19 08:09:15
11681,Gourmand,25.0,2026-01-19 08:09:15
11685,Sweet,33.33,2026-01-19 08:09:15
11685,Floral,33.33,2026-01-19 08:09:15
11686,Sweet,25.42,2026-01-19 08:09:15
11686,Fruity,19.49,2026-01-19 08:09:15
11686,Gourmand,17.8,2026-01-19 08:09:15
11686,Synthetic,16.95,2026-01-19 08:09:15
11687,Sweet,20.0,2026-01-19 08:09:15
11687,Gourmand,20.0,2026-01-19 08:09:15
11687,Floral,20.0,2026-01-19 08:09:15
11687,Spicy,10.0,2026-01-19 08:09:15
11687,Powdery,10.0,2026-01-19 08:09:15
11687,Oriental,10.0,2026-01-19 08:09:15
11687,Animal,10.0,2026-01-19 08:09:15
11688,Spicy,30.84,2026-01-19 08:09:15
11688,Citrus,20.56,2026-01-19 08:09:15
11688,Fresh,14.02,2026-01-19 08:09:15
11688,Fruity,13.08,2026-01-19 08:09:15
11689,Sweet,42.86,2026-01-19 08:09:15
11690,Leathery,18.73,2026-01-19 08:09:15
11690,Spicy,18.37,2026-01-19 08:09:15
11690,Floral,13.43,2026-01-19 08:09:15
11690,Woody,12.37,2026-01-19 08:09:15
11690,Sweet,8.48,2026-01-19 08:09:15
11690,Resinous,8.13,2026-01-19 08:09:15
11690,Oriental,7.77,2026-01-19 08:09:15
11692,Floral,25.61,2026-01-19 08:09:15
11692,Fruity,20.73,2026-01-19 08:09:15
11692,Sweet,15.85,2026-01-19 08:09:15
11692,Synthetic,10.98,2026-01-19 08:09:15
11693,Synthetic,16.67,2026-01-19 08:09:15
11693,Sweet,16.67,2026-01-19 08:09:15
11693,Powdery,16.67,2026-01-19 08:09:15
11693,Fruity,16.67,2026-01-19 08:09:15
11693,Fresh,16.67,2026-01-19 08:09:15
11693,Floral,16.67,2026-01-19 08:09:15
11694,Animal,20.66,2026-01-19 08:09:15
11694,Spicy,16.67,2026-01-19 08:09:15
11694,Leathery,14.08,2026-01-19 08:09:15
11694,Resinous,12.91,2026-01-19 08:09:15
11694,Woody,11.27,2026-01-19 08:09:15
11696,Citrus,27.2,2026-01-19 08:09:15
11696,Green,24.8,2026-01-19 08:09:15
11696,Fresh,21.6,2026-01-19 08:09:15
11698,Powdery,21.56,2026-01-19 08:09:15
11698,Floral,21.26,2026-01-19 08:09:15
11698,Spicy,14.37,2026-01-19 08:09:15
11698,Woody,12.87,2026-01-19 08:09:15
11699,Citrus,16.67,2026-01-19 08:09:15
11699,Spicy,16.67,2026-01-19 08:09:15
11699,Sweet,16.67,2026-01-19 08:09:15
11699,Fruity,16.67,2026-01-19 08:09:15
11699,Fresh,16.67,2026-01-19 08:09:15
11699,Aquatic,16.67,2026-01-19 08:09:15
11700,Green,26.09,2026-01-19 08:09:15
11700,Fresh,22.83,2026-01-19 08:09:15
11700,Citrus,14.13,2026-01-19 08:09:15
11700,Floral,14.13,2026-01-19 08:09:15
11701,Sweet,22.22,2026-01-19 08:09:15
11701,Fruity,22.22,2026-01-19 08:09:15
11701,Spicy,11.11,2026-01-19 08:09:15
11701,Synthetic,11.11,2026-01-19 08:09:15
11701,Fresh,11.11,2026-01-19 08:09:15
11701,Creamy,11.11,2026-01-19 08:09:15
11701,Floral,11.11,2026-01-19 08:09:15
11702,Citrus,24.71,2026-01-19 08:09:15
11702,Fresh,23.92,2026-01-19 08:09:15
11702,Floral,19.22,2026-01-19 08:09:15
11704,Floral,25.0,2026-01-19 08:09:15
11704,Citrus,19.83,2026-01-19 08:09:15
11704,Creamy,16.38,2026-01-19 08:09:15
11704,Fresh,15.52,2026-01-19 08:09:15
11705,Spicy,10.0,2026-01-19 08:09:15
11705,Synthetic,10.0,2026-01-19 08:09:15
11705,Sweet,10.0,2026-01-19 08:09:15
11705,Powdery,10.0,2026-01-19 08:09:15
11705,Gourmand,10.0,2026-01-19 08:09:15
11705,Fruity,10.0,2026-01-19 08:09:15
11705,Fresh,10.0,2026-01-19 08:09:15
11705,Creamy,10.0,2026-01-19 08:09:15
11705,Floral,10.0,2026-01-19 08:09:15
11705,Aquatic,10.0,2026-01-19 08:09:15
11706,Animal,21.72,2026-01-19 08:09:15
11706,Spicy,19.48,2026-01-19 08:09:15
11706,Smoky,12.36,2026-01-19 08:09:15
11706,Leathery,11.99,2026-01-19 08:09:15
11706,Woody,10.86,2026-01-19 08:09:15
11707,Floral,18.75,2026-01-19 08:09:15
11707,Sweet,12.5,2026-01-19 08:09:15
11707,Fresh,12.5,2026-01-19 08:09:15
11707,Citrus,6.25,2026-01-19 08:09:15
11707,Synthetic,6.25,2026-01-19 08:09:15
11707,Powdery,6.25,2026-01-19 08:09:15
11707,Woody,6.25,2026-01-19 08:09:15
11707,Green,6.25,2026-01-19 08:09:15
11707,Fruity,6.25,2026-01-19 08:09:15
11707,Creamy,6.25,2026-01-19 08:09:15
11707,Aquatic,6.25,2026-01-19 08:09:15
11707,Animal,6.25,2026-01-19 08:09:15
11708,Floral,23.15,2026-01-19 08:09:15
11708,Citrus,18.52,2026-01-19 08:09:15
11708,Fresh,17.59,2026-01-19 08:09:15
11708,Fruity,13.89,2026-01-19 08:09:15
11709,Sweet,15.38,2026-01-19 08:09:15
11709,Powdery,15.38,2026-01-19 08:09:15
11709,Creamy,15.38,2026-01-19 08:09:15
11709,Spicy,7.69,2026-01-19 08:09:15
11709,Synthetic,7.69,2026-01-19 08:09:15
11709,Smoky,7.69,2026-01-19 08:09:15
11709,Woody,7.69,2026-01-19 08:09:15
11709,Gourmand,7.69,2026-01-19 08:09:15
11709,Fresh,7.69,2026-01-19 08:09:15
11709,Floral,7.69,2026-01-19 08:09:15
11710,Earthy,20.31,2026-01-19 08:09:15
11710,Spicy,19.27,2026-01-19 08:09:15
11710,Resinous,12.5,2026-01-19 08:09:15
11710,Oriental,11.46,2026-01-19 08:09:15
11710,Smoky,10.16,2026-01-19 08:09:15
11712,Floral,30.0,2026-01-19 08:09:15
11712,Spicy,23.33,2026-01-19 08:09:15
11712,Woody,23.33,2026-01-19 08:09:15
11713,Powdery,13.33,2026-01-19 08:09:15
11713,Green,13.33,2026-01-19 08:09:15
11713,Earthy,13.33,2026-01-19 08:09:15
11713,Floral,13.33,2026-01-19 08:09:15
11714,Floral,30.32,2026-01-19 08:09:15
11714,Sweet,21.27,2026-01-19 08:09:15
11714,Creamy,15.84,2026-01-19 08:09:15
11715,Sweet,50.0,2026-01-19 08:09:15
11715,Creamy,50.0,2026-01-19 08:09:15
11716,Fruity,22.9,2026-01-19 08:09:15
11716,Citrus,19.85,2026-01-19 08:09:15
11716,Fresh,19.08,2026-01-19 08:09:15
11717,Sweet,15.79,2026-01-19 08:09:15
11717,Gourmand,15.79,2026-01-19 08:09:15
11717,Fruity,15.79,2026-01-19 08:09:15
11717,Smoky,10.53,2026-01-19 08:09:15
11717,Powdery,10.53,2026-01-19 08:09:15
11717,Oriental,10.53,2026-01-19 08:09:15
11717,Creamy,10.53,2026-01-19 08:09:15
11718,Leathery,28.99,2026-01-19 08:09:15
11718,Spicy,25.44,2026-01-19 08:09:15
11718,Woody,17.16,2026-01-19 08:09:15
11720,Fresh,19.53,2026-01-19 08:09:15
11720,Woody,13.28,2026-01-19 08:09:15
11720,Citrus,11.72,2026-01-19 08:09:15
11720,Floral,11.72,2026-01-19 08:09:15
11720,Spicy,10.94,2026-01-19 08:09:15
11720,Green,9.38,2026-01-19 08:09:15
11720,Aquatic,8.59,2026-01-19 08:09:15
11721,Powdery,33.33,2026-01-19 08:09:15
11721,Fresh,33.33,2026-01-19 08:09:15
11721,Floral,33.33,2026-01-19 08:09:15
11723,Floral,20.23,2026-01-19 08:09:15
11723,Spicy,16.34,2026-01-19 08:09:15
11723,Oriental,15.95,2026-01-19 08:09:15
11723,Sweet,15.56,2026-01-19 08:09:15
11726,Sweet,40.0,2026-01-19 08:09:15
11726,Creamy,40.0,2026-01-19 08:09:15
11727,Fruity,24.26,2026-01-19 08:09:15
11727,Sweet,23.83,2026-01-19 08:09:15
11727,Floral,18.72,2026-01-19 08:09:15
11727,Creamy,12.34,2026-01-19 08:09:15
11728,Sweet,22.22,2026-01-19 08:09:15
11728,Floral,19.75,2026-01-19 08:09:15
11728,Gourmand,17.28,2026-01-19 08:09:15
11728,Spicy,13.58,2026-01-19 08:09:15
11729,Fruity,33.33,2026-01-19 08:09:15
11729,Floral,33.33,2026-01-19 08:09:15
11731,Floral,25.25,2026-01-19 08:09:15
11731,Sweet,24.75,2026-01-19 08:09:15
11731,Spicy,15.84,2026-01-19 08:09:15
11731,Woody,12.38,2026-01-19 08:09:15
11732,Spicy,17.43,2026-01-19 08:09:15
11732,Woody,17.43,2026-01-19 08:09:15
11732,Citrus,13.76,2026-01-19 08:09:15
11732,Fresh,12.84,2026-01-19 08:09:15
11732,Floral,10.09,2026-01-19 08:09:15
11733,Sweet,25.0,2026-01-19 08:09:15
11733,Woody,16.67,2026-01-19 08:09:15
11733,Gourmand,16.67,2026-01-19 08:09:15
11733,Creamy,16.67,2026-01-19 08:09:15
11736,Floral,25.61,2026-01-19 08:09:15
11736,Sweet,19.51,2026-01-19 08:09:15
11736,Earthy,19.51,2026-01-19 08:09:15
11737,Sweet,22.22,2026-01-19 08:09:15
11737,Gourmand,22.22,2026-01-19 08:09:15
11737,Fruity,22.22,2026-01-19 08:09:15
11737,Creamy,22.22,2026-01-19 08:09:15
11739,Sweet,19.55,2026-01-19 08:09:15
11739,Floral,19.55,2026-01-19 08:09:15
11739,Leathery,13.97,2026-01-19 08:09:15
11739,Spicy,13.41,2026-01-19 08:09:15
11739,Fruity,12.85,2026-01-19 08:09:15
11740,Sweet,50.0,2026-01-19 08:09:15
11740,Gourmand,50.0,2026-01-19 08:09:15
11741,Fruity,25.68,2026-01-19 08:09:15
11741,Fresh,17.57,2026-01-19 08:09:15
11741,Sweet,14.86,2026-01-19 08:09:15
11741,Citrus,9.46,2026-01-19 08:09:15
11741,Powdery,6.76,2026-01-19 08:09:15
11741,Floral,6.76,2026-01-19 08:09:15
11743,Woody,16.75,2026-01-19 08:09:15
11743,Oriental,13.4,2026-01-19 08:09:15
11743,Spicy,12.92,2026-01-19 08:09:15
11743,Resinous,11.48,2026-01-19 08:09:15
11743,Smoky,11.0,2026-01-19 08:09:15
11743,Animal,10.05,2026-01-19 08:09:15
11746,Spicy,21.25,2026-01-19 08:09:15
11746,Woody,21.25,2026-01-19 08:09:15
11746,Smoky,13.75,2026-01-19 08:09:15
11746,Resinous,13.75,2026-01-19 08:09:15
11746,Oriental,10.0,2026-01-19 08:09:15
11747,Floral,26.32,2026-01-19 08:09:15
11747,Powdery,22.56,2026-01-19 08:09:15
11747,Fresh,12.78,2026-01-19 08:09:15
11747,Creamy,12.03,2026-01-19 08:09:15
11748,Spicy,20.0,2026-01-19 08:09:15
11748,Sweet,20.0,2026-01-19 08:09:15
11748,Woody,20.0,2026-01-19 08:09:15
11748,Fruity,20.0,2026-01-19 08:09:15
11748,Floral,20.0,2026-01-19 08:09:15
11750,Green,24.36,2026-01-19 08:09:15
11750,Spicy,17.95,2026-01-19 08:09:15
11750,Fresh,17.95,2026-01-19 08:09:15
11750,Woody,11.54,2026-01-19 08:09:15
11750,Resinous,11.54,2026-01-19 08:09:15
11751,Fresh,25.49,2026-01-19 08:09:15
11751,Citrus,19.61,2026-01-19 08:09:15
11751,Aquatic,19.61,2026-01-19 08:09:15
11752,Sweet,20.0,2026-01-19 08:09:15
11752,Green,20.0,2026-01-19 08:09:15
11752,Fresh,20.0,2026-01-19 08:09:15
11752,Floral,20.0,2026-01-19 08:09:15
11752,Aquatic,20.0,2026-01-19 08:09:15
11753,Fruity,33.33,2026-01-19 08:09:15
11753,Fresh,33.33,2026-01-19 08:09:15
11753,Floral,33.33,2026-01-19 08:09:15
11754,Earthy,30.19,2026-01-19 08:09:15
11754,Spicy,20.75,2026-01-19 08:09:15
11754,Green,15.09,2026-01-19 08:09:15
11754,Fresh,13.21,2026-01-19 08:09:15
11755,Fruity,19.27,2026-01-19 08:09:15
11755,Woody,17.43,2026-01-19 08:09:15
11755,Sweet,13.76,2026-01-19 08:09:15
11755,Oriental,11.93,2026-01-19 08:09:15
11755,Spicy,9.17,2026-01-19 08:09:15
11755,Leathery,8.26,2026-01-19 08:09:15
11756,Synthetic,27.27,2026-01-19 08:09:15
11756,Sweet,27.27,2026-01-19 08:09:15
11756,Fresh,18.18,2026-01-19 08:09:15
11756,Creamy,18.18,2026-01-19 08:09:15
11758,Woody,25.3,2026-01-19 08:09:15
11758,Spicy,18.07,2026-01-19 08:09:15
11758,Green,12.05,2026-01-19 08:09:15
11758,Earthy,12.05,2026-01-19 08:09:15
11758,Fresh,10.84,2026-01-19 08:09:15
11759,Floral,21.98,2026-01-19 08:09:15
11759,Resinous,20.88,2026-01-19 08:09:15
11759,Spicy,16.48,2026-01-19 08:09:15
11759,Earthy,15.38,2026-01-19 08:09:15
11762,Citrus,26.09,2026-01-19 08:09:15
11762,Fresh,24.64,2026-01-19 08:09:15
11762,Green,20.29,2026-01-19 08:09:15
11764,Floral,30.77,2026-01-19 08:09:15
11764,Fresh,23.08,2026-01-19 08:09:15
11764,Woody,15.38,2026-01-19 08:09:15
11764,Green,15.38,2026-01-19 08:09:15
11765,Floral,24.24,2026-01-19 08:09:15
11765,Creamy,16.67,2026-01-19 08:09:15
11765,Green,12.12,2026-01-19 08:09:15
11765,Fresh,12.12,2026-01-19 08:09:15
11765,Powdery,10.61,2026-01-19 08:09:15
11768,Floral,25.0,2026-01-19 08:09:15
11768,Citrus,16.67,2026-01-19 08:09:15
11768,Fresh,16.67,2026-01-19 08:09:15
11769,Sweet,17.7,2026-01-19 08:09:15
11769,Fruity,17.7,2026-01-19 08:09:15
11769,Gourmand,15.93,2026-01-19 08:09:15
11769,Oriental,10.62,2026-01-19 08:09:15
11769,Floral,9.73,2026-01-19 08:09:15
11771,Sweet,33.33,2026-01-19 08:09:15
11771,Fruity,33.33,2026-01-19 08:09:15
11771,Creamy,33.33,2026-01-19 08:09:15
11773,Spicy,26.03,2026-01-19 08:09:15
11773,Oriental,19.18,2026-01-19 08:09:15
11773,Woody,16.44,2026-01-19 08:09:15
11773,Sweet,8.22,2026-01-19 08:09:15
11773,Resinous,8.22,2026-01-19 08:09:15
11775,Sweet,18.75,2026-01-19 08:09:15
11775,Fruity,18.75,2026-01-19 08:09:15
11775,Powdery,12.5,2026-01-19 08:09:15
11775,Woody,12.5,2026-01-19 08:09:15
11775,Fresh,12.5,2026-01-19 08:09:15
11776,Synthetic,25.0,2026-01-19 08:09:15
11776,Sweet,25.0,2026-01-19 08:09:15
11776,Fruity,25.0,2026-01-19 08:09:15
11776,Aquatic,25.0,2026-01-19 08:09:15
11777,Spicy,20.65,2026-01-19 08:09:15
11777,Earthy,19.57,2026-01-19 08:09:15
11777,Oriental,16.3,2026-01-19 08:09:15
11777,Woody,15.22,2026-01-19 08:09:15
11780,Sweet,20.0,2026-01-19 08:09:15
11780,Powdery,20.0,2026-01-19 08:09:15
11780,Fresh,20.0,2026-01-19 08:09:15
11780,Floral,20.0,2026-01-19 08:09:15
11780,Aquatic,20.0,2026-01-19 08:09:15
11781,Aquatic,21.92,2026-01-19 08:09:15
11781,Fresh,19.18,2026-01-19 08:09:15
11781,Green,17.81,2026-01-19 08:09:15
11781,Floral,15.07,2026-01-19 08:09:15
11784,Spicy,20.0,2026-01-19 08:09:15
11784,Sweet,20.0,2026-01-19 08:09:15
11784,Fruity,20.0,2026-01-19 08:09:15
11784,Fresh,20.0,2026-01-19 08:09:15
11784,Floral,20.0,2026-01-19 08:09:15
11785,Floral,22.37,2026-01-19 08:09:15
11785,Fruity,21.05,2026-01-19 08:09:15
11785,Sweet,18.42,2026-01-19 08:09:15
11785,Fresh,15.79,2026-01-19 08:09:15
11787,Sweet,21.43,2026-01-19 08:09:15
11787,Oriental,14.29,2026-01-19 08:09:15
11787,Woody,14.29,2026-01-19 08:09:15
11787,Gourmand,14.29,2026-01-19 08:09:15
11787,Floral,14.29,2026-01-19 08:09:15
11789,Fruity,23.81,2026-01-19 08:09:15
11789,Spicy,19.05,2026-01-19 08:09:15
11789,Woody,14.29,2026-01-19 08:09:15
11789,Earthy,11.9,2026-01-19 08:09:15
11789,Sweet,9.52,2026-01-19 08:09:15
11791,Fruity,33.33,2026-01-19 08:09:15
11791,Floral,33.33,2026-01-19 08:09:15
11792,Citrus,33.33,2026-01-19 08:09:15
11792,Fresh,33.33,2026-01-19 08:09:15
11793,Floral,27.69,2026-01-19 08:09:15
11793,Earthy,21.54,2026-01-19 08:09:15
11793,Oriental,13.85,2026-01-19 08:09:15
11793,Sweet,12.31,2026-01-19 08:09:15
11796,Fresh,22.86,2026-01-19 08:09:15
11796,Citrus,20.0,2026-01-19 08:09:15
11800,Sweet,15.94,2026-01-19 08:09:15
11800,Woody,15.94,2026-01-19 08:09:15
11800,Floral,14.49,2026-01-19 08:09:15
11800,Oriental,11.59,2026-01-19 08:09:15
11800,Spicy,10.14,2026-01-19 08:09:15
11800,Earthy,8.7,2026-01-19 08:09:15
11800,Creamy,8.7,2026-01-19 08:09:15
11802,Fruity,50.0,2026-01-19 08:09:15
11802,Floral,50.0,2026-01-19 08:09:15
11803,Sweet,28.57,2026-01-19 08:09:15
11803,Fruity,28.57,2026-01-19 08:09:15
11804,Floral,21.74,2026-01-19 08:09:15
11804,Sweet,15.22,2026-01-19 08:09:15
11804,Oriental,15.22,2026-01-19 08:09:15
11804,Powdery,13.04,2026-01-19 08:09:15
11804,Green,13.04,2026-01-19 08:09:15
11806,Citrus,33.33,2026-01-19 08:09:15
11806,Sweet,33.33,2026-01-19 08:09:15
11806,Fruity,33.33,2026-01-19 08:09:15
11808,Spicy,17.07,2026-01-19 08:09:15
11808,Oriental,14.63,2026-01-19 08:09:15
11808,Woody,14.63,2026-01-19 08:09:15
11808,Sweet,12.2,2026-01-19 08:09:15
11808,Leathery,9.76,2026-01-19 08:09:15
11808,Fresh,9.76,2026-01-19 08:09:15
11810,Floral,26.67,2026-01-19 08:09:15
11810,Sweet,20.0,2026-01-19 08:09:15
11810,Fruity,20.0,2026-01-19 08:09:15
11810,Fresh,13.33,2026-01-19 08:09:15
11811,Citrus,20.0,2026-01-19 08:09:15
11811,Woody,20.0,2026-01-19 08:09:15
11811,Green,20.0,2026-01-19 08:09:15
11811,Fresh,20.0,2026-01-19 08:09:15
11811,Aquatic,20.0,2026-01-19 08:09:15
11812,Floral,25.86,2026-01-19 08:09:15
11812,Sweet,22.41,2026-01-19 08:09:15
11812,Spicy,12.07,2026-01-19 08:09:15
11812,Creamy,12.07,2026-01-19 08:09:15
11816,Floral,30.77,2026-01-19 08:09:15
11816,Synthetic,23.08,2026-01-19 08:09:15
11816,Sweet,15.38,2026-01-19 08:09:15
11816,Fresh,15.38,2026-01-19 08:09:15
11818,Synthetic,14.29,2026-01-19 08:09:15
11818,Sweet,14.29,2026-01-19 08:09:15
11818,Powdery,14.29,2026-01-19 08:09:15
11818,Oriental,14.29,2026-01-19 08:09:15
11818,Woody,14.29,2026-01-19 08:09:15
11818,Gourmand,14.29,2026-01-19 08:09:15
11818,Floral,14.29,2026-01-19 08:09:15
11819,Citrus,16.67,2026-01-19 08:09:15
11819,Synthetic,16.67,2026-01-19 08:09:15
11819,Sweet,16.67,2026-01-19 08:09:15
11819,Gourmand,16.67,2026-01-19 08:09:15
11819,Fresh,16.67,2026-01-19 08:09:15
11819,Creamy,16.67,2026-01-19 08:09:15
11820,Spicy,33.33,2026-01-19 08:09:15
11820,Woody,22.22,2026-01-19 08:09:15
11820,Green,22.22,2026-01-19 08:09:15
11822,Spicy,20.0,2026-01-19 08:09:15
11822,Woody,15.0,2026-01-19 08:09:15
11822,Floral,15.0,2026-01-19 08:09:15
11822,Sweet,10.0,2026-01-19 08:09:15
11822,Powdery,10.0,2026-01-19 08:09:15
11822,Green,10.0,2026-01-19 08:09:15
11822,Fruity,10.0,2026-01-19 08:09:15
11822,Fresh,10.0,2026-01-19 08:09:15
11823,Synthetic,20.0,2026-01-19 08:09:15
11823,Sweet,20.0,2026-01-19 08:09:15
11823,Fruity,20.0,2026-01-19 08:09:15
11823,Creamy,20.0,2026-01-19 08:09:15
11823,Floral,20.0,2026-01-19 08:09:15
11826,Citrus,18.18,2026-01-19 08:09:15
11826,Synthetic,18.18,2026-01-19 08:09:15
11826,Sweet,18.18,2026-01-19 08:09:15
11826,Floral,18.18,2026-01-19 08:09:15
11830,Sweet,20.0,2026-01-19 08:09:15
11830,Powdery,20.0,2026-01-19 08:09:15
11830,Gourmand,20.0,2026-01-19 08:09:15
11830,Creamy,20.0,2026-01-19 08:09:15
11830,Floral,20.0,2026-01-19 08:09:15
11831,Sweet,33.33,2026-01-19 08:09:15
11831,Fresh,33.33,2026-01-19 08:09:15
11831,Floral,33.33,2026-01-19 08:09:15
11834,Citrus,30.77,2026-01-19 08:09:15
11834,Floral,30.77,2026-01-19 08:09:15
11838,Gourmand,37.5,2026-01-19 08:09:15
11838,Sweet,25.0,2026-01-19 08:09:15
11838,Creamy,25.0,2026-01-19 08:09:15
11842,Spicy,22.22,2026-01-19 08:09:15
11842,Sweet,22.22,2026-01-19 08:09:15
11842,Gourmand,22.22,2026-01-19 08:09:15
11844,Citrus,11.11,2026-01-19 08:09:15
11844,Spicy,11.11,2026-01-19 08:09:15
11844,Synthetic,11.11,2026-01-19 08:09:15
11844,Sweet,11.11,2026-01-19 08:09:15
11844,Woody,11.11,2026-01-19 08:09:15
11844,Green,11.11,2026-01-19 08:09:15
11844,Fruity,11.11,2026-01-19 08:09:15
11844,Fresh,11.11,2026-01-19 08:09:15
11844,Floral,11.11,2026-01-19 08:09:15
11846,Gourmand,21.43,2026-01-19 08:09:15
11846,Fruity,21.43,2026-01-19 08:09:15
11846,Creamy,21.43,2026-01-19 08:09:15
11846,Synthetic,14.29,2026-01-19 08:09:15
11846,Sweet,14.29,2026-01-19 08:09:15
11850,Citrus,42.86,2026-01-19 08:09:15
11853,Sweet,24.14,2026-01-19 08:09:15
11853,Powdery,22.41,2026-01-19 08:09:15
11853,Woody,17.24,2026-01-19 08:09:15
11853,Resinous,12.07,2026-01-19 08:09:15
11854,Sweet,50.0,2026-01-19 08:09:15
11854,Fruity,50.0,2026-01-19 08:09:15
11856,Citrus,20.0,2026-01-19 08:09:15
11856,Synthetic,20.0,2026-01-19 08:09:15
11856,Fruity,20.0,2026-01-19 08:09:15
11856,Fresh,20.0,2026-01-19 08:09:15
11856,Aquatic,20.0,2026-01-19 08:09:15
11857,Floral,30.77,2026-01-19 08:09:15
11857,Woody,21.15,2026-01-19 08:09:15
11857,Creamy,19.23,2026-01-19 08:09:15
11860,Synthetic,25.0,2026-01-19 08:09:15
11860,Oriental,25.0,2026-01-19 08:09:15
11860,Gourmand,25.0,2026-01-19 08:09:15
11860,Fruity,25.0,2026-01-19 08:09:15
11861,Floral,35.09,2026-01-19 08:09:15
11861,Green,28.07,2026-01-19 08:09:15
11862,Citrus,28.57,2026-01-19 08:09:15
11862,Fresh,28.57,2026-01-19 08:09:15
11862,Floral,28.57,2026-01-19 08:09:15
11865,Leathery,36.36,2026-01-19 08:09:15
11865,Fruity,31.82,2026-01-19 08:09:15
11869,Woody,20.63,2026-01-19 08:09:15
11869,Floral,20.63,2026-01-19 08:09:15
11869,Powdery,19.05,2026-01-19 08:09:15
11869,Green,11.11,2026-01-19 08:09:15
11870,Synthetic,20.0,2026-01-19 08:09:15
11870,Sweet,20.0,2026-01-19 08:09:15
11870,Powdery,20.0,2026-01-19 08:09:15
11870,Gourmand,20.0,2026-01-19 08:09:15
11870,Fruity,20.0,2026-01-19 08:09:15
11872,Floral,37.04,2026-01-19 08:09:15
11872,Fresh,18.52,2026-01-19 08:09:15
11877,Aquatic,22.41,2026-01-19 08:09:15
11877,Green,18.97,2026-01-19 08:09:15
11877,Fresh,17.24,2026-01-19 08:09:15
11877,Synthetic,12.07,2026-01-19 08:09:15
11877,Woody,12.07,2026-01-19 08:09:15
11878,Sweet,33.33,2026-01-19 08:09:15
11878,Fresh,33.33,2026-01-19 08:09:15
11879,Sweet,20.0,2026-01-19 08:09:15
11879,Powdery,20.0,2026-01-19 08:09:15
11879,Oriental,20.0,2026-01-19 08:09:15
11879,Gourmand,20.0,2026-01-19 08:09:15
11879,Floral,20.0,2026-01-19 08:09:15
11881,Sweet,27.27,2026-01-19 08:09:15
11881,Citrus,25.0,2026-01-19 08:09:15
11881,Powdery,13.64,2026-01-19 08:09:15
11881,Fresh,13.64,2026-01-19 08:09:15
11882,Fruity,33.33,2026-01-19 08:09:15
11882,Synthetic,16.67,2026-01-19 08:09:15
11882,Fresh,16.67,2026-01-19 08:09:15
11882,Floral,16.67,2026-01-19 08:09:15
11882,Aquatic,16.67,2026-01-19 08:09:15
11883,Woody,30.53,2026-01-19 08:09:15
11883,Spicy,23.34,2026-01-19 08:09:15
11883,Oriental,12.78,2026-01-19 08:09:15
11883,Resinous,10.37,2026-01-19 08:09:15
11883,Smoky,9.52,2026-01-19 08:09:15
11885,Floral,21.74,2026-01-19 08:09:15
11885,Spicy,13.04,2026-01-19 08:09:15
11885,Leathery,13.04,2026-01-19 08:09:15
11885,Woody,13.04,2026-01-19 08:09:15
11885,Green,13.04,2026-01-19 08:09:15
11886,Sweet,33.33,2026-01-19 08:09:15
11886,Fruity,33.33,2026-01-19 08:09:15
11886,Creamy,33.33,2026-01-19 08:09:15
11887,Sweet,25.57,2026-01-19 08:09:15
11887,Spicy,23.72,2026-01-19 08:09:15
11887,Gourmand,16.68,2026-01-19 08:09:15
11887,Smoky,13.58,2026-01-19 08:09:15
11889,Citrus,18.31,2026-01-19 08:09:15
11889,Powdery,18.31,2026-01-19 08:09:15
11889,Green,12.68,2026-01-19 08:09:15
11889,Fresh,12.68,2026-01-19 08:09:15
11889,Floral,12.68,2026-01-19 08:09:15
11890,Aquatic,50.0,2026-01-19 08:09:15
11891,Sweet,24.76,2026-01-19 08:09:15
11891,Gourmand,21.11,2026-01-19 08:09:15
11891,Spicy,19.62,2026-01-19 08:09:15
11893,Spicy,25.0,2026-01-19 08:09:15
11893,Oriental,16.67,2026-01-19 08:09:15
11893,Powdery,12.5,2026-01-19 08:09:15
11893,Creamy,12.5,2026-01-19 08:09:15
11893,Floral,12.5,2026-01-19 08:09:15
11894,Synthetic,33.33,2026-01-19 08:09:15
11894,Fruity,33.33,2026-01-19 08:09:15
11894,Fresh,33.33,2026-01-19 08:09:15
11895,Sweet,31.16,2026-01-19 08:09:15
11895,Fruity,30.93,2026-01-19 08:09:15
11897,Floral,33.33,2026-01-19 08:09:15
11897,Fresh,22.22,2026-01-19 08:09:15
11897,Creamy,13.33,2026-01-19 08:09:15
11897,Green,11.11,2026-01-19 08:09:15
11898,Citrus,13.33,2026-01-19 08:09:15
11898,Fresh,13.33,2026-01-19 08:09:15
11898,Floral,13.33,2026-01-19 08:09:15
11898,Aquatic,13.33,2026-01-19 08:09:15
11900,Woody,33.33,2026-01-19 08:09:15
11900,Spicy,29.17,2026-01-19 08:09:15
11901,Sweet,15.38,2026-01-19 08:09:15
11901,Fruity,15.38,2026-01-19 08:09:15
11902,Leathery,34.01,2026-01-19 08:09:15
11902,Spicy,20.69,2026-01-19 08:09:15
11902,Sweet,14.87,2026-01-19 08:09:15
11904,Smoky,28.12,2026-01-19 08:09:15
11904,Woody,28.12,2026-01-19 08:09:15
11904,Spicy,21.88,2026-01-19 08:09:15
11906,Sweet,22.2,2026-01-19 08:09:15
11906,Spicy,19.85,2026-01-19 08:09:15
11906,Leathery,17.14,2026-01-19 08:09:15
11906,Creamy,13.87,2026-01-19 08:09:15
11907,Oriental,26.09,2026-01-19 08:09:15
11907,Spicy,17.39,2026-01-19 08:09:15
11907,Woody,17.39,2026-01-19 08:09:15
11907,Sweet,8.7,2026-01-19 08:09:15
11907,Smoky,8.7,2026-01-19 08:09:15
11907,Leathery,8.7,2026-01-19 08:09:15
11908,Citrus,25.0,2026-01-19 08:09:15
11908,Spicy,25.0,2026-01-19 08:09:15
11908,Floral,25.0,2026-01-19 08:09:15
11909,Synthetic,25.0,2026-01-19 08:09:15
11909,Sweet,25.0,2026-01-19 08:09:15
11909,Gourmand,25.0,2026-01-19 08:09:15
11909,Creamy,25.0,2026-01-19 08:09:15
11910,Floral,18.55,2026-01-19 08:09:15
11910,Oriental,16.57,2026-01-19 08:09:15
11910,Sweet,14.5,2026-01-19 08:09:15
11910,Spicy,14.27,2026-01-19 08:09:15
11910,Woody,9.07,2026-01-19 08:09:15
11914,Leathery,27.6,2026-01-19 08:09:15
11914,Smoky,17.19,2026-01-19 08:09:15
11914,Spicy,15.77,2026-01-19 08:09:15
11914,Fruity,13.67,2026-01-19 08:09:15
11915,Floral,29.63,2026-01-19 08:09:15
11915,Sweet,18.52,2026-01-19 08:09:15
11915,Creamy,14.81,2026-01-19 08:09:15
11915,Powdery,11.11,2026-01-19 08:09:15
11915,Resinous,11.11,2026-01-19 08:09:15
11917,Sweet,50.0,2026-01-19 08:09:15
11917,Fruity,50.0,2026-01-19 08:09:15
11918,Creamy,28.16,2026-01-19 08:09:15
11918,Sweet,22.96,2026-01-19 08:09:15
11918,Floral,20.92,2026-01-19 08:09:15
11920,Leathery,34.48,2026-01-19 08:09:15
11920,Floral,27.59,2026-01-19 08:09:15
11920,Powdery,17.24,2026-01-19 08:09:15
11922,Fougère,24.64,2026-01-19 08:09:15
11922,Green,18.84,2026-01-19 08:09:15
11922,Fresh,16.69,2026-01-19 08:09:15
11922,Spicy,14.35,2026-01-19 08:09:15
11924,Floral,28.95,2026-01-19 08:09:15
11924,Sweet,21.05,2026-01-19 08:09:15
11924,Fruity,13.16,2026-01-19 08:09:15
11925,Spicy,20.0,2026-01-19 08:09:15
11925,Sweet,20.0,2026-01-19 08:09:15
11925,Fruity,20.0,2026-01-19 08:09:15
11925,Creamy,20.0,2026-01-19 08:09:15
11926,Floral,22.07,2026-01-19 08:09:15
11926,Spicy,18.35,2026-01-19 08:09:15
11926,Oriental,15.43,2026-01-19 08:09:15
11926,Sweet,14.79,2026-01-19 08:09:15
11928,Spicy,27.27,2026-01-19 08:09:15
11928,Floral,27.27,2026-01-19 08:09:15
11928,Oriental,22.73,2026-01-19 08:09:15
11931,Fresh,26.08,2026-01-19 08:09:15
11931,Citrus,25.37,2026-01-19 08:09:15
11931,Fruity,15.86,2026-01-19 08:09:15
11931,Aquatic,11.95,2026-01-19 08:09:15
11932,Floral,30.0,2026-01-19 08:09:15
11932,Powdery,15.0,2026-01-19 08:09:15
11932,Leathery,15.0,2026-01-19 08:09:15
11932,Sweet,10.0,2026-01-19 08:09:15
11932,Fresh,10.0,2026-01-19 08:09:15
11932,Creamy,10.0,2026-01-19 08:09:15
11933,Synthetic,22.22,2026-01-19 08:09:15
11933,Sweet,22.22,2026-01-19 08:09:15
11933,Fresh,22.22,2026-01-19 08:09:15
11933,Floral,22.22,2026-01-19 08:09:15
11935,Floral,40.0,2026-01-19 08:09:15
11936,Synthetic,33.33,2026-01-19 08:09:15
11936,Sweet,33.33,2026-01-19 08:09:15
11936,Fruity,33.33,2026-01-19 08:09:15
11937,Creamy,25.35,2026-01-19 08:09:15
11937,Floral,19.15,2026-01-19 08:09:15
11937,Sweet,16.55,2026-01-19 08:09:15
11937,Fresh,15.0,2026-01-19 08:09:15
11939,Fruity,26.67,2026-01-19 08:09:15
11939,Fresh,13.33,2026-01-19 08:09:15
11939,Earthy,13.33,2026-01-19 08:09:15
11939,Floral,13.33,2026-01-19 08:09:15
11939,Spicy,10.0,2026-01-19 08:09:15
11939,Sweet,10.0,2026-01-19 08:09:15
11940,Floral,33.33,2026-01-19 08:09:15
11941,Fresh,23.44,2026-01-19 08:09:15
11941,Green,20.47,2026-01-19 08:09:15
11941,Woody,18.13,2026-01-19 08:09:15
11941,Citrus,16.15,2026-01-19 08:09:15
11943,Floral,20.83,2026-01-19 08:09:15
11943,Powdery,16.67,2026-01-19 08:09:15
11943,Spicy,12.5,2026-01-19 08:09:15
11943,Woody,12.5,2026-01-19 08:09:15
11943,Synthetic,8.33,2026-01-19 08:09:15
11943,Sweet,8.33,2026-01-19 08:09:15
11943,Resinous,8.33,2026-01-19 08:09:15
11945,Fresh,26.46,2026-01-19 08:09:15
11945,Citrus,25.78,2026-01-19 08:09:15
11945,Floral,14.4,2026-01-19 08:09:15
11945,Aquatic,12.45,2026-01-19 08:09:15
11948,Fougère,25.0,2026-01-19 08:09:15
11948,Leathery,20.0,2026-01-19 08:09:15
11948,Powdery,15.0,2026-01-19 08:09:15
11948,Smoky,10.0,2026-01-19 08:09:15
11948,Fresh,10.0,2026-01-19 08:09:15
11948,Floral,10.0,2026-01-19 08:09:15
11949,Fruity,27.88,2026-01-19 08:09:15
11949,Sweet,24.87,2026-01-19 08:09:15
11952,Citrus,21.05,2026-01-19 08:09:15
11952,Floral,21.05,2026-01-19 08:09:15
11952,Spicy,15.79,2026-01-19 08:09:15
11952,Fruity,15.79,2026-01-19 08:09:15
11953,Woody,21.67,2026-01-19 08:09:15
11953,Spicy,19.54,2026-01-19 08:09:15
11953,Smoky,18.97,2026-01-19 08:09:15
11953,Resinous,12.1,2026-01-19 08:09:15
11954,Sweet,37.5,2026-01-19 08:09:15
11954,Gourmand,37.5,2026-01-19 08:09:15
11955,Woody,15.0,2026-01-19 08:09:15
11955,Green,15.0,2026-01-19 08:09:15
11955,Spicy,10.0,2026-01-19 08:09:15
11955,Sweet,10.0,2026-01-19 08:09:15
11955,Fresh,10.0,2026-01-19 08:09:15
11955,Synthetic,5.0,2026-01-19 08:09:15
11955,Smoky,5.0,2026-01-19 08:09:15
11955,Oriental,5.0,2026-01-19 08:09:15
11955,Resinous,5.0,2026-01-19 08:09:15
11955,Fruity,5.0,2026-01-19 08:09:15
11955,Earthy,5.0,2026-01-19 08:09:15
11955,Creamy,5.0,2026-01-19 08:09:15
11955,Aquatic,5.0,2026-01-19 08:09:15
11956,Spicy,24.09,2026-01-19 08:09:15
11956,Woody,21.6,2026-01-19 08:09:15
11956,Sweet,14.92,2026-01-19 08:09:15
11956,Fougère,12.51,2026-01-19 08:09:15
11957,Aquatic,27.22,2026-01-19 08:09:15
11957,Woody,24.95,2026-01-19 08:09:15
11957,Fresh,17.67,2026-01-19 08:09:15
11958,Green,20.0,2026-01-19 08:09:15
11958,Fresh,20.0,2026-01-19 08:09:15
11958,Floral,20.0,2026-01-19 08:09:15
11958,Aquatic,20.0,2026-01-19 08:09:15
11959,Fresh,29.17,2026-01-19 08:09:15
11959,Citrus,25.0,2026-01-19 08:09:15
11959,Green,20.83,2026-01-19 08:09:15
11960,Spicy,22.71,2026-01-19 08:09:15
11960,Woody,21.47,2026-01-19 08:09:15
11960,Oriental,16.36,2026-01-19 08:09:15
11960,Resinous,10.54,2026-01-19 08:09:15
11965,Spicy,18.05,2026-01-19 08:09:15
11965,Woody,17.15,2026-01-19 08:09:15
11965,Fougère,16.65,2026-01-19 08:09:15
11967,Fruity,30.0,2026-01-19 08:09:15
11967,Floral,30.0,2026-01-19 08:09:15
11968,Fresh,22.59,2026-01-19 08:09:15
11968,Citrus,21.84,2026-01-19 08:09:15
11968,Aquatic,18.05,2026-01-19 08:09:15
11968,Woody,15.24,2026-01-19 08:09:15
11969,Spicy,29.5,2026-01-19 08:09:15
11969,Sweet,22.24,2026-01-19 08:09:15
11969,Woody,19.87,2026-01-19 08:09:15
11970,Green,33.33,2026-01-19 08:09:15
11970,Fresh,33.33,2026-01-19 08:09:15
11970,Floral,33.33,2026-01-19 08:09:15
11971,Fresh,13.64,2026-01-19 08:09:15
11971,Spicy,9.09,2026-01-19 08:09:15
11971,Synthetic,9.09,2026-01-19 08:09:15
11971,Sweet,9.09,2026-01-19 08:09:15
11971,Powdery,9.09,2026-01-19 08:09:15
11971,Woody,9.09,2026-01-19 08:09:15
11971,Green,9.09,2026-01-19 08:09:15
11971,Fruity,9.09,2026-01-19 08:09:15
11971,Floral,9.09,2026-01-19 08:09:15
11972,Sweet,25.0,2026-01-19 08:09:15
11972,Floral,25.0,2026-01-19 08:09:15
11972,Synthetic,12.5,2026-01-19 08:09:15
11972,Gourmand,12.5,2026-01-19 08:09:15
11972,Fruity,12.5,2026-01-19 08:09:15
11972,Creamy,12.5,2026-01-19 08:09:15
11973,Spicy,20.97,2026-01-19 08:09:15
11973,Sweet,18.28,2026-01-19 08:09:15
11973,Woody,16.88,2026-01-19 08:09:15
11973,Oriental,14.52,2026-01-19 08:09:15
11974,Sweet,27.79,2026-01-19 08:09:15
11974,Spicy,24.56,2026-01-19 08:09:15
11974,Gourmand,23.91,2026-01-19 08:09:15
11975,Spicy,14.29,2026-01-19 08:09:15
11975,Powdery,14.29,2026-01-19 08:09:15
11975,Woody,14.29,2026-01-19 08:09:15
11975,Fresh,14.29,2026-01-19 08:09:15
11975,Earthy,14.29,2026-01-19 08:09:15
11976,Sweet,27.27,2026-01-19 08:09:15
11976,Floral,27.27,2026-01-19 08:09:15
11976,Fruity,18.18,2026-01-19 08:09:15
11976,Fresh,18.18,2026-01-19 08:09:15
11977,Sweet,21.04,2026-01-19 08:09:15
11977,Oriental,19.74,2026-01-19 08:09:15
11977,Spicy,16.25,2026-01-19 08:09:15
11977,Gourmand,11.27,2026-01-19 08:09:15
11977,Floral,8.97,2026-01-19 08:09:15
11978,Floral,24.36,2026-01-19 08:09:15
11978,Fresh,24.1,2026-01-19 08:09:15
11978,Citrus,23.59,2026-01-19 08:09:15
11981,Sweet,28.04,2026-01-19 08:09:15
11981,Creamy,22.9,2026-01-19 08:09:15
11981,Gourmand,21.03,2026-01-19 08:09:15
11982,Citrus,28.87,2026-01-19 08:09:15
11982,Fresh,24.31,2026-01-19 08:09:15
11982,Spicy,17.13,2026-01-19 08:09:15
11982,Green,16.64,2026-01-19 08:09:15
11984,Floral,25.38,2026-01-19 08:09:15
11984,Sweet,23.16,2026-01-19 08:09:15
11984,Oriental,16.26,2026-01-19 08:09:15
11984,Spicy,11.11,2026-01-19 08:09:15
11986,Floral,24.42,2026-01-19 08:09:15
11986,Powdery,22.69,2026-01-19 08:09:15
11986,Green,11.71,2026-01-19 08:09:15
11986,Sweet,10.98,2026-01-19 08:09:15
11986,Fresh,10.69,2026-01-19 08:09:15
11989,Woody,22.64,2026-01-19 08:09:15
11989,Smoky,19.76,2026-01-19 08:09:15
11989,Resinous,17.02,2026-01-19 08:09:15
11989,Spicy,16.72,2026-01-19 08:09:15
11990,Sweet,25.0,2026-01-19 08:09:15
11990,Powdery,25.0,2026-01-19 08:09:15
11990,Oriental,25.0,2026-01-19 08:09:15
11990,Floral,25.0,2026-01-19 08:09:15
11991,Fresh,27.74,2026-01-19 08:09:15
11991,Spicy,25.28,2026-01-19 08:09:15
11991,Woody,16.04,2026-01-19 08:09:15
11993,Fruity,20.0,2026-01-19 08:09:15
11993,Floral,20.0,2026-01-19 08:09:15
11993,Citrus,10.0,2026-01-19 08:09:15
11993,Sweet,10.0,2026-01-19 08:09:15
11993,Oriental,10.0,2026-01-19 08:09:15
11993,Gourmand,10.0,2026-01-19 08:09:15
11993,Fresh,10.0,2026-01-19 08:09:15
11993,Aquatic,10.0,2026-01-19 08:09:15
11995,Spicy,24.5,2026-01-19 08:09:15
11995,Fresh,19.0,2026-01-19 08:09:15
11995,Sweet,16.0,2026-01-19 08:09:15
11995,Woody,14.25,2026-01-19 08:09:15
11995,Floral,14.25,2026-01-19 08:09:15
11996,Fresh,28.57,2026-01-19 08:09:15
11996,Floral,28.57,2026-01-19 08:09:15
11996,Aquatic,28.57,2026-01-19 08:09:15
11997,Sweet,20.87,2026-01-19 08:09:15
11997,Gourmand,18.17,2026-01-19 08:09:15
11997,Spicy,14.41,2026-01-19 08:09:15
11997,Creamy,12.61,2026-01-19 08:09:15
11997,Woody,9.01,2026-01-19 08:09:15
11999,Spicy,21.44,2026-01-19 08:09:15
11999,Sweet,18.99,2026-01-19 08:09:15
11999,Oriental,15.54,2026-01-19 08:09:15
11999,Floral,12.52,2026-01-19 08:09:15
12000,Fruity,18.39,2026-01-19 08:09:15
12000,Spicy,18.14,2026-01-19 08:09:15
12000,Sweet,15.4,2026-01-19 08:09:15
12000,Woody,11.68,2026-01-19 08:09:15
12000,Oriental,10.93,2026-01-19 08:09:15
12002,Floral,22.22,2026-01-19 08:09:15
12002,Synthetic,11.11,2026-01-19 08:09:15
12002,Sweet,11.11,2026-01-19 08:09:15
12002,Green,11.11,2026-01-19 08:09:15
12002,Fruity,11.11,2026-01-19 08:09:15
12002,Fresh,11.11,2026-01-19 08:09:15
12002,Creamy,11.11,2026-01-19 08:09:15
12002,Aquatic,11.11,2026-01-19 08:09:15
12003,Woody,25.23,2026-01-19 08:09:15
12003,Spicy,24.77,2026-01-19 08:09:15
12003,Floral,22.97,2026-01-19 08:09:15
12006,Floral,25.05,2026-01-19 08:09:15
12006,Creamy,23.41,2026-01-19 08:09:15
12006,Sweet,16.88,2026-01-19 08:09:15
12007,Sweet,22.44,2026-01-19 08:09:15
12007,Powdery,21.11,2026-01-19 08:09:15
12007,Spicy,18.89,2026-01-19 08:09:15
12007,Gourmand,12.44,2026-01-19 08:09:15
12007,Creamy,12.22,2026-01-19 08:09:15
12010,Fruity,24.0,2026-01-19 08:09:15
12010,Smoky,22.8,2026-01-19 08:09:15
12010,Sweet,19.2,2026-01-19 08:09:15
12010,Woody,13.0,2026-01-19 08:09:15
12011,Spicy,21.39,2026-01-19 08:09:15
12011,Citrus,16.22,2026-01-19 08:09:15
12011,Fresh,15.19,2026-01-19 08:09:15
12011,Oriental,12.68,2026-01-19 08:09:15
12011,Floral,12.54,2026-01-19 08:09:15
12012,Sweet,50.0,2026-01-19 08:09:15
12012,Creamy,50.0,2026-01-19 08:09:15
12014,Sweet,21.65,2026-01-19 08:09:15
12014,Floral,18.18,2026-01-19 08:09:15
12014,Synthetic,14.88,2026-01-19 08:09:15
12014,Creamy,14.38,2026-01-19 08:09:15
12015,Floral,36.36,2026-01-19 08:09:15
12015,Woody,22.58,2026-01-19 08:09:15
12015,Fresh,14.96,2026-01-19 08:09:15
12016,Sweet,25.0,2026-01-19 08:09:15
12016,Oriental,25.0,2026-01-19 08:09:15
12016,Fresh,25.0,2026-01-19 08:09:15
12016,Creamy,25.0,2026-01-19 08:09:15
12018,Floral,20.77,2026-01-19 08:09:15
12018,Sweet,16.59,2026-01-19 08:09:15
12018,Oriental,15.62,2026-01-19 08:09:15
12018,Spicy,14.17,2026-01-19 08:09:15
12018,Earthy,11.27,2026-01-19 08:09:15
12019,Sweet,25.08,2026-01-19 08:09:15
12019,Spicy,21.71,2026-01-19 08:09:15
12019,Smoky,14.37,2026-01-19 08:09:15
12019,Woody,11.31,2026-01-19 08:09:15
12020,Spicy,33.33,2026-01-19 08:09:15
12020,Sweet,33.33,2026-01-19 08:09:15
12020,Floral,33.33,2026-01-19 08:09:15
12022,Floral,32.9,2026-01-19 08:09:15
12022,Sweet,19.48,2026-01-19 08:09:15
12022,Spicy,18.83,2026-01-19 08:09:15
12023,Spicy,27.07,2026-01-19 08:09:15
12023,Woody,25.48,2026-01-19 08:09:15
12023,Sweet,22.93,2026-01-19 08:09:15
12027,Spicy,22.87,2026-01-19 08:09:15
12027,Woody,20.74,2026-01-19 08:09:15
12027,Smoky,17.02,2026-01-19 08:09:15
12027,Resinous,13.56,2026-01-19 08:09:15
12030,Citrus,25.06,2026-01-19 08:09:15
12030,Fresh,23.94,2026-01-19 08:09:15
12030,Fruity,14.99,2026-01-19 08:09:15
12030,Aquatic,14.32,2026-01-19 08:09:15
12033,Woody,26.1,2026-01-19 08:09:15
12033,Spicy,23.03,2026-01-19 08:09:15
12033,Powdery,13.24,2026-01-19 08:09:15
12033,Oriental,10.36,2026-01-19 08:09:15
12033,Floral,9.98,2026-01-19 08:09:15
12035,Sweet,50.0,2026-01-19 08:09:15
12035,Floral,50.0,2026-01-19 08:09:15
12036,Floral,31.65,2026-01-19 08:09:15
12036,Powdery,21.52,2026-01-19 08:09:15
12036,Green,18.67,2026-01-19 08:09:15
12038,Floral,29.68,2026-01-19 08:09:15
12038,Sweet,22.38,2026-01-19 08:09:15
12038,Spicy,17.03,2026-01-19 08:09:15
12038,Fruity,9.98,2026-01-19 08:09:15
12041,Fresh,27.2,2026-01-19 08:09:15
12041,Citrus,25.0,2026-01-19 08:09:15
12041,Green,14.56,2026-01-19 08:09:15
12042,Woody,21.19,2026-01-19 08:09:15
12042,Spicy,19.28,2026-01-19 08:09:15
12042,Citrus,16.74,2026-01-19 08:09:15
12042,Fresh,10.38,2026-01-19 08:09:15
12042,Leathery,8.69,2026-01-19 08:09:15
12043,Sweet,23.08,2026-01-19 08:09:15
12043,Woody,23.08,2026-01-19 08:09:15
12043,Fruity,23.08,2026-01-19 08:09:15
12045,Leathery,21.21,2026-01-19 08:09:15
12045,Spicy,18.94,2026-01-19 08:09:15
12045,Oriental,16.67,2026-01-19 08:09:15
12045,Woody,13.38,2026-01-19 08:09:15
12045,Sweet,9.6,2026-01-19 08:09:15
12046,Green,19.21,2026-01-19 08:09:15
12046,Resinous,18.78,2026-01-19 08:09:15
12046,Woody,16.59,2026-01-19 08:09:15
12046,Spicy,15.14,2026-01-19 08:09:15
12047,Fruity,28.57,2026-01-19 08:09:15
12047,Floral,28.57,2026-01-19 08:09:15
12049,Spicy,18.43,2026-01-19 08:09:15
12049,Woody,18.13,2026-01-19 08:09:15
12049,Oriental,16.92,2026-01-19 08:09:15
12049,Animal,13.6,2026-01-19 08:09:15
12049,Floral,11.18,2026-01-19 08:09:15
12050,Spicy,24.78,2026-01-19 08:09:15
12050,Woody,23.2,2026-01-19 08:09:15
12050,Earthy,17.4,2026-01-19 08:09:15
12051,Citrus,20.0,2026-01-19 08:09:15
12051,Sweet,20.0,2026-01-19 08:09:15
12051,Fruity,20.0,2026-01-19 08:09:15
12051,Fresh,20.0,2026-01-19 08:09:15
12051,Aquatic,20.0,2026-01-19 08:09:15
12053,Woody,20.08,2026-01-19 08:09:15
12053,Leathery,17.44,2026-01-19 08:09:15
12053,Spicy,16.02,2026-01-19 08:09:15
12053,Smoky,12.98,2026-01-19 08:09:15
12053,Resinous,11.56,2026-01-19 08:09:15
12054,Sweet,28.62,2026-01-19 08:09:15
12054,Spicy,27.27,2026-01-19 08:09:15
12054,Gourmand,23.57,2026-01-19 08:09:15
12057,Citrus,23.44,2026-01-19 08:09:15
12057,Fresh,22.58,2026-01-19 08:09:15
12057,Woody,18.92,2026-01-19 08:09:15
12057,Aquatic,13.55,2026-01-19 08:09:15
12058,Synthetic,50.0,2026-01-19 08:09:15
12058,Sweet,50.0,2026-01-19 08:09:15
12060,Floral,21.83,2026-01-19 08:09:15
12060,Spicy,20.58,2026-01-19 08:09:15
12060,Woody,18.71,2026-01-19 08:09:15
12060,Earthy,14.55,2026-01-19 08:09:15
12061,Powdery,23.22,2026-01-19 08:09:15
12061,Floral,23.22,2026-01-19 08:09:15
12061,Leathery,16.67,2026-01-19 08:09:15
12061,Woody,12.57,2026-01-19 08:09:15
12064,Floral,30.22,2026-01-19 08:09:15
12064,Spicy,21.18,2026-01-19 08:09:15
12064,Sweet,12.77,2026-01-19 08:09:15
12064,Earthy,11.53,2026-01-19 08:09:15
12065,Floral,29.26,2026-01-19 08:09:15
12065,Creamy,27.04,2026-01-19 08:09:15
12065,Sweet,22.96,2026-01-19 08:09:15
12066,Sweet,21.43,2026-01-19 08:09:15
12066,Fresh,21.43,2026-01-19 08:09:15
12066,Floral,21.43,2026-01-19 08:09:15
12066,Fruity,14.29,2026-01-19 08:09:15
12068,Fougère,24.72,2026-01-19 08:09:15
12068,Spicy,23.03,2026-01-19 08:09:15
12068,Woody,17.7,2026-01-19 08:09:15
12068,Sweet,10.11,2026-01-19 08:09:15
12068,Green,9.55,2026-01-19 08:09:15
12069,Spicy,27.9,2026-01-19 08:09:15
12069,Woody,26.96,2026-01-19 08:09:15
12069,Fresh,16.61,2026-01-19 08:09:15
12070,Sweet,28.57,2026-01-19 08:09:15
12070,Gourmand,28.57,2026-01-19 08:09:15
12070,Fruity,28.57,2026-01-19 08:09:15
12071,Woody,26.54,2026-01-19 08:09:15
12071,Earthy,21.8,2026-01-19 08:09:15
12071,Smoky,13.78,2026-01-19 08:09:15
12071,Green,13.01,2026-01-19 08:09:15
12071,Spicy,12.76,2026-01-19 08:09:15
12072,Sweet,21.74,2026-01-19 08:09:15
12072,Floral,19.44,2026-01-19 08:09:15
12072,Spicy,16.11,2026-01-19 08:09:15
12072,Creamy,15.09,2026-01-19 08:09:15
12073,Floral,23.56,2026-01-19 08:09:15
12073,Fruity,17.07,2026-01-19 08:09:15
12073,Spicy,12.74,2026-01-19 08:09:15
12073,Fresh,12.26,2026-01-19 08:09:15
12073,Sweet,10.58,2026-01-19 08:09:15
12074,Sweet,33.33,2026-01-19 08:09:15
12074,Gourmand,33.33,2026-01-19 08:09:15
12074,Creamy,33.33,2026-01-19 08:09:15
12075,Woody,24.23,2026-01-19 08:09:15
12075,Earthy,20.19,2026-01-19 08:09:15
12075,Smoky,17.99,2026-01-19 08:09:15
12075,Resinous,16.23,2026-01-19 08:09:15
12076,Woody,25.07,2026-01-19 08:09:15
12076,Spicy,24.0,2026-01-19 08:09:15
12076,Resinous,13.87,2026-01-19 08:09:15
12076,Smoky,13.07,2026-01-19 08:09:15
12077,Floral,30.24,2026-01-19 08:09:15
12077,Fresh,23.95,2026-01-19 08:09:15
12077,Green,21.56,2026-01-19 08:09:15
12078,Sweet,28.57,2026-01-19 08:09:15
12078,Fruity,28.57,2026-01-19 08:09:15
12079,Woody,22.13,2026-01-19 08:09:15
12079,Spicy,18.58,2026-01-19 08:09:15
12079,Green,16.39,2026-01-19 08:09:15
12079,Citrus,10.11,2026-01-19 08:09:15
12079,Resinous,8.74,2026-01-19 08:09:15
12080,Woody,19.92,2026-01-19 08:09:15
12080,Fresh,17.67,2026-01-19 08:09:15
12080,Green,15.16,2026-01-19 08:09:15
12080,Earthy,13.24,2026-01-19 08:09:15
12080,Citrus,11.71,2026-01-19 08:09:15
12082,Sweet,27.27,2026-01-19 08:09:15
12082,Gourmand,27.27,2026-01-19 08:09:15
12082,Creamy,18.18,2026-01-19 08:09:15
12083,Floral,29.21,2026-01-19 08:09:15
12083,Powdery,21.26,2026-01-19 08:09:15
12083,Sweet,15.42,2026-01-19 08:09:15
12083,Leathery,12.38,2026-01-19 08:09:15
12084,Sweet,20.62,2026-01-19 08:09:15
12084,Powdery,18.06,2026-01-19 08:09:15
12084,Spicy,15.74,2026-01-19 08:09:15
12084,Floral,12.87,2026-01-19 08:09:15
12084,Oriental,12.09,2026-01-19 08:09:15
12087,Fresh,23.42,2026-01-19 08:09:15
12087,Citrus,22.11,2026-01-19 08:09:15
12087,Green,19.74,2026-01-19 08:09:15
12087,Woody,14.74,2026-01-19 08:09:15
12088,Fresh,25.84,2026-01-19 08:09:15
12088,Citrus,23.1,2026-01-19 08:09:15
12088,Spicy,20.16,2026-01-19 08:09:15
12089,Floral,33.19,2026-01-19 08:09:15
12089,Powdery,26.29,2026-01-19 08:09:15
12089,Sweet,18.53,2026-01-19 08:09:15
12091,Spicy,17.19,2026-01-19 08:09:15
12091,Woody,17.19,2026-01-19 08:09:15
12091,Oriental,15.36,2026-01-19 08:09:15
12091,Resinous,14.84,2026-01-19 08:09:15
12091,Smoky,13.54,2026-01-19 08:09:15
12092,Floral,20.78,2026-01-19 08:09:15
12092,Spicy,19.75,2026-01-19 08:09:15
12092,Woody,17.28,2026-01-19 08:09:15
12092,Fresh,13.14,2026-01-19 08:09:15
12092,Chypre,8.36,2026-01-19 08:09:15
12092,Powdery,7.8,2026-01-19 08:09:15
12093,Floral,29.78,2026-01-19 08:09:15
12093,Creamy,21.32,2026-01-19 08:09:15
12093,Sweet,14.34,2026-01-19 08:09:15
12093,Fresh,11.03,2026-01-19 08:09:15
12095,Smoky,22.91,2026-01-19 08:09:15
12095,Woody,22.37,2026-01-19 08:09:15
12095,Spicy,20.49,2026-01-19 08:09:15
12096,Sweet,33.33,2026-01-19 08:09:15
12096,Woody,33.33,2026-01-19 08:09:15
12096,Creamy,33.33,2026-01-19 08:09:15
12097,Floral,22.45,2026-01-19 08:09:15
12097,Powdery,17.2,2026-01-19 08:09:15
12097,Sweet,16.62,2026-01-19 08:09:15
12097,Oriental,10.5,2026-01-19 08:09:15
12097,Spicy,9.91,2026-01-19 08:09:15
12098,Fruity,29.42,2026-01-19 08:09:15
12098,Floral,20.12,2026-01-19 08:09:15
12098,Fresh,15.67,2026-01-19 08:09:15
12098,Sweet,14.16,2026-01-19 08:09:15
12099,Smoky,20.84,2026-01-19 08:09:15
12099,Resinous,18.28,2026-01-19 08:09:15
12099,Spicy,17.0,2026-01-19 08:09:15
12099,Oriental,16.27,2026-01-19 08:09:15
12100,Fresh,33.33,2026-01-19 08:09:15
12100,Floral,33.33,2026-01-19 08:09:15
12100,Aquatic,33.33,2026-01-19 08:09:15
12101,Floral,23.19,2026-01-19 08:09:15
12101,Fruity,22.59,2026-01-19 08:09:15
12101,Sweet,15.96,2026-01-19 08:09:15
12101,Fresh,15.06,2026-01-19 08:09:15
12102,Powdery,23.12,2026-01-19 08:09:15
12102,Sweet,21.12,2026-01-19 08:09:15
12102,Floral,16.5,2026-01-19 08:09:15
12102,Spicy,10.88,2026-01-19 08:09:15
12102,Woody,10.62,2026-01-19 08:09:15
12103,Woody,26.28,2026-01-19 08:09:15
12103,Spicy,24.77,2026-01-19 08:09:15
12103,Resinous,17.22,2026-01-19 08:09:15
12105,Woody,25.11,2026-01-19 08:09:15
12105,Spicy,17.81,2026-01-19 08:09:15
12105,Sweet,14.16,2026-01-19 08:09:15
12105,Fresh,11.42,2026-01-19 08:09:15
12105,Smoky,8.22,2026-01-19 08:09:15
12106,Woody,20.0,2026-01-19 08:09:15
12106,Spicy,17.61,2026-01-19 08:09:15
12106,Powdery,13.16,2026-01-19 08:09:15
12106,Fresh,13.16,2026-01-19 08:09:15
12106,Citrus,10.94,2026-01-19 08:09:15
12107,Floral,29.77,2026-01-19 08:09:15
12107,Spicy,17.94,2026-01-19 08:09:15
12107,Woody,17.94,2026-01-19 08:09:15
12108,Citrus,16.67,2026-01-19 08:09:15
12108,Sweet,16.67,2026-01-19 08:09:15
12108,Fruity,16.67,2026-01-19 08:09:15
12108,Floral,16.67,2026-01-19 08:09:15
12109,Spicy,27.01,2026-01-19 08:09:15
12109,Leathery,26.07,2026-01-19 08:09:15
12109,Woody,16.59,2026-01-19 08:09:15
12110,Spicy,22.68,2026-01-19 08:09:15
12110,Woody,19.38,2026-01-19 08:09:15
12110,Floral,14.23,2026-01-19 08:09:15
12110,Fresh,12.99,2026-01-19 08:09:15
12110,Smoky,9.28,2026-01-19 08:09:15
12111,Resinous,19.54,2026-01-19 08:09:15
12111,Spicy,18.87,2026-01-19 08:09:15
12111,Sweet,17.55,2026-01-19 08:09:15
12111,Woody,13.58,2026-01-19 08:09:15
12112,Fruity,20.0,2026-01-19 08:09:15
12112,Fresh,20.0,2026-01-19 08:09:15
12112,Synthetic,10.0,2026-01-19 08:09:15
12112,Sweet,10.0,2026-01-19 08:09:15
12112,Green,10.0,2026-01-19 08:09:15
12112,Earthy,10.0,2026-01-19 08:09:15
12112,Floral,10.0,2026-01-19 08:09:15
12112,Aquatic,10.0,2026-01-19 08:09:15
12113,Woody,25.0,2026-01-19 08:09:15
12113,Spicy,24.5,2026-01-19 08:09:15
12113,Fruity,15.0,2026-01-19 08:09:15
12113,Oriental,10.0,2026-01-19 08:09:15
12113,Sweet,9.5,2026-01-19 08:09:15
12115,Fruity,27.65,2026-01-19 08:09:15
12115,Sweet,24.42,2026-01-19 08:09:15
12115,Floral,17.51,2026-01-19 08:09:15
12116,Sweet,50.0,2026-01-19 08:09:15
12116,Fruity,50.0,2026-01-19 08:09:15
12117,Woody,19.5,2026-01-19 08:09:15
12117,Spicy,18.79,2026-01-19 08:09:15
12117,Smoky,14.89,2026-01-19 08:09:15
12117,Floral,11.7,2026-01-19 08:09:15
12117,Oriental,11.35,2026-01-19 08:09:15
12117,Resinous,10.99,2026-01-19 08:09:15
12118,Spicy,25.68,2026-01-19 08:09:15
12118,Woody,25.68,2026-01-19 08:09:15
12118,Green,14.8,2026-01-19 08:09:15
12118,Fresh,12.99,2026-01-19 08:09:15
12119,Spicy,18.84,2026-01-19 08:09:15
12119,Woody,17.87,2026-01-19 08:09:15
12119,Smoky,13.04,2026-01-19 08:09:15
12119,Resinous,12.08,2026-01-19 08:09:15
12119,Animal,11.59,2026-01-19 08:09:15
12120,Synthetic,25.0,2026-01-19 08:09:15
12120,Sweet,25.0,2026-01-19 08:09:15
12120,Fruity,25.0,2026-01-19 08:09:15
12120,Floral,25.0,2026-01-19 08:09:15
12121,Spicy,24.88,2026-01-19 08:09:15
12121,Sweet,18.78,2026-01-19 08:09:15
12121,Resinous,15.49,2026-01-19 08:09:15
12121,Woody,14.55,2026-01-19 08:09:15
12123,Spicy,23.08,2026-01-19 08:09:15
12123,Floral,22.79,2026-01-19 08:09:15
12123,Oriental,14.81,2026-01-19 08:09:15
12123,Sweet,12.54,2026-01-19 08:09:15
12124,Floral,30.24,2026-01-19 08:09:15
12124,Powdery,20.98,2026-01-19 08:09:15
12124,Woody,14.88,2026-01-19 08:09:15
12125,Spicy,25.31,2026-01-19 08:09:15
12125,Woody,25.31,2026-01-19 08:09:15
12125,Sweet,20.99,2026-01-19 08:09:15
12126,Fruity,50.0,2026-01-19 08:09:15
12126,Creamy,50.0,2026-01-19 08:09:15
12127,Spicy,20.12,2026-01-19 08:09:15
12127,Woody,18.27,2026-01-19 08:09:15
12127,Leathery,15.79,2026-01-19 08:09:15
12127,Smoky,10.84,2026-01-19 08:09:15
12127,Oriental,8.36,2026-01-19 08:09:15
12128,Woody,20.6,2026-01-19 08:09:15
12128,Spicy,19.85,2026-01-19 08:09:15
12128,Citrus,12.06,2026-01-19 08:09:15
12128,Floral,9.3,2026-01-19 08:09:15
12128,Fresh,8.54,2026-01-19 08:09:15
12128,Powdery,8.29,2026-01-19 08:09:15
12128,Earthy,7.54,2026-01-19 08:09:15
12129,Sweet,24.77,2026-01-19 08:09:15
12129,Floral,22.52,2026-01-19 08:09:15
12129,Spicy,18.92,2026-01-19 08:09:15
12129,Gourmand,12.16,2026-01-19 08:09:15
12131,Floral,27.52,2026-01-19 08:09:15
12131,Sweet,23.49,2026-01-19 08:09:15
12131,Creamy,18.12,2026-01-19 08:09:15
12131,Spicy,10.07,2026-01-19 08:09:15
12132,Fruity,22.36,2026-01-19 08:09:15
12132,Sweet,21.36,2026-01-19 08:09:15
12132,Floral,14.07,2026-01-19 08:09:15
12132,Gourmand,10.8,2026-01-19 08:09:15
12132,Creamy,10.55,2026-01-19 08:09:15
12133,Floral,25.56,2026-01-19 08:09:15
12133,Fresh,15.97,2026-01-19 08:09:15
12133,Green,14.06,2026-01-19 08:09:15
12133,Sweet,12.46,2026-01-19 08:09:15
12133,Powdery,10.86,2026-01-19 08:09:15
12134,Sweet,28.57,2026-01-19 08:09:15
12134,Fruity,28.57,2026-01-19 08:09:15
12135,Spicy,20.7,2026-01-19 08:09:15
12135,Woody,19.3,2026-01-19 08:09:15
12135,Smoky,15.44,2026-01-19 08:09:15
12135,Resinous,12.28,2026-01-19 08:09:15
12135,Sweet,11.23,2026-01-19 08:09:15
12136,Floral,26.69,2026-01-19 08:09:15
12136,Sweet,16.29,2026-01-19 08:09:15
12136,Powdery,14.89,2026-01-19 08:09:15
12136,Fruity,14.04,2026-01-19 08:09:15
12136,Oriental,7.87,2026-01-19 08:09:15
12137,Oriental,19.2,2026-01-19 08:09:15
12137,Floral,19.2,2026-01-19 08:09:15
12137,Spicy,13.41,2026-01-19 08:09:15
12137,Powdery,13.41,2026-01-19 08:09:15
12137,Animal,10.87,2026-01-19 08:09:15
12137,Woody,10.51,2026-01-19 08:09:15
12138,Sweet,28.57,2026-01-19 08:09:15
12138,Fruity,28.57,2026-01-19 08:09:15
12139,Woody,20.44,2026-01-19 08:09:15
12139,Spicy,19.18,2026-01-19 08:09:15
12139,Fougère,16.04,2026-01-19 08:09:15
12139,Fresh,12.58,2026-01-19 08:09:15
12141,Floral,26.09,2026-01-19 08:09:15
12141,Spicy,23.91,2026-01-19 08:09:15
12141,Fresh,15.22,2026-01-19 08:09:15
12141,Green,10.87,2026-01-19 08:09:15
12144,Floral,23.75,2026-01-19 08:09:15
12144,Woody,15.0,2026-01-19 08:09:15
12144,Sweet,13.75,2026-01-19 08:09:15
12144,Spicy,10.0,2026-01-19 08:09:15
12144,Fruity,8.33,2026-01-19 08:09:15
12144,Powdery,7.5,2026-01-19 08:09:15
12145,Floral,22.91,2026-01-19 08:09:15
12145,Fresh,21.15,2026-01-19 08:09:15
12145,Spicy,18.06,2026-01-19 08:09:15
12145,Green,15.86,2026-01-19 08:09:15
12146,Sweet,25.0,2026-01-19 08:09:15
12146,Woody,25.0,2026-01-19 08:09:15
12146,Floral,25.0,2026-01-19 08:09:15
12147,Spicy,21.43,2026-01-19 08:09:15
12147,Sweet,19.35,2026-01-19 08:09:15
12147,Woody,12.8,2026-01-19 08:09:15
12147,Oriental,11.9,2026-01-19 08:09:15
12147,Gourmand,9.23,2026-01-19 08:09:15
12148,Woody,21.97,2026-01-19 08:09:15
12148,Resinous,21.08,2026-01-19 08:09:15
12148,Spicy,20.63,2026-01-19 08:09:15
12148,Smoky,16.14,2026-01-19 08:09:15
12149,Citrus,25.47,2026-01-19 08:09:15
12149,Fresh,24.84,2026-01-19 08:09:15
12149,Green,19.88,2026-01-19 08:09:15
12150,Synthetic,33.33,2026-01-19 08:09:15
12150,Sweet,33.33,2026-01-19 08:09:15
12150,Fruity,33.33,2026-01-19 08:09:15
12151,Spicy,21.85,2026-01-19 08:09:15
12151,Woody,21.48,2026-01-19 08:09:15
12151,Fresh,14.81,2026-01-19 08:09:15
12151,Citrus,11.85,2026-01-19 08:09:15
12151,Leathery,11.85,2026-01-19 08:09:15
12152,Floral,20.07,2026-01-19 08:09:15
12152,Citrus,18.69,2026-01-19 08:09:15
12152,Fresh,15.22,2026-01-19 08:09:15
12152,Woody,12.46,2026-01-19 08:09:15
12152,Spicy,10.73,2026-01-19 08:09:15
12153,Spicy,18.55,2026-01-19 08:09:15
12153,Chypre,17.34,2026-01-19 08:09:15
12153,Floral,16.94,2026-01-19 08:09:15
12153,Earthy,10.89,2026-01-19 08:09:15
12153,Fruity,10.08,2026-01-19 08:09:15
12154,Sweet,25.0,2026-01-19 08:09:15
12154,Gourmand,25.0,2026-01-19 08:09:15
12154,Creamy,25.0,2026-01-19 08:09:15
12154,Floral,25.0,2026-01-19 08:09:15
12155,Spicy,20.66,2026-01-19 08:09:15
12155,Woody,19.25,2026-01-19 08:09:15
12155,Earthy,13.15,2026-01-19 08:09:15
12155,Fresh,11.27,2026-01-19 08:09:15
12155,Green,7.51,2026-01-19 08:09:15
12155,Sweet,6.57,2026-01-19 08:09:15
12156,Citrus,18.75,2026-01-19 08:09:15
12156,Fresh,18.75,2026-01-19 08:09:15
12156,Spicy,16.02,2026-01-19 08:09:15
12156,Woody,11.72,2026-01-19 08:09:15
12156,Green,11.33,2026-01-19 08:09:15
12157,Spicy,18.75,2026-01-19 08:09:15
12157,Sweet,16.48,2026-01-19 08:09:15
12157,Green,16.48,2026-01-19 08:09:15
12157,Creamy,15.34,2026-01-19 08:09:15
12157,Woody,11.36,2026-01-19 08:09:15
12158,Spicy,16.67,2026-01-19 08:09:15
12158,Synthetic,16.67,2026-01-19 08:09:15
12158,Sweet,16.67,2026-01-19 08:09:15
12158,Fruity,16.67,2026-01-19 08:09:15
12158,Creamy,16.67,2026-01-19 08:09:15
12158,Floral,16.67,2026-01-19 08:09:15
12159,Spicy,23.11,2026-01-19 08:09:15
12159,Floral,17.65,2026-01-19 08:09:15
12159,Sweet,14.71,2026-01-19 08:09:15
12159,Woody,13.45,2026-01-19 08:09:15
12160,Floral,21.57,2026-01-19 08:09:15
12160,Woody,20.59,2026-01-19 08:09:15
12160,Spicy,13.73,2026-01-19 08:09:15
12160,Oriental,11.76,2026-01-19 08:09:15
12160,Resinous,10.29,2026-01-19 08:09:15
12161,Floral,26.58,2026-01-19 08:09:15
12161,Spicy,25.32,2026-01-19 08:09:15
12163,Citrus,25.89,2026-01-19 08:09:15
12163,Fresh,24.37,2026-01-19 08:09:15
12163,Floral,16.75,2026-01-19 08:09:15
12163,Green,10.66,2026-01-19 08:09:15
12163,Aquatic,10.66,2026-01-19 08:09:15
12165,Floral,28.0,2026-01-19 08:09:15
12165,Spicy,27.5,2026-01-19 08:09:15
12165,Oriental,16.0,2026-01-19 08:09:15
12166,Sweet,16.67,2026-01-19 08:09:15
12166,Spicy,8.33,2026-01-19 08:09:15
12166,Synthetic,8.33,2026-01-19 08:09:15
12166,Smoky,8.33,2026-01-19 08:09:15
12166,Powdery,8.33,2026-01-19 08:09:15
12166,Green,8.33,2026-01-19 08:09:15
12166,Fruity,8.33,2026-01-19 08:09:15
12166,Creamy,8.33,2026-01-19 08:09:15
12166,Floral,8.33,2026-01-19 08:09:15
12166,Aquatic,8.33,2026-01-19 08:09:15
12166,Animal,8.33,2026-01-19 08:09:15
12167,Citrus,23.74,2026-01-19 08:09:15
12167,Fresh,23.74,2026-01-19 08:09:15
12167,Floral,16.16,2026-01-19 08:09:15
12167,Aquatic,13.64,2026-01-19 08:09:15
12168,Spicy,20.78,2026-01-19 08:09:15
12168,Woody,19.22,2026-01-19 08:09:15
12168,Sweet,9.8,2026-01-19 08:09:15
12168,Oriental,7.84,2026-01-19 08:09:15
12168,Fruity,7.84,2026-01-19 08:09:15
12168,Floral,6.67,2026-01-19 08:09:15
12168,Fresh,6.27,2026-01-19 08:09:15
12168,Smoky,5.88,2026-01-19 08:09:15
12169,Spicy,23.81,2026-01-19 08:09:15
12169,Sweet,20.41,2026-01-19 08:09:15
12169,Oriental,17.01,2026-01-19 08:09:15
12169,Fruity,12.93,2026-01-19 08:09:15
12170,Citrus,9.09,2026-01-19 08:09:15
12170,Spicy,9.09,2026-01-19 08:09:15
12170,Synthetic,9.09,2026-01-19 08:09:15
12170,Sweet,9.09,2026-01-19 08:09:15
12170,Powdery,9.09,2026-01-19 08:09:15
12170,Woody,9.09,2026-01-19 08:09:15
12170,Resinous,9.09,2026-01-19 08:09:15
12170,Green,9.09,2026-01-19 08:09:15
12170,Fruity,9.09,2026-01-19 08:09:15
12170,Fresh,9.09,2026-01-19 08:09:15
12170,Aquatic,9.09,2026-01-19 08:09:15
12171,Woody,25.79,2026-01-19 08:09:15
12171,Spicy,22.01,2026-01-19 08:09:15
12171,Oriental,13.21,2026-01-19 08:09:15
12171,Resinous,12.58,2026-01-19 08:09:15
12171,Creamy,12.58,2026-01-19 08:09:15
12172,Sweet,18.18,2026-01-19 08:09:15
12172,Spicy,15.38,2026-01-19 08:09:15
12172,Woody,13.99,2026-01-19 08:09:15
12172,Creamy,13.29,2026-01-19 08:09:15
12172,Resinous,11.19,2026-01-19 08:09:15
12172,Oriental,7.69,2026-01-19 08:09:15
12172,Fruity,7.69,2026-01-19 08:09:15
12175,Floral,24.77,2026-01-19 08:09:15
12175,Fresh,21.96,2026-01-19 08:09:15
12175,Citrus,18.22,2026-01-19 08:09:15
12175,Sweet,14.02,2026-01-19 08:09:15
12176,Spicy,23.3,2026-01-19 08:09:15
12176,Woody,22.73,2026-01-19 08:09:15
12176,Earthy,17.61,2026-01-19 08:09:15
12176,Green,14.2,2026-01-19 08:09:15
12177,Woody,19.91,2026-01-19 08:09:15
12177,Spicy,19.03,2026-01-19 08:09:15
12177,Oriental,19.03,2026-01-19 08:09:15
12177,Floral,14.6,2026-01-19 08:09:15
12178,Citrus,12.5,2026-01-19 08:09:15
12178,Synthetic,12.5,2026-01-19 08:09:15
12178,Sweet,12.5,2026-01-19 08:09:15
12178,Powdery,12.5,2026-01-19 08:09:15
12178,Fruity,12.5,2026-01-19 08:09:15
12178,Fresh,12.5,2026-01-19 08:09:15
12178,Creamy,12.5,2026-01-19 08:09:15
12178,Floral,12.5,2026-01-19 08:09:15
12179,Woody,22.45,2026-01-19 08:09:15
12179,Spicy,20.92,2026-01-19 08:09:15
12179,Green,19.39,2026-01-19 08:09:15
12179,Fresh,14.8,2026-01-19 08:09:15
12180,Woody,20.89,2026-01-19 08:09:15
12180,Spicy,19.62,2026-01-19 08:09:15
12180,Floral,13.92,2026-01-19 08:09:15
12180,Sweet,12.03,2026-01-19 08:09:15
12180,Powdery,12.03,2026-01-19 08:09:15
12182,Earthy,24.18,2026-01-19 08:09:15
12182,Woody,23.53,2026-01-19 08:09:15
12182,Spicy,19.28,2026-01-19 08:09:15
12182,Resinous,9.8,2026-01-19 08:09:15
12183,Floral,20.0,2026-01-19 08:09:15
12183,Spicy,18.57,2026-01-19 08:09:15
12183,Woody,15.24,2026-01-19 08:09:15
12183,Oriental,11.43,2026-01-19 08:09:15
12183,Sweet,10.48,2026-01-19 08:09:15
12184,Green,19.59,2026-01-19 08:09:15
12184,Citrus,17.53,2026-01-19 08:09:15
12184,Spicy,15.46,2026-01-19 08:09:15
12184,Woody,14.43,2026-01-19 08:09:15
12186,Floral,21.36,2026-01-19 08:09:15
12186,Sweet,18.64,2026-01-19 08:09:15
12186,Spicy,15.93,2026-01-19 08:09:15
12186,Oriental,12.54,2026-01-19 08:09:15
12186,Woody,10.51,2026-01-19 08:09:15
12188,Fruity,25.49,2026-01-19 08:09:15
12188,Woody,17.65,2026-01-19 08:09:15
12188,Floral,17.65,2026-01-19 08:09:15
12188,Spicy,15.69,2026-01-19 08:09:15
12190,Spicy,20.29,2026-01-19 08:09:15
12190,Sweet,18.36,2026-01-19 08:09:15
12190,Creamy,18.36,2026-01-19 08:09:15
12190,Floral,16.43,2026-01-19 08:09:15
12191,Spicy,18.34,2026-01-19 08:09:15
12191,Leathery,17.9,2026-01-19 08:09:15
12191,Woody,14.85,2026-01-19 08:09:15
12191,Floral,12.23,2026-01-19 08:09:15
12191,Animal,10.48,2026-01-19 08:09:15
12192,Citrus,33.33,2026-01-19 08:09:15
12192,Fresh,30.67,2026-01-19 08:09:15
12193,Synthetic,25.0,2026-01-19 08:09:15
12193,Sweet,25.0,2026-01-19 08:09:15
12193,Fruity,25.0,2026-01-19 08:09:15
12193,Creamy,25.0,2026-01-19 08:09:15
12194,Citrus,25.86,2026-01-19 08:09:15
12194,Fresh,22.41,2026-01-19 08:09:15
12194,Green,12.07,2026-01-19 08:09:15
12194,Aquatic,9.77,2026-01-19 08:09:15
12194,Woody,9.2,2026-01-19 08:09:15
12195,Fruity,30.41,2026-01-19 08:09:15
12195,Sweet,27.7,2026-01-19 08:09:15
12196,Citrus,33.33,2026-01-19 08:09:15
12196,Fresh,27.78,2026-01-19 08:09:15
12197,Sweet,20.0,2026-01-19 08:09:15
12197,Fruity,20.0,2026-01-19 08:09:15
12197,Fresh,20.0,2026-01-19 08:09:15
12197,Creamy,20.0,2026-01-19 08:09:15
12197,Floral,20.0,2026-01-19 08:09:15
12198,Woody,22.8,2026-01-19 08:09:15
12198,Green,19.6,2026-01-19 08:09:15
12198,Spicy,18.0,2026-01-19 08:09:15
12198,Resinous,17.2,2026-01-19 08:09:15
12199,Floral,20.0,2026-01-19 08:09:15
12199,Fruity,18.1,2026-01-19 08:09:15
12199,Sweet,15.24,2026-01-19 08:09:15
12199,Powdery,8.57,2026-01-19 08:09:15
12199,Fresh,8.57,2026-01-19 08:09:15
12199,Gourmand,7.62,2026-01-19 08:09:15
12200,Spicy,21.05,2026-01-19 08:09:15
12200,Floral,18.42,2026-01-19 08:09:15
12200,Woody,15.79,2026-01-19 08:09:15
12200,Green,15.79,2026-01-19 08:09:15
12202,Floral,24.02,2026-01-19 08:09:15
12202,Oriental,18.34,2026-01-19 08:09:15
12202,Sweet,16.59,2026-01-19 08:09:15
12202,Spicy,16.16,2026-01-19 08:09:15
12202,Earthy,16.16,2026-01-19 08:09:15
12203,Floral,26.9,2026-01-19 08:09:15
12203,Woody,19.31,2026-01-19 08:09:15
12203,Fruity,14.48,2026-01-19 08:09:15
12203,Spicy,12.41,2026-01-19 08:09:15
12204,Synthetic,28.57,2026-01-19 08:09:15
12204,Sweet,28.57,2026-01-19 08:09:15
12204,Gourmand,28.57,2026-01-19 08:09:15
12205,Citrus,26.92,2026-01-19 08:09:15
12205,Fresh,23.08,2026-01-19 08:09:15
12205,Leathery,15.38,2026-01-19 08:09:15
12205,Woody,15.38,2026-01-19 08:09:15
12206,Spicy,21.72,2026-01-19 08:09:15
12206,Powdery,20.2,2026-01-19 08:09:15
12206,Citrus,14.65,2026-01-19 08:09:15
12206,Oriental,14.14,2026-01-19 08:09:15
12207,Floral,31.37,2026-01-19 08:09:15
12207,Fruity,21.57,2026-01-19 08:09:15
12207,Sweet,15.69,2026-01-19 08:09:15
12207,Woody,10.78,2026-01-19 08:09:15
12207,Fresh,10.78,2026-01-19 08:09:15
12209,Floral,29.63,2026-01-19 08:09:15
12209,Powdery,24.44,2026-01-19 08:09:15
12209,Sweet,19.26,2026-01-19 08:09:15
12210,Spicy,23.53,2026-01-19 08:09:15
12210,Woody,23.53,2026-01-19 08:09:15
12210,Fresh,17.65,2026-01-19 08:09:15
12210,Citrus,8.82,2026-01-19 08:09:15
12210,Green,8.82,2026-01-19 08:09:15
12211,Floral,32.87,2026-01-19 08:09:15
12211,Fresh,22.38,2026-01-19 08:09:15
12211,Sweet,13.29,2026-01-19 08:09:15
12211,Powdery,10.49,2026-01-19 08:09:15
12213,Citrus,24.74,2026-01-19 08:09:15
12213,Fresh,22.63,2026-01-19 08:09:15
12213,Floral,11.58,2026-01-19 08:09:15
12213,Green,10.0,2026-01-19 08:09:15
12213,Woody,9.47,2026-01-19 08:09:15
12214,Citrus,20.0,2026-01-19 08:09:15
12214,Spicy,15.56,2026-01-19 08:09:15
12214,Fresh,15.56,2026-01-19 08:09:15
12214,Floral,11.11,2026-01-19 08:09:15
12214,Woody,8.89,2026-01-19 08:09:15
12214,Chypre,8.89,2026-01-19 08:09:15
12215,Spicy,24.14,2026-01-19 08:09:15
12215,Sweet,19.83,2026-01-19 08:09:15
12215,Oriental,18.97,2026-01-19 08:09:15
12216,Sweet,25.0,2026-01-19 08:09:15
12216,Fruity,25.0,2026-01-19 08:09:15
12216,Floral,25.0,2026-01-19 08:09:15
12217,Leathery,27.98,2026-01-19 08:09:15
12217,Spicy,22.28,2026-01-19 08:09:15
12217,Smoky,11.4,2026-01-19 08:09:15
12217,Woody,11.4,2026-01-19 08:09:15
12218,Floral,23.68,2026-01-19 08:09:15
12218,Chypre,14.47,2026-01-19 08:09:15
12218,Spicy,11.84,2026-01-19 08:09:15
12218,Woody,11.84,2026-01-19 08:09:15
12218,Green,11.84,2026-01-19 08:09:15
12219,Sweet,14.29,2026-01-19 08:09:15
12219,Powdery,14.29,2026-01-19 08:09:15
12219,Oriental,14.29,2026-01-19 08:09:15
12219,Gourmand,14.29,2026-01-19 08:09:15
12219,Fruity,14.29,2026-01-19 08:09:15
12219,Creamy,14.29,2026-01-19 08:09:15
12219,Floral,14.29,2026-01-19 08:09:15
12220,Leathery,19.62,2026-01-19 08:09:15
12220,Floral,17.09,2026-01-19 08:09:15
12220,Spicy,13.29,2026-01-19 08:09:15
12220,Green,11.39,2026-01-19 08:09:15
12220,Chypre,10.76,2026-01-19 08:09:15
12221,Floral,27.43,2026-01-19 08:09:15
12221,Sweet,18.86,2026-01-19 08:09:15
12221,Creamy,16.0,2026-01-19 08:09:15
12221,Powdery,9.71,2026-01-19 08:09:15
12223,Sweet,29.41,2026-01-19 08:09:15
12223,Gourmand,26.47,2026-01-19 08:09:15
12223,Fruity,20.59,2026-01-19 08:09:15
12224,Spicy,18.32,2026-01-19 08:09:15
12224,Floral,18.32,2026-01-19 08:09:15
12224,Sweet,14.5,2026-01-19 08:09:15
12224,Woody,13.74,2026-01-19 08:09:15
12224,Leathery,12.98,2026-01-19 08:09:15
12225,Citrus,24.09,2026-01-19 08:09:15
12225,Fresh,22.63,2026-01-19 08:09:15
12225,Floral,18.98,2026-01-19 08:09:15
12228,Fruity,28.85,2026-01-19 08:09:15
12228,Sweet,24.04,2026-01-19 08:09:15
12228,Floral,21.15,2026-01-19 08:09:15
12229,Leathery,25.66,2026-01-19 08:09:15
12229,Woody,23.01,2026-01-19 08:09:15
12229,Spicy,19.47,2026-01-19 08:09:15
12231,Citrus,28.57,2026-01-19 08:09:15
12231,Spicy,28.57,2026-01-19 08:09:15
12232,Sweet,20.79,2026-01-19 08:09:15
12232,Floral,19.8,2026-01-19 08:09:15
12232,Powdery,13.86,2026-01-19 08:09:15
12232,Creamy,11.88,2026-01-19 08:09:15
12232,Spicy,8.91,2026-01-19 08:09:15
12233,Sweet,22.49,2026-01-19 08:09:15
12233,Floral,21.53,2026-01-19 08:09:15
12233,Oriental,17.22,2026-01-19 08:09:15
12233,Spicy,12.44,2026-01-19 08:09:15
12236,Fruity,30.85,2026-01-19 08:09:15
12236,Floral,25.53,2026-01-19 08:09:15
12236,Fresh,18.09,2026-01-19 08:09:15
12237,Green,25.0,2026-01-19 08:09:15
12237,Floral,23.89,2026-01-19 08:09:15
12237,Fresh,18.33,2026-01-19 08:09:15
12237,Woody,12.22,2026-01-19 08:09:15
12238,Citrus,25.0,2026-01-19 08:09:15
12238,Chypre,25.0,2026-01-19 08:09:15
12241,Woody,26.58,2026-01-19 08:09:15
12241,Floral,26.58,2026-01-19 08:09:15
12241,Oriental,22.78,2026-01-19 08:09:15
12242,Powdery,16.0,2026-01-19 08:09:15
12242,Floral,16.0,2026-01-19 08:09:15
12242,Citrus,12.0,2026-01-19 08:09:15
12242,Green,12.0,2026-01-19 08:09:15
12242,Fresh,12.0,2026-01-19 08:09:15
12243,Sweet,23.61,2026-01-19 08:09:15
12243,Fresh,22.22,2026-01-19 08:09:15
12243,Fruity,13.89,2026-01-19 08:09:15
12243,Green,12.5,2026-01-19 08:09:15
12245,Woody,23.78,2026-01-19 08:09:15
12245,Spicy,18.92,2026-01-19 08:09:15
12245,Floral,18.38,2026-01-19 08:09:15
12245,Oriental,14.05,2026-01-19 08:09:15
12247,Woody,16.67,2026-01-19 08:09:15
12247,Creamy,15.87,2026-01-19 08:09:15
12247,Sweet,15.08,2026-01-19 08:09:15
12247,Spicy,11.9,2026-01-19 08:09:15
12247,Powdery,10.32,2026-01-19 08:09:15
12247,Fresh,9.52,2026-01-19 08:09:15
12248,Sweet,33.33,2026-01-19 08:09:15
12248,Gourmand,33.33,2026-01-19 08:09:15
12248,Fruity,33.33,2026-01-19 08:09:15
12249,Green,24.71,2026-01-19 08:09:15
12249,Floral,21.76,2026-01-19 08:09:15
12249,Fresh,11.18,2026-01-19 08:09:15
12249,Woody,10.59,2026-01-19 08:09:15
12249,Spicy,8.24,2026-01-19 08:09:15
12249,Chypre,8.24,2026-01-19 08:09:15
12251,Floral,23.96,2026-01-19 08:09:15
12251,Spicy,18.75,2026-01-19 08:09:15
12251,Sweet,14.58,2026-01-19 08:09:15
12251,Powdery,12.5,2026-01-19 08:09:15
12251,Woody,12.5,2026-01-19 08:09:15
12253,Spicy,19.58,2026-01-19 08:09:15
12253,Woody,16.08,2026-01-19 08:09:15
12253,Oriental,13.99,2026-01-19 08:09:15
12253,Leathery,13.29,2026-01-19 08:09:15
12253,Earthy,11.19,2026-01-19 08:09:15
12257,Floral,24.44,2026-01-19 08:09:15
12257,Woody,20.0,2026-01-19 08:09:15
12257,Spicy,15.56,2026-01-19 08:09:15
12257,Fruity,15.0,2026-01-19 08:09:15
12261,Woody,19.48,2026-01-19 08:09:15
12261,Spicy,18.83,2026-01-19 08:09:15
12261,Green,18.83,2026-01-19 08:09:15
12261,Fougère,14.94,2026-01-19 08:09:15
12264,Floral,33.33,2026-01-19 08:09:15
12264,Fresh,20.29,2026-01-19 08:09:15
12264,Powdery,10.14,2026-01-19 08:09:15
12264,Sweet,8.7,2026-01-19 08:09:15
12264,Green,8.7,2026-01-19 08:09:15
12265,Floral,23.96,2026-01-19 08:09:15
12265,Leathery,16.67,2026-01-19 08:09:15
12265,Spicy,15.62,2026-01-19 08:09:15
12265,Sweet,10.42,2026-01-19 08:09:15
12265,Oriental,9.38,2026-01-19 08:09:15
12267,Spicy,33.33,2026-01-19 08:09:15
12267,Sweet,33.33,2026-01-19 08:09:15
12267,Gourmand,33.33,2026-01-19 08:09:15
12268,Leathery,19.78,2026-01-19 08:09:15
12268,Spicy,14.29,2026-01-19 08:09:15
12268,Woody,14.29,2026-01-19 08:09:15
12268,Floral,10.99,2026-01-19 08:09:15
12268,Smoky,9.89,2026-01-19 08:09:15
12269,Leathery,21.1,2026-01-19 08:09:15
12269,Floral,20.18,2026-01-19 08:09:15
12269,Spicy,18.35,2026-01-19 08:09:15
12269,Woody,14.68,2026-01-19 08:09:15
12271,Fruity,40.0,2026-01-19 08:09:15
12271,Fresh,20.0,2026-01-19 08:09:15
12271,Creamy,20.0,2026-01-19 08:09:15
12271,Floral,20.0,2026-01-19 08:09:15
12274,Floral,29.92,2026-01-19 08:09:15
12274,Green,25.98,2026-01-19 08:09:15
12274,Fresh,14.96,2026-01-19 08:09:15
12276,Woody,22.73,2026-01-19 08:09:15
12276,Spicy,19.7,2026-01-19 08:09:15
12276,Smoky,16.67,2026-01-19 08:09:15
12276,Resinous,13.64,2026-01-19 08:09:15
12278,Floral,31.11,2026-01-19 08:09:15
12280,Spicy,21.95,2026-01-19 08:09:15
12280,Woody,19.51,2026-01-19 08:09:15
12280,Synthetic,17.07,2026-01-19 08:09:15
12280,Sweet,17.07,2026-01-19 08:09:15
12280,Fresh,17.07,2026-01-19 08:09:15
12282,Floral,28.3,2026-01-19 08:09:15
12282,Spicy,22.64,2026-01-19 08:09:15
12282,Resinous,13.21,2026-01-19 08:09:15
12282,Fresh,13.21,2026-01-19 08:09:15
12284,Floral,28.26,2026-01-19 08:09:15
12284,Sweet,19.57,2026-01-19 08:09:15
12284,Fruity,15.22,2026-01-19 08:09:15
12284,Synthetic,10.87,2026-01-19 08:09:15
12284,Powdery,10.87,2026-01-19 08:09:15
12286,Floral,27.52,2026-01-19 08:09:15
12286,Powdery,20.18,2026-01-19 08:09:15
12286,Sweet,17.43,2026-01-19 08:09:15
12286,Fresh,11.93,2026-01-19 08:09:15
12287,Fruity,28.57,2026-01-19 08:09:15
12288,Floral,27.91,2026-01-19 08:09:15
12288,Sweet,25.58,2026-01-19 08:09:15
12288,Powdery,16.28,2026-01-19 08:09:15
12290,Floral,22.7,2026-01-19 08:09:15
12290,Oriental,15.95,2026-01-19 08:09:15
12290,Spicy,14.11,2026-01-19 08:09:15
12290,Sweet,12.88,2026-01-19 08:09:15
12290,Fruity,11.66,2026-01-19 08:09:15
12292,Sweet,25.58,2026-01-19 08:09:15
12292,Powdery,25.58,2026-01-19 08:09:15
12292,Gourmand,13.95,2026-01-19 08:09:15
12292,Floral,13.95,2026-01-19 08:09:15
12295,Citrus,25.0,2026-01-19 08:09:15
12295,Sweet,25.0,2026-01-19 08:09:15
12295,Fruity,25.0,2026-01-19 08:09:15
12295,Floral,25.0,2026-01-19 08:09:15
12296,Creamy,20.0,2026-01-19 08:09:15
12296,Floral,20.0,2026-01-19 08:09:15
12296,Sweet,17.14,2026-01-19 08:09:15
12296,Powdery,17.14,2026-01-19 08:09:15
12298,Fresh,29.23,2026-01-19 08:09:15
12298,Citrus,26.15,2026-01-19 08:09:15
12298,Floral,21.54,2026-01-19 08:09:15
12300,Floral,21.62,2026-01-19 08:09:15
12300,Fruity,16.22,2026-01-19 08:09:15
12300,Sweet,13.51,2026-01-19 08:09:15
12300,Spicy,10.81,2026-01-19 08:09:15
12300,Oriental,10.81,2026-01-19 08:09:15
12300,Fresh,10.81,2026-01-19 08:09:15
12302,Floral,30.95,2026-01-19 08:09:15
12302,Spicy,22.62,2026-01-19 08:09:15
12302,Sweet,16.67,2026-01-19 08:09:15
12302,Green,9.52,2026-01-19 08:09:15
12303,Sweet,20.0,2026-01-19 08:09:15
12303,Fruity,20.0,2026-01-19 08:09:15
12303,Floral,20.0,2026-01-19 08:09:15
12303,Powdery,10.0,2026-01-19 08:09:15
12303,Woody,10.0,2026-01-19 08:09:15
12303,Gourmand,10.0,2026-01-19 08:09:15
12303,Creamy,10.0,2026-01-19 08:09:15
12304,Spicy,24.0,2026-01-19 08:09:15
12304,Floral,24.0,2026-01-19 08:09:15
12304,Sweet,20.0,2026-01-19 08:09:15
12306,Spicy,20.41,2026-01-19 08:09:15
12306,Floral,20.41,2026-01-19 08:09:15
12306,Fresh,15.31,2026-01-19 08:09:15
12306,Citrus,10.2,2026-01-19 08:09:15
12306,Powdery,10.2,2026-01-19 08:09:15
12308,Floral,20.97,2026-01-19 08:09:15
12308,Fresh,17.74,2026-01-19 08:09:15
12308,Chypre,14.52,2026-01-19 08:09:15
12308,Spicy,11.29,2026-01-19 08:09:15
12308,Woody,11.29,2026-01-19 08:09:15
12308,Fruity,11.29,2026-01-19 08:09:15
12309,Spicy,15.0,2026-01-19 08:09:15
12309,Woody,15.0,2026-01-19 08:09:15
12309,Fougère,13.75,2026-01-19 08:09:15
12309,Oriental,10.0,2026-01-19 08:09:15
12309,Resinous,10.0,2026-01-19 08:09:15
12309,Green,10.0,2026-01-19 08:09:15
12310,Powdery,29.05,2026-01-19 08:09:15
12310,Fresh,28.17,2026-01-19 08:09:15
12310,Floral,17.05,2026-01-19 08:09:15
12311,Synthetic,20.0,2026-01-19 08:09:15
12311,Sweet,20.0,2026-01-19 08:09:15
12311,Fruity,20.0,2026-01-19 08:09:15
12311,Fresh,20.0,2026-01-19 08:09:15
12311,Floral,20.0,2026-01-19 08:09:15
12312,Spicy,21.74,2026-01-19 08:09:15
12312,Floral,19.57,2026-01-19 08:09:15
12312,Sweet,15.22,2026-01-19 08:09:15
12312,Powdery,13.04,2026-01-19 08:09:15
12312,Creamy,13.04,2026-01-19 08:09:15
12315,Sweet,25.11,2026-01-19 08:09:15
12315,Powdery,24.03,2026-01-19 08:09:15
12315,Spicy,19.82,2026-01-19 08:09:15
12316,Fresh,15.91,2026-01-19 08:09:15
12316,Aquatic,15.91,2026-01-19 08:09:15
12316,Citrus,13.64,2026-01-19 08:09:15
12316,Synthetic,13.64,2026-01-19 08:09:15
12316,Floral,13.64,2026-01-19 08:09:15
12317,Floral,26.6,2026-01-19 08:09:15
12318,Synthetic,25.0,2026-01-19 08:09:15
12318,Fresh,25.0,2026-01-19 08:09:15
12318,Floral,25.0,2026-01-19 08:09:15
12318,Aquatic,25.0,2026-01-19 08:09:15
12319,Powdery,25.22,2026-01-19 08:09:15
12319,Sweet,20.93,2026-01-19 08:09:15
12319,Creamy,11.32,2026-01-19 08:09:15
12319,Spicy,10.59,2026-01-19 08:09:15
12319,Woody,9.25,2026-01-19 08:09:15
12320,Spicy,30.77,2026-01-19 08:09:15
12320,Floral,26.92,2026-01-19 08:09:15
12320,Oriental,19.23,2026-01-19 08:09:15
12321,Powdery,30.19,2026-01-19 08:09:15
12321,Sweet,20.75,2026-01-19 08:09:15
12321,Floral,20.75,2026-01-19 08:09:15
12323,Fresh,26.54,2026-01-19 08:09:15
12323,Synthetic,20.86,2026-01-19 08:09:15
12323,Spicy,18.02,2026-01-19 08:09:15
12323,Citrus,11.85,2026-01-19 08:09:15
12324,Floral,22.22,2026-01-19 08:09:15
12324,Synthetic,19.44,2026-01-19 08:09:15
12324,Fruity,16.67,2026-01-19 08:09:15
12324,Fresh,13.89,2026-01-19 08:09:15
12325,Floral,14.08,2026-01-19 08:09:15
12325,Sweet,12.68,2026-01-19 08:09:15
12325,Earthy,12.68,2026-01-19 08:09:15
12325,Fruity,11.27,2026-01-19 08:09:15
12325,Creamy,11.27,2026-01-19 08:09:15
12325,Oriental,9.86,2026-01-19 08:09:15
12326,Synthetic,50.0,2026-01-19 08:09:15
12326,Sweet,50.0,2026-01-19 08:09:15
12327,Sweet,26.88,2026-01-19 08:09:15
12327,Floral,26.29,2026-01-19 08:09:15
12327,Fruity,19.95,2026-01-19 08:09:15
12328,Synthetic,19.44,2026-01-19 08:09:15
12328,Spicy,16.67,2026-01-19 08:09:15
12328,Sweet,16.67,2026-01-19 08:09:15
12328,Floral,16.67,2026-01-19 08:09:15
12329,Spicy,20.69,2026-01-19 08:09:15
12329,Sweet,17.24,2026-01-19 08:09:15
12329,Smoky,15.52,2026-01-19 08:09:15
12329,Woody,15.52,2026-01-19 08:09:15
12329,Fruity,10.34,2026-01-19 08:09:15
12330,Synthetic,25.0,2026-01-19 08:09:15
12330,Sweet,25.0,2026-01-19 08:09:15
12330,Fruity,25.0,2026-01-19 08:09:15
12330,Floral,25.0,2026-01-19 08:09:15
12331,Powdery,25.76,2026-01-19 08:09:15
12331,Fresh,21.12,2026-01-19 08:09:15
12331,Sweet,14.16,2026-01-19 08:09:15
12331,Floral,13.68,2026-01-19 08:09:15
12332,Floral,33.33,2026-01-19 08:09:15
12332,Powdery,25.93,2026-01-19 08:09:15
12332,Fruity,18.52,2026-01-19 08:09:15
12334,Floral,31.58,2026-01-19 08:09:15
12334,Powdery,21.05,2026-01-19 08:09:15
12334,Spicy,13.16,2026-01-19 08:09:15
12334,Synthetic,13.16,2026-01-19 08:09:15
12335,Smoky,16.67,2026-01-19 08:09:15
12335,Citrus,12.5,2026-01-19 08:09:15
12335,Leathery,12.5,2026-01-19 08:09:15
12335,Woody,12.5,2026-01-19 08:09:15
12335,Green,12.5,2026-01-19 08:09:15
12336,Fresh,25.74,2026-01-19 08:09:15
12336,Aquatic,21.81,2026-01-19 08:09:15
12336,Synthetic,13.94,2026-01-19 08:09:15
12336,Citrus,12.87,2026-01-19 08:09:15
12338,Citrus,21.82,2026-01-19 08:09:15
12338,Floral,20.0,2026-01-19 08:09:15
12338,Creamy,18.18,2026-01-19 08:09:15
12338,Powdery,14.55,2026-01-19 08:09:15
12338,Fresh,14.55,2026-01-19 08:09:15
12339,Sweet,32.53,2026-01-19 08:09:15
12339,Gourmand,27.37,2026-01-19 08:09:15
12339,Powdery,15.83,2026-01-19 08:09:15
12340,Leathery,18.52,2026-01-19 08:09:15
12340,Floral,18.52,2026-01-19 08:09:15
12340,Synthetic,14.81,2026-01-19 08:09:15
12340,Sweet,14.81,2026-01-19 08:09:15
12340,Woody,14.81,2026-01-19 08:09:15
12342,Fruity,21.74,2026-01-19 08:09:15
12342,Fresh,17.39,2026-01-19 08:09:15
12342,Sweet,13.04,2026-01-19 08:09:15
12342,Spicy,8.7,2026-01-19 08:09:15
12342,Woody,8.7,2026-01-19 08:09:15
12342,Green,8.7,2026-01-19 08:09:15
12342,Floral,8.7,2026-01-19 08:09:15
12343,Sweet,31.58,2026-01-19 08:09:15
12343,Fruity,21.05,2026-01-19 08:09:15
12343,Floral,15.79,2026-01-19 08:09:15
12343,Spicy,10.53,2026-01-19 08:09:15
12344,Powdery,24.59,2026-01-19 08:09:15
12344,Fresh,23.55,2026-01-19 08:09:15
12344,Floral,15.29,2026-01-19 08:09:15
12344,Sweet,10.85,2026-01-19 08:09:15
12346,Sweet,34.78,2026-01-19 08:09:15
12346,Floral,30.43,2026-01-19 08:09:15
12347,Powdery,24.87,2026-01-19 08:09:15
12347,Floral,23.04,2026-01-19 08:09:15
12347,Fresh,17.72,2026-01-19 08:09:15
12347,Woody,12.09,2026-01-19 08:09:15
12348,Sweet,26.23,2026-01-19 08:09:15
12348,Floral,19.67,2026-01-19 08:09:15
12348,Animal,19.67,2026-01-19 08:09:15
12350,Spicy,20.75,2026-01-19 08:09:15
12350,Woody,18.87,2026-01-19 08:09:15
12350,Oriental,15.09,2026-01-19 08:09:15
12350,Resinous,11.32,2026-01-19 08:09:15
12350,Fresh,9.43,2026-01-19 08:09:15
12352,Fresh,21.79,2026-01-19 08:09:15
12352,Spicy,13.41,2026-01-19 08:09:15
12352,Synthetic,12.43,2026-01-19 08:09:15
12352,Citrus,12.33,2026-01-19 08:09:15
12352,Powdery,7.89,2026-01-19 08:09:15
12352,Aquatic,6.71,2026-01-19 08:09:15
12353,Sweet,33.33,2026-01-19 08:09:15
12353,Synthetic,16.67,2026-01-19 08:09:15
12353,Powdery,16.67,2026-01-19 08:09:15
12353,Gourmand,16.67,2026-01-19 08:09:15
12353,Creamy,16.67,2026-01-19 08:09:15
12354,Floral,19.61,2026-01-19 08:09:15
12354,Powdery,17.65,2026-01-19 08:09:15
12354,Woody,15.69,2026-01-19 08:09:15
12354,Earthy,13.73,2026-01-19 08:09:15
12354,Spicy,9.8,2026-01-19 08:09:15
12355,Floral,27.27,2026-01-19 08:09:15
12355,Sweet,18.18,2026-01-19 08:09:15
12355,Aquatic,18.18,2026-01-19 08:09:15
12356,Sweet,23.41,2026-01-19 08:09:15
12356,Fresh,17.46,2026-01-19 08:09:15
12356,Powdery,17.19,2026-01-19 08:09:15
12356,Synthetic,12.45,2026-01-19 08:09:15
12356,Spicy,9.47,2026-01-19 08:09:15
12358,Green,19.05,2026-01-19 08:09:15
12358,Earthy,19.05,2026-01-19 08:09:15
12358,Spicy,14.29,2026-01-19 08:09:15
12358,Synthetic,14.29,2026-01-19 08:09:15
12358,Woody,14.29,2026-01-19 08:09:15
12359,Woody,23.73,2026-01-19 08:09:15
12359,Spicy,20.34,2026-01-19 08:09:15
12359,Oriental,13.56,2026-01-19 08:09:15
12359,Leathery,11.86,2026-01-19 08:09:15
12359,Smoky,10.17,2026-01-19 08:09:15
12359,Floral,10.17,2026-01-19 08:09:15
12360,Fresh,19.1,2026-01-19 08:09:15
12360,Sweet,18.38,2026-01-19 08:09:15
12360,Synthetic,14.47,2026-01-19 08:09:15
12360,Spicy,12.74,2026-01-19 08:09:15
12360,Powdery,9.84,2026-01-19 08:09:15
12361,Spicy,25.0,2026-01-19 08:09:15
12361,Synthetic,25.0,2026-01-19 08:09:15
12361,Woody,25.0,2026-01-19 08:09:15
12361,Gourmand,25.0,2026-01-19 08:09:15
12362,Creamy,28.57,2026-01-19 08:09:15
12362,Floral,28.57,2026-01-19 08:09:15
12363,Sweet,23.53,2026-01-19 08:09:15
12363,Spicy,19.61,2026-01-19 08:09:15
12363,Oriental,17.65,2026-01-19 08:09:15
12363,Gourmand,15.69,2026-01-19 08:09:15
12364,Powdery,24.48,2026-01-19 08:09:15
12364,Fresh,23.39,2026-01-19 08:09:15
12364,Floral,14.18,2026-01-19 08:09:15
12364,Woody,10.67,2026-01-19 08:09:15
12365,Sweet,33.33,2026-01-19 08:09:15
12365,Fruity,33.33,2026-01-19 08:09:15
12365,Floral,33.33,2026-01-19 08:09:15
12366,Leathery,25.71,2026-01-19 08:09:15
12366,Smoky,17.14,2026-01-19 08:09:15
12366,Spicy,14.29,2026-01-19 08:09:15
12366,Floral,14.29,2026-01-19 08:09:15
12366,Sweet,8.57,2026-01-19 08:09:15
12366,Woody,8.57,2026-01-19 08:09:15
12368,Floral,30.04,2026-01-19 08:09:15
12368,Creamy,22.83,2026-01-19 08:09:15
12368,Sweet,18.56,2026-01-19 08:09:15
12369,Sweet,20.0,2026-01-19 08:09:15
12369,Fruity,20.0,2026-01-19 08:09:15
12369,Creamy,20.0,2026-01-19 08:09:15
12369,Floral,20.0,2026-01-19 08:09:15
12370,Powdery,23.08,2026-01-19 08:09:15
12370,Spicy,15.38,2026-01-19 08:09:15
12370,Oriental,15.38,2026-01-19 08:09:15
12370,Woody,15.38,2026-01-19 08:09:15
12370,Chypre,15.38,2026-01-19 08:09:15
12370,Floral,15.38,2026-01-19 08:09:15
12372,Powdery,23.91,2026-01-19 08:09:15
12372,Fresh,21.92,2026-01-19 08:09:15
12372,Floral,21.79,2026-01-19 08:09:15
12373,Citrus,24.24,2026-01-19 08:09:15
12373,Fresh,24.24,2026-01-19 08:09:15
12373,Green,18.18,2026-01-19 08:09:15
12375,Sweet,25.0,2026-01-19 08:09:15
12375,Synthetic,12.5,2026-01-19 08:09:15
12375,Powdery,12.5,2026-01-19 08:09:15
12375,Woody,12.5,2026-01-19 08:09:15
12375,Gourmand,12.5,2026-01-19 08:09:15
12375,Fruity,12.5,2026-01-19 08:09:15
12375,Creamy,12.5,2026-01-19 08:09:15
12376,Powdery,23.44,2026-01-19 08:09:15
12376,Fresh,22.83,2026-01-19 08:09:15
12376,Woody,15.83,2026-01-19 08:09:15
12376,Floral,14.61,2026-01-19 08:09:15
12378,Chypre,25.0,2026-01-19 08:09:15
12378,Green,18.75,2026-01-19 08:09:15
12378,Fresh,18.75,2026-01-19 08:09:15
12379,Sweet,33.33,2026-01-19 08:09:15
12379,Floral,33.33,2026-01-19 08:09:15
12380,Powdery,21.96,2026-01-19 08:09:15
12380,Woody,16.32,2026-01-19 08:09:15
12380,Spicy,14.84,2026-01-19 08:09:15
12380,Fresh,13.2,2026-01-19 08:09:15
12380,Sweet,12.17,2026-01-19 08:09:15
12381,Sweet,25.0,2026-01-19 08:09:15
12381,Gourmand,25.0,2026-01-19 08:09:15
12381,Fruity,25.0,2026-01-19 08:09:15
12381,Creamy,25.0,2026-01-19 08:09:15
12382,Floral,25.0,2026-01-19 08:09:15
12382,Sweet,18.75,2026-01-19 08:09:15
12382,Gourmand,18.75,2026-01-19 08:09:15
12382,Fresh,18.75,2026-01-19 08:09:15
12382,Aquatic,18.75,2026-01-19 08:09:15
12383,Fruity,28.57,2026-01-19 08:09:15
12383,Fresh,28.57,2026-01-19 08:09:15
12384,Powdery,27.26,2026-01-19 08:09:15
12384,Sweet,19.43,2026-01-19 08:09:15
12384,Creamy,14.76,2026-01-19 08:09:15
12384,Fresh,12.2,2026-01-19 08:09:15
12386,Sweet,23.81,2026-01-19 08:09:15
12386,Leathery,19.05,2026-01-19 08:09:15
12386,Creamy,19.05,2026-01-19 08:09:15
12388,Oriental,19.91,2026-01-19 08:09:15
12388,Spicy,18.04,2026-01-19 08:09:15
12388,Woody,14.72,2026-01-19 08:09:15
12388,Sweet,10.1,2026-01-19 08:09:15
12388,Powdery,9.81,2026-01-19 08:09:15
12390,Leathery,22.58,2026-01-19 08:09:15
12390,Spicy,16.13,2026-01-19 08:09:15
12390,Woody,16.13,2026-01-19 08:09:15
12390,Sweet,12.9,2026-01-19 08:09:15
12390,Fruity,12.9,2026-01-19 08:09:15
12392,Sweet,23.01,2026-01-19 08:09:15
12392,Synthetic,20.82,2026-01-19 08:09:15
12392,Fresh,15.34,2026-01-19 08:09:15
12392,Woody,12.88,2026-01-19 08:09:15
12392,Creamy,8.22,2026-01-19 08:09:15
12392,Spicy,7.67,2026-01-19 08:09:15
12394,Sweet,25.0,2026-01-19 08:09:15
12394,Gourmand,25.0,2026-01-19 08:09:15
12394,Fruity,25.0,2026-01-19 08:09:15
12396,Sweet,27.41,2026-01-19 08:09:15
12396,Floral,26.2,2026-01-19 08:09:15
12396,Fruity,19.28,2026-01-19 08:09:15
12398,Gourmand,22.73,2026-01-19 08:09:15
12398,Spicy,18.18,2026-01-19 08:09:15
12398,Sweet,18.18,2026-01-19 08:09:15
12398,Oriental,18.18,2026-01-19 08:09:15
12399,Synthetic,25.0,2026-01-19 08:09:15
12399,Sweet,25.0,2026-01-19 08:09:15
12399,Fruity,25.0,2026-01-19 08:09:15
12399,Floral,25.0,2026-01-19 08:09:15
12400,Spicy,22.17,2026-01-19 08:09:15
12400,Sweet,18.18,2026-01-19 08:09:15
12400,Woody,15.52,2026-01-19 08:09:15
12400,Oriental,10.86,2026-01-19 08:09:15
12400,Synthetic,8.2,2026-01-19 08:09:15
12402,Spicy,20.0,2026-01-19 08:09:15
12402,Oriental,20.0,2026-01-19 08:09:15
12402,Leathery,20.0,2026-01-19 08:09:15
12402,Woody,20.0,2026-01-19 08:09:15
12402,Gourmand,20.0,2026-01-19 08:09:15
12404,Sweet,18.87,2026-01-19 08:09:15
12404,Woody,18.87,2026-01-19 08:09:15
12404,Spicy,18.24,2026-01-19 08:09:15
12404,Fresh,16.98,2026-01-19 08:09:15
12406,Green,19.05,2026-01-19 08:09:15
12406,Fresh,19.05,2026-01-19 08:09:15
12406,Fougère,19.05,2026-01-19 08:09:15
12406,Earthy,14.29,2026-01-19 08:09:15
12407,Synthetic,16.67,2026-01-19 08:09:15
12407,Sweet,16.67,2026-01-19 08:09:15
12407,Fruity,16.67,2026-01-19 08:09:15
12407,Fresh,16.67,2026-01-19 08:09:15
12407,Floral,16.67,2026-01-19 08:09:15
12407,Aquatic,16.67,2026-01-19 08:09:15
12408,Floral,27.9,2026-01-19 08:09:15
12408,Fresh,20.17,2026-01-19 08:09:15
12408,Powdery,15.45,2026-01-19 08:09:15
12408,Citrus,15.02,2026-01-19 08:09:15
12412,Powdery,23.09,2026-01-19 08:09:15
12412,Floral,22.72,2026-01-19 08:09:15
12415,Citrus,14.29,2026-01-19 08:09:15
12415,Spicy,14.29,2026-01-19 08:09:15
12415,Woody,14.29,2026-01-19 08:09:15
12415,Fruity,14.29,2026-01-19 08:09:15
12415,Fresh,14.29,2026-01-19 08:09:15
12415,Creamy,14.29,2026-01-19 08:09:15
12415,Aquatic,14.29,2026-01-19 08:09:15
12416,Powdery,17.26,2026-01-19 08:09:15
12416,Oriental,16.99,2026-01-19 08:09:15
12416,Spicy,15.07,2026-01-19 08:09:15
12416,Sweet,13.42,2026-01-19 08:09:15
12416,Woody,9.59,2026-01-19 08:09:15
12418,Spicy,20.0,2026-01-19 08:09:15
12418,Floral,20.0,2026-01-19 08:09:15
12418,Synthetic,13.33,2026-01-19 08:09:15
12418,Sweet,13.33,2026-01-19 08:09:15
12418,Gourmand,13.33,2026-01-19 08:09:15
12420,Powdery,16.5,2026-01-19 08:09:15
12420,Oriental,16.1,2026-01-19 08:09:15
12420,Spicy,14.51,2026-01-19 08:09:15
12420,Woody,11.93,2026-01-19 08:09:15
12420,Floral,11.53,2026-01-19 08:09:15
12423,Sweet,50.0,2026-01-19 08:09:15
12423,Fruity,50.0,2026-01-19 08:09:15
12424,Fresh,21.74,2026-01-19 08:09:15
12424,Powdery,19.93,2026-01-19 08:09:15
12424,Citrus,13.04,2026-01-19 08:09:15
12424,Floral,11.23,2026-01-19 08:09:15
12424,Creamy,8.7,2026-01-19 08:09:15
12426,Fresh,50.0,2026-01-19 08:09:15
12426,Aquatic,50.0,2026-01-19 08:09:15
12429,Powdery,26.99,2026-01-19 08:09:15
12429,Floral,25.28,2026-01-19 08:09:15
12429,Fresh,23.58,2026-01-19 08:09:15
12431,Leathery,50.0,2026-01-19 08:09:15
12431,Creamy,50.0,2026-01-19 08:09:15
12433,Floral,26.65,2026-01-19 08:09:15
12433,Sweet,20.34,2026-01-19 08:09:15
12433,Fresh,15.19,2026-01-19 08:09:15
12433,Gourmand,8.6,2026-01-19 08:09:15
12433,Synthetic,8.31,2026-01-19 08:09:15
12433,Fruity,7.74,2026-01-19 08:09:15
12434,Floral,50.0,2026-01-19 08:09:15
12434,Sweet,25.0,2026-01-19 08:09:15
12434,Fresh,25.0,2026-01-19 08:09:15
12436,Floral,32.41,2026-01-19 08:09:15
12436,Fresh,24.11,2026-01-19 08:09:15
12436,Synthetic,19.37,2026-01-19 08:09:15
12442,Fresh,33.33,2026-01-19 08:09:15
12442,Floral,33.33,2026-01-19 08:09:15
12442,Aquatic,33.33,2026-01-19 08:09:15
12445,Fresh,22.92,2026-01-19 08:09:15
12445,Green,22.35,2026-01-19 08:09:15
12445,Spicy,15.19,2026-01-19 08:09:15
12445,Citrus,13.47,2026-01-19 08:09:15
12445,Woody,12.61,2026-01-19 08:09:15
12446,Sweet,20.0,2026-01-19 08:09:15
12446,Gourmand,20.0,2026-01-19 08:09:15
12446,Fruity,20.0,2026-01-19 08:09:15
12446,Fresh,20.0,2026-01-19 08:09:15
12446,Floral,20.0,2026-01-19 08:09:15
12450,Sweet,26.84,2026-01-19 08:09:15
12450,Powdery,24.26,2026-01-19 08:09:15
12450,Floral,19.49,2026-01-19 08:09:15
12454,Sweet,25.65,2026-01-19 08:09:15
12454,Gourmand,19.88,2026-01-19 08:09:15
12454,Powdery,16.43,2026-01-19 08:09:15
12454,Floral,14.7,2026-01-19 08:09:15
12458,Fruity,26.33,2026-01-19 08:09:15
12458,Sweet,25.62,2026-01-19 08:09:15
12458,Floral,13.52,2026-01-19 08:09:15
12458,Synthetic,8.9,2026-01-19 08:09:15
12461,Fruity,50.0,2026-01-19 08:09:15
12461,Fresh,50.0,2026-01-19 08:09:15
12462,Sweet,16.93,2026-01-19 08:09:15
12462,Oriental,16.61,2026-01-19 08:09:15
12462,Leathery,13.17,2026-01-19 08:09:15
12462,Spicy,12.23,2026-01-19 08:09:15
12462,Powdery,11.6,2026-01-19 08:09:15
12462,Resinous,9.4,2026-01-19 08:09:15
12466,Floral,30.47,2026-01-19 08:09:15
12466,Powdery,19.71,2026-01-19 08:09:15
12466,Fresh,16.49,2026-01-19 08:09:15
12470,Floral,24.09,2026-01-19 08:09:15
12470,Powdery,22.63,2026-01-19 08:09:15
12470,Creamy,11.68,2026-01-19 08:09:15
12470,Fresh,11.31,2026-01-19 08:09:15
12470,Spicy,9.12,2026-01-19 08:09:15
12471,Spicy,20.0,2026-01-19 08:09:15
12471,Woody,20.0,2026-01-19 08:09:15
12471,Resinous,20.0,2026-01-19 08:09:15
12471,Earthy,20.0,2026-01-19 08:09:15
12471,Creamy,20.0,2026-01-19 08:09:15
12474,Powdery,22.64,2026-01-19 08:09:15
12474,Sweet,20.61,2026-01-19 08:09:15
12474,Spicy,12.84,2026-01-19 08:09:15
12474,Floral,11.82,2026-01-19 08:09:15
12474,Fresh,10.81,2026-01-19 08:09:15
12477,Sweet,20.0,2026-01-19 08:09:15
12477,Powdery,20.0,2026-01-19 08:09:15
12477,Fruity,20.0,2026-01-19 08:09:15
12477,Fresh,20.0,2026-01-19 08:09:15
12477,Floral,20.0,2026-01-19 08:09:15
12478,Floral,33.33,2026-01-19 08:09:15
12478,Fresh,26.58,2026-01-19 08:09:15
12478,Powdery,18.02,2026-01-19 08:09:15
12482,Green,24.12,2026-01-19 08:09:15
12482,Fresh,20.6,2026-01-19 08:09:15
12482,Fruity,16.08,2026-01-19 08:09:15
12482,Powdery,11.06,2026-01-19 08:09:15
12482,Woody,8.04,2026-01-19 08:09:15
12483,Fruity,30.74,2026-01-19 08:09:15
12483,Sweet,27.3,2026-01-19 08:09:15
12486,Fruity,21.01,2026-01-19 08:09:15
12486,Citrus,19.63,2026-01-19 08:09:15
12486,Fresh,18.25,2026-01-19 08:09:15
12486,Sweet,11.34,2026-01-19 08:09:15
12486,Woody,11.06,2026-01-19 08:09:15
12487,Floral,26.13,2026-01-19 08:09:15
12487,Fresh,21.62,2026-01-19 08:09:15
12487,Creamy,14.86,2026-01-19 08:09:15
12487,Citrus,9.91,2026-01-19 08:09:15
12490,Fruity,19.93,2026-01-19 08:09:15
12490,Woody,18.18,2026-01-19 08:09:15
12490,Fresh,17.56,2026-01-19 08:09:15
12490,Spicy,16.31,2026-01-19 08:09:15
12491,Fresh,26.97,2026-01-19 08:09:15
12491,Citrus,26.4,2026-01-19 08:09:15
12491,Fruity,21.91,2026-01-19 08:09:15
12493,Sweet,33.33,2026-01-19 08:09:15
12493,Gourmand,33.33,2026-01-19 08:09:15
12493,Creamy,33.33,2026-01-19 08:09:15
12494,Leathery,20.78,2026-01-19 08:09:15
12494,Sweet,19.59,2026-01-19 08:09:15
12494,Spicy,16.55,2026-01-19 08:09:15
12494,Woody,13.01,2026-01-19 08:09:15
12495,Floral,28.42,2026-01-19 08:09:15
12495,Sweet,20.77,2026-01-19 08:09:15
12495,Creamy,15.3,2026-01-19 08:09:15
12495,Powdery,12.02,2026-01-19 08:09:15
12498,Fruity,26.16,2026-01-19 08:09:15
12498,Floral,22.97,2026-01-19 08:09:15
12498,Sweet,21.95,2026-01-19 08:09:15
12499,Earthy,22.17,2026-01-19 08:09:15
12499,Spicy,19.7,2026-01-19 08:09:15
12499,Woody,16.26,2026-01-19 08:09:15
12499,Sweet,13.3,2026-01-19 08:09:15
12502,Woody,20.17,2026-01-19 08:09:15
12502,Smoky,19.16,2026-01-19 08:09:15
12502,Spicy,18.88,2026-01-19 08:09:15
12502,Resinous,17.15,2026-01-19 08:09:15
12503,Floral,20.36,2026-01-19 08:09:15
12503,Powdery,17.96,2026-01-19 08:09:15
12503,Spicy,14.37,2026-01-19 08:09:15
12503,Woody,11.98,2026-01-19 08:09:15
12503,Oriental,10.78,2026-01-19 08:09:15
12506,Spicy,23.83,2026-01-19 08:09:15
12506,Woody,20.36,2026-01-19 08:09:15
12506,Smoky,14.78,2026-01-19 08:09:15
12506,Oriental,12.67,2026-01-19 08:09:15
12507,Green,20.86,2026-01-19 08:09:15
12507,Fresh,20.86,2026-01-19 08:09:15
12507,Citrus,15.51,2026-01-19 08:09:15
12507,Spicy,13.37,2026-01-19 08:09:15
12507,Woody,13.37,2026-01-19 08:09:15
12510,Sweet,25.34,2026-01-19 08:09:15
12510,Floral,22.59,2026-01-19 08:09:15
12510,Gourmand,18.46,2026-01-19 08:09:15
12510,Spicy,12.95,2026-01-19 08:09:15
12514,Fresh,23.72,2026-01-19 08:09:15
12514,Citrus,21.56,2026-01-19 08:09:15
12514,Woody,16.71,2026-01-19 08:09:15
12514,Aquatic,16.71,2026-01-19 08:09:15
12515,Floral,25.13,2026-01-19 08:09:15
12515,Fresh,19.37,2026-01-19 08:09:15
12515,Powdery,14.14,2026-01-19 08:09:15
12515,Sweet,9.95,2026-01-19 08:09:15
12515,Green,7.85,2026-01-19 08:09:15
12518,Spicy,18.4,2026-01-19 08:09:15
12518,Resinous,16.03,2026-01-19 08:09:15
12518,Woody,13.66,2026-01-19 08:09:15
12518,Oriental,13.11,2026-01-19 08:09:15
12518,Smoky,12.2,2026-01-19 08:09:15
12518,Sweet,12.02,2026-01-19 08:09:15
12519,Sweet,28.57,2026-01-19 08:09:15
12519,Synthetic,24.49,2026-01-19 08:09:15
12519,Floral,21.43,2026-01-19 08:09:15
12522,Spicy,21.4,2026-01-19 08:09:15
12522,Woody,21.4,2026-01-19 08:09:15
12522,Oriental,16.61,2026-01-19 08:09:15
12522,Citrus,13.65,2026-01-19 08:09:15
12523,Fruity,27.56,2026-01-19 08:09:15
12523,Fresh,24.36,2026-01-19 08:09:15
12523,Floral,16.03,2026-01-19 08:09:15
12526,Fruity,21.15,2026-01-19 08:09:15
12526,Floral,18.8,2026-01-19 08:09:15
12526,Sweet,15.67,2026-01-19 08:09:15
12526,Fresh,11.49,2026-01-19 08:09:15
12526,Woody,9.4,2026-01-19 08:09:15
12527,Spicy,22.65,2026-01-19 08:09:15
12527,Powdery,22.1,2026-01-19 08:09:15
12527,Floral,18.23,2026-01-19 08:09:15
12527,Woody,16.57,2026-01-19 08:09:15
12530,Woody,21.62,2026-01-19 08:09:15
12530,Floral,20.81,2026-01-19 08:09:15
12530,Spicy,15.68,2026-01-19 08:09:15
12530,Oriental,14.32,2026-01-19 08:09:15
12531,Floral,24.88,2026-01-19 08:09:15
12531,Fresh,22.54,2026-01-19 08:09:15
12531,Powdery,17.37,2026-01-19 08:09:15
12531,Green,13.15,2026-01-19 08:09:15
12534,Fruity,18.79,2026-01-19 08:09:15
12534,Floral,18.79,2026-01-19 08:09:15
12534,Sweet,14.55,2026-01-19 08:09:15
12534,Fresh,11.52,2026-01-19 08:09:15
12534,Creamy,10.3,2026-01-19 08:09:15
12535,Fresh,26.36,2026-01-19 08:09:15
12535,Citrus,22.73,2026-01-19 08:09:15
12535,Woody,11.82,2026-01-19 08:09:15
12535,Synthetic,10.0,2026-01-19 08:09:15
12535,Spicy,8.18,2026-01-19 08:09:15
12535,Aquatic,8.18,2026-01-19 08:09:15
12537,Synthetic,50.0,2026-01-19 08:09:15
12537,Powdery,50.0,2026-01-19 08:09:15
12538,Spicy,17.57,2026-01-19 08:09:15
12538,Resinous,17.57,2026-01-19 08:09:15
12538,Woody,16.49,2026-01-19 08:09:15
12538,Earthy,13.24,2026-01-19 08:09:15
12538,Smoky,10.81,2026-01-19 08:09:15
12539,Leathery,19.43,2026-01-19 08:09:15
12539,Sweet,18.29,2026-01-19 08:09:15
12539,Spicy,16.57,2026-01-19 08:09:15
12539,Powdery,14.29,2026-01-19 08:09:15
12542,Woody,21.26,2026-01-19 08:09:15
12542,Spicy,18.9,2026-01-19 08:09:15
12542,Oriental,14.96,2026-01-19 08:09:15
12542,Leathery,14.57,2026-01-19 08:09:15
12542,Smoky,9.84,2026-01-19 08:09:15
12544,Powdery,22.15,2026-01-19 08:09:15
12544,Floral,22.15,2026-01-19 08:09:15
12544,Sweet,15.82,2026-01-19 08:09:15
12544,Synthetic,10.13,2026-01-19 08:09:15
12544,Fruity,10.13,2026-01-19 08:09:15
12545,Sweet,22.22,2026-01-19 08:09:15
12545,Gourmand,22.22,2026-01-19 08:09:15
12545,Spicy,11.11,2026-01-19 08:09:15
12545,Synthetic,11.11,2026-01-19 08:09:15
12545,Powdery,11.11,2026-01-19 08:09:15
12545,Fruity,11.11,2026-01-19 08:09:15
12545,Creamy,11.11,2026-01-19 08:09:15
12547,Sweet,22.3,2026-01-19 08:09:15
12547,Fruity,22.3,2026-01-19 08:09:15
12547,Floral,14.75,2026-01-19 08:09:15
12547,Creamy,11.51,2026-01-19 08:09:15
12548,Sweet,21.33,2026-01-19 08:09:15
12548,Spicy,20.0,2026-01-19 08:09:15
12548,Powdery,17.33,2026-01-19 08:09:15
12548,Fresh,14.67,2026-01-19 08:09:15
12549,Citrus,20.0,2026-01-19 08:09:15
12549,Sweet,20.0,2026-01-19 08:09:15
12549,Fruity,20.0,2026-01-19 08:09:15
12549,Smoky,10.0,2026-01-19 08:09:15
12549,Gourmand,10.0,2026-01-19 08:09:15
12549,Floral,10.0,2026-01-19 08:09:15
12549,Animal,10.0,2026-01-19 08:09:15
12551,Floral,27.68,2026-01-19 08:09:15
12551,Fresh,26.94,2026-01-19 08:09:15
12551,Green,16.24,2026-01-19 08:09:15
12552,Spicy,17.68,2026-01-19 08:09:15
12552,Woody,17.68,2026-01-19 08:09:15
12552,Resinous,14.63,2026-01-19 08:09:15
12552,Sweet,12.8,2026-01-19 08:09:15
12552,Powdery,12.8,2026-01-19 08:09:15
12553,Synthetic,16.67,2026-01-19 08:09:15
12553,Sweet,16.67,2026-01-19 08:09:15
12553,Powdery,16.67,2026-01-19 08:09:15
12553,Gourmand,16.67,2026-01-19 08:09:15
12553,Fruity,16.67,2026-01-19 08:09:15
12555,Citrus,21.29,2026-01-19 08:09:15
12555,Fruity,20.48,2026-01-19 08:09:15
12555,Fresh,16.87,2026-01-19 08:09:15
12555,Woody,15.26,2026-01-19 08:09:15
12556,Synthetic,25.0,2026-01-19 08:09:15
12556,Sweet,25.0,2026-01-19 08:09:15
12556,Fruity,25.0,2026-01-19 08:09:15
12556,Fresh,25.0,2026-01-19 08:09:15
12557,Sweet,20.87,2026-01-19 08:09:15
12557,Fruity,19.13,2026-01-19 08:09:15
12557,Powdery,13.91,2026-01-19 08:09:15
12557,Floral,10.43,2026-01-19 08:09:15
12557,Synthetic,7.83,2026-01-19 08:09:15
12557,Fresh,7.83,2026-01-19 08:09:15
12557,Creamy,7.83,2026-01-19 08:09:15
12558,Sweet,23.44,2026-01-19 08:09:15
12558,Woody,16.8,2026-01-19 08:09:15
12558,Spicy,12.89,2026-01-19 08:09:15
12558,Gourmand,12.11,2026-01-19 08:09:15
12558,Creamy,9.77,2026-01-19 08:09:15
12561,Floral,30.7,2026-01-19 08:09:15
12561,Creamy,21.05,2026-01-19 08:09:15
12561,Sweet,15.79,2026-01-19 08:09:15
12562,Powdery,24.02,2026-01-19 08:09:15
12562,Floral,23.23,2026-01-19 08:09:15
12562,Sweet,14.96,2026-01-19 08:09:15
12562,Creamy,13.39,2026-01-19 08:09:15
12565,Spicy,18.67,2026-01-19 08:09:15
12565,Floral,17.47,2026-01-19 08:09:15
12565,Oriental,13.86,2026-01-19 08:09:15
12565,Smoky,12.05,2026-01-19 08:09:15
12565,Leathery,12.05,2026-01-19 08:09:15
12566,Fruity,16.99,2026-01-19 08:09:15
12566,Sweet,16.67,2026-01-19 08:09:15
12566,Spicy,16.35,2026-01-19 08:09:15
12566,Floral,13.46,2026-01-19 08:09:15
12566,Woody,13.14,2026-01-19 08:09:15
12569,Fruity,21.21,2026-01-19 08:09:15
12569,Spicy,16.67,2026-01-19 08:09:15
12569,Sweet,16.67,2026-01-19 08:09:15
12569,Creamy,15.91,2026-01-19 08:09:15
12570,Resinous,21.94,2026-01-19 08:09:15
12570,Woody,20.14,2026-01-19 08:09:15
12570,Smoky,16.55,2026-01-19 08:09:15
12570,Spicy,13.31,2026-01-19 08:09:15
12570,Earthy,12.59,2026-01-19 08:09:15
12573,Floral,22.88,2026-01-19 08:09:15
12573,Powdery,22.03,2026-01-19 08:09:15
12573,Fresh,16.1,2026-01-19 08:09:15
12573,Green,13.56,2026-01-19 08:09:15
12574,Green,26.24,2026-01-19 08:09:15
12574,Fresh,23.53,2026-01-19 08:09:15
12574,Spicy,19.46,2026-01-19 08:09:15
12576,Sweet,50.0,2026-01-19 08:09:15
12576,Floral,50.0,2026-01-19 08:09:15
12577,Powdery,20.8,2026-01-19 08:09:15
12577,Leathery,20.0,2026-01-19 08:09:15
12577,Spicy,19.2,2026-01-19 08:09:15
12577,Sweet,12.8,2026-01-19 08:09:15
12578,Gourmand,25.0,2026-01-19 08:09:15
12578,Sweet,23.64,2026-01-19 08:09:15
12578,Powdery,12.73,2026-01-19 08:09:15
12578,Woody,12.73,2026-01-19 08:09:15
12581,Floral,33.05,2026-01-19 08:09:15
12581,Creamy,24.58,2026-01-19 08:09:15
12581,Sweet,21.19,2026-01-19 08:09:15
12582,Floral,28.79,2026-01-19 08:09:15
12582,Powdery,19.19,2026-01-19 08:09:15
12582,Fruity,12.63,2026-01-19 08:09:15
12582,Sweet,10.61,2026-01-19 08:09:15
12585,Fruity,25.71,2026-01-19 08:09:15
12585,Floral,22.86,2026-01-19 08:09:15
12585,Sweet,19.05,2026-01-19 08:09:15
12586,Sweet,23.74,2026-01-19 08:09:15
12586,Floral,23.23,2026-01-19 08:09:15
12586,Powdery,14.14,2026-01-19 08:09:15
12586,Fruity,14.14,2026-01-19 08:09:15
12588,Synthetic,33.33,2026-01-19 08:09:15
12588,Floral,33.33,2026-01-19 08:09:15
12588,Animal,33.33,2026-01-19 08:09:15
12589,Resinous,20.88,2026-01-19 08:09:15
12589,Spicy,19.78,2026-01-19 08:09:15
12589,Woody,19.78,2026-01-19 08:09:15
12589,Oriental,13.19,2026-01-19 08:09:15
12590,Fruity,22.83,2026-01-19 08:09:15
12590,Sweet,19.02,2026-01-19 08:09:15
12590,Floral,17.93,2026-01-19 08:09:15
12590,Powdery,13.59,2026-01-19 08:09:15
12592,Synthetic,16.67,2026-01-19 08:09:15
12592,Sweet,16.67,2026-01-19 08:09:15
12592,Fruity,16.67,2026-01-19 08:09:15
12592,Creamy,16.67,2026-01-19 08:09:15
12592,Floral,16.67,2026-01-19 08:09:15
12592,Animal,16.67,2026-01-19 08:09:15
12593,Floral,38.24,2026-01-19 08:09:15
12593,Fresh,29.41,2026-01-19 08:09:15
12594,Sweet,27.45,2026-01-19 08:09:15
12594,Floral,24.18,2026-01-19 08:09:15
12594,Fruity,21.57,2026-01-19 08:09:15
12596,Sweet,33.33,2026-01-19 08:09:15
12596,Fresh,33.33,2026-01-19 08:09:15
12596,Creamy,33.33,2026-01-19 08:09:15
12597,Floral,26.88,2026-01-19 08:09:15
12597,Citrus,17.2,2026-01-19 08:09:15
12597,Green,12.9,2026-01-19 08:09:15
12597,Sweet,11.83,2026-01-19 08:09:15
12597,Spicy,9.68,2026-01-19 08:09:15
12598,Floral,22.51,2026-01-19 08:09:15
12598,Sweet,18.85,2026-01-19 08:09:15
12598,Fruity,17.8,2026-01-19 08:09:15
12598,Fresh,17.8,2026-01-19 08:09:15
12600,Citrus,33.33,2026-01-19 08:09:15
12600,Fresh,33.33,2026-01-19 08:09:15
12601,Sweet,20.37,2026-01-19 08:09:15
12601,Fruity,18.52,2026-01-19 08:09:15
12601,Creamy,15.74,2026-01-19 08:09:15
12601,Spicy,9.26,2026-01-19 08:09:15
12601,Woody,9.26,2026-01-19 08:09:15
12602,Fruity,19.88,2026-01-19 08:09:15
12602,Sweet,16.87,2026-01-19 08:09:15
12602,Spicy,14.46,2026-01-19 08:09:15
12602,Gourmand,13.25,2026-01-19 08:09:15
12602,Oriental,10.24,2026-01-19 08:09:15
12602,Woody,10.24,2026-01-19 08:09:15
12605,Oriental,20.0,2026-01-19 08:09:15
12605,Spicy,16.92,2026-01-19 08:09:15
12605,Earthy,12.31,2026-01-19 08:09:15
12605,Powdery,10.77,2026-01-19 08:09:15
12605,Woody,10.77,2026-01-19 08:09:15
12605,Floral,9.23,2026-01-19 08:09:15
12606,Fruity,23.39,2026-01-19 08:09:15
12606,Sweet,20.47,2026-01-19 08:09:15
12606,Floral,18.13,2026-01-19 08:09:15
12606,Synthetic,9.36,2026-01-19 08:09:15
12606,Woody,8.19,2026-01-19 08:09:15
12606,Spicy,7.6,2026-01-19 08:09:15
12609,Woody,22.81,2026-01-19 08:09:15
12609,Powdery,19.3,2026-01-19 08:09:15
12609,Fresh,19.3,2026-01-19 08:09:15
12609,Creamy,14.04,2026-01-19 08:09:15
12610,Sweet,21.01,2026-01-19 08:09:15
12610,Floral,20.29,2026-01-19 08:09:15
12610,Creamy,15.22,2026-01-19 08:09:15
12610,Powdery,13.04,2026-01-19 08:09:15
12613,Floral,26.79,2026-01-19 08:09:15
12613,Fresh,25.0,2026-01-19 08:09:15
12613,Fruity,19.64,2026-01-19 08:09:15
12616,Sweet,50.0,2026-01-19 08:09:15
12616,Fruity,50.0,2026-01-19 08:09:15
12617,Spicy,22.22,2026-01-19 08:09:15
12617,Fruity,15.87,2026-01-19 08:09:15
12617,Leathery,12.7,2026-01-19 08:09:15
12617,Woody,12.7,2026-01-19 08:09:15
12617,Smoky,11.11,2026-01-19 08:09:15
12618,Spicy,18.55,2026-01-19 08:09:15
12618,Woody,15.84,2026-01-19 08:09:15
12618,Sweet,14.48,2026-01-19 08:09:15
12618,Oriental,14.03,2026-01-19 08:09:15
12618,Resinous,12.67,2026-01-19 08:09:15
12621,Spicy,21.43,2026-01-19 08:09:15
12621,Sweet,16.07,2026-01-19 08:09:15
12621,Woody,14.29,2026-01-19 08:09:15
12621,Leathery,10.71,2026-01-19 08:09:15
12621,Resinous,10.71,2026-01-19 08:09:15
12622,Floral,25.0,2026-01-19 08:09:15
12622,Spicy,19.77,2026-01-19 08:09:15
12622,Woody,10.47,2026-01-19 08:09:15
12622,Fruity,10.47,2026-01-19 08:09:15
12622,Sweet,8.72,2026-01-19 08:09:15
12624,Synthetic,50.0,2026-01-19 08:09:15
12624,Floral,50.0,2026-01-19 08:09:15
12625,Spicy,17.14,2026-01-19 08:09:15
12625,Floral,17.14,2026-01-19 08:09:15
12625,Fruity,14.29,2026-01-19 08:09:15
12625,Chypre,13.33,2026-01-19 08:09:15
12625,Woody,12.38,2026-01-19 08:09:15
12625,Resinous,12.38,2026-01-19 08:09:15
12629,Resinous,18.18,2026-01-19 08:09:15
12629,Spicy,15.91,2026-01-19 08:09:15
12629,Sweet,13.64,2026-01-19 08:09:15
12629,Woody,12.5,2026-01-19 08:09:15
12629,Oriental,10.23,2026-01-19 08:09:15
12629,Smoky,7.95,2026-01-19 08:09:15
12631,Floral,22.35,2026-01-19 08:09:15
12631,Spicy,17.32,2026-01-19 08:09:15
12631,Powdery,16.76,2026-01-19 08:09:15
12631,Woody,12.85,2026-01-19 08:09:15
12633,Resinous,30.23,2026-01-19 08:09:15
12633,Sweet,27.91,2026-01-19 08:09:15
12633,Spicy,20.93,2026-01-19 08:09:15
12634,Fruity,19.29,2026-01-19 08:09:15
12634,Floral,18.78,2026-01-19 08:09:15
12634,Sweet,16.75,2026-01-19 08:09:15
12634,Powdery,10.66,2026-01-19 08:09:15
12634,Fresh,9.64,2026-01-19 08:09:15
12635,Sweet,27.45,2026-01-19 08:09:15
12635,Gourmand,26.54,2026-01-19 08:09:15
12635,Spicy,20.07,2026-01-19 08:09:15
12637,Floral,24.49,2026-01-19 08:09:15
12637,Powdery,20.41,2026-01-19 08:09:15
12637,Sweet,18.37,2026-01-19 08:09:15
12637,Fruity,14.29,2026-01-19 08:09:15
12638,Sweet,28.87,2026-01-19 08:09:15
12638,Gourmand,21.43,2026-01-19 08:09:15
12638,Floral,18.16,2026-01-19 08:09:15
12638,Powdery,10.53,2026-01-19 08:09:15
12639,Fruity,20.0,2026-01-19 08:09:15
12639,Citrus,19.29,2026-01-19 08:09:15
12639,Woody,15.0,2026-01-19 08:09:15
12639,Floral,15.0,2026-01-19 08:09:15
12641,Floral,23.4,2026-01-19 08:09:15
12641,Creamy,19.15,2026-01-19 08:09:15
12641,Spicy,14.89,2026-01-19 08:09:15
12641,Sweet,10.64,2026-01-19 08:09:15
12641,Fruity,10.64,2026-01-19 08:09:15
12642,Floral,22.83,2026-01-19 08:09:15
12642,Sweet,18.11,2026-01-19 08:09:15
12642,Fruity,16.54,2026-01-19 08:09:15
12642,Creamy,14.17,2026-01-19 08:09:15
12644,Gourmand,24.39,2026-01-19 08:09:15
12644,Sweet,23.27,2026-01-19 08:09:15
12644,Spicy,14.91,2026-01-19 08:09:15
12644,Woody,13.23,2026-01-19 08:09:15
12645,Floral,24.14,2026-01-19 08:09:15
12645,Powdery,20.69,2026-01-19 08:09:15
12645,Woody,20.69,2026-01-19 08:09:15
12645,Spicy,13.79,2026-01-19 08:09:15
12646,Creamy,15.04,2026-01-19 08:09:15
12646,Sweet,14.6,2026-01-19 08:09:15
12646,Fruity,14.16,2026-01-19 08:09:15
12646,Citrus,13.27,2026-01-19 08:09:15
12646,Floral,10.62,2026-01-19 08:09:15
12646,Fresh,9.73,2026-01-19 08:09:15
12647,Sweet,20.0,2026-01-19 08:09:15
12647,Fruity,20.0,2026-01-19 08:09:15
12647,Fresh,20.0,2026-01-19 08:09:15
12647,Fougère,20.0,2026-01-19 08:09:15
12647,Chypre,20.0,2026-01-19 08:09:15
12648,Spicy,25.91,2026-01-19 08:09:15
12648,Sweet,24.46,2026-01-19 08:09:15
12648,Gourmand,20.66,2026-01-19 08:09:15
12649,Spicy,29.63,2026-01-19 08:09:15
12649,Woody,25.93,2026-01-19 08:09:15
12649,Floral,22.22,2026-01-19 08:09:15
12650,Sweet,23.08,2026-01-19 08:09:15
12650,Gourmand,19.43,2026-01-19 08:09:15
12650,Spicy,13.69,2026-01-19 08:09:15
12650,Oriental,10.89,2026-01-19 08:09:15
12650,Fruity,9.45,2026-01-19 08:09:15
12652,Woody,21.1,2026-01-19 08:09:15
12652,Spicy,20.18,2026-01-19 08:09:15
12652,Fresh,14.68,2026-01-19 08:09:15
12652,Leathery,13.76,2026-01-19 08:09:15
12653,Leathery,30.77,2026-01-19 08:09:15
12653,Resinous,26.92,2026-01-19 08:09:15
12653,Spicy,19.23,2026-01-19 08:09:15
12655,Woody,25.38,2026-01-19 08:09:15
12655,Spicy,23.13,2026-01-19 08:09:15
12655,Earthy,13.61,2026-01-19 08:09:15
12655,Sweet,13.0,2026-01-19 08:09:15
12656,Spicy,16.15,2026-01-19 08:09:15
12656,Sweet,16.15,2026-01-19 08:09:15
12656,Woody,14.91,2026-01-19 08:09:15
12656,Fruity,9.94,2026-01-19 08:09:15
12656,Resinous,9.32,2026-01-19 08:09:15
12656,Oriental,8.07,2026-01-19 08:09:15
12660,Fruity,23.03,2026-01-19 08:09:15
12660,Sweet,21.55,2026-01-19 08:09:15
12660,Spicy,17.43,2026-01-19 08:09:15
12660,Woody,17.11,2026-01-19 08:09:15
12665,Sweet,18.18,2026-01-19 08:09:15
12665,Fruity,18.18,2026-01-19 08:09:15
12665,Spicy,9.09,2026-01-19 08:09:15
12665,Synthetic,9.09,2026-01-19 08:09:15
12665,Powdery,9.09,2026-01-19 08:09:15
12665,Resinous,9.09,2026-01-19 08:09:15
12665,Gourmand,9.09,2026-01-19 08:09:15
12665,Creamy,9.09,2026-01-19 08:09:15
12665,Floral,9.09,2026-01-19 08:09:15
12666,Aquatic,24.21,2026-01-19 08:09:15
12666,Spicy,17.89,2026-01-19 08:09:15
12666,Fresh,17.89,2026-01-19 08:09:15
12666,Green,9.47,2026-01-19 08:09:15
12666,Woody,8.42,2026-01-19 08:09:15
12666,Floral,8.42,2026-01-19 08:09:15
12667,Woody,21.21,2026-01-19 08:09:15
12667,Resinous,21.21,2026-01-19 08:09:15
12667,Spicy,12.12,2026-01-19 08:09:15
12667,Citrus,9.09,2026-01-19 08:09:15
12667,Fresh,9.09,2026-01-19 08:09:15
12667,Earthy,9.09,2026-01-19 08:09:15
12671,Powdery,25.0,2026-01-19 08:09:15
12671,Fresh,25.0,2026-01-19 08:09:15
12671,Spicy,12.5,2026-01-19 08:09:15
12671,Synthetic,12.5,2026-01-19 08:09:15
12671,Woody,12.5,2026-01-19 08:09:15
12671,Floral,12.5,2026-01-19 08:09:15
12674,Sweet,26.47,2026-01-19 08:09:15
12674,Fruity,26.47,2026-01-19 08:09:15
12674,Creamy,17.65,2026-01-19 08:09:15
12675,Sweet,35.71,2026-01-19 08:09:15
12675,Floral,35.71,2026-01-19 08:09:15
12676,Sweet,30.07,2026-01-19 08:09:15
12676,Gourmand,23.8,2026-01-19 08:09:15
12676,Creamy,15.5,2026-01-19 08:09:15
12679,Fruity,17.07,2026-01-19 08:09:15
12679,Floral,15.85,2026-01-19 08:09:15
12679,Green,14.63,2026-01-19 08:09:15
12679,Citrus,12.2,2026-01-19 08:09:15
12679,Spicy,10.98,2026-01-19 08:09:15
12679,Synthetic,8.54,2026-01-19 08:09:15
12679,Sweet,8.54,2026-01-19 08:09:15
12680,Smoky,22.61,2026-01-19 08:09:15
12680,Sweet,21.37,2026-01-19 08:09:15
12680,Fruity,17.43,2026-01-19 08:09:15
12680,Spicy,16.18,2026-01-19 08:09:15
12681,Synthetic,33.33,2026-01-19 08:09:15
12681,Sweet,33.33,2026-01-19 08:09:15
12681,Powdery,33.33,2026-01-19 08:09:15
12683,Spicy,21.43,2026-01-19 08:09:15
12683,Sweet,19.39,2026-01-19 08:09:15
12683,Woody,15.31,2026-01-19 08:09:15
12683,Smoky,13.27,2026-01-19 08:09:15
12687,Floral,21.11,2026-01-19 08:09:15
12687,Sweet,17.78,2026-01-19 08:09:15
12687,Fruity,13.33,2026-01-19 08:09:15
12687,Woody,10.0,2026-01-19 08:09:15
12687,Powdery,8.89,2026-01-19 08:09:15
12687,Smoky,6.67,2026-01-19 08:09:15
12687,Fresh,6.67,2026-01-19 08:09:15
12688,Spicy,17.06,2026-01-19 08:09:15
12688,Sweet,15.53,2026-01-19 08:09:15
12688,Floral,14.16,2026-01-19 08:09:15
12688,Green,11.77,2026-01-19 08:09:15
12688,Powdery,10.07,2026-01-19 08:09:15
12688,Fougère,7.68,2026-01-19 08:09:15
12691,Floral,25.45,2026-01-19 08:09:15
12691,Woody,21.82,2026-01-19 08:09:15
12691,Spicy,20.0,2026-01-19 08:09:15
12691,Sweet,12.73,2026-01-19 08:09:15
12692,Sweet,19.95,2026-01-19 08:09:15
12692,Citrus,19.13,2026-01-19 08:09:15
12692,Spicy,14.75,2026-01-19 08:09:15
12692,Fresh,12.84,2026-01-19 08:09:15
12692,Woody,11.48,2026-01-19 08:09:15
12696,Spicy,22.08,2026-01-19 08:09:15
12696,Sweet,22.08,2026-01-19 08:09:15
12696,Woody,20.45,2026-01-19 08:09:15
12696,Gourmand,13.31,2026-01-19 08:09:15
12698,Fruity,24.62,2026-01-19 08:09:15
12698,Floral,21.54,2026-01-19 08:09:15
12698,Sweet,16.92,2026-01-19 08:09:15
12698,Green,12.31,2026-01-19 08:09:15
12700,Fresh,27.42,2026-01-19 08:09:15
12700,Green,24.8,2026-01-19 08:09:15
12700,Floral,18.02,2026-01-19 08:09:15
12704,Fresh,22.97,2026-01-19 08:09:15
12704,Spicy,20.35,2026-01-19 08:09:15
12704,Synthetic,13.08,2026-01-19 08:09:15
12704,Woody,10.17,2026-01-19 08:09:15
12704,Floral,10.17,2026-01-19 08:09:15
12707,Sweet,20.9,2026-01-19 08:09:15
12707,Spicy,17.91,2026-01-19 08:09:15
12707,Fresh,17.91,2026-01-19 08:09:15
12707,Aquatic,16.42,2026-01-19 08:09:15
12711,Fruity,25.0,2026-01-19 08:09:15
12711,Spicy,18.33,2026-01-19 08:09:15
12711,Floral,13.33,2026-01-19 08:09:15
12711,Sweet,11.67,2026-01-19 08:09:15
12711,Woody,11.67,2026-01-19 08:09:15
12712,Spicy,23.44,2026-01-19 08:09:15
12712,Green,22.44,2026-01-19 08:09:15
12712,Woody,20.7,2026-01-19 08:09:15
12719,Woody,22.39,2026-01-19 08:09:15
12719,Spicy,17.91,2026-01-19 08:09:15
12719,Floral,16.42,2026-01-19 08:09:15
12719,Oriental,14.93,2026-01-19 08:09:15
12720,Leathery,21.08,2026-01-19 08:09:15
12720,Spicy,19.58,2026-01-19 08:09:15
12720,Smoky,16.57,2026-01-19 08:09:15
12720,Woody,13.86,2026-01-19 08:09:15
12722,Floral,22.73,2026-01-19 08:09:15
12722,Animal,21.21,2026-01-19 08:09:15
12722,Woody,15.15,2026-01-19 08:09:15
12722,Creamy,12.12,2026-01-19 08:09:15
12724,Sweet,24.43,2026-01-19 08:09:15
12724,Floral,24.43,2026-01-19 08:09:15
12724,Powdery,19.85,2026-01-19 08:09:15
12725,Green,20.0,2026-01-19 08:09:15
12725,Fruity,20.0,2026-01-19 08:09:15
12725,Fresh,20.0,2026-01-19 08:09:15
12725,Floral,20.0,2026-01-19 08:09:15
12725,Aquatic,20.0,2026-01-19 08:09:15
12728,Fresh,28.73,2026-01-19 08:09:15
12728,Green,24.0,2026-01-19 08:09:15
12728,Citrus,22.55,2026-01-19 08:09:15
12730,Woody,21.21,2026-01-19 08:09:15
12730,Floral,21.21,2026-01-19 08:09:15
12730,Spicy,18.18,2026-01-19 08:09:15
12730,Animal,15.15,2026-01-19 08:09:15
12732,Floral,28.71,2026-01-19 08:09:15
12732,Woody,24.52,2026-01-19 08:09:15
12732,Oriental,21.29,2026-01-19 08:09:15
12734,Floral,20.37,2026-01-19 08:09:15
12734,Citrus,18.52,2026-01-19 08:09:15
12734,Fruity,18.52,2026-01-19 08:09:15
12734,Green,14.81,2026-01-19 08:09:15
12736,Fresh,25.71,2026-01-19 08:09:15
12736,Citrus,23.81,2026-01-19 08:09:15
12736,Aquatic,19.52,2026-01-19 08:09:15
12738,Spicy,23.08,2026-01-19 08:09:15
12738,Sweet,17.95,2026-01-19 08:09:15
12738,Woody,12.82,2026-01-19 08:09:15
12738,Animal,12.82,2026-01-19 08:09:15
12738,Resinous,10.26,2026-01-19 08:09:15
12740,Oriental,17.06,2026-01-19 08:09:15
12740,Woody,16.36,2026-01-19 08:09:15
12740,Spicy,14.95,2026-01-19 08:09:15
12740,Sweet,12.15,2026-01-19 08:09:15
12740,Resinous,9.81,2026-01-19 08:09:15
12740,Smoky,9.58,2026-01-19 08:09:15
12744,Woody,18.66,2026-01-19 08:09:15
12744,Spicy,14.75,2026-01-19 08:09:15
12744,Oriental,13.36,2026-01-19 08:09:15
12744,Sweet,9.22,2026-01-19 08:09:15
12744,Floral,8.76,2026-01-19 08:09:15
12744,Animal,7.37,2026-01-19 08:09:15
12744,Resinous,6.91,2026-01-19 08:09:15
12747,Floral,26.19,2026-01-19 08:09:15
12747,Fresh,23.81,2026-01-19 08:09:15
12747,Synthetic,14.29,2026-01-19 08:09:15
12747,Sweet,14.29,2026-01-19 08:09:15
12748,Citrus,12.5,2026-01-19 08:09:15
12748,Synthetic,12.5,2026-01-19 08:09:15
12748,Sweet,12.5,2026-01-19 08:09:15
12748,Green,12.5,2026-01-19 08:09:15
12748,Fruity,12.5,2026-01-19 08:09:15
12748,Fresh,12.5,2026-01-19 08:09:15
12748,Creamy,12.5,2026-01-19 08:09:15
12748,Floral,12.5,2026-01-19 08:09:15
12749,Sweet,23.68,2026-01-19 08:09:15
12749,Spicy,22.56,2026-01-19 08:09:15
12749,Gourmand,16.54,2026-01-19 08:09:15
12749,Oriental,13.16,2026-01-19 08:09:15
12750,Sweet,22.86,2026-01-19 08:09:15
12750,Floral,22.86,2026-01-19 08:09:15
12750,Powdery,20.0,2026-01-19 08:09:15
12752,Fresh,23.12,2026-01-19 08:09:15
12752,Citrus,22.3,2026-01-19 08:09:15
12752,Fruity,14.72,2026-01-19 08:09:15
12752,Woody,12.18,2026-01-19 08:09:15
12753,Sweet,24.36,2026-01-19 08:09:15
12753,Floral,19.26,2026-01-19 08:09:15
12753,Spicy,13.88,2026-01-19 08:09:15
12753,Oriental,8.5,2026-01-19 08:09:15
12753,Gourmand,7.93,2026-01-19 08:09:15
12753,Fruity,7.93,2026-01-19 08:09:15
12754,Spicy,19.48,2026-01-19 08:09:15
12754,Green,16.88,2026-01-19 08:09:15
12754,Smoky,12.99,2026-01-19 08:09:15
12754,Woody,11.69,2026-01-19 08:09:15
12754,Fresh,11.69,2026-01-19 08:09:15
12756,Fresh,18.55,2026-01-19 08:09:15
12756,Floral,16.99,2026-01-19 08:09:15
12756,Spicy,14.66,2026-01-19 08:09:15
12756,Citrus,14.49,2026-01-19 08:09:15
12756,Woody,9.88,2026-01-19 08:09:15
12757,Woody,23.98,2026-01-19 08:09:15
12757,Sweet,21.27,2026-01-19 08:09:15
12757,Spicy,20.36,2026-01-19 08:09:15
12757,Gourmand,11.31,2026-01-19 08:09:15
12758,Woody,20.41,2026-01-19 08:09:15
12758,Spicy,18.37,2026-01-19 08:09:15
12758,Fresh,14.29,2026-01-19 08:09:15
12758,Sweet,10.2,2026-01-19 08:09:15
12758,Powdery,10.2,2026-01-19 08:09:15
12758,Floral,10.2,2026-01-19 08:09:15
12760,Fresh,28.98,2026-01-19 08:09:15
12760,Citrus,27.84,2026-01-19 08:09:15
12761,Oriental,21.64,2026-01-19 08:09:15
12761,Woody,18.97,2026-01-19 08:09:15
12761,Spicy,16.11,2026-01-19 08:09:15
12761,Floral,14.53,2026-01-19 08:09:15
12762,Woody,40.0,2026-01-19 08:09:15
12762,Citrus,20.0,2026-01-19 08:09:15
12762,Spicy,10.0,2026-01-19 08:09:15
12762,Synthetic,10.0,2026-01-19 08:09:15
12762,Fresh,10.0,2026-01-19 08:09:15
12762,Creamy,10.0,2026-01-19 08:09:15
12764,Fruity,28.35,2026-01-19 08:09:15
12764,Sweet,23.37,2026-01-19 08:09:15
12764,Floral,21.07,2026-01-19 08:09:15
12765,Citrus,23.08,2026-01-19 08:09:15
12765,Fresh,23.08,2026-01-19 08:09:15
12765,Spicy,15.41,2026-01-19 08:09:15
12765,Green,12.99,2026-01-19 08:09:15
12765,Woody,12.68,2026-01-19 08:09:15
12766,Earthy,16.92,2026-01-19 08:09:15
12766,Animal,15.38,2026-01-19 08:09:15
12766,Spicy,13.85,2026-01-19 08:09:15
12766,Woody,12.31,2026-01-19 08:09:15
12766,Resinous,12.31,2026-01-19 08:09:15
12767,Floral,50.0,2026-01-19 08:09:15
12767,Aquatic,50.0,2026-01-19 08:09:15
12768,Sweet,25.1,2026-01-19 08:09:15
12768,Floral,21.86,2026-01-19 08:09:15
12768,Gourmand,17.0,2026-01-19 08:09:15
12768,Creamy,15.38,2026-01-19 08:09:15
12769,Citrus,22.96,2026-01-19 08:09:15
12769,Fresh,22.8,2026-01-19 08:09:15
12769,Woody,15.52,2026-01-19 08:09:15
12769,Fruity,13.44,2026-01-19 08:09:15
12770,Fruity,20.0,2026-01-19 08:09:15
12770,Floral,17.14,2026-01-19 08:09:15
12770,Spicy,14.29,2026-01-19 08:09:15
12770,Sweet,14.29,2026-01-19 08:09:15
12770,Woody,11.43,2026-01-19 08:09:15
12772,Spicy,20.38,2026-01-19 08:09:15
12772,Woody,18.47,2026-01-19 08:09:15
12772,Oriental,15.92,2026-01-19 08:09:15
12772,Smoky,13.69,2026-01-19 08:09:15
12772,Resinous,10.51,2026-01-19 08:09:15
12773,Citrus,22.79,2026-01-19 08:09:15
12773,Fresh,22.72,2026-01-19 08:09:15
12773,Aquatic,15.42,2026-01-19 08:09:15
12773,Floral,11.02,2026-01-19 08:09:15
12774,Creamy,22.22,2026-01-19 08:09:15
12774,Green,14.81,2026-01-19 08:09:15
12774,Fresh,14.81,2026-01-19 08:09:15
12774,Spicy,11.11,2026-01-19 08:09:15
12774,Sweet,11.11,2026-01-19 08:09:15
12774,Fruity,11.11,2026-01-19 08:09:15
12776,Fruity,26.77,2026-01-19 08:09:15
12776,Floral,18.59,2026-01-19 08:09:15
12776,Sweet,16.36,2026-01-19 08:09:15
12776,Spicy,14.13,2026-01-19 08:09:15
12777,Citrus,24.85,2026-01-19 08:09:15
12777,Fresh,23.46,2026-01-19 08:09:15
12777,Spicy,16.19,2026-01-19 08:09:15
12777,Woody,14.29,2026-01-19 08:09:15
12778,Floral,25.64,2026-01-19 08:09:15
12778,Fresh,15.38,2026-01-19 08:09:15
12778,Sweet,12.82,2026-01-19 08:09:15
12778,Fruity,12.82,2026-01-19 08:09:15
12778,Aquatic,12.82,2026-01-19 08:09:15
12779,Spicy,33.33,2026-01-19 08:09:15
12779,Sweet,33.33,2026-01-19 08:09:15
12779,Gourmand,33.33,2026-01-19 08:09:15
12780,Sweet,25.93,2026-01-19 08:09:15
12780,Floral,25.93,2026-01-19 08:09:15
12781,Spicy,21.86,2026-01-19 08:09:15
12781,Sweet,19.83,2026-01-19 08:09:15
12781,Woody,15.65,2026-01-19 08:09:15
12781,Oriental,12.22,2026-01-19 08:09:15
12781,Floral,10.29,2026-01-19 08:09:15
12782,Spicy,22.22,2026-01-19 08:09:15
12782,Woody,18.52,2026-01-19 08:09:15
12782,Oriental,14.81,2026-01-19 08:09:15
12782,Synthetic,11.11,2026-01-19 08:09:15
12782,Resinous,11.11,2026-01-19 08:09:15
12784,Woody,20.89,2026-01-19 08:09:15
12784,Spicy,19.11,2026-01-19 08:09:15
12784,Sweet,15.56,2026-01-19 08:09:15
12784,Fruity,14.67,2026-01-19 08:09:15
12785,Chypre,20.78,2026-01-19 08:09:15
12785,Spicy,18.41,2026-01-19 08:09:15
12785,Floral,13.49,2026-01-19 08:09:15
12785,Woody,12.55,2026-01-19 08:09:15
12785,Resinous,7.63,2026-01-19 08:09:15
12785,Animal,5.85,2026-01-19 08:09:15
12785,Leathery,5.68,2026-01-19 08:09:15
12786,Resinous,27.91,2026-01-19 08:09:15
12786,Spicy,25.58,2026-01-19 08:09:15
12786,Sweet,20.93,2026-01-19 08:09:15
12789,Spicy,22.12,2026-01-19 08:09:15
12789,Sweet,20.67,2026-01-19 08:09:15
12789,Woody,14.9,2026-01-19 08:09:15
12789,Floral,11.22,2026-01-19 08:09:15
12789,Gourmand,9.62,2026-01-19 08:09:15
12790,Floral,20.45,2026-01-19 08:09:15
12790,Woody,18.18,2026-01-19 08:09:15
12790,Spicy,13.64,2026-01-19 08:09:15
12790,Sweet,13.64,2026-01-19 08:09:15
12790,Aquatic,13.64,2026-01-19 08:09:15
12792,Synthetic,19.89,2026-01-19 08:09:15
12792,Sweet,18.18,2026-01-19 08:09:15
12792,Woody,15.91,2026-01-19 08:09:15
12792,Citrus,15.34,2026-01-19 08:09:15
12793,Sweet,24.5,2026-01-19 08:09:15
12793,Spicy,22.89,2026-01-19 08:09:15
12793,Oriental,13.93,2026-01-19 08:09:15
12793,Woody,13.81,2026-01-19 08:09:15
12794,Synthetic,26.09,2026-01-19 08:09:15
12794,Sweet,26.09,2026-01-19 08:09:15
12794,Fruity,21.74,2026-01-19 08:09:15
12796,Sweet,21.61,2026-01-19 08:09:15
12796,Gourmand,17.97,2026-01-19 08:09:15
12796,Woody,14.71,2026-01-19 08:09:15
12796,Oriental,14.32,2026-01-19 08:09:15
12798,Spicy,18.75,2026-01-19 08:09:15
12798,Woody,18.75,2026-01-19 08:09:15
12798,Citrus,12.5,2026-01-19 08:09:15
12798,Sweet,12.5,2026-01-19 08:09:15
12798,Smoky,12.5,2026-01-19 08:09:15
12798,Leathery,12.5,2026-01-19 08:09:15
12799,Fresh,19.91,2026-01-19 08:09:15
12799,Woody,18.59,2026-01-19 08:09:15
12799,Green,16.54,2026-01-19 08:09:15
12799,Spicy,15.96,2026-01-19 08:09:15
12800,Green,20.22,2026-01-19 08:09:15
12800,Spicy,18.26,2026-01-19 08:09:15
12800,Fresh,15.17,2026-01-19 08:09:15
12800,Woody,15.03,2026-01-19 08:09:15
12802,Spicy,28.24,2026-01-19 08:09:15
12802,Sweet,26.62,2026-01-19 08:09:15
12802,Woody,15.63,2026-01-19 08:09:15
12803,Spicy,26.99,2026-01-19 08:09:15
12803,Woody,21.59,2026-01-19 08:09:15
12803,Smoky,18.51,2026-01-19 08:09:15
12803,Resinous,12.34,2026-01-19 08:09:15
12803,Fresh,12.08,2026-01-19 08:09:15
12804,Citrus,22.97,2026-01-19 08:09:15
12804,Fresh,18.22,2026-01-19 08:09:15
12804,Spicy,17.23,2026-01-19 08:09:15
12804,Woody,14.65,2026-01-19 08:09:15
12806,Fresh,22.64,2026-01-19 08:09:15
12806,Sweet,18.45,2026-01-19 08:09:15
12806,Synthetic,17.05,2026-01-19 08:09:15
12806,Fruity,13.26,2026-01-19 08:09:15
12807,Spicy,19.17,2026-01-19 08:09:15
12807,Citrus,18.97,2026-01-19 08:09:15
12807,Fresh,16.21,2026-01-19 08:09:15
12807,Green,15.42,2026-01-19 08:09:15
12808,Fresh,20.04,2026-01-19 08:09:15
12808,Citrus,18.66,2026-01-19 08:09:15
12808,Spicy,12.38,2026-01-19 08:09:15
12808,Woody,11.39,2026-01-19 08:09:15
12808,Aquatic,10.61,2026-01-19 08:09:15
12810,Spicy,25.41,2026-01-19 08:09:15
12810,Sweet,23.78,2026-01-19 08:09:15
12810,Fresh,20.52,2026-01-19 08:09:15
12811,Spicy,18.3,2026-01-19 08:09:15
12811,Green,16.6,2026-01-19 08:09:15
12811,Woody,13.83,2026-01-19 08:09:15
12811,Fresh,11.91,2026-01-19 08:09:15
12811,Fougère,10.0,2026-01-19 08:09:15
12811,Earthy,7.23,2026-01-19 08:09:15
12812,Woody,23.19,2026-01-19 08:09:15
12812,Oriental,21.48,2026-01-19 08:09:15
12812,Floral,18.82,2026-01-19 08:09:15
12814,Sweet,26.35,2026-01-19 08:09:15
12814,Gourmand,19.23,2026-01-19 08:09:15
12814,Floral,13.15,2026-01-19 08:09:15
12814,Oriental,11.14,2026-01-19 08:09:15
12814,Spicy,9.83,2026-01-19 08:09:15
12815,Fresh,23.32,2026-01-19 08:09:15
12815,Spicy,20.7,2026-01-19 08:09:15
12815,Woody,16.91,2026-01-19 08:09:15
12815,Green,14.29,2026-01-19 08:09:15
12816,Oriental,22.17,2026-01-19 08:09:15
12816,Floral,19.91,2026-01-19 08:09:15
12816,Spicy,18.1,2026-01-19 08:09:15
12816,Woody,16.52,2026-01-19 08:09:15
12818,Spicy,20.42,2026-01-19 08:09:15
12818,Fresh,17.65,2026-01-19 08:09:15
12818,Citrus,15.57,2026-01-19 08:09:15
12818,Woody,12.46,2026-01-19 08:09:15
12818,Fruity,11.42,2026-01-19 08:09:15
12819,Floral,25.5,2026-01-19 08:09:15
12819,Sweet,22.51,2026-01-19 08:09:15
12819,Fresh,11.26,2026-01-19 08:09:15
12819,Creamy,10.47,2026-01-19 08:09:15
12819,Citrus,7.54,2026-01-19 08:09:15
12820,Woody,19.43,2026-01-19 08:09:15
12820,Spicy,18.72,2026-01-19 08:09:15
12820,Smoky,17.06,2026-01-19 08:09:15
12820,Resinous,16.11,2026-01-19 08:09:15
12822,Woody,24.32,2026-01-19 08:09:15
12822,Fresh,21.24,2026-01-19 08:09:15
12822,Spicy,18.53,2026-01-19 08:09:15
12822,Citrus,11.2,2026-01-19 08:09:15
12823,Sweet,19.18,2026-01-19 08:09:15
12823,Smoky,18.01,2026-01-19 08:09:15
12823,Spicy,16.28,2026-01-19 08:09:15
12823,Resinous,12.46,2026-01-19 08:09:15
12823,Leathery,11.19,2026-01-19 08:09:15
12824,Floral,22.24,2026-01-19 08:09:15
12824,Spicy,15.66,2026-01-19 08:09:15
12824,Sweet,12.28,2026-01-19 08:09:15
12824,Creamy,11.21,2026-01-19 08:09:15
12824,Powdery,10.32,2026-01-19 08:09:15
12824,Oriental,6.94,2026-01-19 08:09:15
12826,Woody,20.71,2026-01-19 08:09:15
12826,Spicy,18.93,2026-01-19 08:09:15
12826,Powdery,14.64,2026-01-19 08:09:15
12826,Creamy,11.79,2026-01-19 08:09:15
12826,Sweet,11.43,2026-01-19 08:09:15
12827,Fresh,23.12,2026-01-19 08:09:15
12827,Synthetic,18.84,2026-01-19 08:09:15
12827,Floral,16.38,2026-01-19 08:09:15
12827,Sweet,13.62,2026-01-19 08:09:15
12828,Leathery,18.91,2026-01-19 08:09:15
12828,Spicy,17.74,2026-01-19 08:09:15
12828,Smoky,14.42,2026-01-19 08:09:15
12828,Woody,12.67,2026-01-19 08:09:15
12828,Resinous,11.31,2026-01-19 08:09:15
12830,Spicy,20.32,2026-01-19 08:09:15
12830,Woody,19.92,2026-01-19 08:09:15
12830,Smoky,17.13,2026-01-19 08:09:15
12830,Leathery,11.16,2026-01-19 08:09:15
12830,Resinous,10.76,2026-01-19 08:09:15
12831,Fresh,22.58,2026-01-19 08:09:15
12831,Spicy,19.43,2026-01-19 08:09:15
12831,Sweet,15.75,2026-01-19 08:09:15
12831,Woody,14.25,2026-01-19 08:09:15
12832,Spicy,24.61,2026-01-19 08:09:15
12832,Woody,23.32,2026-01-19 08:09:15
12832,Resinous,11.66,2026-01-19 08:09:15
12832,Smoky,10.36,2026-01-19 08:09:15
12832,Fresh,9.59,2026-01-19 08:09:15
12834,Fresh,19.75,2026-01-19 08:09:15
12834,Green,18.91,2026-01-19 08:09:15
12834,Woody,14.29,2026-01-19 08:09:15
12834,Aquatic,11.34,2026-01-19 08:09:15
12834,Floral,10.5,2026-01-19 08:09:15
12835,Spicy,27.3,2026-01-19 08:09:15
12835,Woody,22.41,2026-01-19 08:09:15
12835,Sweet,19.25,2026-01-19 08:09:15
12836,Woody,18.72,2026-01-19 08:09:15
12836,Oriental,17.45,2026-01-19 08:09:15
12836,Spicy,14.47,2026-01-19 08:09:15
12836,Animal,12.34,2026-01-19 08:09:15
12836,Sweet,9.57,2026-01-19 08:09:15
12837,Sweet,25.0,2026-01-19 08:09:15
12837,Gourmand,25.0,2026-01-19 08:09:15
12837,Fruity,25.0,2026-01-19 08:09:15
12837,Creamy,25.0,2026-01-19 08:09:15
12838,Sweet,26.9,2026-01-19 08:09:15
12838,Floral,24.37,2026-01-19 08:09:15
12838,Creamy,13.71,2026-01-19 08:09:15
12838,Fresh,11.68,2026-01-19 08:09:15
12839,Animal,29.59,2026-01-19 08:09:15
12839,Spicy,24.51,2026-01-19 08:09:15
12839,Woody,13.44,2026-01-19 08:09:15
12839,Fresh,12.43,2026-01-19 08:09:15
12839,Leathery,12.34,2026-01-19 08:09:15
12842,Green,21.64,2026-01-19 08:09:15
12842,Spicy,19.4,2026-01-19 08:09:15
12842,Woody,17.91,2026-01-19 08:09:15
12842,Fresh,17.91,2026-01-19 08:09:15
12843,Sweet,26.32,2026-01-19 08:09:15
12843,Floral,22.48,2026-01-19 08:09:15
12843,Spicy,14.9,2026-01-19 08:09:15
12843,Creamy,13.02,2026-01-19 08:09:15
12844,Green,21.47,2026-01-19 08:09:15
12844,Spicy,18.21,2026-01-19 08:09:15
12844,Citrus,17.66,2026-01-19 08:09:15
12844,Woody,15.76,2026-01-19 08:09:15
12844,Fresh,15.76,2026-01-19 08:09:15
12846,Fruity,27.45,2026-01-19 08:09:15
12846,Floral,25.0,2026-01-19 08:09:15
12846,Fresh,17.65,2026-01-19 08:09:15
12847,Sweet,22.03,2026-01-19 08:09:15
12847,Floral,20.07,2026-01-19 08:09:15
12847,Powdery,11.55,2026-01-19 08:09:15
12847,Oriental,8.38,2026-01-19 08:09:15
12847,Citrus,7.3,2026-01-19 08:09:15
12847,Creamy,7.3,2026-01-19 08:09:15
12847,Gourmand,7.16,2026-01-19 08:09:15
12849,Floral,21.75,2026-01-19 08:09:15
12849,Oriental,18.5,2026-01-19 08:09:15
12849,Woody,17.0,2026-01-19 08:09:15
12849,Spicy,15.75,2026-01-19 08:09:15
12850,Floral,19.42,2026-01-19 08:09:15
12850,Woody,17.99,2026-01-19 08:09:15
12850,Sweet,15.83,2026-01-19 08:09:15
12850,Fruity,11.51,2026-01-19 08:09:15
12850,Creamy,10.07,2026-01-19 08:09:15
12851,Woody,22.13,2026-01-19 08:09:15
12851,Spicy,19.51,2026-01-19 08:09:15
12851,Oriental,17.7,2026-01-19 08:09:15
12851,Resinous,13.36,2026-01-19 08:09:15
12852,Sweet,33.33,2026-01-19 08:09:15
12852,Fruity,33.33,2026-01-19 08:09:15
12852,Creamy,33.33,2026-01-19 08:09:15
12853,Oriental,17.78,2026-01-19 08:09:15
12853,Spicy,15.78,2026-01-19 08:09:15
12853,Sweet,15.11,2026-01-19 08:09:15
12853,Woody,12.67,2026-01-19 08:09:15
12853,Fruity,12.22,2026-01-19 08:09:15
12854,Floral,23.4,2026-01-19 08:09:15
12854,Fruity,21.81,2026-01-19 08:09:15
12854,Sweet,15.96,2026-01-19 08:09:15
12854,Creamy,11.17,2026-01-19 08:09:15
12854,Synthetic,10.64,2026-01-19 08:09:15
12855,Spicy,26.75,2026-01-19 08:09:15
12855,Sweet,24.63,2026-01-19 08:09:15
12855,Fruity,15.01,2026-01-19 08:09:15
12855,Oriental,13.54,2026-01-19 08:09:15
12857,Chypre,23.26,2026-01-19 08:09:15
12857,Floral,21.34,2026-01-19 08:09:15
12857,Spicy,11.75,2026-01-19 08:09:15
12857,Woody,11.51,2026-01-19 08:09:15
12857,Powdery,10.55,2026-01-19 08:09:15
12858,Floral,20.42,2026-01-19 08:09:15
12858,Sweet,15.18,2026-01-19 08:09:15
12858,Fruity,14.66,2026-01-19 08:09:15
12858,Spicy,12.57,2026-01-19 08:09:15
12858,Oriental,9.42,2026-01-19 08:09:15
12859,Spicy,23.77,2026-01-19 08:09:15
12859,Oriental,23.67,2026-01-19 08:09:15
12859,Sweet,15.47,2026-01-19 08:09:15
12859,Woody,14.65,2026-01-19 08:09:15
12861,Floral,24.75,2026-01-19 08:09:15
12861,Powdery,20.5,2026-01-19 08:09:15
12861,Spicy,14.0,2026-01-19 08:09:15
12861,Sweet,13.5,2026-01-19 08:09:15
12862,Fresh,19.71,2026-01-19 08:09:15
12862,Fruity,18.25,2026-01-19 08:09:15
12862,Floral,16.79,2026-01-19 08:09:15
12862,Green,13.87,2026-01-19 08:09:15
12863,Sweet,25.0,2026-01-19 08:09:15
12863,Gourmand,25.0,2026-01-19 08:09:15
12863,Fruity,25.0,2026-01-19 08:09:15
12863,Floral,25.0,2026-01-19 08:09:15
12864,Synthetic,19.87,2026-01-19 08:09:15
12864,Fresh,18.9,2026-01-19 08:09:15
12864,Sweet,17.29,2026-01-19 08:09:15
12864,Fruity,12.92,2026-01-19 08:09:15
12864,Spicy,10.34,2026-01-19 08:09:15
12868,Sweet,26.44,2026-01-19 08:09:15
12868,Floral,21.57,2026-01-19 08:09:15
12868,Spicy,18.74,2026-01-19 08:09:15
12868,Oriental,11.55,2026-01-19 08:09:15
12869,Floral,18.2,2026-01-19 08:09:15
12869,Spicy,15.21,2026-01-19 08:09:15
12869,Chypre,14.29,2026-01-19 08:09:15
12869,Powdery,13.59,2026-01-19 08:09:15
12869,Woody,10.37,2026-01-19 08:09:15
12869,Sweet,7.6,2026-01-19 08:09:15
12870,Fresh,21.57,2026-01-19 08:09:15
12870,Spicy,17.65,2026-01-19 08:09:15
12870,Woody,15.69,2026-01-19 08:09:15
12870,Citrus,13.73,2026-01-19 08:09:15
12870,Green,7.84,2026-01-19 08:09:15
12870,Fruity,7.84,2026-01-19 08:09:15
12872,Oriental,23.48,2026-01-19 08:09:15
12872,Spicy,21.01,2026-01-19 08:09:15
12872,Sweet,18.16,2026-01-19 08:09:15
12872,Woody,10.38,2026-01-19 08:09:15
12873,Floral,24.38,2026-01-19 08:09:15
12873,Spicy,17.59,2026-01-19 08:09:15
12873,Powdery,16.05,2026-01-19 08:09:15
12873,Creamy,11.11,2026-01-19 08:09:15
12873,Sweet,10.49,2026-01-19 08:09:15
12874,Floral,22.32,2026-01-19 08:09:15
12874,Fresh,20.54,2026-01-19 08:09:15
12874,Fruity,16.96,2026-01-19 08:09:15
12874,Synthetic,13.39,2026-01-19 08:09:15
12874,Sweet,13.39,2026-01-19 08:09:15
12876,Sweet,27.4,2026-01-19 08:09:15
12876,Gourmand,23.56,2026-01-19 08:09:15
12876,Creamy,15.89,2026-01-19 08:09:15
12876,Spicy,10.27,2026-01-19 08:09:15
12879,Floral,30.97,2026-01-19 08:09:15
12879,Creamy,26.45,2026-01-19 08:09:15
12884,Sweet,20.41,2026-01-19 08:09:15
12884,Floral,19.73,2026-01-19 08:09:15
12884,Fresh,17.69,2026-01-19 08:09:15
12884,Woody,13.83,2026-01-19 08:09:15
12885,Floral,25.0,2026-01-19 08:09:15
12885,Fruity,17.47,2026-01-19 08:09:15
12885,Creamy,17.12,2026-01-19 08:09:15
12885,Sweet,14.04,2026-01-19 08:09:15
12886,Floral,28.92,2026-01-19 08:09:15
12886,Green,19.12,2026-01-19 08:09:15
12886,Sweet,17.65,2026-01-19 08:09:15
12888,Sweet,21.7,2026-01-19 08:09:15
12888,Oriental,17.69,2026-01-19 08:09:15
12888,Gourmand,13.44,2026-01-19 08:09:15
12888,Floral,13.09,2026-01-19 08:09:15
12888,Powdery,10.5,2026-01-19 08:09:15
12890,Floral,29.96,2026-01-19 08:09:15
12890,Green,19.82,2026-01-19 08:09:15
12890,Sweet,14.1,2026-01-19 08:09:15
12890,Fresh,12.33,2026-01-19 08:09:15
12892,Sweet,27.23,2026-01-19 08:09:15
12892,Fruity,22.16,2026-01-19 08:09:15
12892,Gourmand,20.42,2026-01-19 08:09:15
12893,Spicy,21.67,2026-01-19 08:09:15
12893,Fougère,21.67,2026-01-19 08:09:15
12893,Woody,15.76,2026-01-19 08:09:15
12893,Fresh,15.76,2026-01-19 08:09:15
12894,Floral,20.36,2026-01-19 08:09:15
12894,Woody,19.16,2026-01-19 08:09:15
12894,Spicy,14.97,2026-01-19 08:09:15
12894,Citrus,11.98,2026-01-19 08:09:15
12894,Oriental,11.98,2026-01-19 08:09:15
12896,Sweet,25.0,2026-01-19 08:09:15
12896,Floral,20.93,2026-01-19 08:09:15
12896,Fruity,12.95,2026-01-19 08:09:15
12896,Powdery,11.75,2026-01-19 08:09:15
12897,Spicy,17.27,2026-01-19 08:09:15
12897,Woody,16.91,2026-01-19 08:09:15
12897,Green,16.91,2026-01-19 08:09:15
12897,Fougère,13.67,2026-01-19 08:09:15
12897,Citrus,11.87,2026-01-19 08:09:15
12898,Spicy,33.33,2026-01-19 08:09:15
12898,Fruity,33.33,2026-01-19 08:09:15
12898,Fresh,33.33,2026-01-19 08:09:15
12899,Fruity,22.12,2026-01-19 08:09:15
12899,Floral,21.66,2026-01-19 08:09:15
12899,Sweet,17.51,2026-01-19 08:09:15
12899,Spicy,16.59,2026-01-19 08:09:15
12900,Oriental,22.03,2026-01-19 08:09:15
12900,Spicy,21.12,2026-01-19 08:09:15
12900,Woody,12.79,2026-01-19 08:09:15
12900,Floral,9.36,2026-01-19 08:09:15
12900,Smoky,8.68,2026-01-19 08:09:15
12901,Spicy,18.71,2026-01-19 08:09:15
12901,Citrus,18.13,2026-01-19 08:09:15
12901,Green,17.54,2026-01-19 08:09:15
12901,Fresh,17.54,2026-01-19 08:09:15
12902,Spicy,16.67,2026-01-19 08:09:15
12902,Sweet,16.67,2026-01-19 08:09:15
12902,Fruity,16.67,2026-01-19 08:09:15
12902,Creamy,16.67,2026-01-19 08:09:15
12902,Floral,16.67,2026-01-19 08:09:15
12902,Aquatic,16.67,2026-01-19 08:09:15
12903,Sweet,23.03,2026-01-19 08:09:15
12903,Creamy,18.79,2026-01-19 08:09:15
12903,Woody,10.91,2026-01-19 08:09:15
12903,Fruity,9.7,2026-01-19 08:09:15
12903,Spicy,7.88,2026-01-19 08:09:15
12903,Synthetic,7.88,2026-01-19 08:09:15
12904,Spicy,26.4,2026-01-19 08:09:15
12904,Sweet,25.07,2026-01-19 08:09:15
12904,Woody,17.33,2026-01-19 08:09:15
12904,Oriental,10.67,2026-01-19 08:09:15
12905,Woody,21.28,2026-01-19 08:09:15
12905,Spicy,20.36,2026-01-19 08:09:15
12905,Oriental,15.2,2026-01-19 08:09:15
12905,Sweet,14.59,2026-01-19 08:09:15
12906,Fruity,33.33,2026-01-19 08:09:15
12906,Fresh,33.33,2026-01-19 08:09:15
12906,Aquatic,33.33,2026-01-19 08:09:15
12907,Floral,24.49,2026-01-19 08:09:15
12907,Fresh,21.43,2026-01-19 08:09:15
12907,Aquatic,14.29,2026-01-19 08:09:15
12907,Sweet,11.73,2026-01-19 08:09:15
12908,Sweet,28.94,2026-01-19 08:09:15
12908,Fruity,28.39,2026-01-19 08:09:15
12908,Floral,20.96,2026-01-19 08:09:15
12909,Resinous,20.44,2026-01-19 08:09:15
12909,Spicy,19.06,2026-01-19 08:09:15
12909,Woody,16.3,2026-01-19 08:09:15
12909,Oriental,12.15,2026-01-19 08:09:15
12909,Smoky,9.94,2026-01-19 08:09:15
12911,Woody,21.11,2026-01-19 08:09:15
12911,Resinous,14.57,2026-01-19 08:09:15
12911,Spicy,12.56,2026-01-19 08:09:15
12911,Oriental,12.56,2026-01-19 08:09:15
12911,Smoky,10.05,2026-01-19 08:09:15
12911,Earthy,10.05,2026-01-19 08:09:15
12912,Fresh,21.6,2026-01-19 08:09:15
12912,Synthetic,19.65,2026-01-19 08:09:15
12912,Sweet,14.9,2026-01-19 08:09:15
12912,Spicy,11.23,2026-01-19 08:09:15
12912,Aquatic,10.15,2026-01-19 08:09:15
12913,Oriental,19.79,2026-01-19 08:09:15
12913,Woody,16.25,2026-01-19 08:09:15
12913,Floral,16.25,2026-01-19 08:09:15
12913,Sweet,15.19,2026-01-19 08:09:15
12915,Floral,26.09,2026-01-19 08:09:15
12915,Sweet,23.91,2026-01-19 08:09:15
12915,Creamy,18.12,2026-01-19 08:09:15
12918,Citrus,25.0,2026-01-19 08:09:15
12918,Sweet,25.0,2026-01-19 08:09:15
12918,Fresh,25.0,2026-01-19 08:09:15
12918,Creamy,25.0,2026-01-19 08:09:15
12920,Sweet,22.22,2026-01-19 08:09:15
12920,Spicy,16.76,2026-01-19 08:09:15
12920,Woody,13.56,2026-01-19 08:09:15
12920,Fruity,9.98,2026-01-19 08:09:15
12920,Oriental,9.42,2026-01-19 08:09:15
12921,Fruity,25.09,2026-01-19 08:09:15
12921,Floral,24.35,2026-01-19 08:09:15
12921,Sweet,21.4,2026-01-19 08:09:15
12923,Woody,20.39,2026-01-19 08:09:15
12923,Spicy,18.42,2026-01-19 08:09:15
12923,Smoky,17.76,2026-01-19 08:09:15
12923,Green,17.11,2026-01-19 08:09:15
12924,Floral,26.65,2026-01-19 08:09:15
12924,Powdery,17.81,2026-01-19 08:09:15
12924,Fresh,14.07,2026-01-19 08:09:15
12924,Sweet,11.53,2026-01-19 08:09:15
12925,Floral,19.52,2026-01-19 08:09:15
12925,Powdery,17.38,2026-01-19 08:09:15
12925,Sweet,13.37,2026-01-19 08:09:15
12925,Spicy,12.3,2026-01-19 08:09:15
12925,Oriental,10.16,2026-01-19 08:09:15
12927,Sweet,20.69,2026-01-19 08:09:15
12927,Woody,17.82,2026-01-19 08:09:15
12927,Spicy,16.67,2026-01-19 08:09:15
12927,Resinous,13.22,2026-01-19 08:09:15
12927,Fruity,10.34,2026-01-19 08:09:15
12927,Gourmand,9.77,2026-01-19 08:09:15
12928,Woody,22.12,2026-01-19 08:09:15
12928,Spicy,18.1,2026-01-19 08:09:15
12928,Oriental,17.0,2026-01-19 08:09:15
12928,Resinous,10.79,2026-01-19 08:09:15
12928,Sweet,10.24,2026-01-19 08:09:15
12929,Floral,28.51,2026-01-19 08:09:15
12929,Powdery,26.03,2026-01-19 08:09:15
12930,Sweet,33.33,2026-01-19 08:09:15
12930,Gourmand,33.33,2026-01-19 08:09:15
12930,Creamy,33.33,2026-01-19 08:09:15
12931,Citrus,18.98,2026-01-19 08:09:15
12931,Fresh,16.67,2026-01-19 08:09:15
12931,Floral,14.35,2026-01-19 08:09:15
12931,Green,13.43,2026-01-19 08:09:15
12931,Fruity,9.72,2026-01-19 08:09:15
12932,Spicy,20.8,2026-01-19 08:09:15
12932,Woody,19.96,2026-01-19 08:09:15
12932,Fougère,17.23,2026-01-19 08:09:15
12932,Fresh,16.6,2026-01-19 08:09:15
12933,Leathery,20.35,2026-01-19 08:09:15
12933,Woody,15.79,2026-01-19 08:09:15
12933,Spicy,15.09,2026-01-19 08:09:15
12933,Chypre,13.68,2026-01-19 08:09:15
12933,Floral,12.28,2026-01-19 08:09:15
12934,Fresh,50.0,2026-01-19 08:09:15
12934,Floral,50.0,2026-01-19 08:09:15
12935,Floral,29.63,2026-01-19 08:09:15
12935,Green,24.07,2026-01-19 08:09:15
12935,Fresh,20.37,2026-01-19 08:09:15
12936,Sweet,19.13,2026-01-19 08:09:15
12936,Fresh,19.13,2026-01-19 08:09:15
12936,Spicy,18.79,2026-01-19 08:09:15
12936,Citrus,15.44,2026-01-19 08:09:15
12937,Spicy,21.32,2026-01-19 08:09:15
12937,Oriental,17.65,2026-01-19 08:09:15
12937,Sweet,15.81,2026-01-19 08:09:15
12937,Woody,12.13,2026-01-19 08:09:15
12937,Powdery,9.56,2026-01-19 08:09:15
12939,Sweet,20.75,2026-01-19 08:09:15
12939,Spicy,19.81,2026-01-19 08:09:15
12939,Woody,16.98,2026-01-19 08:09:15
12939,Powdery,10.38,2026-01-19 08:09:15
12939,Smoky,9.43,2026-01-19 08:09:15
12940,Sweet,22.5,2026-01-19 08:09:15
12940,Powdery,18.75,2026-01-19 08:09:15
12940,Spicy,16.88,2026-01-19 08:09:15
12940,Woody,13.12,2026-01-19 08:09:15
12941,Fougère,20.21,2026-01-19 08:09:15
12941,Spicy,19.86,2026-01-19 08:09:15
12941,Green,15.6,2026-01-19 08:09:15
12941,Citrus,14.18,2026-01-19 08:09:15
12941,Fresh,13.83,2026-01-19 08:09:15
12942,Sweet,33.33,2026-01-19 08:09:15
12942,Gourmand,33.33,2026-01-19 08:09:15
12942,Fruity,33.33,2026-01-19 08:09:15
12943,Gourmand,24.11,2026-01-19 08:09:15
12943,Sweet,21.99,2026-01-19 08:09:15
12943,Spicy,14.89,2026-01-19 08:09:15
12943,Floral,14.89,2026-01-19 08:09:15
12944,Floral,23.29,2026-01-19 08:09:15
12944,Fruity,19.02,2026-01-19 08:09:15
12944,Spicy,12.61,2026-01-19 08:09:15
12944,Woody,11.54,2026-01-19 08:09:15
12944,Sweet,10.47,2026-01-19 08:09:15
12944,Fresh,10.04,2026-01-19 08:09:15
12945,Floral,27.36,2026-01-19 08:09:15
12945,Creamy,22.64,2026-01-19 08:09:15
12945,Sweet,18.87,2026-01-19 08:09:15
12947,Citrus,29.0,2026-01-19 08:09:15
12947,Spicy,20.0,2026-01-19 08:09:15
12947,Fresh,20.0,2026-01-19 08:09:15
12948,Fresh,23.7,2026-01-19 08:09:15
12948,Synthetic,20.45,2026-01-19 08:09:15
12948,Spicy,13.64,2026-01-19 08:09:15
12948,Sweet,11.36,2026-01-19 08:09:15
12948,Woody,9.74,2026-01-19 08:09:15
12949,Synthetic,21.54,2026-01-19 08:09:15
12949,Fresh,20.0,2026-01-19 08:09:15
12949,Spicy,17.69,2026-01-19 08:09:15
12949,Citrus,13.85,2026-01-19 08:09:15
12951,Fruity,30.77,2026-01-19 08:09:15
12951,Fresh,21.98,2026-01-19 08:09:15
12951,Green,14.29,2026-01-19 08:09:15
12951,Floral,12.09,2026-01-19 08:09:15
12952,Floral,23.94,2026-01-19 08:09:15
12952,Fresh,19.15,2026-01-19 08:09:15
12952,Sweet,18.59,2026-01-19 08:09:15
12952,Spicy,15.49,2026-01-19 08:09:15
12953,Spicy,24.62,2026-01-19 08:09:15
12953,Fresh,20.1,2026-01-19 08:09:15
12953,Woody,17.59,2026-01-19 08:09:15
12953,Citrus,15.58,2026-01-19 08:09:15
12955,Sweet,24.42,2026-01-19 08:09:15
12955,Floral,22.09,2026-01-19 08:09:15
12955,Gourmand,16.28,2026-01-19 08:09:15
12955,Creamy,11.63,2026-01-19 08:09:15
12956,Floral,26.75,2026-01-19 08:09:15
12956,Fruity,20.59,2026-01-19 08:09:15
12956,Sweet,18.9,2026-01-19 08:09:15
12957,Floral,24.32,2026-01-19 08:09:15
12957,Powdery,16.89,2026-01-19 08:09:15
12957,Fruity,16.22,2026-01-19 08:09:15
12957,Sweet,15.2,2026-01-19 08:09:15
12958,Sweet,50.0,2026-01-19 08:09:15
12958,Fruity,50.0,2026-01-19 08:09:15
12959,Floral,19.47,2026-01-19 08:09:15
12959,Citrus,18.58,2026-01-19 08:09:15
12959,Fresh,13.27,2026-01-19 08:09:15
12959,Resinous,12.39,2026-01-19 08:09:15
12959,Spicy,11.5,2026-01-19 08:09:15
12960,Oriental,18.47,2026-01-19 08:09:15
12960,Spicy,16.2,2026-01-19 08:09:15
12960,Floral,14.63,2026-01-19 08:09:15
12960,Sweet,11.85,2026-01-19 08:09:15
12960,Fruity,11.32,2026-01-19 08:09:15
12962,Woody,18.89,2026-01-19 08:09:15
12962,Spicy,15.67,2026-01-19 08:09:15
12962,Fruity,12.44,2026-01-19 08:09:15
12962,Resinous,11.06,2026-01-19 08:09:15
12962,Animal,10.6,2026-01-19 08:09:15
12962,Oriental,9.68,2026-01-19 08:09:15
12963,Floral,24.32,2026-01-19 08:09:15
12963,Fresh,20.72,2026-01-19 08:09:15
12963,Green,19.82,2026-01-19 08:09:15
12964,Spicy,25.0,2026-01-19 08:09:15
12964,Leathery,25.0,2026-01-19 08:09:15
12964,Sweet,15.0,2026-01-19 08:09:15
12964,Floral,15.0,2026-01-19 08:09:15
12966,Spicy,19.81,2026-01-19 08:09:15
12966,Floral,18.18,2026-01-19 08:09:15
12966,Oriental,17.53,2026-01-19 08:09:15
12966,Resinous,10.39,2026-01-19 08:09:15
12966,Powdery,10.06,2026-01-19 08:09:15
12967,Fruity,25.0,2026-01-19 08:09:15
12967,Sweet,20.69,2026-01-19 08:09:15
12967,Woody,10.34,2026-01-19 08:09:15
12967,Fresh,10.34,2026-01-19 08:09:15
12967,Spicy,8.62,2026-01-19 08:09:15
12968,Floral,18.92,2026-01-19 08:09:15
12968,Citrus,16.22,2026-01-19 08:09:15
12968,Spicy,16.22,2026-01-19 08:09:15
12968,Woody,16.22,2026-01-19 08:09:15
12968,Creamy,10.81,2026-01-19 08:09:15
12970,Floral,25.0,2026-01-19 08:09:15
12970,Creamy,20.0,2026-01-19 08:09:15
12970,Spicy,17.0,2026-01-19 08:09:15
12970,Sweet,16.0,2026-01-19 08:09:15
12971,Floral,18.54,2026-01-19 08:09:15
12971,Woody,14.04,2026-01-19 08:09:15
12971,Fruity,12.36,2026-01-19 08:09:15
12971,Sweet,11.24,2026-01-19 08:09:15
12971,Powdery,10.11,2026-01-19 08:09:15
12971,Fresh,9.55,2026-01-19 08:09:15
12972,Citrus,17.24,2026-01-19 08:09:15
12972,Spicy,13.79,2026-01-19 08:09:15
12972,Woody,13.79,2026-01-19 08:09:15
12972,Fresh,13.79,2026-01-19 08:09:15
12972,Floral,13.79,2026-01-19 08:09:15
12974,Floral,27.49,2026-01-19 08:09:15
12974,Fruity,20.47,2026-01-19 08:09:15
12974,Sweet,18.71,2026-01-19 08:09:15
12974,Fresh,12.87,2026-01-19 08:09:15
12975,Floral,21.67,2026-01-19 08:09:15
12975,Sweet,15.83,2026-01-19 08:09:15
12975,Creamy,15.83,2026-01-19 08:09:15
12975,Fresh,11.67,2026-01-19 08:09:15
12975,Fruity,10.83,2026-01-19 08:09:15
12976,Resinous,27.27,2026-01-19 08:09:15
12976,Spicy,18.18,2026-01-19 08:09:15
12976,Sweet,13.64,2026-01-19 08:09:15
12976,Oriental,13.64,2026-01-19 08:09:15
12976,Woody,13.64,2026-01-19 08:09:15
12978,Fruity,13.89,2026-01-19 08:09:15
12978,Floral,13.89,2026-01-19 08:09:15
12978,Sweet,12.5,2026-01-19 08:09:15
12978,Oriental,10.42,2026-01-19 08:09:15
12978,Spicy,10.07,2026-01-19 08:09:15
12978,Woody,9.03,2026-01-19 08:09:15
12978,Animal,7.64,2026-01-19 08:09:15
12979,Spicy,20.0,2026-01-19 08:09:15
12979,Smoky,20.0,2026-01-19 08:09:15
12979,Woody,20.0,2026-01-19 08:09:15
12979,Resinous,15.0,2026-01-19 08:09:15
12980,Fresh,21.59,2026-01-19 08:09:15
12980,Aquatic,15.91,2026-01-19 08:09:15
12980,Citrus,14.77,2026-01-19 08:09:15
12980,Fruity,13.64,2026-01-19 08:09:15
12980,Synthetic,11.36,2026-01-19 08:09:15
12980,Woody,11.36,2026-01-19 08:09:15
12982,Floral,19.38,2026-01-19 08:09:15
12982,Creamy,17.62,2026-01-19 08:09:15
12982,Fruity,16.74,2026-01-19 08:09:15
12982,Sweet,15.42,2026-01-19 08:09:15
12982,Woody,10.57,2026-01-19 08:09:15
12983,Woody,20.0,2026-01-19 08:09:15
12983,Oriental,16.67,2026-01-19 08:09:15
12983,Spicy,13.33,2026-01-19 08:09:15
12983,Sweet,13.33,2026-01-19 08:09:15
12983,Smoky,13.33,2026-01-19 08:09:15
12983,Animal,13.33,2026-01-19 08:09:15
12984,Spicy,16.78,2026-01-19 08:09:15
12984,Woody,16.11,2026-01-19 08:09:15
12984,Fresh,14.77,2026-01-19 08:09:15
12984,Sweet,13.42,2026-01-19 08:09:15
12984,Citrus,11.41,2026-01-19 08:09:15
12984,Fruity,10.74,2026-01-19 08:09:15
12986,Leathery,15.81,2026-01-19 08:09:15
12986,Woody,14.96,2026-01-19 08:09:15
12986,Fruity,12.39,2026-01-19 08:09:15
12986,Spicy,10.68,2026-01-19 08:09:15
12986,Smoky,10.26,2026-01-19 08:09:15
12986,Oriental,10.26,2026-01-19 08:09:15
12987,Fruity,31.58,2026-01-19 08:09:15
12987,Floral,21.05,2026-01-19 08:09:15
12987,Woody,15.79,2026-01-19 08:09:15
12987,Spicy,10.53,2026-01-19 08:09:15
12987,Resinous,10.53,2026-01-19 08:09:15
12988,Spicy,20.21,2026-01-19 08:09:15
12988,Woody,19.15,2026-01-19 08:09:15
12988,Sweet,14.89,2026-01-19 08:09:15
12988,Fresh,9.57,2026-01-19 08:09:15
12988,Creamy,9.57,2026-01-19 08:09:15
12988,Floral,9.57,2026-01-19 08:09:15
12989,Sweet,20.0,2026-01-19 08:09:15
12989,Gourmand,20.0,2026-01-19 08:09:15
12989,Fruity,20.0,2026-01-19 08:09:15
12989,Fresh,20.0,2026-01-19 08:09:15
12989,Creamy,20.0,2026-01-19 08:09:15
12990,Oriental,17.61,2026-01-19 08:09:15
12990,Fruity,15.91,2026-01-19 08:09:15
12990,Spicy,14.77,2026-01-19 08:09:15
12990,Animal,11.93,2026-01-19 08:09:15
12990,Woody,10.23,2026-01-19 08:09:15
12990,Sweet,8.52,2026-01-19 08:09:15
12991,Sweet,21.05,2026-01-19 08:09:15
12991,Floral,21.05,2026-01-19 08:09:15
12991,Citrus,15.79,2026-01-19 08:09:15
12991,Fruity,15.79,2026-01-19 08:09:15
12992,Woody,23.75,2026-01-19 08:09:15
12992,Floral,22.5,2026-01-19 08:09:15
12992,Fruity,16.25,2026-01-19 08:09:15
12992,Synthetic,10.0,2026-01-19 08:09:15
12994,Fruity,23.08,2026-01-19 08:09:15
12994,Fresh,19.58,2026-01-19 08:09:15
12994,Floral,18.18,2026-01-19 08:09:15
12994,Green,15.38,2026-01-19 08:09:15
12995,Oriental,27.78,2026-01-19 08:09:15
12995,Spicy,22.22,2026-01-19 08:09:15
12995,Woody,16.67,2026-01-19 08:09:15
12995,Creamy,16.67,2026-01-19 08:09:15
12996,Leathery,17.5,2026-01-19 08:09:15
12996,Spicy,16.25,2026-01-19 08:09:15
12996,Fresh,13.75,2026-01-19 08:09:15
12996,Woody,11.25,2026-01-19 08:09:15
12996,Floral,8.75,2026-01-19 08:09:15
12996,Synthetic,7.5,2026-01-19 08:09:15
12996,Resinous,7.5,2026-01-19 08:09:15
12998,Fruity,22.22,2026-01-19 08:09:15
12998,Sweet,20.47,2026-01-19 08:09:15
12998,Floral,19.3,2026-01-19 08:09:15
12998,Creamy,12.28,2026-01-19 08:09:15
13001,Fruity,27.0,2026-01-19 08:09:15
13001,Floral,25.0,2026-01-19 08:09:15
13001,Sweet,17.0,2026-01-19 08:09:15
13002,Woody,20.45,2026-01-19 08:09:15
13002,Fruity,19.89,2026-01-19 08:09:15
13002,Spicy,14.77,2026-01-19 08:09:15
13002,Oriental,11.36,2026-01-19 08:09:15
13002,Resinous,8.52,2026-01-19 08:09:15
13004,Citrus,22.58,2026-01-19 08:09:15
13004,Fresh,22.58,2026-01-19 08:09:15
13004,Sweet,16.13,2026-01-19 08:09:15
13004,Spicy,12.9,2026-01-19 08:09:15
13005,Floral,20.93,2026-01-19 08:09:15
13005,Resinous,18.6,2026-01-19 08:09:15
13005,Leathery,16.28,2026-01-19 08:09:15
13005,Spicy,13.95,2026-01-19 08:09:15
13005,Green,9.3,2026-01-19 08:09:15
13006,Floral,19.79,2026-01-19 08:09:15
13006,Oriental,18.23,2026-01-19 08:09:15
13006,Sweet,16.15,2026-01-19 08:09:15
13006,Powdery,15.1,2026-01-19 08:09:15
13008,Green,25.71,2026-01-19 08:09:15
13008,Fresh,25.71,2026-01-19 08:09:15
13008,Citrus,17.14,2026-01-19 08:09:15
13009,Spicy,18.75,2026-01-19 08:09:15
13009,Creamy,18.75,2026-01-19 08:09:15
13009,Sweet,12.5,2026-01-19 08:09:15
13009,Woody,12.5,2026-01-19 08:09:15
13009,Green,12.5,2026-01-19 08:09:15
13009,Floral,12.5,2026-01-19 08:09:15
13010,Floral,25.29,2026-01-19 08:09:15
13010,Creamy,20.11,2026-01-19 08:09:15
13010,Sweet,15.52,2026-01-19 08:09:15
13010,Fruity,12.64,2026-01-19 08:09:15
13011,Synthetic,50.0,2026-01-19 08:09:15
13011,Sweet,25.0,2026-01-19 08:09:15
13011,Gourmand,25.0,2026-01-19 08:09:15
13012,Woody,21.62,2026-01-19 08:09:15
13012,Floral,21.62,2026-01-19 08:09:15
13012,Spicy,17.57,2026-01-19 08:09:15
13012,Oriental,16.22,2026-01-19 08:09:15
13013,Oriental,23.08,2026-01-19 08:09:15
13013,Woody,23.08,2026-01-19 08:09:15
13013,Spicy,15.38,2026-01-19 08:09:15
13013,Leathery,15.38,2026-01-19 08:09:15
13014,Floral,27.1,2026-01-19 08:09:15
13014,Fresh,19.63,2026-01-19 08:09:15
13014,Powdery,11.21,2026-01-19 08:09:15
13014,Creamy,10.28,2026-01-19 08:09:15
13014,Sweet,7.01,2026-01-19 08:09:15
13014,Green,7.01,2026-01-19 08:09:15
13016,Woody,30.77,2026-01-19 08:09:15
13016,Floral,30.77,2026-01-19 08:09:15
13017,Fresh,25.81,2026-01-19 08:09:15
13017,Spicy,19.35,2026-01-19 08:09:15
13017,Smoky,17.74,2026-01-19 08:09:15
13017,Citrus,16.13,2026-01-19 08:09:15
13018,Spicy,17.14,2026-01-19 08:09:15
13018,Leathery,17.14,2026-01-19 08:09:15
13018,Woody,13.71,2026-01-19 08:09:15
13018,Oriental,10.29,2026-01-19 08:09:15
13018,Floral,9.71,2026-01-19 08:09:15
13018,Animal,9.71,2026-01-19 08:09:15
13020,Floral,30.0,2026-01-19 08:09:15
13020,Sweet,20.0,2026-01-19 08:09:15
13020,Creamy,20.0,2026-01-19 08:09:15
13021,Fruity,24.19,2026-01-19 08:09:15
13021,Sweet,17.74,2026-01-19 08:09:15
13021,Woody,16.13,2026-01-19 08:09:15
13021,Creamy,16.13,2026-01-19 08:09:15
13022,Sweet,21.09,2026-01-19 08:09:15
13022,Gourmand,21.09,2026-01-19 08:09:15
13022,Fruity,16.41,2026-01-19 08:09:15
13022,Creamy,14.84,2026-01-19 08:09:15
13024,Spicy,24.49,2026-01-19 08:09:15
13024,Earthy,20.41,2026-01-19 08:09:15
13024,Smoky,12.24,2026-01-19 08:09:15
13024,Woody,12.24,2026-01-19 08:09:15
13024,Fresh,10.2,2026-01-19 08:09:15
13025,Spicy,25.0,2026-01-19 08:09:15
13025,Sweet,25.0,2026-01-19 08:09:15
13025,Oriental,25.0,2026-01-19 08:09:15
13025,Leathery,25.0,2026-01-19 08:09:15
13026,Floral,22.84,2026-01-19 08:09:15
13026,Powdery,19.29,2026-01-19 08:09:15
13026,Fruity,15.23,2026-01-19 08:09:15
13026,Sweet,12.18,2026-01-19 08:09:15
13026,Woody,11.68,2026-01-19 08:09:15
13028,Fresh,27.27,2026-01-19 08:09:15
13028,Floral,23.86,2026-01-19 08:09:15
13028,Fruity,17.05,2026-01-19 08:09:15
13029,Sweet,22.22,2026-01-19 08:09:15
13029,Creamy,22.22,2026-01-19 08:09:15
13029,Citrus,11.11,2026-01-19 08:09:15
13029,Spicy,11.11,2026-01-19 08:09:15
13029,Woody,11.11,2026-01-19 08:09:15
13029,Resinous,11.11,2026-01-19 08:09:15
13029,Fruity,11.11,2026-01-19 08:09:15
13030,Fresh,22.39,2026-01-19 08:09:15
13030,Citrus,20.9,2026-01-19 08:09:15
13030,Aquatic,17.16,2026-01-19 08:09:15
13030,Creamy,14.18,2026-01-19 08:09:15
13030,Floral,14.18,2026-01-19 08:09:15
13032,Spicy,16.3,2026-01-19 08:09:15
13032,Fruity,16.3,2026-01-19 08:09:15
13032,Woody,11.96,2026-01-19 08:09:15
13032,Sweet,10.87,2026-01-19 08:09:15
13032,Synthetic,8.7,2026-01-19 08:09:15
13032,Fresh,8.7,2026-01-19 08:09:15
13034,Floral,22.94,2026-01-19 08:09:15
13034,Sweet,20.18,2026-01-19 08:09:15
13034,Fruity,17.43,2026-01-19 08:09:15
13034,Powdery,11.93,2026-01-19 08:09:15
13036,Sweet,15.0,2026-01-19 08:09:15
13036,Floral,15.0,2026-01-19 08:09:15
13036,Powdery,13.75,2026-01-19 08:09:15
13036,Oriental,11.25,2026-01-19 08:09:15
13036,Woody,10.0,2026-01-19 08:09:15
13036,Smoky,8.75,2026-01-19 08:09:15
13038,Green,21.53,2026-01-19 08:09:15
13038,Fresh,20.83,2026-01-19 08:09:15
13038,Citrus,18.75,2026-01-19 08:09:15
13038,Spicy,13.19,2026-01-19 08:09:15
13038,Woody,13.19,2026-01-19 08:09:15
13040,Floral,19.66,2026-01-19 08:09:15
13040,Animal,17.09,2026-01-19 08:09:15
13040,Spicy,14.53,2026-01-19 08:09:15
13040,Woody,11.11,2026-01-19 08:09:15
13040,Oriental,10.26,2026-01-19 08:09:15
13042,Floral,22.37,2026-01-19 08:09:15
13042,Powdery,17.35,2026-01-19 08:09:15
13042,Sweet,12.79,2026-01-19 08:09:15
13042,Creamy,11.42,2026-01-19 08:09:15
13042,Woody,10.5,2026-01-19 08:09:15
13044,Citrus,26.67,2026-01-19 08:09:15
13044,Fresh,25.0,2026-01-19 08:09:15
13044,Green,21.67,2026-01-19 08:09:15
13045,Spicy,19.69,2026-01-19 08:09:15
13045,Woody,17.59,2026-01-19 08:09:15
13045,Fougère,17.59,2026-01-19 08:09:15
13045,Fresh,16.01,2026-01-19 08:09:15
13046,Spicy,19.68,2026-01-19 08:09:15
13046,Chypre,17.02,2026-01-19 08:09:15
13046,Floral,14.36,2026-01-19 08:09:15
13046,Citrus,13.3,2026-01-19 08:09:15
13046,Woody,12.23,2026-01-19 08:09:15
13047,Sweet,50.0,2026-01-19 08:09:15
13047,Creamy,50.0,2026-01-19 08:09:15
13048,Sweet,29.63,2026-01-19 08:09:15
13048,Floral,29.63,2026-01-19 08:09:15
13048,Powdery,16.67,2026-01-19 08:09:15
13050,Fruity,15.9,2026-01-19 08:09:15
13050,Sweet,14.87,2026-01-19 08:09:15
13050,Oriental,13.85,2026-01-19 08:09:15
13050,Woody,12.82,2026-01-19 08:09:15
13050,Spicy,11.28,2026-01-19 08:09:15
13050,Animal,9.74,2026-01-19 08:09:15
13052,Citrus,19.35,2026-01-19 08:09:15
13052,Fresh,19.35,2026-01-19 08:09:15
13052,Floral,14.52,2026-01-19 08:09:15
13052,Green,11.29,2026-01-19 08:09:15
13052,Synthetic,9.68,2026-01-19 08:09:15
13052,Aquatic,9.68,2026-01-19 08:09:15
13053,Fresh,20.19,2026-01-19 08:09:15
13053,Synthetic,16.03,2026-01-19 08:09:15
13053,Woody,12.5,2026-01-19 08:09:15
13053,Spicy,12.18,2026-01-19 08:09:15
13053,Sweet,10.9,2026-01-19 08:09:15
13054,Spicy,19.08,2026-01-19 08:09:15
13054,Woody,18.5,2026-01-19 08:09:15
13054,Citrus,14.45,2026-01-19 08:09:15
13054,Smoky,13.29,2026-01-19 08:09:15
13054,Resinous,11.56,2026-01-19 08:09:15
13056,Citrus,24.64,2026-01-19 08:09:15
13056,Floral,21.74,2026-01-19 08:09:15
13056,Fresh,20.29,2026-01-19 08:09:15
13057,Oriental,21.43,2026-01-19 08:09:15
13057,Spicy,20.74,2026-01-19 08:09:15
13057,Smoky,13.82,2026-01-19 08:09:15
13057,Resinous,13.13,2026-01-19 08:09:15
13058,Floral,28.49,2026-01-19 08:09:15
13058,Fresh,17.44,2026-01-19 08:09:15
13058,Powdery,13.95,2026-01-19 08:09:15
13058,Spicy,12.21,2026-01-19 08:09:15
13060,Floral,38.46,2026-01-19 08:09:15
13060,Sweet,26.92,2026-01-19 08:09:15
13061,Sweet,23.42,2026-01-19 08:09:15
13061,Gourmand,21.84,2026-01-19 08:09:15
13061,Spicy,13.68,2026-01-19 08:09:15
13061,Floral,12.89,2026-01-19 08:09:15
13062,Floral,28.48,2026-01-19 08:09:15
13062,Spicy,18.35,2026-01-19 08:09:15
13062,Sweet,12.66,2026-01-19 08:09:15
13062,Woody,12.66,2026-01-19 08:09:15
13064,Floral,26.19,2026-01-19 08:09:15
13064,Fruity,21.43,2026-01-19 08:09:15
13064,Sweet,14.29,2026-01-19 08:09:15
13064,Leathery,11.9,2026-01-19 08:09:15
13065,Fresh,26.75,2026-01-19 08:09:15
13065,Synthetic,22.29,2026-01-19 08:09:15
13065,Woody,17.2,2026-01-19 08:09:15
13066,Floral,28.04,2026-01-19 08:09:15
13066,Fruity,25.23,2026-01-19 08:09:15
13066,Sweet,19.63,2026-01-19 08:09:15
13068,Citrus,23.88,2026-01-19 08:09:15
13068,Fresh,23.88,2026-01-19 08:09:15
13068,Green,19.4,2026-01-19 08:09:15
13069,Fresh,21.46,2026-01-19 08:09:15
13069,Citrus,19.7,2026-01-19 08:09:15
13069,Floral,17.17,2026-01-19 08:09:15
13069,Spicy,13.64,2026-01-19 08:09:15
13071,Spicy,21.85,2026-01-19 08:09:15
13071,Floral,21.85,2026-01-19 08:09:15
13071,Leathery,14.29,2026-01-19 08:09:15
13071,Woody,10.92,2026-01-19 08:09:15
13071,Powdery,10.08,2026-01-19 08:09:15
13072,Citrus,20.41,2026-01-19 08:09:15
13072,Fresh,20.41,2026-01-19 08:09:15
13072,Fruity,18.37,2026-01-19 08:09:15
13072,Floral,14.29,2026-01-19 08:09:15
13073,Powdery,25.07,2026-01-19 08:09:15
13073,Sweet,20.6,2026-01-19 08:09:15
13073,Floral,15.52,2026-01-19 08:09:15
13073,Spicy,13.73,2026-01-19 08:09:15
13075,Floral,23.19,2026-01-19 08:09:15
13075,Powdery,13.04,2026-01-19 08:09:15
13075,Fruity,13.04,2026-01-19 08:09:15
13075,Woody,10.14,2026-01-19 08:09:15
13075,Creamy,10.14,2026-01-19 08:09:15
13075,Fresh,7.25,2026-01-19 08:09:15
13076,Spicy,25.0,2026-01-19 08:09:15
13076,Sweet,25.0,2026-01-19 08:09:15
13077,Fruity,21.16,2026-01-19 08:09:15
13077,Floral,19.3,2026-01-19 08:09:15
13077,Spicy,14.42,2026-01-19 08:09:15
13077,Chypre,13.02,2026-01-19 08:09:15
13079,Floral,39.13,2026-01-19 08:09:15
13079,Earthy,26.09,2026-01-19 08:09:15
13079,Fruity,13.04,2026-01-19 08:09:15
13079,Fresh,13.04,2026-01-19 08:09:15
13080,Floral,27.56,2026-01-19 08:09:15
13080,Sweet,14.74,2026-01-19 08:09:15
13080,Spicy,14.1,2026-01-19 08:09:15
13080,Powdery,11.54,2026-01-19 08:09:15
13080,Green,10.26,2026-01-19 08:09:15
13081,Leathery,16.98,2026-01-19 08:09:15
13081,Powdery,16.18,2026-01-19 08:09:15
13081,Spicy,14.59,2026-01-19 08:09:15
13081,Sweet,11.94,2026-01-19 08:09:15
13081,Woody,11.94,2026-01-19 08:09:15
13083,Floral,16.92,2026-01-19 08:09:15
13083,Fresh,15.38,2026-01-19 08:09:15
13083,Citrus,13.85,2026-01-19 08:09:15
13083,Fruity,13.85,2026-01-19 08:09:15
13084,Floral,14.63,2026-01-19 08:09:15
13084,Sweet,14.02,2026-01-19 08:09:15
13084,Spicy,13.41,2026-01-19 08:09:15
13084,Woody,13.41,2026-01-19 08:09:15
13084,Fruity,13.41,2026-01-19 08:09:15
13084,Chypre,10.37,2026-01-19 08:09:15
13086,Woody,24.15,2026-01-19 08:09:15
13086,Synthetic,18.36,2026-01-19 08:09:15
13086,Spicy,17.39,2026-01-19 08:09:15
13086,Sweet,17.39,2026-01-19 08:09:15
13087,Woody,18.46,2026-01-19 08:09:15
13087,Floral,18.46,2026-01-19 08:09:15
13087,Spicy,16.92,2026-01-19 08:09:15
13087,Green,9.23,2026-01-19 08:09:15
13087,Earthy,9.23,2026-01-19 08:09:15
13087,Oriental,7.69,2026-01-19 08:09:15
13088,Floral,33.58,2026-01-19 08:09:15
13088,Powdery,23.36,2026-01-19 08:09:15
13088,Spicy,16.06,2026-01-19 08:09:15
13089,Chypre,21.56,2026-01-19 08:09:15
13089,Floral,20.22,2026-01-19 08:09:15
13089,Green,15.09,2026-01-19 08:09:15
13089,Spicy,14.02,2026-01-19 08:09:15
13090,Synthetic,25.0,2026-01-19 08:09:15
13090,Fresh,25.0,2026-01-19 08:09:15
13090,Floral,25.0,2026-01-19 08:09:15
13090,Aquatic,25.0,2026-01-19 08:09:15
13091,Spicy,17.44,2026-01-19 08:09:15
13091,Fresh,17.44,2026-01-19 08:09:15
13091,Woody,15.12,2026-01-19 08:09:15
13091,Citrus,13.95,2026-01-19 08:09:15
13091,Fruity,11.63,2026-01-19 08:09:15
13091,Floral,11.63,2026-01-19 08:09:15
13092,Floral,25.7,2026-01-19 08:09:15
13092,Creamy,19.55,2026-01-19 08:09:15
13092,Woody,13.97,2026-01-19 08:09:15
13092,Powdery,12.29,2026-01-19 08:09:15
13092,Fruity,11.73,2026-01-19 08:09:15
13093,Spicy,20.75,2026-01-19 08:09:15
13093,Woody,19.18,2026-01-19 08:09:15
13093,Fresh,13.52,2026-01-19 08:09:15
13093,Fougère,13.21,2026-01-19 08:09:15
13093,Floral,11.64,2026-01-19 08:09:15
13095,Fruity,14.97,2026-01-19 08:09:15
13095,Animal,13.77,2026-01-19 08:09:15
13095,Woody,12.57,2026-01-19 08:09:15
13095,Spicy,11.98,2026-01-19 08:09:15
13095,Oriental,11.98,2026-01-19 08:09:15
13095,Floral,11.38,2026-01-19 08:09:15
13096,Fresh,24.24,2026-01-19 08:09:15
13096,Citrus,21.21,2026-01-19 08:09:15
13096,Floral,15.15,2026-01-19 08:09:15
13096,Spicy,12.12,2026-01-19 08:09:15
13097,Floral,24.49,2026-01-19 08:09:15
13097,Sweet,22.45,2026-01-19 08:09:15
13097,Oriental,13.95,2026-01-19 08:09:15
13097,Fruity,12.59,2026-01-19 08:09:15
13099,Sweet,23.91,2026-01-19 08:09:15
13099,Fruity,23.91,2026-01-19 08:09:15
13099,Floral,23.91,2026-01-19 08:09:15
13100,Spicy,18.11,2026-01-19 08:09:15
13100,Citrus,15.75,2026-01-19 08:09:15
13100,Woody,14.96,2026-01-19 08:09:15
13100,Fresh,10.24,2026-01-19 08:09:15
13100,Oriental,9.45,2026-01-19 08:09:15
13100,Sweet,7.87,2026-01-19 08:09:15
13103,Floral,27.08,2026-01-19 08:09:15
13103,Woody,20.83,2026-01-19 08:09:15
13103,Sweet,18.75,2026-01-19 08:09:15
13104,Spicy,22.54,2026-01-19 08:09:15
13104,Resinous,19.01,2026-01-19 08:09:15
13104,Woody,16.9,2026-01-19 08:09:15
13104,Oriental,12.68,2026-01-19 08:09:15
13106,Sweet,22.22,2026-01-19 08:09:15
13106,Spicy,18.52,2026-01-19 08:09:15
13106,Woody,18.52,2026-01-19 08:09:15
13106,Smoky,14.81,2026-01-19 08:09:15
13107,Citrus,21.85,2026-01-19 08:09:15
13107,Green,17.22,2026-01-19 08:09:15
13107,Fresh,15.89,2026-01-19 08:09:15
13107,Floral,14.57,2026-01-19 08:09:15
13108,Floral,25.4,2026-01-19 08:09:15
13108,Sweet,17.36,2026-01-19 08:09:15
13108,Fresh,15.11,2026-01-19 08:09:15
13108,Spicy,11.58,2026-01-19 08:09:15
13110,Floral,24.86,2026-01-19 08:09:15
13110,Powdery,16.38,2026-01-19 08:09:15
13110,Sweet,10.17,2026-01-19 08:09:15
13110,Fresh,10.17,2026-01-19 08:09:15
13110,Spicy,9.6,2026-01-19 08:09:15
13111,Citrus,33.33,2026-01-19 08:09:15
13111,Fresh,30.0,2026-01-19 08:09:15
13111,Aquatic,16.67,2026-01-19 08:09:15
13115,Spicy,19.3,2026-01-19 08:09:15
13115,Woody,14.04,2026-01-19 08:09:15
13115,Resinous,14.04,2026-01-19 08:09:15
13115,Smoky,12.28,2026-01-19 08:09:15
13115,Sweet,10.53,2026-01-19 08:09:15
13115,Oriental,10.53,2026-01-19 08:09:15
13117,Sweet,26.13,2026-01-19 08:09:15
13117,Synthetic,19.82,2026-01-19 08:09:15
13117,Fresh,19.37,2026-01-19 08:09:15
13117,Fruity,13.51,2026-01-19 08:09:15
13118,Spicy,20.0,2026-01-19 08:09:15
13118,Leathery,19.39,2026-01-19 08:09:15
13118,Smoky,17.58,2026-01-19 08:09:15
13118,Woody,12.73,2026-01-19 08:09:15
13118,Resinous,12.73,2026-01-19 08:09:15
13119,Green,27.71,2026-01-19 08:09:15
13119,Fresh,25.3,2026-01-19 08:09:15
13119,Citrus,21.69,2026-01-19 08:09:15
13121,Fresh,18.77,2026-01-19 08:09:15
13121,Spicy,14.44,2026-01-19 08:09:15
13121,Citrus,13.72,2026-01-19 08:09:15
13121,Synthetic,10.47,2026-01-19 08:09:15
13121,Woody,9.03,2026-01-19 08:09:15
13121,Green,8.3,2026-01-19 08:09:15
13121,Floral,7.58,2026-01-19 08:09:15
13122,Floral,26.79,2026-01-19 08:09:15
13122,Sweet,19.64,2026-01-19 08:09:15
13122,Fresh,10.71,2026-01-19 08:09:15
13122,Powdery,8.93,2026-01-19 08:09:15
13122,Creamy,8.93,2026-01-19 08:09:15
13123,Citrus,20.49,2026-01-19 08:09:15
13123,Spicy,18.03,2026-01-19 08:09:15
13123,Fresh,15.57,2026-01-19 08:09:15
13123,Woody,10.66,2026-01-19 08:09:15
13123,Sweet,9.84,2026-01-19 08:09:15
13125,Spicy,20.94,2026-01-19 08:09:15
13125,Oriental,20.94,2026-01-19 08:09:15
13125,Resinous,12.83,2026-01-19 08:09:15
13125,Floral,11.78,2026-01-19 08:09:15
13125,Woody,9.42,2026-01-19 08:09:15
13125,Animal,9.16,2026-01-19 08:09:15
13126,Floral,24.62,2026-01-19 08:09:15
13126,Sweet,16.15,2026-01-19 08:09:15
13126,Spicy,15.38,2026-01-19 08:09:15
13126,Woody,11.54,2026-01-19 08:09:15
13126,Creamy,10.77,2026-01-19 08:09:15
13127,Leathery,26.98,2026-01-19 08:09:15
13127,Woody,20.63,2026-01-19 08:09:15
13127,Smoky,15.87,2026-01-19 08:09:15
13127,Resinous,15.87,2026-01-19 08:09:15
13129,Oriental,25.0,2026-01-19 08:09:15
13129,Animal,25.0,2026-01-19 08:09:15
13129,Floral,16.67,2026-01-19 08:09:15
13130,Spicy,19.01,2026-01-19 08:09:15
13130,Floral,19.01,2026-01-19 08:09:15
13130,Sweet,12.68,2026-01-19 08:09:15
13130,Chypre,11.97,2026-01-19 08:09:15
13130,Powdery,9.15,2026-01-19 08:09:15
13130,Woody,9.15,2026-01-19 08:09:15
13131,Fruity,22.12,2026-01-19 08:09:15
13131,Floral,21.15,2026-01-19 08:09:15
13131,Sweet,15.38,2026-01-19 08:09:15
13131,Powdery,13.46,2026-01-19 08:09:15
13134,Sweet,27.54,2026-01-19 08:09:15
13134,Fresh,23.19,2026-01-19 08:09:15
13134,Green,18.84,2026-01-19 08:09:15
13135,Floral,24.76,2026-01-19 08:09:15
13135,Creamy,21.9,2026-01-19 08:09:15
13135,Sweet,11.43,2026-01-19 08:09:15
13135,Fruity,10.48,2026-01-19 08:09:15
13135,Powdery,9.52,2026-01-19 08:09:15
13136,Synthetic,28.57,2026-01-19 08:09:15
13136,Sweet,28.57,2026-01-19 08:09:15
13138,Floral,27.16,2026-01-19 08:09:15
13138,Sweet,18.52,2026-01-19 08:09:15
13138,Powdery,14.81,2026-01-19 08:09:15
13138,Spicy,13.58,2026-01-19 08:09:15
13139,Floral,24.66,2026-01-19 08:09:15
13139,Powdery,19.86,2026-01-19 08:09:15
13142,Fruity,18.52,2026-01-19 08:09:15
13142,Leathery,17.28,2026-01-19 08:09:15
13142,Sweet,16.05,2026-01-19 08:09:15
13142,Smoky,16.05,2026-01-19 08:09:15
13142,Spicy,11.11,2026-01-19 08:09:15
13143,Floral,29.33,2026-01-19 08:09:15
13143,Spicy,21.33,2026-01-19 08:09:15
13143,Sweet,17.33,2026-01-19 08:09:15
13143,Oriental,10.67,2026-01-19 08:09:15
13144,Woody,50.0,2026-01-19 08:09:15
13144,Floral,50.0,2026-01-19 08:09:15
13146,Leathery,18.46,2026-01-19 08:09:15
13146,Floral,18.46,2026-01-19 08:09:15
13146,Animal,16.92,2026-01-19 08:09:15
13146,Oriental,15.38,2026-01-19 08:09:15
13148,Fruity,50.0,2026-01-19 08:09:15
13148,Floral,50.0,2026-01-19 08:09:15
13150,Floral,37.25,2026-01-19 08:09:15
13150,Fresh,19.61,2026-01-19 08:09:15
13150,Creamy,15.69,2026-01-19 08:09:15
13150,Aquatic,15.69,2026-01-19 08:09:15
13151,Woody,21.88,2026-01-19 08:09:15
13151,Oriental,17.97,2026-01-19 08:09:15
13151,Animal,15.62,2026-01-19 08:09:15
13151,Spicy,12.5,2026-01-19 08:09:15
13151,Resinous,10.94,2026-01-19 08:09:15
13154,Floral,30.0,2026-01-19 08:09:15
13154,Green,22.5,2026-01-19 08:09:15
13154,Fresh,20.0,2026-01-19 08:09:15
13155,Chypre,20.34,2026-01-19 08:09:15
13155,Floral,18.08,2026-01-19 08:09:15
13155,Spicy,15.25,2026-01-19 08:09:15
13155,Green,10.73,2026-01-19 08:09:15
13155,Woody,10.17,2026-01-19 08:09:15
13158,Floral,18.47,2026-01-19 08:09:15
13158,Spicy,13.38,2026-01-19 08:09:15
13158,Sweet,12.74,2026-01-19 08:09:15
13158,Creamy,10.83,2026-01-19 08:09:15
13158,Oriental,9.55,2026-01-19 08:09:15
13158,Woody,9.55,2026-01-19 08:09:15
13159,Sweet,20.0,2026-01-19 08:09:15
13159,Floral,20.0,2026-01-19 08:09:15
13159,Creamy,12.5,2026-01-19 08:09:15
13159,Gourmand,11.25,2026-01-19 08:09:15
13159,Powdery,7.5,2026-01-19 08:09:15
13159,Fruity,7.5,2026-01-19 08:09:15
13161,Leathery,25.0,2026-01-19 08:09:15
13161,Woody,25.0,2026-01-19 08:09:15
13161,Spicy,12.5,2026-01-19 08:09:15
13161,Oriental,12.5,2026-01-19 08:09:15
13161,Fruity,12.5,2026-01-19 08:09:15
13161,Creamy,12.5,2026-01-19 08:09:15
13162,Leathery,17.19,2026-01-19 08:09:15
13162,Spicy,14.06,2026-01-19 08:09:15
13162,Oriental,14.06,2026-01-19 08:09:15
13162,Animal,14.06,2026-01-19 08:09:15
13162,Floral,13.28,2026-01-19 08:09:15
13163,Spicy,20.59,2026-01-19 08:09:15
13163,Woody,17.65,2026-01-19 08:09:15
13163,Sweet,14.71,2026-01-19 08:09:15
13163,Oriental,13.24,2026-01-19 08:09:15
13163,Floral,13.24,2026-01-19 08:09:15
13166,Oriental,21.26,2026-01-19 08:09:15
13166,Spicy,17.32,2026-01-19 08:09:15
13166,Woody,15.75,2026-01-19 08:09:15
13166,Animal,12.6,2026-01-19 08:09:15
13166,Floral,11.02,2026-01-19 08:09:15
13167,Sweet,25.71,2026-01-19 08:09:15
13167,Floral,25.71,2026-01-19 08:09:15
13167,Creamy,17.14,2026-01-19 08:09:15
13167,Fruity,11.43,2026-01-19 08:09:15
13170,Spicy,20.18,2026-01-19 08:09:15
13170,Animal,16.67,2026-01-19 08:09:15
13170,Oriental,14.91,2026-01-19 08:09:15
13170,Woody,14.91,2026-01-19 08:09:15
13172,Floral,23.91,2026-01-19 08:09:15
13172,Powdery,17.39,2026-01-19 08:09:15
13172,Creamy,13.04,2026-01-19 08:09:15
13172,Synthetic,10.87,2026-01-19 08:09:15
13172,Fresh,10.87,2026-01-19 08:09:15
13176,Oriental,29.17,2026-01-19 08:09:15
13176,Woody,29.17,2026-01-19 08:09:15
13176,Spicy,16.67,2026-01-19 08:09:15
13176,Animal,16.67,2026-01-19 08:09:15
13178,Floral,23.08,2026-01-19 08:09:15
13178,Chypre,20.0,2026-01-19 08:09:15
13178,Woody,11.54,2026-01-19 08:09:15
13178,Fresh,11.54,2026-01-19 08:09:15
13178,Powdery,10.0,2026-01-19 08:09:15
13178,Green,10.0,2026-01-19 08:09:15
13180,Sweet,25.81,2026-01-19 08:09:15
13180,Creamy,19.35,2026-01-19 08:09:15
13180,Floral,19.35,2026-01-19 08:09:15
13180,Fruity,12.9,2026-01-19 08:09:15
13180,Fresh,12.9,2026-01-19 08:09:15
13181,Citrus,16.67,2026-01-19 08:09:15
13181,Spicy,16.67,2026-01-19 08:09:15
13181,Woody,16.67,2026-01-19 08:09:15
13181,Green,16.67,2026-01-19 08:09:15
13181,Fruity,16.67,2026-01-19 08:09:15
13181,Fresh,16.67,2026-01-19 08:09:15
13184,Floral,25.0,2026-01-19 08:09:15
13184,Fruity,22.22,2026-01-19 08:09:15
13184,Synthetic,13.89,2026-01-19 08:09:15
13184,Sweet,11.11,2026-01-19 08:09:15
13188,Fruity,20.83,2026-01-19 08:09:15
13188,Woody,16.67,2026-01-19 08:09:15
13188,Floral,16.67,2026-01-19 08:09:15
13188,Spicy,8.33,2026-01-19 08:09:15
13188,Sweet,8.33,2026-01-19 08:09:15
13188,Green,8.33,2026-01-19 08:09:15
13191,Spicy,21.43,2026-01-19 08:09:15
13191,Fruity,15.18,2026-01-19 08:09:15
13191,Smoky,14.29,2026-01-19 08:09:15
13191,Woody,12.5,2026-01-19 08:09:15
13191,Citrus,9.82,2026-01-19 08:09:15
13192,Oriental,18.52,2026-01-19 08:09:15
13192,Woody,18.52,2026-01-19 08:09:15
13192,Resinous,18.52,2026-01-19 08:09:15
13192,Smoky,14.81,2026-01-19 08:09:15
13192,Leathery,14.81,2026-01-19 08:09:15
13193,Sweet,12.5,2026-01-19 08:09:15
13193,Oriental,12.5,2026-01-19 08:09:15
13193,Woody,12.5,2026-01-19 08:09:15
13193,Gourmand,12.5,2026-01-19 08:09:15
13193,Fresh,12.5,2026-01-19 08:09:15
13193,Fougère,12.5,2026-01-19 08:09:15
13193,Creamy,12.5,2026-01-19 08:09:15
13193,Floral,12.5,2026-01-19 08:09:15
13195,Floral,27.78,2026-01-19 08:09:15
13195,Chypre,25.0,2026-01-19 08:09:15
13195,Spicy,16.67,2026-01-19 08:09:15
13196,Animal,29.17,2026-01-19 08:09:15
13196,Woody,25.0,2026-01-19 08:09:15
13196,Spicy,12.5,2026-01-19 08:09:15
13199,Woody,21.35,2026-01-19 08:09:15
13199,Spicy,19.1,2026-01-19 08:09:15
13199,Floral,17.98,2026-01-19 08:09:15
13199,Oriental,15.73,2026-01-19 08:09:15
13200,Sweet,14.29,2026-01-19 08:09:15
13200,Green,14.29,2026-01-19 08:09:15
13200,Fruity,14.29,2026-01-19 08:09:15
13200,Fresh,14.29,2026-01-19 08:09:15
13200,Woody,11.43,2026-01-19 08:09:15
13203,Floral,27.54,2026-01-19 08:09:15
13203,Powdery,23.19,2026-01-19 08:09:15
13203,Creamy,20.29,2026-01-19 08:09:15
13207,Floral,39.76,2026-01-19 08:09:15
13207,Green,22.89,2026-01-19 08:09:15
13207,Spicy,16.87,2026-01-19 08:09:15
13208,Spicy,16.67,2026-01-19 08:09:15
13208,Synthetic,16.67,2026-01-19 08:09:15
13208,Woody,16.67,2026-01-19 08:09:15
13208,Fresh,16.67,2026-01-19 08:09:15
13210,Floral,22.89,2026-01-19 08:09:15
13210,Fresh,21.69,2026-01-19 08:09:15
13210,Citrus,18.07,2026-01-19 08:09:15
13210,Green,16.87,2026-01-19 08:09:15
13211,Floral,32.49,2026-01-19 08:09:15
13211,Sweet,28.43,2026-01-19 08:09:15
13211,Creamy,16.24,2026-01-19 08:09:15
13212,Citrus,19.05,2026-01-19 08:09:15
13212,Woody,19.05,2026-01-19 08:09:15
13212,Green,19.05,2026-01-19 08:09:15
13212,Fresh,19.05,2026-01-19 08:09:15
13214,Spicy,16.92,2026-01-19 08:09:15
13214,Chypre,12.31,2026-01-19 08:09:15
13214,Floral,10.77,2026-01-19 08:09:15
13214,Resinous,9.23,2026-01-19 08:09:15
13214,Smoky,6.92,2026-01-19 08:09:15
13214,Oriental,6.92,2026-01-19 08:09:15
13214,Woody,6.92,2026-01-19 08:09:15
13214,Earthy,6.92,2026-01-19 08:09:15
13215,Citrus,19.05,2026-01-19 08:09:15
13215,Fruity,19.05,2026-01-19 08:09:15
13215,Fresh,14.29,2026-01-19 08:09:15
13215,Synthetic,9.52,2026-01-19 08:09:15
13215,Woody,9.52,2026-01-19 08:09:15
13215,Green,9.52,2026-01-19 08:09:15
13215,Aquatic,9.52,2026-01-19 08:09:15
13216,Floral,22.1,2026-01-19 08:09:15
13216,Chypre,19.93,2026-01-19 08:09:15
13216,Spicy,15.94,2026-01-19 08:09:15
13216,Fresh,11.59,2026-01-19 08:09:15
13217,Synthetic,16.67,2026-01-19 08:09:15
13217,Sweet,16.67,2026-01-19 08:09:15
13217,Green,16.67,2026-01-19 08:09:15
13217,Fresh,16.67,2026-01-19 08:09:15
13217,Floral,16.67,2026-01-19 08:09:15
13217,Aquatic,16.67,2026-01-19 08:09:15
13220,Sweet,23.08,2026-01-19 08:09:15
13220,Floral,17.06,2026-01-19 08:09:15
13220,Gourmand,16.05,2026-01-19 08:09:15
13220,Oriental,11.71,2026-01-19 08:09:15
13220,Spicy,8.7,2026-01-19 08:09:15
13221,Sweet,25.0,2026-01-19 08:09:15
13221,Fruity,25.0,2026-01-19 08:09:15
13221,Fresh,25.0,2026-01-19 08:09:15
13221,Floral,25.0,2026-01-19 08:09:15
13222,Floral,25.6,2026-01-19 08:09:15
13222,Creamy,16.0,2026-01-19 08:09:15
13222,Fruity,13.6,2026-01-19 08:09:15
13222,Powdery,11.2,2026-01-19 08:09:15
13222,Sweet,10.4,2026-01-19 08:09:15
13222,Spicy,9.6,2026-01-19 08:09:15
13224,Sweet,23.94,2026-01-19 08:09:15
13224,Gourmand,22.07,2026-01-19 08:09:15
13224,Fruity,19.25,2026-01-19 08:09:15
13227,Floral,26.32,2026-01-19 08:09:15
13227,Fresh,20.18,2026-01-19 08:09:15
13228,Woody,18.8,2026-01-19 08:09:15
13228,Citrus,18.05,2026-01-19 08:09:15
13228,Fresh,17.29,2026-01-19 08:09:15
13228,Floral,15.41,2026-01-19 08:09:15
13228,Powdery,15.04,2026-01-19 08:09:15
13230,Fruity,17.44,2026-01-19 08:09:15
13230,Chypre,16.28,2026-01-19 08:09:15
13230,Spicy,13.95,2026-01-19 08:09:15
13230,Sweet,13.95,2026-01-19 08:09:15
13230,Citrus,11.63,2026-01-19 08:09:15
13232,Sweet,24.1,2026-01-19 08:09:15
13232,Powdery,20.51,2026-01-19 08:09:15
13232,Spicy,15.38,2026-01-19 08:09:15
13232,Resinous,12.31,2026-01-19 08:09:15
13236,Spicy,20.76,2026-01-19 08:09:15
13236,Resinous,16.95,2026-01-19 08:09:15
13236,Smoky,16.1,2026-01-19 08:09:15
13236,Oriental,16.1,2026-01-19 08:09:15
13238,Spicy,19.61,2026-01-19 08:09:15
13238,Chypre,15.69,2026-01-19 08:09:15
13238,Woody,13.73,2026-01-19 08:09:15
13238,Floral,11.76,2026-01-19 08:09:15
13238,Resinous,8.82,2026-01-19 08:09:15
13238,Green,8.82,2026-01-19 08:09:15
13239,Sweet,33.76,2026-01-19 08:09:15
13239,Floral,24.84,2026-01-19 08:09:15
13239,Creamy,17.83,2026-01-19 08:09:15
13242,Floral,18.18,2026-01-19 08:09:15
13242,Powdery,15.15,2026-01-19 08:09:15
13242,Spicy,13.64,2026-01-19 08:09:15
13242,Woody,12.12,2026-01-19 08:09:15
13242,Fruity,12.12,2026-01-19 08:09:15
13243,Fresh,23.05,2026-01-19 08:09:15
13243,Sweet,16.46,2026-01-19 08:09:15
13243,Synthetic,14.81,2026-01-19 08:09:15
13243,Fruity,11.11,2026-01-19 08:09:15
13243,Spicy,9.05,2026-01-19 08:09:15
13246,Floral,25.35,2026-01-19 08:09:15
13246,Sweet,22.54,2026-01-19 08:09:15
13246,Powdery,15.49,2026-01-19 08:09:15
13246,Fruity,12.68,2026-01-19 08:09:15
13247,Fresh,21.74,2026-01-19 08:09:15
13247,Synthetic,19.88,2026-01-19 08:09:15
13247,Aquatic,15.53,2026-01-19 08:09:15
13247,Citrus,10.56,2026-01-19 08:09:15
13247,Fruity,9.32,2026-01-19 08:09:15
13247,Spicy,8.7,2026-01-19 08:09:15
13250,Floral,21.62,2026-01-19 08:09:15
13250,Powdery,15.32,2026-01-19 08:09:15
13250,Woody,11.71,2026-01-19 08:09:15
13250,Creamy,11.71,2026-01-19 08:09:15
13250,Sweet,9.01,2026-01-19 08:09:15
13251,Sweet,25.0,2026-01-19 08:09:15
13251,Creamy,16.96,2026-01-19 08:09:15
13251,Woody,14.29,2026-01-19 08:09:15
13251,Powdery,12.5,2026-01-19 08:09:15
13251,Spicy,12.05,2026-01-19 08:09:15
13252,Sweet,14.29,2026-01-19 08:09:15
13252,Powdery,14.29,2026-01-19 08:09:15
13252,Fruity,14.29,2026-01-19 08:09:15
13252,Fresh,14.29,2026-01-19 08:09:15
13252,Creamy,14.29,2026-01-19 08:09:15
13252,Floral,14.29,2026-01-19 08:09:15
13252,Animal,14.29,2026-01-19 08:09:15
13254,Floral,25.0,2026-01-19 08:09:15
13254,Sweet,18.75,2026-01-19 08:09:15
13254,Fruity,16.67,2026-01-19 08:09:15
13254,Creamy,14.58,2026-01-19 08:09:15
13256,Floral,20.74,2026-01-19 08:09:15
13256,Powdery,15.19,2026-01-19 08:09:15
13256,Oriental,13.7,2026-01-19 08:09:15
13256,Sweet,12.59,2026-01-19 08:09:15
13256,Fresh,11.48,2026-01-19 08:09:15
13257,Oriental,23.95,2026-01-19 08:09:15
13257,Sweet,23.3,2026-01-19 08:09:15
13257,Spicy,18.04,2026-01-19 08:09:15
13257,Woody,11.57,2026-01-19 08:09:15
13258,Spicy,14.52,2026-01-19 08:09:15
13258,Resinous,12.9,2026-01-19 08:09:15
13258,Floral,11.29,2026-01-19 08:09:15
13258,Sweet,9.68,2026-01-19 08:09:15
13258,Oriental,9.68,2026-01-19 08:09:15
13258,Woody,8.06,2026-01-19 08:09:15
13258,Citrus,6.45,2026-01-19 08:09:15
13258,Powdery,6.45,2026-01-19 08:09:15
13258,Chypre,6.45,2026-01-19 08:09:15
13260,Spicy,25.53,2026-01-19 08:09:15
13260,Woody,19.57,2026-01-19 08:09:15
13260,Fresh,14.89,2026-01-19 08:09:15
13260,Green,14.04,2026-01-19 08:09:15
13261,Floral,24.62,2026-01-19 08:09:15
13261,Chypre,15.38,2026-01-19 08:09:15
13261,Spicy,13.85,2026-01-19 08:09:15
13261,Resinous,12.31,2026-01-19 08:09:15
13261,Powdery,9.23,2026-01-19 08:09:15
13264,Green,22.43,2026-01-19 08:09:15
13264,Powdery,20.96,2026-01-19 08:09:15
13264,Spicy,15.81,2026-01-19 08:09:15
13264,Leathery,12.5,2026-01-19 08:09:15
13264,Fresh,11.76,2026-01-19 08:09:15
13265,Spicy,18.06,2026-01-19 08:09:15
13265,Leathery,15.28,2026-01-19 08:09:15
13265,Resinous,12.5,2026-01-19 08:09:15
13265,Floral,12.5,2026-01-19 08:09:15
13265,Woody,8.33,2026-01-19 08:09:15
13265,Chypre,8.33,2026-01-19 08:09:15
13266,Gourmand,33.31,2026-01-19 08:09:15
13266,Sweet,31.38,2026-01-19 08:09:15
13268,Fruity,25.0,2026-01-19 08:09:15
13268,Floral,22.06,2026-01-19 08:09:15
13268,Fresh,21.32,2026-01-19 08:09:15
13269,Floral,28.3,2026-01-19 08:09:15
13269,Fruity,20.75,2026-01-19 08:09:15
13269,Sweet,18.87,2026-01-19 08:09:15
13270,Sweet,22.85,2026-01-19 08:09:15
13270,Fruity,19.76,2026-01-19 08:09:15
13270,Oriental,15.14,2026-01-19 08:09:15
13270,Spicy,14.6,2026-01-19 08:09:15
13270,Woody,7.89,2026-01-19 08:09:15
13270,Synthetic,7.52,2026-01-19 08:09:15
13271,Fruity,100.0,2026-01-19 08:09:15
13273,Floral,22.86,2026-01-19 08:09:15
13273,Fruity,20.0,2026-01-19 08:09:15
13273,Citrus,11.43,2026-01-19 08:09:15
13273,Sweet,11.43,2026-01-19 08:09:15
13274,Floral,20.49,2026-01-19 08:09:15
13274,Oriental,20.37,2026-01-19 08:09:15
13274,Woody,18.63,2026-01-19 08:09:15
13274,Spicy,12.85,2026-01-19 08:09:15
13277,Spicy,17.39,2026-01-19 08:09:15
13277,Citrus,13.04,2026-01-19 08:09:15
13277,Woody,10.87,2026-01-19 08:09:15
13277,Animal,10.87,2026-01-19 08:09:15
13277,Chypre,8.7,2026-01-19 08:09:15
13277,Powdery,6.52,2026-01-19 08:09:15
13277,Leathery,6.52,2026-01-19 08:09:15
13277,Green,6.52,2026-01-19 08:09:15
13277,Fresh,6.52,2026-01-19 08:09:15
13278,Gourmand,22.83,2026-01-19 08:09:15
13278,Sweet,22.2,2026-01-19 08:09:15
13278,Floral,14.8,2026-01-19 08:09:15
13278,Creamy,13.39,2026-01-19 08:09:15
13280,Sweet,22.08,2026-01-19 08:09:15
13280,Gourmand,18.18,2026-01-19 08:09:15
13280,Floral,11.26,2026-01-19 08:09:15
13280,Oriental,10.39,2026-01-19 08:09:15
13280,Powdery,9.96,2026-01-19 08:09:15
13280,Spicy,6.93,2026-01-19 08:09:15
13283,Sweet,21.79,2026-01-19 08:09:15
13283,Oriental,17.72,2026-01-19 08:09:15
13283,Spicy,16.91,2026-01-19 08:09:15
13283,Woody,14.63,2026-01-19 08:09:15
13284,Woody,22.65,2026-01-19 08:09:15
13284,Spicy,19.66,2026-01-19 08:09:15
13284,Oriental,18.38,2026-01-19 08:09:15
13284,Smoky,13.68,2026-01-19 08:09:15
13285,Floral,23.26,2026-01-19 08:09:15
13285,Creamy,19.77,2026-01-19 08:09:15
13285,Sweet,17.44,2026-01-19 08:09:15
13287,Leathery,20.97,2026-01-19 08:09:15
13287,Sweet,20.8,2026-01-19 08:09:15
13287,Spicy,16.46,2026-01-19 08:09:15
13287,Oriental,15.25,2026-01-19 08:09:15
13288,Fruity,23.9,2026-01-19 08:09:15
13288,Floral,22.79,2026-01-19 08:09:15
13288,Sweet,22.06,2026-01-19 08:09:15
13289,Spicy,19.44,2026-01-19 08:09:15
13289,Sweet,19.44,2026-01-19 08:09:15
13289,Floral,19.44,2026-01-19 08:09:15
13289,Fruity,16.67,2026-01-19 08:09:15
13291,Sweet,22.97,2026-01-19 08:09:15
13291,Spicy,21.54,2026-01-19 08:09:15
13291,Oriental,17.28,2026-01-19 08:09:15
13291,Woody,15.65,2026-01-19 08:09:15
13293,Floral,25.0,2026-01-19 08:09:15
13293,Powdery,15.62,2026-01-19 08:09:15
13293,Spicy,12.5,2026-01-19 08:09:15
13293,Woody,12.5,2026-01-19 08:09:15
13293,Sweet,9.38,2026-01-19 08:09:15
13293,Fruity,9.38,2026-01-19 08:09:15
13294,Fresh,33.33,2026-01-19 08:09:15
13294,Creamy,33.33,2026-01-19 08:09:15
13294,Floral,33.33,2026-01-19 08:09:15
13295,Floral,35.32,2026-01-19 08:09:15
13295,Sweet,22.02,2026-01-19 08:09:15
13295,Synthetic,17.66,2026-01-19 08:09:15
13298,Woody,16.67,2026-01-19 08:09:15
13298,Fresh,16.67,2026-01-19 08:09:15
13298,Floral,16.67,2026-01-19 08:09:15
13298,Synthetic,15.0,2026-01-19 08:09:15
13298,Powdery,11.67,2026-01-19 08:09:15
13299,Resinous,21.88,2026-01-19 08:09:15
13299,Smoky,20.26,2026-01-19 08:09:15
13299,Spicy,16.37,2026-01-19 08:09:15
13299,Woody,16.37,2026-01-19 08:09:15
13302,Citrus,24.81,2026-01-19 08:09:15
13302,Fresh,21.75,2026-01-19 08:09:15
13302,Fruity,18.22,2026-01-19 08:09:15
13302,Sweet,12.86,2026-01-19 08:09:15
13303,Woody,22.22,2026-01-19 08:09:15
13306,Spicy,21.37,2026-01-19 08:09:15
13306,Oriental,18.92,2026-01-19 08:09:15
13306,Sweet,17.29,2026-01-19 08:09:15
13306,Woody,11.09,2026-01-19 08:09:15
13306,Resinous,11.09,2026-01-19 08:09:15
13307,Floral,25.0,2026-01-19 08:09:15
13307,Powdery,18.18,2026-01-19 08:09:15
13307,Fruity,15.91,2026-01-19 08:09:15
13307,Sweet,13.64,2026-01-19 08:09:15
13310,Sweet,24.87,2026-01-19 08:09:15
13310,Synthetic,19.3,2026-01-19 08:09:15
13310,Fruity,18.26,2026-01-19 08:09:15
13310,Gourmand,14.96,2026-01-19 08:09:15
13311,Floral,24.32,2026-01-19 08:09:15
13311,Sweet,18.92,2026-01-19 08:09:15
13311,Fruity,18.92,2026-01-19 08:09:15
13311,Creamy,13.51,2026-01-19 08:09:15
13314,Woody,20.84,2026-01-19 08:09:15
13314,Spicy,18.21,2026-01-19 08:09:15
13314,Earthy,16.29,2026-01-19 08:09:15
13314,Citrus,15.24,2026-01-19 08:09:15
13315,Floral,30.43,2026-01-19 08:09:15
13315,Powdery,17.39,2026-01-19 08:09:15
13315,Spicy,13.04,2026-01-19 08:09:15
13315,Animal,13.04,2026-01-19 08:09:15
13318,Sweet,22.61,2026-01-19 08:09:15
13318,Oriental,14.57,2026-01-19 08:09:15
13318,Floral,13.82,2026-01-19 08:09:15
13318,Spicy,10.8,2026-01-19 08:09:15
13318,Synthetic,10.55,2026-01-19 08:09:15
13322,Green,19.23,2026-01-19 08:09:15
13322,Chypre,19.23,2026-01-19 08:09:15
13322,Floral,19.23,2026-01-19 08:09:15
13322,Powdery,15.38,2026-01-19 08:09:15
13324,Woody,21.89,2026-01-19 08:09:15
13324,Spicy,19.46,2026-01-19 08:09:15
13324,Oriental,19.46,2026-01-19 08:09:15
13324,Sweet,17.03,2026-01-19 08:09:15
13326,Fresh,20.59,2026-01-19 08:09:15
13326,Floral,20.59,2026-01-19 08:09:15
13326,Sweet,17.65,2026-01-19 08:09:15
13326,Fruity,17.65,2026-01-19 08:09:15
13332,Floral,27.8,2026-01-19 08:09:15
13332,Sweet,25.8,2026-01-19 08:09:15
13332,Creamy,17.4,2026-01-19 08:09:15
13336,Sweet,24.02,2026-01-19 08:09:15
13336,Gourmand,21.66,2026-01-19 08:09:15
13336,Oriental,16.33,2026-01-19 08:09:15
13336,Powdery,14.13,2026-01-19 08:09:15
13338,Spicy,17.39,2026-01-19 08:09:15
13338,Leathery,17.39,2026-01-19 08:09:15
13338,Sweet,13.04,2026-01-19 08:09:15
13338,Fruity,13.04,2026-01-19 08:09:15
13338,Oriental,8.7,2026-01-19 08:09:15
13338,Woody,8.7,2026-01-19 08:09:15
13340,Floral,20.93,2026-01-19 08:09:15
13340,Sweet,16.05,2026-01-19 08:09:15
13340,Fruity,13.72,2026-01-19 08:09:15
13340,Synthetic,13.26,2026-01-19 08:09:15
13340,Spicy,9.07,2026-01-19 08:09:15
13341,Fruity,33.33,2026-01-19 08:09:15
13341,Fresh,33.33,2026-01-19 08:09:15
13341,Floral,33.33,2026-01-19 08:09:15
13342,Floral,22.58,2026-01-19 08:09:15
13342,Spicy,16.13,2026-01-19 08:09:15
13342,Sweet,16.13,2026-01-19 08:09:15
13342,Fruity,16.13,2026-01-19 08:09:15
13344,Spicy,25.66,2026-01-19 08:09:15
13344,Woody,25.07,2026-01-19 08:09:15
13344,Fresh,16.22,2026-01-19 08:09:15
13346,Fresh,21.74,2026-01-19 08:09:15
13346,Citrus,17.39,2026-01-19 08:09:15
13346,Green,17.39,2026-01-19 08:09:15
13348,Fruity,21.58,2026-01-19 08:09:15
13348,Floral,20.65,2026-01-19 08:09:15
13348,Sweet,14.62,2026-01-19 08:09:15
13348,Synthetic,13.69,2026-01-19 08:09:15
13350,Chypre,22.83,2026-01-19 08:09:15
13350,Floral,20.29,2026-01-19 08:09:15
13350,Green,19.93,2026-01-19 08:09:15
13350,Fresh,16.3,2026-01-19 08:09:15
13351,Woody,18.37,2026-01-19 08:09:15
13351,Resinous,18.37,2026-01-19 08:09:15
13351,Spicy,14.29,2026-01-19 08:09:15
13351,Smoky,10.2,2026-01-19 08:09:15
13351,Oriental,10.2,2026-01-19 08:09:15
13351,Leathery,10.2,2026-01-19 08:09:15
13352,Aquatic,19.87,2026-01-19 08:09:15
13352,Fresh,19.19,2026-01-19 08:09:15
13352,Fruity,13.47,2026-01-19 08:09:15
13352,Green,13.13,2026-01-19 08:09:15
13352,Sweet,9.43,2026-01-19 08:09:15
13354,Floral,30.77,2026-01-19 08:09:15
13354,Powdery,15.38,2026-01-19 08:09:15
13354,Fruity,15.38,2026-01-19 08:09:15
13355,Sweet,25.86,2026-01-19 08:09:15
13355,Fruity,21.55,2026-01-19 08:09:15
13355,Synthetic,15.52,2026-01-19 08:09:15
13355,Floral,12.93,2026-01-19 08:09:15
13357,Floral,19.87,2026-01-19 08:09:15
13357,Fruity,19.46,2026-01-19 08:09:15
13357,Sweet,13.18,2026-01-19 08:09:15
13357,Powdery,10.46,2026-01-19 08:09:15
13357,Fresh,8.79,2026-01-19 08:09:15
13357,Spicy,7.74,2026-01-19 08:09:15
13358,Synthetic,23.85,2026-01-19 08:09:15
13358,Fresh,22.94,2026-01-19 08:09:15
13358,Sweet,15.6,2026-01-19 08:09:15
13358,Fruity,11.01,2026-01-19 08:09:15
13359,Spicy,21.62,2026-01-19 08:09:15
13359,Chypre,16.22,2026-01-19 08:09:15
13359,Floral,16.22,2026-01-19 08:09:15
13359,Sweet,8.11,2026-01-19 08:09:15
13359,Powdery,8.11,2026-01-19 08:09:15
13359,Woody,8.11,2026-01-19 08:09:15
13359,Fruity,8.11,2026-01-19 08:09:15
13359,Animal,8.11,2026-01-19 08:09:15
13361,Floral,23.1,2026-01-19 08:09:15
13361,Powdery,21.52,2026-01-19 08:09:15
13361,Woody,14.96,2026-01-19 08:09:15
13361,Fresh,13.65,2026-01-19 08:09:15
13362,Floral,18.18,2026-01-19 08:09:15
13362,Powdery,15.15,2026-01-19 08:09:15
13362,Citrus,12.12,2026-01-19 08:09:15
13362,Fruity,12.12,2026-01-19 08:09:15
13362,Fresh,12.12,2026-01-19 08:09:15
13362,Spicy,9.09,2026-01-19 08:09:15
13362,Creamy,9.09,2026-01-19 08:09:15
13363,Spicy,21.79,2026-01-19 08:09:15
13363,Leathery,17.95,2026-01-19 08:09:15
13363,Woody,14.74,2026-01-19 08:09:15
13363,Resinous,12.18,2026-01-19 08:09:15
13363,Oriental,10.9,2026-01-19 08:09:15
13364,Synthetic,33.33,2026-01-19 08:09:15
13364,Sweet,33.33,2026-01-19 08:09:15
13364,Fruity,33.33,2026-01-19 08:09:15
13365,Sweet,22.32,2026-01-19 08:09:15
13365,Fruity,19.27,2026-01-19 08:09:15
13365,Oriental,14.98,2026-01-19 08:09:15
13365,Floral,14.98,2026-01-19 08:09:15
13366,Chypre,18.18,2026-01-19 08:09:15
13366,Floral,15.15,2026-01-19 08:09:15
13366,Resinous,12.12,2026-01-19 08:09:15
13366,Green,12.12,2026-01-19 08:09:15
13366,Smoky,9.09,2026-01-19 08:09:15
13366,Powdery,9.09,2026-01-19 08:09:15
13366,Leathery,9.09,2026-01-19 08:09:15
13366,Woody,9.09,2026-01-19 08:09:15
13367,Citrus,22.37,2026-01-19 08:09:15
13367,Fresh,17.54,2026-01-19 08:09:15
13367,Spicy,16.23,2026-01-19 08:09:15
13367,Woody,13.6,2026-01-19 08:09:15
13369,Sweet,21.36,2026-01-19 08:09:15
13369,Spicy,13.9,2026-01-19 08:09:15
13369,Fruity,13.9,2026-01-19 08:09:15
13369,Green,12.54,2026-01-19 08:09:15
13369,Oriental,10.17,2026-01-19 08:09:15
13369,Floral,9.83,2026-01-19 08:09:15
13371,Animal,25.0,2026-01-19 08:09:15
13371,Spicy,21.88,2026-01-19 08:09:15
13371,Leathery,15.62,2026-01-19 08:09:15
13371,Floral,15.62,2026-01-19 08:09:15
13373,Sweet,30.49,2026-01-19 08:09:15
13373,Gourmand,28.46,2026-01-19 08:09:15
13373,Creamy,15.45,2026-01-19 08:09:15
13374,Floral,32.95,2026-01-19 08:09:15
13374,Creamy,23.12,2026-01-19 08:09:15
13374,Sweet,17.34,2026-01-19 08:09:15
13375,Floral,22.73,2026-01-19 08:09:15
13375,Spicy,18.18,2026-01-19 08:09:15
13375,Leathery,9.09,2026-01-19 08:09:15
13375,Woody,9.09,2026-01-19 08:09:15
13375,Earthy,9.09,2026-01-19 08:09:15
13375,Animal,9.09,2026-01-19 08:09:15
13376,Sweet,24.19,2026-01-19 08:09:15
13376,Creamy,22.74,2026-01-19 08:09:15
13376,Powdery,20.22,2026-01-19 08:09:15
13376,Gourmand,11.19,2026-01-19 08:09:15
13378,Fresh,24.37,2026-01-19 08:09:15
13378,Citrus,20.17,2026-01-19 08:09:15
13378,Synthetic,15.97,2026-01-19 08:09:15
13378,Aquatic,14.29,2026-01-19 08:09:15
13379,Floral,21.74,2026-01-19 08:09:15
13379,Sweet,17.39,2026-01-19 08:09:15
13379,Spicy,13.04,2026-01-19 08:09:15
13379,Creamy,13.04,2026-01-19 08:09:15
13379,Powdery,8.7,2026-01-19 08:09:15
13379,Green,8.7,2026-01-19 08:09:15
13381,Powdery,25.89,2026-01-19 08:09:15
13381,Floral,21.43,2026-01-19 08:09:15
13381,Fresh,20.24,2026-01-19 08:09:15
13382,Floral,18.92,2026-01-19 08:09:15
13382,Sweet,16.22,2026-01-19 08:09:15
13382,Fruity,16.22,2026-01-19 08:09:15
13382,Fresh,13.51,2026-01-19 08:09:15
13382,Creamy,10.81,2026-01-19 08:09:15
13383,Spicy,21.94,2026-01-19 08:09:15
13383,Oriental,21.94,2026-01-19 08:09:15
13383,Resinous,13.92,2026-01-19 08:09:15
13383,Woody,10.97,2026-01-19 08:09:15
13383,Floral,10.13,2026-01-19 08:09:15
13385,Earthy,26.28,2026-01-19 08:09:15
13385,Woody,18.27,2026-01-19 08:09:15
13385,Spicy,16.99,2026-01-19 08:09:15
13385,Resinous,14.42,2026-01-19 08:09:15
13386,Floral,31.58,2026-01-19 08:09:15
13386,Powdery,26.32,2026-01-19 08:09:15
13386,Sweet,15.79,2026-01-19 08:09:15
13386,Oriental,15.79,2026-01-19 08:09:15
13388,Woody,22.78,2026-01-19 08:09:15
13388,Spicy,16.57,2026-01-19 08:09:15
13388,Oriental,12.43,2026-01-19 08:09:15
13388,Resinous,11.24,2026-01-19 08:09:15
13388,Earthy,10.95,2026-01-19 08:09:15
13389,Sweet,23.43,2026-01-19 08:09:15
13389,Floral,18.86,2026-01-19 08:09:15
13389,Powdery,14.86,2026-01-19 08:09:15
13389,Gourmand,11.43,2026-01-19 08:09:15
13389,Fruity,9.14,2026-01-19 08:09:15
13390,Floral,36.84,2026-01-19 08:09:15
13390,Fresh,31.58,2026-01-19 08:09:15
13391,Synthetic,20.0,2026-01-19 08:09:15
13391,Sweet,20.0,2026-01-19 08:09:15
13391,Fruity,20.0,2026-01-19 08:09:15
13391,Fresh,20.0,2026-01-19 08:09:15
13391,Floral,20.0,2026-01-19 08:09:15
13396,Spicy,15.62,2026-01-19 08:09:15
13396,Woody,15.62,2026-01-19 08:09:15
13396,Green,15.62,2026-01-19 08:09:15
13396,Citrus,12.5,2026-01-19 08:09:15
13396,Resinous,9.38,2026-01-19 08:09:15
13396,Fresh,9.38,2026-01-19 08:09:15
13396,Earthy,9.38,2026-01-19 08:09:15
13397,Woody,19.9,2026-01-19 08:09:15
13397,Citrus,18.88,2026-01-19 08:09:15
13397,Spicy,17.86,2026-01-19 08:09:15
13397,Fresh,16.84,2026-01-19 08:09:15
13398,Sweet,33.03,2026-01-19 08:09:15
13398,Gourmand,27.98,2026-01-19 08:09:15
13401,Floral,26.97,2026-01-19 08:09:15
13401,Fruity,23.68,2026-01-19 08:09:15
13401,Green,23.03,2026-01-19 08:09:15
13402,Spicy,29.75,2026-01-19 08:09:15
13402,Woody,24.79,2026-01-19 08:09:15
13402,Citrus,15.29,2026-01-19 08:09:15
13403,Fruity,100.0,2026-01-19 08:09:15
13405,Woody,23.2,2026-01-19 08:09:15
13405,Resinous,17.6,2026-01-19 08:09:15
13405,Powdery,15.2,2026-01-19 08:09:15
13405,Spicy,13.6,2026-01-19 08:09:15
13406,Aquatic,25.77,2026-01-19 08:09:15
13406,Spicy,19.59,2026-01-19 08:09:15
13406,Fresh,18.9,2026-01-19 08:09:15
13406,Woody,14.09,2026-01-19 08:09:15
13409,Spicy,22.22,2026-01-19 08:09:15
13409,Sweet,16.96,2026-01-19 08:09:15
13409,Resinous,12.87,2026-01-19 08:09:15
13409,Floral,11.7,2026-01-19 08:09:15
13409,Creamy,11.11,2026-01-19 08:09:15
13409,Woody,10.53,2026-01-19 08:09:15
13410,Green,22.08,2026-01-19 08:09:15
13410,Earthy,20.19,2026-01-19 08:09:15
13410,Fresh,18.93,2026-01-19 08:09:15
13410,Woody,16.4,2026-01-19 08:09:15
13412,Floral,17.39,2026-01-19 08:09:15
13412,Spicy,13.04,2026-01-19 08:09:15
13412,Resinous,13.04,2026-01-19 08:09:15
13412,Fruity,13.04,2026-01-19 08:09:15
13413,Leathery,28.71,2026-01-19 08:09:15
13413,Woody,18.81,2026-01-19 08:09:15
13413,Spicy,15.84,2026-01-19 08:09:15
13413,Animal,15.84,2026-01-19 08:09:15
13414,Floral,28.0,2026-01-19 08:09:15
13414,Sweet,24.0,2026-01-19 08:09:15
13414,Synthetic,20.0,2026-01-19 08:09:15
13416,Woody,16.67,2026-01-19 08:09:15
13416,Chypre,16.67,2026-01-19 08:09:15
13416,Floral,16.67,2026-01-19 08:09:15
13418,Woody,20.93,2026-01-19 08:09:15
13418,Spicy,19.6,2026-01-19 08:09:15
13418,Oriental,15.95,2026-01-19 08:09:15
13418,Resinous,10.63,2026-01-19 08:09:15
13418,Earthy,9.63,2026-01-19 08:09:15
13421,Citrus,18.09,2026-01-19 08:09:15
13421,Fresh,18.09,2026-01-19 08:09:15
13421,Woody,13.57,2026-01-19 08:09:15
13421,Spicy,12.56,2026-01-19 08:09:15
13421,Synthetic,9.55,2026-01-19 08:09:15
13421,Green,7.04,2026-01-19 08:09:15
13422,Floral,24.55,2026-01-19 08:09:15
13422,Spicy,19.47,2026-01-19 08:09:15
13422,Sweet,12.41,2026-01-19 08:09:15
13422,Synthetic,12.14,2026-01-19 08:09:15
13422,Fresh,10.78,2026-01-19 08:09:15
13424,Spicy,19.05,2026-01-19 08:09:15
13424,Animal,19.05,2026-01-19 08:09:15
13424,Resinous,14.29,2026-01-19 08:09:15
13425,Leathery,20.87,2026-01-19 08:09:15
13425,Spicy,18.45,2026-01-19 08:09:15
13425,Oriental,14.08,2026-01-19 08:09:15
13425,Sweet,12.62,2026-01-19 08:09:15
13425,Woody,10.19,2026-01-19 08:09:15
13426,Woody,20.31,2026-01-19 08:09:15
13426,Fresh,19.8,2026-01-19 08:09:15
13426,Floral,15.87,2026-01-19 08:09:15
13426,Citrus,14.68,2026-01-19 08:09:15
13428,Oriental,20.0,2026-01-19 08:09:15
13428,Chypre,20.0,2026-01-19 08:09:15
13428,Spicy,10.0,2026-01-19 08:09:15
13428,Sweet,10.0,2026-01-19 08:09:15
13428,Powdery,10.0,2026-01-19 08:09:15
13428,Leathery,10.0,2026-01-19 08:09:15
13428,Woody,10.0,2026-01-19 08:09:15
13428,Floral,10.0,2026-01-19 08:09:15
13429,Fresh,23.76,2026-01-19 08:09:15
13429,Citrus,21.78,2026-01-19 08:09:15
13429,Spicy,17.33,2026-01-19 08:09:15
13429,Green,16.34,2026-01-19 08:09:15
13430,Citrus,24.46,2026-01-19 08:09:15
13430,Fresh,24.29,2026-01-19 08:09:15
13430,Fruity,19.11,2026-01-19 08:09:15
13432,Citrus,33.33,2026-01-19 08:09:15
13432,Spicy,33.33,2026-01-19 08:09:15
13432,Fougère,33.33,2026-01-19 08:09:15
13433,Fruity,22.83,2026-01-19 08:09:15
13433,Floral,22.28,2026-01-19 08:09:15
13433,Powdery,14.67,2026-01-19 08:09:15
13433,Sweet,13.59,2026-01-19 08:09:15
13434,Fruity,24.69,2026-01-19 08:09:15
13434,Fresh,24.69,2026-01-19 08:09:15
13434,Floral,18.83,2026-01-19 08:09:15
13436,Spicy,16.13,2026-01-19 08:09:15
13436,Woody,16.13,2026-01-19 08:09:15
13436,Floral,16.13,2026-01-19 08:09:15
13436,Sweet,12.9,2026-01-19 08:09:15
13437,Fresh,26.56,2026-01-19 08:09:15
13437,Citrus,25.78,2026-01-19 08:09:15
13437,Floral,15.62,2026-01-19 08:09:15
13438,Fresh,24.41,2026-01-19 08:09:15
13438,Floral,18.5,2026-01-19 08:09:15
13438,Citrus,14.96,2026-01-19 08:09:15
13438,Fruity,14.57,2026-01-19 08:09:15
13440,Spicy,33.33,2026-01-19 08:09:15
13440,Chypre,33.33,2026-01-19 08:09:15
13440,Floral,33.33,2026-01-19 08:09:15
13441,Spicy,22.69,2026-01-19 08:09:15
13441,Oriental,20.3,2026-01-19 08:09:15
13441,Floral,15.52,2026-01-19 08:09:15
13441,Powdery,12.24,2026-01-19 08:09:15
13443,Sweet,27.69,2026-01-19 08:09:15
13443,Floral,24.62,2026-01-19 08:09:15
13443,Fruity,20.0,2026-01-19 08:09:15
13444,Fruity,20.83,2026-01-19 08:09:15
13444,Floral,20.83,2026-01-19 08:09:15
13444,Sweet,16.67,2026-01-19 08:09:15
13444,Creamy,16.67,2026-01-19 08:09:15
13446,Sweet,26.61,2026-01-19 08:09:15
13446,Fruity,20.17,2026-01-19 08:09:15
13446,Synthetic,15.45,2026-01-19 08:09:15
13446,Floral,15.45,2026-01-19 08:09:15
13447,Citrus,21.62,2026-01-19 08:09:15
13447,Fresh,18.38,2026-01-19 08:09:15
13447,Spicy,16.76,2026-01-19 08:09:15
13447,Woody,13.51,2026-01-19 08:09:15
13447,Chypre,13.51,2026-01-19 08:09:15
13449,Floral,21.48,2026-01-19 08:09:15
13449,Fresh,18.15,2026-01-19 08:09:15
13449,Spicy,11.48,2026-01-19 08:09:15
13449,Synthetic,9.63,2026-01-19 08:09:15
13449,Sweet,9.26,2026-01-19 08:09:15
13449,Woody,7.41,2026-01-19 08:09:15
13451,Floral,31.2,2026-01-19 08:09:15
13451,Fresh,27.2,2026-01-19 08:09:15
13451,Green,19.2,2026-01-19 08:09:15
13452,Spicy,17.65,2026-01-19 08:09:15
13452,Oriental,17.65,2026-01-19 08:09:15
13452,Resinous,11.76,2026-01-19 08:09:15
13452,Floral,11.76,2026-01-19 08:09:15
13454,Fruity,20.63,2026-01-19 08:09:15
13454,Floral,20.63,2026-01-19 08:09:15
13454,Fresh,19.05,2026-01-19 08:09:15
13454,Green,11.11,2026-01-19 08:09:15
13454,Citrus,10.58,2026-01-19 08:09:15
13458,Fruity,27.93,2026-01-19 08:09:15
13458,Sweet,27.03,2026-01-19 08:09:15
13458,Floral,24.32,2026-01-19 08:09:15
13460,Citrus,26.35,2026-01-19 08:09:15
13460,Fresh,25.75,2026-01-19 08:09:15
13460,Fruity,15.57,2026-01-19 08:09:15
13460,Floral,15.57,2026-01-19 08:09:15
13462,Sweet,25.55,2026-01-19 08:09:15
13462,Floral,22.63,2026-01-19 08:09:15
13462,Fruity,12.41,2026-01-19 08:09:15
13462,Oriental,10.22,2026-01-19 08:09:15
13463,Powdery,21.43,2026-01-19 08:09:15
13463,Fruity,21.43,2026-01-19 08:09:15
13463,Floral,21.43,2026-01-19 08:09:15
13463,Sweet,14.29,2026-01-19 08:09:15
13464,Sweet,21.83,2026-01-19 08:09:15
13464,Fruity,18.27,2026-01-19 08:09:15
13464,Floral,17.77,2026-01-19 08:09:15
13464,Fresh,11.68,2026-01-19 08:09:15
13464,Synthetic,9.64,2026-01-19 08:09:15
13466,Synthetic,25.0,2026-01-19 08:09:15
13466,Sweet,18.97,2026-01-19 08:09:15
13466,Woody,13.79,2026-01-19 08:09:15
13466,Fruity,13.79,2026-01-19 08:09:15
13468,Citrus,23.24,2026-01-19 08:09:15
13468,Fresh,21.83,2026-01-19 08:09:15
13468,Aquatic,15.49,2026-01-19 08:09:15
13468,Synthetic,11.27,2026-01-19 08:09:15
13470,Citrus,22.86,2026-01-19 08:09:15
13470,Spicy,20.0,2026-01-19 08:09:15
13470,Fresh,14.29,2026-01-19 08:09:15
13470,Chypre,13.71,2026-01-19 08:09:15
13471,Spicy,16.67,2026-01-19 08:09:15
13471,Sweet,16.67,2026-01-19 08:09:15
13471,Powdery,16.67,2026-01-19 08:09:15
13471,Creamy,16.67,2026-01-19 08:09:15
13471,Chypre,16.67,2026-01-19 08:09:15
13471,Animal,16.67,2026-01-19 08:09:15
13472,Fresh,23.33,2026-01-19 08:09:15
13472,Fruity,21.67,2026-01-19 08:09:15
13472,Citrus,13.33,2026-01-19 08:09:15
13472,Synthetic,13.33,2026-01-19 08:09:15
13474,Floral,26.43,2026-01-19 08:09:15
13474,Fruity,19.29,2026-01-19 08:09:15
13474,Fresh,15.0,2026-01-19 08:09:15
13474,Sweet,13.57,2026-01-19 08:09:15
13476,Fresh,25.0,2026-01-19 08:09:15
13476,Floral,21.88,2026-01-19 08:09:15
13476,Synthetic,15.62,2026-01-19 08:09:15
13476,Citrus,10.94,2026-01-19 08:09:15
13478,Spicy,19.76,2026-01-19 08:09:15
13478,Sweet,19.76,2026-01-19 08:09:15
13478,Floral,14.97,2026-01-19 08:09:15
13478,Oriental,11.98,2026-01-19 08:09:15
13478,Creamy,11.98,2026-01-19 08:09:15
13480,Floral,29.21,2026-01-19 08:09:15
13480,Sweet,21.35,2026-01-19 08:09:15
13480,Fruity,13.48,2026-01-19 08:09:15
13480,Woody,8.99,2026-01-19 08:09:15
13483,Sweet,26.09,2026-01-19 08:09:15
13483,Floral,20.0,2026-01-19 08:09:15
13483,Powdery,17.39,2026-01-19 08:09:15
13483,Fresh,11.3,2026-01-19 08:09:15
13484,Spicy,18.11,2026-01-19 08:09:15
13484,Leathery,17.32,2026-01-19 08:09:15
13484,Woody,13.39,2026-01-19 08:09:15
13484,Floral,10.24,2026-01-19 08:09:15
13484,Animal,8.66,2026-01-19 08:09:15
13484,Earthy,7.87,2026-01-19 08:09:15
13487,Spicy,20.0,2026-01-19 08:09:15
13487,Oriental,19.29,2026-01-19 08:09:15
13487,Floral,12.14,2026-01-19 08:09:15
13487,Resinous,10.71,2026-01-19 08:09:15
13487,Sweet,8.57,2026-01-19 08:09:15
13487,Powdery,7.86,2026-01-19 08:09:15
13488,Aquatic,20.72,2026-01-19 08:09:15
13488,Fresh,19.82,2026-01-19 08:09:15
13488,Citrus,16.22,2026-01-19 08:09:15
13488,Synthetic,11.71,2026-01-19 08:09:15
13488,Fruity,9.01,2026-01-19 08:09:15
13489,Sweet,25.0,2026-01-19 08:09:15
13489,Powdery,25.0,2026-01-19 08:09:15
13489,Gourmand,25.0,2026-01-19 08:09:15
13489,Creamy,25.0,2026-01-19 08:09:15
13491,Fruity,17.24,2026-01-19 08:09:15
13491,Floral,17.24,2026-01-19 08:09:15
13491,Spicy,13.79,2026-01-19 08:09:15
13491,Sweet,13.79,2026-01-19 08:09:15
13491,Oriental,13.79,2026-01-19 08:09:15
13492,Fruity,22.83,2026-01-19 08:09:15
13492,Floral,21.74,2026-01-19 08:09:15
13492,Sweet,19.57,2026-01-19 08:09:15
13492,Synthetic,15.22,2026-01-19 08:09:15
13492,Fresh,15.22,2026-01-19 08:09:15
13495,Woody,22.62,2026-01-19 08:09:15
13495,Fresh,19.05,2026-01-19 08:09:15
13495,Synthetic,17.86,2026-01-19 08:09:15
13495,Citrus,13.1,2026-01-19 08:09:15
13495,Spicy,13.1,2026-01-19 08:09:15
13496,Synthetic,20.45,2026-01-19 08:09:15
13496,Floral,20.45,2026-01-19 08:09:15
13496,Fruity,17.05,2026-01-19 08:09:15
13496,Fresh,14.77,2026-01-19 08:09:15
13499,Floral,35.0,2026-01-19 08:09:15
13499,Powdery,20.0,2026-01-19 08:09:15
13499,Spicy,18.75,2026-01-19 08:09:15
13501,Floral,17.86,2026-01-19 08:09:15
13501,Spicy,14.29,2026-01-19 08:09:15
13501,Sweet,14.29,2026-01-19 08:09:15
13501,Woody,12.5,2026-01-19 08:09:15
13501,Fruity,8.93,2026-01-19 08:09:15
13503,Chypre,22.54,2026-01-19 08:09:15
13503,Floral,21.83,2026-01-19 08:09:15
13503,Green,16.2,2026-01-19 08:09:15
13503,Fresh,14.79,2026-01-19 08:09:15
13507,Leathery,17.31,2026-01-19 08:09:15
13507,Spicy,16.03,2026-01-19 08:09:15
13507,Sweet,14.1,2026-01-19 08:09:15
13507,Oriental,11.54,2026-01-19 08:09:15
13507,Woody,10.26,2026-01-19 08:09:15
13507,Powdery,7.69,2026-01-19 08:09:15
13510,Woody,24.35,2026-01-19 08:09:15
13510,Spicy,22.4,2026-01-19 08:09:15
13510,Smoky,13.64,2026-01-19 08:09:15
13510,Earthy,12.34,2026-01-19 08:09:15
13510,Leathery,12.01,2026-01-19 08:09:15
13511,Floral,17.45,2026-01-19 08:09:15
13511,Oriental,16.11,2026-01-19 08:09:15
13511,Spicy,15.44,2026-01-19 08:09:15
13511,Smoky,14.77,2026-01-19 08:09:15
13511,Woody,12.75,2026-01-19 08:09:15
13511,Resinous,12.75,2026-01-19 08:09:15
13514,Woody,19.33,2026-01-19 08:09:15
13514,Oriental,17.18,2026-01-19 08:09:15
13514,Floral,15.34,2026-01-19 08:09:15
13514,Spicy,11.96,2026-01-19 08:09:15
13514,Sweet,10.12,2026-01-19 08:09:15
13515,Floral,23.93,2026-01-19 08:09:15
13515,Green,17.95,2026-01-19 08:09:15
13515,Sweet,14.53,2026-01-19 08:09:15
13515,Powdery,12.82,2026-01-19 08:09:15
13515,Fruity,10.26,2026-01-19 08:09:15
13518,Fruity,30.9,2026-01-19 08:09:15
13518,Sweet,23.03,2026-01-19 08:09:15
13518,Fresh,14.04,2026-01-19 08:09:15
13518,Synthetic,11.8,2026-01-19 08:09:15
13521,Floral,25.0,2026-01-19 08:09:15
13521,Fruity,24.0,2026-01-19 08:09:15
13521,Sweet,22.0,2026-01-19 08:09:15
13522,Sweet,25.43,2026-01-19 08:09:15
13522,Floral,22.54,2026-01-19 08:09:15
13522,Synthetic,15.61,2026-01-19 08:09:15
13522,Creamy,12.14,2026-01-19 08:09:15
13523,Fruity,50.0,2026-01-19 08:09:15
13523,Floral,50.0,2026-01-19 08:09:15
13525,Spicy,21.43,2026-01-19 08:09:15
13525,Oriental,20.71,2026-01-19 08:09:15
13525,Floral,15.0,2026-01-19 08:09:15
13525,Woody,13.57,2026-01-19 08:09:15
13525,Powdery,9.29,2026-01-19 08:09:15
13525,Sweet,8.57,2026-01-19 08:09:15
13526,Leathery,26.69,2026-01-19 08:09:15
13526,Spicy,18.64,2026-01-19 08:09:15
13526,Woody,16.1,2026-01-19 08:09:15
13526,Oriental,11.02,2026-01-19 08:09:15
13526,Resinous,11.02,2026-01-19 08:09:15
13528,Sweet,21.74,2026-01-19 08:09:15
13528,Fruity,17.39,2026-01-19 08:09:15
13528,Floral,14.78,2026-01-19 08:09:15
13528,Synthetic,13.04,2026-01-19 08:09:15
13528,Oriental,8.7,2026-01-19 08:09:15
13530,Sweet,23.79,2026-01-19 08:09:15
13530,Gourmand,18.06,2026-01-19 08:09:15
13530,Fruity,12.78,2026-01-19 08:09:15
13530,Floral,10.57,2026-01-19 08:09:15
13530,Spicy,9.69,2026-01-19 08:09:15
13532,Fresh,25.33,2026-01-19 08:09:15
13532,Citrus,22.67,2026-01-19 08:09:15
13532,Animal,21.33,2026-01-19 08:09:15
13534,Fruity,27.17,2026-01-19 08:09:15
13534,Sweet,21.74,2026-01-19 08:09:15
13534,Floral,14.67,2026-01-19 08:09:15
13534,Synthetic,13.59,2026-01-19 08:09:15
13536,Citrus,20.93,2026-01-19 08:09:15
13536,Spicy,19.77,2026-01-19 08:09:15
13536,Animal,15.12,2026-01-19 08:09:15
13536,Fruity,13.95,2026-01-19 08:09:15
13538,Floral,27.5,2026-01-19 08:09:15
13538,Sweet,23.5,2026-01-19 08:09:15
13538,Fruity,22.5,2026-01-19 08:09:15
13540,Floral,25.27,2026-01-19 08:09:15
13540,Sweet,20.88,2026-01-19 08:09:15
13540,Oriental,16.48,2026-01-19 08:09:15
13540,Fruity,12.09,2026-01-19 08:09:15
13542,Leathery,17.54,2026-01-19 08:09:15
13542,Spicy,16.96,2026-01-19 08:09:15
13542,Oriental,16.37,2026-01-19 08:09:15
13542,Woody,15.2,2026-01-19 08:09:15
13544,Floral,27.85,2026-01-19 08:09:15
13544,Oriental,21.52,2026-01-19 08:09:15
13544,Spicy,20.25,2026-01-19 08:09:15
13545,Spicy,22.22,2026-01-19 08:09:15
13545,Fruity,22.22,2026-01-19 08:09:15
13545,Synthetic,20.83,2026-01-19 08:09:15
13549,Oriental,23.37,2026-01-19 08:09:15
13549,Woody,17.39,2026-01-19 08:09:15
13549,Floral,15.22,2026-01-19 08:09:15
13549,Spicy,13.04,2026-01-19 08:09:15
13549,Sweet,10.87,2026-01-19 08:09:15
13552,Woody,16.25,2026-01-19 08:09:15
13552,Spicy,15.0,2026-01-19 08:09:15
13552,Fresh,15.0,2026-01-19 08:09:15
13552,Powdery,12.5,2026-01-19 08:09:15
13552,Fougère,12.5,2026-01-19 08:09:15
13552,Green,8.75,2026-01-19 08:09:15
13553,Sweet,17.27,2026-01-19 08:09:15
13553,Spicy,16.06,2026-01-19 08:09:15
13553,Oriental,16.06,2026-01-19 08:09:15
13553,Woody,14.86,2026-01-19 08:09:15
13553,Floral,10.44,2026-01-19 08:09:15
13556,Floral,29.27,2026-01-19 08:09:15
13556,Fruity,23.17,2026-01-19 08:09:15
13556,Sweet,17.07,2026-01-19 08:09:15
13557,Synthetic,22.76,2026-01-19 08:09:15
13557,Woody,14.48,2026-01-19 08:09:15
13557,Sweet,11.72,2026-01-19 08:09:15
13557,Animal,11.72,2026-01-19 08:09:15
13557,Oriental,9.66,2026-01-19 08:09:15
13557,Creamy,9.66,2026-01-19 08:09:15
13558,Spicy,24.76,2026-01-19 08:09:15
13558,Sweet,18.72,2026-01-19 08:09:15
13558,Fresh,17.77,2026-01-19 08:09:15
13558,Synthetic,13.03,2026-01-19 08:09:15
13561,Fresh,22.82,2026-01-19 08:09:15
13561,Green,17.48,2026-01-19 08:09:15
13561,Spicy,15.05,2026-01-19 08:09:15
13561,Citrus,11.17,2026-01-19 08:09:15
13561,Woody,11.17,2026-01-19 08:09:15
13563,Spicy,29.63,2026-01-19 08:09:15
13563,Floral,27.16,2026-01-19 08:09:15
13563,Oriental,20.99,2026-01-19 08:09:15
13564,Sweet,25.0,2026-01-19 08:09:15
13564,Gourmand,23.23,2026-01-19 08:09:15
13564,Spicy,16.13,2026-01-19 08:09:15
13564,Creamy,11.29,2026-01-19 08:09:15
13565,Fruity,18.54,2026-01-19 08:09:15
13565,Aquatic,15.17,2026-01-19 08:09:15
13565,Floral,14.04,2026-01-19 08:09:15
13565,Fresh,13.48,2026-01-19 08:09:15
13565,Sweet,11.8,2026-01-19 08:09:15
13567,Spicy,26.19,2026-01-19 08:09:15
13567,Floral,25.0,2026-01-19 08:09:15
13567,Oriental,23.81,2026-01-19 08:09:15
13568,Sweet,23.31,2026-01-19 08:09:15
13568,Spicy,18.41,2026-01-19 08:09:15
13568,Gourmand,16.55,2026-01-19 08:09:15
13568,Leathery,13.05,2026-01-19 08:09:15
13569,Floral,16.52,2026-01-19 08:09:15
13569,Oriental,16.07,2026-01-19 08:09:15
13569,Woody,16.07,2026-01-19 08:09:15
13569,Spicy,14.29,2026-01-19 08:09:15
13569,Sweet,11.16,2026-01-19 08:09:15
13571,Fresh,19.77,2026-01-19 08:09:15
13571,Spicy,16.28,2026-01-19 08:09:15
13571,Citrus,15.12,2026-01-19 08:09:15
13571,Fruity,12.79,2026-01-19 08:09:15
13571,Aquatic,11.63,2026-01-19 08:09:15
13572,Sweet,24.52,2026-01-19 08:09:15
13572,Fruity,23.97,2026-01-19 08:09:15
13572,Floral,17.36,2026-01-19 08:09:15
13572,Gourmand,13.5,2026-01-19 08:09:15
13573,Woody,19.52,2026-01-19 08:09:15
13573,Fruity,14.76,2026-01-19 08:09:15
13573,Oriental,14.29,2026-01-19 08:09:15
13573,Spicy,13.81,2026-01-19 08:09:15
13573,Leathery,9.05,2026-01-19 08:09:15
13575,Leathery,22.22,2026-01-19 08:09:15
13575,Spicy,21.21,2026-01-19 08:09:15
13575,Sweet,14.14,2026-01-19 08:09:15
13575,Woody,14.14,2026-01-19 08:09:15
13577,Woody,19.31,2026-01-19 08:09:15
13577,Floral,19.31,2026-01-19 08:09:15
13577,Oriental,18.32,2026-01-19 08:09:15
13577,Spicy,17.82,2026-01-19 08:09:15
13579,Floral,32.43,2026-01-19 08:09:15
13579,Fruity,21.62,2026-01-19 08:09:15
13579,Fresh,17.57,2026-01-19 08:09:15
13580,Sweet,25.32,2026-01-19 08:09:15
13580,Fruity,22.15,2026-01-19 08:09:15
13580,Floral,19.94,2026-01-19 08:09:15
13581,Floral,19.75,2026-01-19 08:09:15
13581,Sweet,19.14,2026-01-19 08:09:15
13581,Synthetic,14.81,2026-01-19 08:09:15
13581,Fruity,12.96,2026-01-19 08:09:15
13581,Fresh,8.64,2026-01-19 08:09:15
13583,Sweet,21.84,2026-01-19 08:09:15
13583,Fruity,20.69,2026-01-19 08:09:15
13583,Floral,20.69,2026-01-19 08:09:15
13583,Fresh,13.79,2026-01-19 08:09:15
13584,Fresh,18.01,2026-01-19 08:09:15
13584,Citrus,16.11,2026-01-19 08:09:15
13584,Aquatic,15.64,2026-01-19 08:09:15
13584,Sweet,10.9,2026-01-19 08:09:15
13584,Woody,9.48,2026-01-19 08:09:15
13584,Synthetic,9.0,2026-01-19 08:09:15
13585,Fruity,24.29,2026-01-19 08:09:15
13585,Citrus,21.43,2026-01-19 08:09:15
13585,Floral,18.57,2026-01-19 08:09:15
13585,Sweet,14.29,2026-01-19 08:09:15
13587,Fresh,24.04,2026-01-19 08:09:15
13587,Aquatic,19.23,2026-01-19 08:09:15
13587,Citrus,17.31,2026-01-19 08:09:15
13587,Spicy,16.35,2026-01-19 08:09:15
13588,Fresh,22.02,2026-01-19 08:09:15
13588,Sweet,18.81,2026-01-19 08:09:15
13588,Citrus,12.84,2026-01-19 08:09:15
13588,Synthetic,12.84,2026-01-19 08:09:15
13588,Gourmand,9.17,2026-01-19 08:09:15
13589,Fruity,25.81,2026-01-19 08:09:15
13589,Fresh,24.19,2026-01-19 08:09:15
13589,Floral,24.19,2026-01-19 08:09:15
13591,Floral,27.94,2026-01-19 08:09:15
13591,Fresh,23.53,2026-01-19 08:09:15
13591,Fruity,19.12,2026-01-19 08:09:15
13592,Spicy,18.73,2026-01-19 08:09:15
13592,Earthy,18.1,2026-01-19 08:09:15
13592,Sweet,13.65,2026-01-19 08:09:15
13592,Woody,13.02,2026-01-19 08:09:15
13592,Resinous,12.7,2026-01-19 08:09:15
13593,Floral,25.53,2026-01-19 08:09:15
13593,Sweet,19.15,2026-01-19 08:09:15
13593,Fresh,19.15,2026-01-19 08:09:15
13595,Spicy,23.88,2026-01-19 08:09:15
13595,Citrus,19.4,2026-01-19 08:09:15
13595,Fresh,16.42,2026-01-19 08:09:15
13595,Woody,11.94,2026-01-19 08:09:15
13596,Floral,24.71,2026-01-19 08:09:15
13596,Sweet,20.91,2026-01-19 08:09:15
13596,Fruity,19.77,2026-01-19 08:09:15
13596,Powdery,11.79,2026-01-19 08:09:15
13599,Spicy,25.93,2026-01-19 08:09:15
13599,Animal,22.22,2026-01-19 08:09:15
13599,Woody,14.81,2026-01-19 08:09:15
13599,Fresh,14.81,2026-01-19 08:09:15
13600,Woody,15.0,2026-01-19 08:09:15
13600,Green,15.0,2026-01-19 08:09:15
13600,Citrus,12.5,2026-01-19 08:09:15
13600,Spicy,12.5,2026-01-19 08:09:15
13600,Fresh,12.5,2026-01-19 08:09:15
13600,Sweet,10.0,2026-01-19 08:09:15
13601,Floral,25.31,2026-01-19 08:09:15
13601,Powdery,19.5,2026-01-19 08:09:15
13601,Sweet,13.28,2026-01-19 08:09:15
13601,Fruity,12.45,2026-01-19 08:09:15
13603,Fruity,23.91,2026-01-19 08:09:15
13603,Floral,17.39,2026-01-19 08:09:15
13603,Chypre,15.22,2026-01-19 08:09:15
13603,Sweet,13.04,2026-01-19 08:09:15
13603,Oriental,13.04,2026-01-19 08:09:15
13604,Spicy,21.11,2026-01-19 08:09:15
13604,Fresh,20.56,2026-01-19 08:09:15
13604,Fruity,13.33,2026-01-19 08:09:15
13604,Leathery,11.67,2026-01-19 08:09:15
13604,Citrus,7.78,2026-01-19 08:09:15
13605,Spicy,16.22,2026-01-19 08:09:15
13605,Sweet,13.51,2026-01-19 08:09:15
13605,Woody,13.51,2026-01-19 08:09:15
13605,Powdery,10.81,2026-01-19 08:09:15
13605,Creamy,10.81,2026-01-19 08:09:15
13605,Resinous,8.11,2026-01-19 08:09:15
13607,Spicy,17.39,2026-01-19 08:09:15
13607,Oriental,17.39,2026-01-19 08:09:15
13607,Floral,16.3,2026-01-19 08:09:15
13607,Resinous,11.96,2026-01-19 08:09:15
13607,Woody,10.87,2026-01-19 08:09:15
13608,Fresh,20.21,2026-01-19 08:09:15
13608,Aquatic,17.62,2026-01-19 08:09:15
13608,Citrus,13.99,2026-01-19 08:09:15
13608,Synthetic,12.95,2026-01-19 08:09:15
13608,Fruity,8.29,2026-01-19 08:09:15
13608,Green,6.22,2026-01-19 08:09:15
13608,Sweet,5.7,2026-01-19 08:09:15
13609,Fresh,18.52,2026-01-19 08:09:15
13609,Fruity,14.81,2026-01-19 08:09:15
13609,Woody,12.96,2026-01-19 08:09:15
13609,Floral,12.96,2026-01-19 08:09:15
13609,Powdery,11.11,2026-01-19 08:09:15
13609,Citrus,9.26,2026-01-19 08:09:15
13609,Aquatic,9.26,2026-01-19 08:09:15
13611,Floral,27.42,2026-01-19 08:09:15
13611,Fresh,25.81,2026-01-19 08:09:15
13611,Sweet,17.74,2026-01-19 08:09:15
13612,Floral,33.33,2026-01-19 08:09:15
13612,Citrus,23.81,2026-01-19 08:09:15
13612,Synthetic,19.05,2026-01-19 08:09:15
13612,Fresh,19.05,2026-01-19 08:09:15
13613,Sweet,28.26,2026-01-19 08:09:15
13613,Floral,20.29,2026-01-19 08:09:15
13613,Creamy,18.84,2026-01-19 08:09:15
13615,Floral,19.4,2026-01-19 08:09:15
13615,Sweet,14.93,2026-01-19 08:09:15
13615,Fresh,14.93,2026-01-19 08:09:15
13615,Spicy,11.94,2026-01-19 08:09:15
13615,Fruity,11.94,2026-01-19 08:09:15
13616,Powdery,16.28,2026-01-19 08:09:15
13616,Fresh,16.28,2026-01-19 08:09:15
13616,Floral,16.28,2026-01-19 08:09:15
13616,Citrus,11.63,2026-01-19 08:09:15
13616,Synthetic,11.63,2026-01-19 08:09:15
13616,Sweet,11.63,2026-01-19 08:09:15
13619,Fresh,22.41,2026-01-19 08:09:15
13619,Citrus,18.97,2026-01-19 08:09:15
13619,Aquatic,15.52,2026-01-19 08:09:15
13619,Spicy,12.07,2026-01-19 08:09:15
13619,Synthetic,10.34,2026-01-19 08:09:15
13622,Fresh,18.9,2026-01-19 08:09:15
13622,Citrus,13.41,2026-01-19 08:09:15
13622,Synthetic,13.41,2026-01-19 08:09:15
13622,Aquatic,12.8,2026-01-19 08:09:15
13622,Green,10.98,2026-01-19 08:09:15
13622,Woody,8.54,2026-01-19 08:09:15
13623,Citrus,21.43,2026-01-19 08:09:15
13623,Fresh,19.05,2026-01-19 08:09:15
13623,Woody,14.29,2026-01-19 08:09:15
13623,Earthy,14.29,2026-01-19 08:09:15
13623,Animal,14.29,2026-01-19 08:09:15
13626,Fresh,17.92,2026-01-19 08:09:15
13626,Citrus,15.09,2026-01-19 08:09:15
13626,Synthetic,12.26,2026-01-19 08:09:15
13626,Floral,11.32,2026-01-19 08:09:15
13626,Aquatic,11.32,2026-01-19 08:09:15
13626,Sweet,8.49,2026-01-19 08:09:15
13626,Spicy,7.55,2026-01-19 08:09:15
13628,Floral,26.47,2026-01-19 08:09:15
13628,Fresh,23.53,2026-01-19 08:09:15
13628,Sweet,14.71,2026-01-19 08:09:15
13628,Fruity,14.71,2026-01-19 08:09:15
13630,Sweet,25.17,2026-01-19 08:09:15
13630,Oriental,20.41,2026-01-19 08:09:15
13630,Spicy,15.65,2026-01-19 08:09:15
13630,Resinous,12.24,2026-01-19 08:09:15
13630,Gourmand,12.24,2026-01-19 08:09:15
13632,Oriental,19.64,2026-01-19 08:09:15
13632,Spicy,16.07,2026-01-19 08:09:15
13632,Floral,14.29,2026-01-19 08:09:15
13632,Woody,12.5,2026-01-19 08:09:15
13632,Animal,10.71,2026-01-19 08:09:15
13634,Leathery,27.4,2026-01-19 08:09:15
13634,Spicy,15.07,2026-01-19 08:09:15
13634,Woody,12.33,2026-01-19 08:09:15
13634,Fresh,12.33,2026-01-19 08:09:15
13634,Earthy,10.96,2026-01-19 08:09:15
13636,Chypre,28.21,2026-01-19 08:09:15
13636,Floral,23.08,2026-01-19 08:09:15
13636,Green,20.51,2026-01-19 08:09:15
13638,Floral,25.64,2026-01-19 08:09:15
13638,Fruity,21.79,2026-01-19 08:09:15
13638,Fresh,17.31,2026-01-19 08:09:15
13638,Woody,14.1,2026-01-19 08:09:15
13640,Spicy,25.0,2026-01-19 08:09:15
13640,Oriental,20.31,2026-01-19 08:09:15
13640,Citrus,10.94,2026-01-19 08:09:15
13640,Floral,10.94,2026-01-19 08:09:15
13640,Woody,9.38,2026-01-19 08:09:15
13640,Fresh,9.38,2026-01-19 08:09:15
13642,Smoky,19.77,2026-01-19 08:09:15
13642,Woody,18.08,2026-01-19 08:09:15
13642,Spicy,15.82,2026-01-19 08:09:15
13642,Leathery,15.82,2026-01-19 08:09:15
13642,Resinous,15.82,2026-01-19 08:09:15
13643,Sweet,26.32,2026-01-19 08:09:15
13643,Spicy,18.42,2026-01-19 08:09:15
13643,Floral,15.79,2026-01-19 08:09:15
13643,Woody,14.47,2026-01-19 08:09:15
13644,Oriental,20.0,2026-01-19 08:09:15
13644,Smoky,15.56,2026-01-19 08:09:15
13644,Sweet,11.11,2026-01-19 08:09:15
13644,Floral,11.11,2026-01-19 08:09:15
13644,Spicy,8.89,2026-01-19 08:09:15
13644,Powdery,8.89,2026-01-19 08:09:15
13646,Citrus,27.03,2026-01-19 08:09:15
13646,Fresh,25.68,2026-01-19 08:09:15
13647,Leathery,18.14,2026-01-19 08:09:15
13647,Spicy,17.16,2026-01-19 08:09:15
13647,Woody,16.67,2026-01-19 08:09:15
13647,Animal,13.73,2026-01-19 08:09:15
13647,Smoky,8.82,2026-01-19 08:09:15
13648,Fruity,21.95,2026-01-19 08:09:15
13648,Floral,21.95,2026-01-19 08:09:15
13648,Sweet,14.63,2026-01-19 08:09:15
13648,Fresh,9.76,2026-01-19 08:09:15
13650,Floral,32.95,2026-01-19 08:09:15
13650,Powdery,27.27,2026-01-19 08:09:15
13651,Floral,26.56,2026-01-19 08:09:15
13651,Sweet,20.31,2026-01-19 08:09:15
13651,Citrus,14.06,2026-01-19 08:09:15
13651,Fresh,12.5,2026-01-19 08:09:15
13651,Creamy,12.5,2026-01-19 08:09:15
13652,Spicy,30.0,2026-01-19 08:09:15
13652,Oriental,30.0,2026-01-19 08:09:15
13652,Floral,20.0,2026-01-19 08:09:15
13655,Spicy,24.62,2026-01-19 08:09:15
13655,Leathery,23.08,2026-01-19 08:09:15
13655,Woody,15.38,2026-01-19 08:09:15
13655,Synthetic,9.23,2026-01-19 08:09:15
13656,Floral,32.61,2026-01-19 08:09:15
13656,Fresh,28.26,2026-01-19 08:09:15
13656,Sweet,17.39,2026-01-19 08:09:15
13659,Floral,27.78,2026-01-19 08:09:15
13659,Fruity,25.69,2026-01-19 08:09:15
13659,Sweet,25.0,2026-01-19 08:09:15
13660,Floral,21.53,2026-01-19 08:09:15
13660,Fresh,18.06,2026-01-19 08:09:15
13660,Green,13.89,2026-01-19 08:09:15
13660,Fruity,10.42,2026-01-19 08:09:15
13660,Spicy,9.72,2026-01-19 08:09:15
13661,Fruity,29.55,2026-01-19 08:09:15
13661,Floral,29.55,2026-01-19 08:09:15
13661,Fresh,20.45,2026-01-19 08:09:15
13663,Spicy,22.22,2026-01-19 08:09:15
13663,Fresh,20.83,2026-01-19 08:09:15
13663,Woody,18.06,2026-01-19 08:09:15
13663,Citrus,13.89,2026-01-19 08:09:15
13663,Synthetic,13.89,2026-01-19 08:09:15
13664,Fruity,22.22,2026-01-19 08:09:15
13664,Sweet,15.69,2026-01-19 08:09:15
13664,Floral,13.73,2026-01-19 08:09:15
13664,Woody,13.07,2026-01-19 08:09:15
13664,Oriental,12.42,2026-01-19 08:09:15
13665,Spicy,30.0,2026-01-19 08:09:15
13665,Oriental,30.0,2026-01-19 08:09:15
13667,Gourmand,17.14,2026-01-19 08:09:15
13667,Oriental,16.19,2026-01-19 08:09:15
13667,Sweet,15.24,2026-01-19 08:09:15
13667,Spicy,9.52,2026-01-19 08:09:15
13667,Synthetic,9.05,2026-01-19 08:09:15
13667,Smoky,8.1,2026-01-19 08:09:15
13668,Floral,26.32,2026-01-19 08:09:15
13668,Woody,23.68,2026-01-19 08:09:15
13668,Fresh,18.42,2026-01-19 08:09:15
13668,Sweet,10.53,2026-01-19 08:09:15
13669,Fresh,25.96,2026-01-19 08:09:15
13669,Floral,23.08,2026-01-19 08:09:15
13669,Aquatic,20.19,2026-01-19 08:09:15
13671,Sweet,27.34,2026-01-19 08:09:15
13671,Fruity,21.58,2026-01-19 08:09:15
13671,Citrus,13.67,2026-01-19 08:09:15
13671,Floral,12.95,2026-01-19 08:09:15
13672,Woody,19.64,2026-01-19 08:09:15
13672,Fresh,14.29,2026-01-19 08:09:15
13672,Spicy,12.5,2026-01-19 08:09:15
13672,Resinous,12.5,2026-01-19 08:09:15
13672,Oriental,8.93,2026-01-19 08:09:15
13673,Leathery,20.59,2026-01-19 08:09:15
13673,Fresh,19.12,2026-01-19 08:09:15
13673,Citrus,16.18,2026-01-19 08:09:15
13673,Woody,14.71,2026-01-19 08:09:15
13675,Floral,28.68,2026-01-19 08:09:15
13675,Powdery,18.38,2026-01-19 08:09:15
13675,Synthetic,11.76,2026-01-19 08:09:15
13675,Fresh,10.29,2026-01-19 08:09:15
13675,Woody,8.09,2026-01-19 08:09:15
13676,Animal,10.87,2026-01-19 08:09:15
13676,Citrus,8.7,2026-01-19 08:09:15
13676,Spicy,8.7,2026-01-19 08:09:15
13676,Woody,8.7,2026-01-19 08:09:15
13676,Resinous,8.7,2026-01-19 08:09:15
13676,Earthy,8.7,2026-01-19 08:09:15
13676,Powdery,6.52,2026-01-19 08:09:15
13676,Green,6.52,2026-01-19 08:09:15
13676,Fresh,6.52,2026-01-19 08:09:15
13676,Fougère,6.52,2026-01-19 08:09:15
13676,Floral,6.52,2026-01-19 08:09:15
13677,Fruity,30.3,2026-01-19 08:09:15
13677,Floral,25.25,2026-01-19 08:09:15
13677,Fresh,21.21,2026-01-19 08:09:15
13679,Fresh,29.17,2026-01-19 08:09:15
13679,Floral,29.17,2026-01-19 08:09:15
13679,Sweet,20.83,2026-01-19 08:09:15
13680,Sweet,24.79,2026-01-19 08:09:15
13680,Fruity,21.37,2026-01-19 08:09:15
13680,Floral,17.95,2026-01-19 08:09:15
13680,Synthetic,15.38,2026-01-19 08:09:15
13681,Fresh,18.33,2026-01-19 08:09:15
13681,Synthetic,13.33,2026-01-19 08:09:15
13681,Citrus,11.67,2026-01-19 08:09:15
13681,Woody,11.67,2026-01-19 08:09:15
13681,Spicy,10.0,2026-01-19 08:09:15
13681,Leathery,10.0,2026-01-19 08:09:15
13683,Fresh,17.14,2026-01-19 08:09:15
13683,Floral,14.29,2026-01-19 08:09:15
13683,Spicy,11.43,2026-01-19 08:09:15
13683,Fougère,11.43,2026-01-19 08:09:15
13683,Citrus,8.57,2026-01-19 08:09:15
13683,Sweet,8.57,2026-01-19 08:09:15
13683,Powdery,8.57,2026-01-19 08:09:15
13683,Green,8.57,2026-01-19 08:09:15
13685,Floral,26.73,2026-01-19 08:09:15
13685,Powdery,16.83,2026-01-19 08:09:15
13685,Fresh,16.83,2026-01-19 08:09:15
13685,Sweet,13.86,2026-01-19 08:09:15
13685,Fruity,13.86,2026-01-19 08:09:15
13687,Floral,22.22,2026-01-19 08:09:15
13687,Fresh,20.0,2026-01-19 08:09:15
13687,Powdery,15.56,2026-01-19 08:09:15
13687,Green,13.33,2026-01-19 08:09:15
13687,Woody,8.89,2026-01-19 08:09:15
13688,Citrus,19.61,2026-01-19 08:09:15
13688,Woody,17.65,2026-01-19 08:09:15
13688,Spicy,15.2,2026-01-19 08:09:15
13688,Oriental,9.8,2026-01-19 08:09:15
13688,Fresh,9.8,2026-01-19 08:09:15
13688,Resinous,6.86,2026-01-19 08:09:15
13689,Fruity,20.93,2026-01-19 08:09:15
13689,Woody,18.6,2026-01-19 08:09:15
13689,Fresh,17.44,2026-01-19 08:09:15
13689,Green,12.79,2026-01-19 08:09:15
13689,Floral,9.3,2026-01-19 08:09:15
13691,Fresh,18.18,2026-01-19 08:09:15
13691,Citrus,15.91,2026-01-19 08:09:15
13691,Fruity,15.91,2026-01-19 08:09:15
13691,Sweet,13.64,2026-01-19 08:09:15
13691,Floral,9.09,2026-01-19 08:09:15
13691,Spicy,6.82,2026-01-19 08:09:15
13691,Aquatic,6.82,2026-01-19 08:09:15
13692,Fruity,26.96,2026-01-19 08:09:15
13692,Sweet,23.48,2026-01-19 08:09:15
13692,Leathery,18.26,2026-01-19 08:09:15
13695,Citrus,20.83,2026-01-19 08:09:15
13695,Green,20.83,2026-01-19 08:09:15
13695,Fresh,20.83,2026-01-19 08:09:15
13695,Chypre,16.67,2026-01-19 08:09:15
13696,Fresh,20.93,2026-01-19 08:09:15
13696,Fougère,18.02,2026-01-19 08:09:15
13696,Aquatic,16.86,2026-01-19 08:09:15
13696,Green,10.47,2026-01-19 08:09:15
13696,Spicy,8.14,2026-01-19 08:09:15
13697,Woody,25.0,2026-01-19 08:09:15
13697,Green,25.0,2026-01-19 08:09:15
13697,Fresh,19.74,2026-01-19 08:09:15
13699,Oriental,19.66,2026-01-19 08:09:15
13699,Woody,16.29,2026-01-19 08:09:15
13699,Leathery,13.48,2026-01-19 08:09:15
13699,Floral,11.8,2026-01-19 08:09:15
13699,Smoky,11.24,2026-01-19 08:09:15
13700,Fresh,20.75,2026-01-19 08:09:15
13700,Spicy,18.87,2026-01-19 08:09:15
13700,Animal,18.87,2026-01-19 08:09:15
13700,Citrus,16.98,2026-01-19 08:09:15
13700,Floral,16.98,2026-01-19 08:09:15
13701,Sweet,25.76,2026-01-19 08:09:15
13701,Fruity,24.24,2026-01-19 08:09:15
13701,Floral,22.73,2026-01-19 08:09:15
13703,Spicy,21.69,2026-01-19 08:09:15
13703,Woody,19.88,2026-01-19 08:09:15
13703,Oriental,16.87,2026-01-19 08:09:15
13703,Floral,12.05,2026-01-19 08:09:15
13705,Sweet,25.71,2026-01-19 08:09:15
13705,Floral,24.29,2026-01-19 08:09:15
13705,Fruity,21.43,2026-01-19 08:09:15
13707,Fresh,24.04,2026-01-19 08:09:15
13707,Citrus,22.12,2026-01-19 08:09:15
13707,Spicy,21.15,2026-01-19 08:09:15
13708,Spicy,20.41,2026-01-19 08:09:15
13708,Fresh,20.41,2026-01-19 08:09:15
13708,Woody,18.37,2026-01-19 08:09:15
13708,Citrus,16.33,2026-01-19 08:09:15
13709,Fresh,29.69,2026-01-19 08:09:15
13709,Aquatic,23.44,2026-01-19 08:09:15
13709,Citrus,20.31,2026-01-19 08:09:15
13710,Synthetic,25.0,2026-01-19 08:09:15
13710,Sweet,25.0,2026-01-19 08:09:15
13710,Fruity,25.0,2026-01-19 08:09:15
13710,Fresh,25.0,2026-01-19 08:09:15
13711,Floral,22.58,2026-01-19 08:09:15
13711,Sweet,16.13,2026-01-19 08:09:15
13711,Fruity,16.13,2026-01-19 08:09:15
13711,Woody,12.9,2026-01-19 08:09:15
13711,Fresh,12.9,2026-01-19 08:09:15
13712,Woody,19.59,2026-01-19 08:09:15
13712,Spicy,18.56,2026-01-19 08:09:15
13712,Oriental,12.89,2026-01-19 08:09:15
13712,Sweet,12.37,2026-01-19 08:09:15
13712,Floral,11.34,2026-01-19 08:09:15
13713,Fruity,28.85,2026-01-19 08:09:15
13713,Synthetic,17.31,2026-01-19 08:09:15
13713,Floral,17.31,2026-01-19 08:09:15
13713,Fresh,15.38,2026-01-19 08:09:15
13715,Floral,13.64,2026-01-19 08:09:15
13715,Sweet,11.36,2026-01-19 08:09:15
13715,Powdery,11.36,2026-01-19 08:09:15
13715,Woody,11.36,2026-01-19 08:09:15
13715,Spicy,9.09,2026-01-19 08:09:15
13715,Fruity,9.09,2026-01-19 08:09:15
13715,Oriental,6.82,2026-01-19 08:09:15
13715,Green,6.82,2026-01-19 08:09:15
13715,Creamy,6.82,2026-01-19 08:09:15
13716,Floral,23.91,2026-01-19 08:09:15
13716,Sweet,21.01,2026-01-19 08:09:15
13716,Fruity,17.39,2026-01-19 08:09:15
13716,Spicy,13.77,2026-01-19 08:09:15
13720,Floral,25.71,2026-01-19 08:09:15
13720,Fresh,22.86,2026-01-19 08:09:15
13720,Sweet,17.14,2026-01-19 08:09:15
13720,Fruity,14.29,2026-01-19 08:09:15
13722,Green,27.43,2026-01-19 08:09:15
13722,Fresh,22.12,2026-01-19 08:09:15
13722,Spicy,18.58,2026-01-19 08:09:15
13723,Powdery,22.95,2026-01-19 08:09:15
13723,Floral,22.95,2026-01-19 08:09:15
13723,Sweet,18.03,2026-01-19 08:09:15
13723,Oriental,14.75,2026-01-19 08:09:15
13724,Sweet,23.08,2026-01-19 08:09:15
13724,Floral,23.08,2026-01-19 08:09:15
13724,Powdery,15.38,2026-01-19 08:09:15
13724,Leathery,15.38,2026-01-19 08:09:15
13724,Gourmand,15.38,2026-01-19 08:09:15
13726,Floral,22.49,2026-01-19 08:09:15
13726,Woody,17.22,2026-01-19 08:09:15
13726,Oriental,15.79,2026-01-19 08:09:15
13726,Spicy,11.48,2026-01-19 08:09:15
13726,Leathery,7.66,2026-01-19 08:09:15
13727,Floral,33.33,2026-01-19 08:09:15
13727,Fruity,23.53,2026-01-19 08:09:15
13727,Sweet,15.69,2026-01-19 08:09:15
13728,Spicy,22.73,2026-01-19 08:09:15
13728,Woody,22.73,2026-01-19 08:09:15
13728,Fresh,22.73,2026-01-19 08:09:15
13730,Floral,30.83,2026-01-19 08:09:15
13730,Fresh,19.55,2026-01-19 08:09:15
13730,Sweet,18.8,2026-01-19 08:09:15
13731,Spicy,27.5,2026-01-19 08:09:15
13731,Oriental,27.5,2026-01-19 08:09:15
13731,Floral,15.0,2026-01-19 08:09:15
13732,Floral,23.73,2026-01-19 08:09:15
13732,Fruity,18.64,2026-01-19 08:09:15
13732,Sweet,16.95,2026-01-19 08:09:15
13732,Fresh,13.56,2026-01-19 08:09:15
13732,Powdery,6.78,2026-01-19 08:09:15
13734,Woody,18.79,2026-01-19 08:09:15
13734,Spicy,16.78,2026-01-19 08:09:15
13734,Oriental,14.77,2026-01-19 08:09:15
13734,Citrus,14.09,2026-01-19 08:09:15
13734,Fresh,9.4,2026-01-19 08:09:15
13735,Floral,28.85,2026-01-19 08:09:15
13735,Fresh,25.0,2026-01-19 08:09:15
13735,Green,17.31,2026-01-19 08:09:15
13736,Fruity,25.0,2026-01-19 08:09:15
13736,Sweet,20.83,2026-01-19 08:09:15
13736,Floral,20.83,2026-01-19 08:09:15
13738,Fruity,26.0,2026-01-19 08:09:15
13738,Sweet,23.0,2026-01-19 08:09:15
13738,Spicy,17.0,2026-01-19 08:09:15
13739,Powdery,27.12,2026-01-19 08:09:15
13739,Fresh,20.34,2026-01-19 08:09:15
13739,Spicy,11.86,2026-01-19 08:09:15
13739,Green,11.86,2026-01-19 08:09:15
13739,Creamy,8.47,2026-01-19 08:09:15
13740,Spicy,12.82,2026-01-19 08:09:15
13740,Oriental,10.26,2026-01-19 08:09:15
13740,Woody,10.26,2026-01-19 08:09:15
13740,Resinous,10.26,2026-01-19 08:09:15
13740,Fruity,10.26,2026-01-19 08:09:15
13740,Floral,10.26,2026-01-19 08:09:15
13740,Smoky,7.69,2026-01-19 08:09:15
13740,Leathery,7.69,2026-01-19 08:09:15
13743,Citrus,19.39,2026-01-19 08:09:15
13743,Leathery,15.31,2026-01-19 08:09:15
13743,Floral,14.29,2026-01-19 08:09:15
13743,Synthetic,12.24,2026-01-19 08:09:15
13743,Sweet,12.24,2026-01-19 08:09:15
13744,Floral,26.15,2026-01-19 08:09:15
13744,Fruity,21.54,2026-01-19 08:09:15
13744,Sweet,18.46,2026-01-19 08:09:15
13744,Fresh,18.46,2026-01-19 08:09:15
13746,Fresh,21.43,2026-01-19 08:09:15
13746,Floral,21.43,2026-01-19 08:09:15
13746,Green,14.29,2026-01-19 08:09:15
13746,Fruity,14.29,2026-01-19 08:09:15
13749,Smoky,18.42,2026-01-19 08:09:15
13749,Woody,16.67,2026-01-19 08:09:15
13749,Leathery,15.79,2026-01-19 08:09:15
13749,Oriental,14.91,2026-01-19 08:09:15
13749,Spicy,14.04,2026-01-19 08:09:15
13750,Floral,25.0,2026-01-19 08:09:15
13750,Fresh,20.83,2026-01-19 08:09:15
13750,Powdery,16.67,2026-01-19 08:09:15
13750,Green,16.67,2026-01-19 08:09:15
13751,Fresh,20.59,2026-01-19 08:09:15
13751,Woody,14.71,2026-01-19 08:09:15
13751,Fruity,11.76,2026-01-19 08:09:15
13751,Earthy,11.76,2026-01-19 08:09:15
13751,Floral,11.76,2026-01-19 08:09:15
13754,Citrus,21.05,2026-01-19 08:09:15
13754,Green,21.05,2026-01-19 08:09:15
13754,Fresh,21.05,2026-01-19 08:09:15
13754,Floral,21.05,2026-01-19 08:09:15
13755,Spicy,24.14,2026-01-19 08:09:15
13755,Sweet,24.14,2026-01-19 08:09:15
13755,Citrus,20.69,2026-01-19 08:09:15
13757,Sweet,24.76,2026-01-19 08:09:15
13757,Fruity,24.76,2026-01-19 08:09:15
13757,Synthetic,20.95,2026-01-19 08:09:15
13758,Spicy,15.56,2026-01-19 08:09:15
13758,Fresh,15.56,2026-01-19 08:09:15
13758,Citrus,13.33,2026-01-19 08:09:15
13758,Aquatic,13.33,2026-01-19 08:09:15
13758,Woody,8.89,2026-01-19 08:09:15
13758,Green,8.89,2026-01-19 08:09:15
13759,Citrus,25.0,2026-01-19 08:09:15
13759,Woody,25.0,2026-01-19 08:09:15
13759,Fresh,21.43,2026-01-19 08:09:15
13761,Chypre,18.75,2026-01-19 08:09:15
13761,Floral,18.75,2026-01-19 08:09:15
13761,Sweet,16.48,2026-01-19 08:09:15
13761,Spicy,14.77,2026-01-19 08:09:15
13762,Citrus,21.88,2026-01-19 08:09:15
13762,Spicy,21.88,2026-01-19 08:09:15
13762,Woody,21.88,2026-01-19 08:09:15
13762,Fresh,21.88,2026-01-19 08:09:15
13763,Fresh,25.81,2026-01-19 08:09:15
13763,Fruity,24.19,2026-01-19 08:09:15
13763,Floral,20.97,2026-01-19 08:09:15
13765,Sweet,17.14,2026-01-19 08:09:15
13765,Woody,17.14,2026-01-19 08:09:15
13765,Spicy,16.57,2026-01-19 08:09:15
13765,Oriental,10.86,2026-01-19 08:09:15
13765,Gourmand,10.86,2026-01-19 08:09:15
13767,Fruity,23.26,2026-01-19 08:09:15
13767,Floral,23.26,2026-01-19 08:09:15
13767,Sweet,20.93,2026-01-19 08:09:15
13769,Resinous,16.22,2026-01-19 08:09:15
13769,Spicy,15.54,2026-01-19 08:09:15
13769,Woody,15.54,2026-01-19 08:09:15
13769,Smoky,12.84,2026-01-19 08:09:15
13769,Oriental,12.16,2026-01-19 08:09:15
13770,Woody,22.22,2026-01-19 08:09:15
13770,Floral,22.22,2026-01-19 08:09:15
13770,Sweet,16.67,2026-01-19 08:09:15
13770,Powdery,16.67,2026-01-19 08:09:15
13771,Woody,19.61,2026-01-19 08:09:15
13771,Fresh,15.69,2026-01-19 08:09:15
13771,Aquatic,15.69,2026-01-19 08:09:15
13771,Citrus,9.8,2026-01-19 08:09:15
13771,Spicy,9.8,2026-01-19 08:09:15
13773,Fruity,20.67,2026-01-19 08:09:15
13773,Woody,19.33,2026-01-19 08:09:15
13773,Fresh,15.33,2026-01-19 08:09:15
13773,Spicy,14.0,2026-01-19 08:09:15
13779,Fruity,31.25,2026-01-19 08:09:15
13779,Floral,31.25,2026-01-19 08:09:15
13781,Woody,20.27,2026-01-19 08:09:15
13781,Oriental,18.24,2026-01-19 08:09:15
13781,Spicy,17.57,2026-01-19 08:09:15
13781,Synthetic,12.84,2026-01-19 08:09:15
13781,Floral,10.81,2026-01-19 08:09:15
13783,Fruity,25.0,2026-01-19 08:09:15
13783,Floral,25.0,2026-01-19 08:09:15
13783,Fresh,18.75,2026-01-19 08:09:15
13784,Floral,24.77,2026-01-19 08:09:15
13784,Oriental,19.27,2026-01-19 08:09:15
13784,Woody,18.35,2026-01-19 08:09:15
13784,Spicy,15.6,2026-01-19 08:09:15
13786,Sweet,25.0,2026-01-19 08:09:15
13786,Fruity,22.73,2026-01-19 08:09:15
13786,Floral,18.18,2026-01-19 08:09:15
13786,Fresh,13.64,2026-01-19 08:09:15
13788,Floral,40.51,2026-01-19 08:09:15
13790,Floral,28.21,2026-01-19 08:09:15
13790,Sweet,20.51,2026-01-19 08:09:15
13790,Fruity,15.38,2026-01-19 08:09:15
13790,Fresh,10.26,2026-01-19 08:09:15
13792,Floral,29.37,2026-01-19 08:09:15
13792,Oriental,16.67,2026-01-19 08:09:15
13792,Spicy,12.7,2026-01-19 08:09:15
13792,Woody,11.11,2026-01-19 08:09:15
13794,Citrus,18.52,2026-01-19 08:09:15
13794,Spicy,18.52,2026-01-19 08:09:15
13794,Leathery,18.52,2026-01-19 08:09:15
13794,Sweet,11.11,2026-01-19 08:09:15
13794,Woody,11.11,2026-01-19 08:09:15
13795,Animal,30.0,2026-01-19 08:09:15
13795,Spicy,15.0,2026-01-19 08:09:15
13795,Floral,15.0,2026-01-19 08:09:15
13795,Green,10.0,2026-01-19 08:09:15
13795,Fresh,10.0,2026-01-19 08:09:15
13796,Spicy,19.23,2026-01-19 08:09:15
13796,Smoky,17.95,2026-01-19 08:09:15
13796,Woody,17.95,2026-01-19 08:09:15
13796,Oriental,15.38,2026-01-19 08:09:15
13798,Floral,21.74,2026-01-19 08:09:15
13798,Sweet,17.39,2026-01-19 08:09:15
13798,Powdery,15.22,2026-01-19 08:09:15
13799,Fresh,22.73,2026-01-19 08:09:15
13799,Spicy,18.18,2026-01-19 08:09:15
13799,Citrus,13.64,2026-01-19 08:09:15
13799,Woody,13.64,2026-01-19 08:09:15
13800,Sweet,21.1,2026-01-19 08:09:15
13800,Floral,19.27,2026-01-19 08:09:15
13800,Fruity,18.35,2026-01-19 08:09:15
13800,Gourmand,13.76,2026-01-19 08:09:15
13802,Powdery,20.69,2026-01-19 08:09:15
13802,Floral,20.69,2026-01-19 08:09:15
13802,Spicy,17.24,2026-01-19 08:09:15
13802,Sweet,13.79,2026-01-19 08:09:15
13803,Sweet,18.75,2026-01-19 08:09:15
13803,Floral,18.75,2026-01-19 08:09:15
13803,Citrus,12.5,2026-01-19 08:09:15
13803,Spicy,12.5,2026-01-19 08:09:15
13803,Powdery,12.5,2026-01-19 08:09:15
13803,Woody,12.5,2026-01-19 08:09:15
13803,Resinous,12.5,2026-01-19 08:09:15
13805,Fruity,24.76,2026-01-19 08:09:15
13805,Sweet,20.0,2026-01-19 08:09:15
13805,Synthetic,15.24,2026-01-19 08:09:15
13805,Floral,14.29,2026-01-19 08:09:15
13806,Woody,16.0,2026-01-19 08:09:15
13806,Fresh,16.0,2026-01-19 08:09:15
13806,Citrus,12.0,2026-01-19 08:09:15
13806,Green,12.0,2026-01-19 08:09:15
13806,Fruity,12.0,2026-01-19 08:09:15
13807,Fresh,23.81,2026-01-19 08:09:15
13807,Citrus,19.05,2026-01-19 08:09:15
13807,Woody,19.05,2026-01-19 08:09:15
13807,Floral,19.05,2026-01-19 08:09:15
13809,Leathery,23.08,2026-01-19 08:09:15
13809,Earthy,23.08,2026-01-19 08:09:15
13809,Smoky,13.85,2026-01-19 08:09:15
13809,Woody,13.85,2026-01-19 08:09:15
13810,Floral,33.33,2026-01-19 08:09:15
13810,Leathery,28.57,2026-01-19 08:09:15
13811,Floral,22.73,2026-01-19 08:09:15
13811,Oriental,18.18,2026-01-19 08:09:15
13811,Fresh,18.18,2026-01-19 08:09:15
13811,Spicy,9.09,2026-01-19 08:09:15
13811,Resinous,9.09,2026-01-19 08:09:15
13813,Floral,33.72,2026-01-19 08:09:15
13813,Oriental,17.44,2026-01-19 08:09:15
13813,Woody,13.95,2026-01-19 08:09:15
13813,Sweet,12.79,2026-01-19 08:09:15
13814,Fruity,25.64,2026-01-19 08:09:15
13814,Sweet,23.08,2026-01-19 08:09:15
13814,Floral,20.51,2026-01-19 08:09:15
13815,Floral,28.57,2026-01-19 08:09:15
13815,Citrus,23.81,2026-01-19 08:09:15
13815,Fresh,23.81,2026-01-19 08:09:15
13817,Citrus,19.74,2026-01-19 08:09:15
13817,Fresh,16.45,2026-01-19 08:09:15
13817,Spicy,15.13,2026-01-19 08:09:15
13817,Woody,11.84,2026-01-19 08:09:15
13817,Green,11.18,2026-01-19 08:09:15
13818,Fruity,22.73,2026-01-19 08:09:15
13818,Floral,22.73,2026-01-19 08:09:15
13818,Sweet,18.18,2026-01-19 08:09:15
13818,Fresh,18.18,2026-01-19 08:09:15
13822,Sweet,19.05,2026-01-19 08:09:15
13822,Spicy,14.29,2026-01-19 08:09:15
13822,Leathery,14.29,2026-01-19 08:09:15
13822,Powdery,9.52,2026-01-19 08:09:15
13822,Woody,9.52,2026-01-19 08:09:15
13823,Green,25.0,2026-01-19 08:09:15
13823,Floral,25.0,2026-01-19 08:09:15
13823,Powdery,15.0,2026-01-19 08:09:15
13825,Woody,22.12,2026-01-19 08:09:15
13825,Floral,22.12,2026-01-19 08:09:15
13825,Spicy,17.7,2026-01-19 08:09:15
13825,Oriental,15.93,2026-01-19 08:09:15
13826,Synthetic,17.86,2026-01-19 08:09:15
13826,Sweet,17.86,2026-01-19 08:09:15
13826,Fruity,17.86,2026-01-19 08:09:15
13826,Floral,17.86,2026-01-19 08:09:15
13827,Spicy,20.0,2026-01-19 08:09:15
13827,Synthetic,20.0,2026-01-19 08:09:15
13827,Sweet,20.0,2026-01-19 08:09:15
13827,Gourmand,20.0,2026-01-19 08:09:15
13827,Floral,20.0,2026-01-19 08:09:15
13829,Floral,21.14,2026-01-19 08:09:15
13829,Oriental,17.89,2026-01-19 08:09:15
13829,Woody,17.89,2026-01-19 08:09:15
13829,Sweet,13.01,2026-01-19 08:09:15
13830,Fruity,40.0,2026-01-19 08:09:15
13830,Citrus,20.0,2026-01-19 08:09:15
13830,Fresh,20.0,2026-01-19 08:09:15
13830,Floral,20.0,2026-01-19 08:09:15
13833,Floral,20.54,2026-01-19 08:09:15
13833,Woody,18.75,2026-01-19 08:09:15
13833,Oriental,15.18,2026-01-19 08:09:15
13833,Green,12.5,2026-01-19 08:09:15
13833,Resinous,10.71,2026-01-19 08:09:15
13834,Floral,33.33,2026-01-19 08:09:15
13834,Fresh,25.0,2026-01-19 08:09:15
13834,Creamy,16.67,2026-01-19 08:09:15
13835,Sweet,16.67,2026-01-19 08:09:15
13835,Powdery,16.67,2026-01-19 08:09:15
13835,Oriental,16.67,2026-01-19 08:09:15
13835,Fruity,16.67,2026-01-19 08:09:15
13835,Creamy,16.67,2026-01-19 08:09:15
13835,Floral,16.67,2026-01-19 08:09:15
13837,Fruity,33.33,2026-01-19 08:09:15
13837,Floral,33.33,2026-01-19 08:09:15
13841,Spicy,14.77,2026-01-19 08:09:15
13841,Leathery,13.64,2026-01-19 08:09:15
13841,Woody,13.64,2026-01-19 08:09:15
13841,Oriental,12.5,2026-01-19 08:09:15
13841,Animal,7.95,2026-01-19 08:09:15
13841,Sweet,6.82,2026-01-19 08:09:15
13841,Fruity,6.82,2026-01-19 08:09:15
13842,Powdery,25.0,2026-01-19 08:09:15
13842,Floral,25.0,2026-01-19 08:09:15
13842,Fresh,20.83,2026-01-19 08:09:15
13843,Fruity,18.6,2026-01-19 08:09:15
13843,Floral,18.6,2026-01-19 08:09:15
13843,Sweet,16.28,2026-01-19 08:09:15
13843,Fresh,16.28,2026-01-19 08:09:15
13845,Floral,23.42,2026-01-19 08:09:15
13845,Fruity,17.12,2026-01-19 08:09:15
13845,Sweet,15.32,2026-01-19 08:09:15
13845,Fresh,12.61,2026-01-19 08:09:15
13845,Synthetic,10.81,2026-01-19 08:09:15
13846,Floral,27.27,2026-01-19 08:09:15
13846,Sweet,21.21,2026-01-19 08:09:15
13846,Fruity,15.15,2026-01-19 08:09:15
13846,Spicy,9.09,2026-01-19 08:09:15
13846,Fresh,9.09,2026-01-19 08:09:15
13847,Sweet,16.67,2026-01-19 08:09:15
13847,Fruity,16.67,2026-01-19 08:09:15
13847,Fresh,16.67,2026-01-19 08:09:15
13847,Floral,16.67,2026-01-19 08:09:15
13847,Spicy,8.33,2026-01-19 08:09:15
13847,Woody,8.33,2026-01-19 08:09:15
13849,Fresh,20.0,2026-01-19 08:09:15
13849,Citrus,17.78,2026-01-19 08:09:15
13849,Aquatic,15.56,2026-01-19 08:09:15
13849,Synthetic,13.33,2026-01-19 08:09:15
13849,Floral,11.11,2026-01-19 08:09:15
13850,Floral,33.33,2026-01-19 08:09:15
13850,Spicy,22.22,2026-01-19 08:09:15
13850,Sweet,11.11,2026-01-19 08:09:15
13850,Green,11.11,2026-01-19 08:09:15
13850,Fresh,11.11,2026-01-19 08:09:15
13850,Creamy,11.11,2026-01-19 08:09:15
13851,Woody,20.0,2026-01-19 08:09:15
13851,Spicy,16.0,2026-01-19 08:09:15
13851,Fruity,16.0,2026-01-19 08:09:15
13851,Floral,16.0,2026-01-19 08:09:15
13853,Fruity,15.79,2026-01-19 08:09:15
13853,Citrus,10.53,2026-01-19 08:09:15
13853,Spicy,10.53,2026-01-19 08:09:15
13853,Oriental,10.53,2026-01-19 08:09:15
13853,Leathery,10.53,2026-01-19 08:09:15
13853,Woody,10.53,2026-01-19 08:09:15
13853,Resinous,10.53,2026-01-19 08:09:15
13854,Woody,20.0,2026-01-19 08:09:15
13854,Oriental,18.89,2026-01-19 08:09:15
13854,Leathery,13.33,2026-01-19 08:09:15
13854,Floral,13.33,2026-01-19 08:09:15
13854,Spicy,12.22,2026-01-19 08:09:15
13855,Citrus,16.67,2026-01-19 08:09:15
13855,Synthetic,16.67,2026-01-19 08:09:15
13855,Sweet,16.67,2026-01-19 08:09:15
13855,Fruity,16.67,2026-01-19 08:09:15
13855,Fresh,16.67,2026-01-19 08:09:15
13855,Aquatic,16.67,2026-01-19 08:09:15
13857,Oriental,16.67,2026-01-19 08:09:15
13857,Woody,16.67,2026-01-19 08:09:15
13857,Spicy,15.15,2026-01-19 08:09:15
13857,Sweet,13.64,2026-01-19 08:09:15
13857,Fruity,12.12,2026-01-19 08:09:15
13858,Sweet,28.57,2026-01-19 08:09:15
13858,Fruity,28.57,2026-01-19 08:09:15
13858,Floral,28.57,2026-01-19 08:09:15
13861,Floral,29.07,2026-01-19 08:09:15
13861,Oriental,23.26,2026-01-19 08:09:15
13861,Woody,23.26,2026-01-19 08:09:15
13862,Floral,26.67,2026-01-19 08:09:15
13862,Citrus,13.33,2026-01-19 08:09:15
13862,Powdery,13.33,2026-01-19 08:09:15
13862,Fresh,13.33,2026-01-19 08:09:15
13862,Creamy,13.33,2026-01-19 08:09:15
13863,Spicy,16.67,2026-01-19 08:09:15
13863,Powdery,16.67,2026-01-19 08:09:15
13863,Woody,16.67,2026-01-19 08:09:15
13863,Green,16.67,2026-01-19 08:09:15
13863,Chypre,16.67,2026-01-19 08:09:15
13863,Floral,16.67,2026-01-19 08:09:15
13865,Spicy,25.0,2026-01-19 08:09:15
13865,Sweet,25.0,2026-01-19 08:09:15
13865,Creamy,25.0,2026-01-19 08:09:15
13865,Floral,25.0,2026-01-19 08:09:15
13866,Floral,20.0,2026-01-19 08:09:15
13866,Sweet,17.14,2026-01-19 08:09:15
13866,Fruity,16.19,2026-01-19 08:09:15
13866,Spicy,11.43,2026-01-19 08:09:15
13866,Synthetic,7.62,2026-01-19 08:09:15
13866,Powdery,6.67,2026-01-19 08:09:15
13869,Woody,17.89,2026-01-19 08:09:15
13869,Green,16.84,2026-01-19 08:09:15
13869,Fresh,15.79,2026-01-19 08:09:15
13869,Spicy,12.63,2026-01-19 08:09:15
13869,Aquatic,10.53,2026-01-19 08:09:15
13870,Spicy,20.59,2026-01-19 08:09:15
13870,Fougère,17.65,2026-01-19 08:09:15
13870,Earthy,17.65,2026-01-19 08:09:15
13870,Citrus,14.71,2026-01-19 08:09:15
13873,Woody,21.78,2026-01-19 08:09:15
13873,Spicy,15.84,2026-01-19 08:09:15
13873,Citrus,13.86,2026-01-19 08:09:15
13873,Oriental,11.88,2026-01-19 08:09:15
13873,Synthetic,10.89,2026-01-19 08:09:15
13876,Sweet,12.5,2026-01-19 08:09:15
13876,Powdery,12.5,2026-01-19 08:09:15
13876,Woody,12.5,2026-01-19 08:09:15
13876,Fruity,12.5,2026-01-19 08:09:15
13876,Floral,12.5,2026-01-19 08:09:15
13877,Woody,22.12,2026-01-19 08:09:15
13877,Smoky,20.19,2026-01-19 08:09:15
13877,Sweet,17.31,2026-01-19 08:09:15
13877,Spicy,14.42,2026-01-19 08:09:15
13881,Fruity,29.41,2026-01-19 08:09:15
13881,Sweet,20.59,2026-01-19 08:09:15
13881,Fresh,20.59,2026-01-19 08:09:15
13882,Fruity,40.0,2026-01-19 08:09:15
13882,Floral,40.0,2026-01-19 08:09:15
13885,Oriental,16.88,2026-01-19 08:09:15
13885,Leathery,15.58,2026-01-19 08:09:15
13885,Woody,12.99,2026-01-19 08:09:15
13885,Sweet,11.69,2026-01-19 08:09:15
13885,Spicy,10.39,2026-01-19 08:09:15
13885,Earthy,9.09,2026-01-19 08:09:15
13886,Fruity,25.0,2026-01-19 08:09:15
13886,Fresh,25.0,2026-01-19 08:09:15
13886,Sweet,18.75,2026-01-19 08:09:15
13886,Floral,18.75,2026-01-19 08:09:15
13888,Spicy,25.0,2026-01-19 08:09:15
13888,Oriental,25.0,2026-01-19 08:09:15
13888,Resinous,25.0,2026-01-19 08:09:15
13888,Creamy,25.0,2026-01-19 08:09:15
13890,Sweet,33.33,2026-01-19 08:09:15
13890,Oriental,33.33,2026-01-19 08:09:15
13890,Floral,33.33,2026-01-19 08:09:15
13894,Spicy,15.38,2026-01-19 08:09:15
13894,Sweet,15.38,2026-01-19 08:09:15
13894,Oriental,15.38,2026-01-19 08:09:15
13894,Woody,15.38,2026-01-19 08:09:15
13896,Fruity,19.05,2026-01-19 08:09:15
13896,Fresh,19.05,2026-01-19 08:09:15
13896,Sweet,14.29,2026-01-19 08:09:15
13896,Floral,14.29,2026-01-19 08:09:15
13896,Green,9.52,2026-01-19 08:09:15
13900,Floral,21.74,2026-01-19 08:09:15
13900,Fruity,17.39,2026-01-19 08:09:15
13900,Citrus,13.04,2026-01-19 08:09:15
13900,Synthetic,13.04,2026-01-19 08:09:15
13900,Sweet,13.04,2026-01-19 08:09:15
13902,Spicy,25.0,2026-01-19 08:09:15
13902,Sweet,25.0,2026-01-19 08:09:15
13902,Woody,25.0,2026-01-19 08:09:15
13904,Fresh,18.18,2026-01-19 08:09:15
13904,Aquatic,18.18,2026-01-19 08:09:15
13904,Citrus,13.64,2026-01-19 08:09:15
13904,Green,13.64,2026-01-19 08:09:15
13904,Floral,13.64,2026-01-19 08:09:15
13912,Oriental,17.39,2026-01-19 08:09:15
13912,Woody,17.39,2026-01-19 08:09:15
13912,Spicy,13.04,2026-01-19 08:09:15
13912,Floral,13.04,2026-01-19 08:09:15
13912,Sweet,8.7,2026-01-19 08:09:15
13912,Gourmand,8.7,2026-01-19 08:09:15
13912,Fresh,8.7,2026-01-19 08:09:15
13914,Powdery,16.67,2026-01-19 08:09:15
13914,Woody,16.67,2026-01-19 08:09:15
13914,Floral,16.67,2026-01-19 08:09:15
13914,Green,13.33,2026-01-19 08:09:15
13914,Fresh,13.33,2026-01-19 08:09:15
13915,Synthetic,21.43,2026-01-19 08:09:15
13915,Fresh,21.43,2026-01-19 08:09:15
13915,Spicy,14.29,2026-01-19 08:09:15
13915,Floral,14.29,2026-01-19 08:09:15
13917,Sweet,50.0,2026-01-19 08:09:15
13917,Fruity,50.0,2026-01-19 08:09:15
13918,Floral,40.0,2026-01-19 08:09:15
13918,Fruity,20.0,2026-01-19 08:09:15
13918,Fresh,20.0,2026-01-19 08:09:15
13918,Creamy,20.0,2026-01-19 08:09:15
13919,Woody,25.0,2026-01-19 08:09:15
13919,Floral,25.0,2026-01-19 08:09:15
13919,Spicy,12.5,2026-01-19 08:09:15
13919,Sweet,12.5,2026-01-19 08:09:15
13919,Oriental,12.5,2026-01-19 08:09:15
13919,Animal,12.5,2026-01-19 08:09:15
13927,Fresh,25.0,2026-01-19 08:09:15
13927,Creamy,25.0,2026-01-19 08:09:15
13927,Floral,25.0,2026-01-19 08:09:15
13927,Aquatic,25.0,2026-01-19 08:09:15
13935,Spicy,22.22,2026-01-19 08:09:15
13935,Green,22.22,2026-01-19 08:09:15
13935,Powdery,11.11,2026-01-19 08:09:15
13935,Woody,11.11,2026-01-19 08:09:15
13935,Fruity,11.11,2026-01-19 08:09:15
13935,Fresh,11.11,2026-01-19 08:09:15
13935,Floral,11.11,2026-01-19 08:09:15
13942,Oriental,25.0,2026-01-19 08:09:15
13942,Woody,25.0,2026-01-19 08:09:15
13942,Green,25.0,2026-01-19 08:09:15
13942,Chypre,25.0,2026-01-19 08:09:15
13947,Sweet,33.33,2026-01-19 08:09:15
13947,Fresh,33.33,2026-01-19 08:09:15
13947,Floral,33.33,2026-01-19 08:09:15
13959,Spicy,20.0,2026-01-19 08:09:15
13959,Leathery,20.0,2026-01-19 08:09:15
13959,Woody,20.0,2026-01-19 08:09:15
13959,Creamy,20.0,2026-01-19 08:09:15
13959,Floral,20.0,2026-01-19 08:09:15
13973,Floral,26.87,2026-01-19 08:09:15
13973,Sweet,17.91,2026-01-19 08:09:15
13973,Fruity,14.93,2026-01-19 08:09:15
13973,Fresh,14.93,2026-01-19 08:09:15
13977,Aquatic,21.71,2026-01-19 08:09:15
13977,Fresh,19.38,2026-01-19 08:09:15
13977,Spicy,16.28,2026-01-19 08:09:15
13977,Woody,16.28,2026-01-19 08:09:15
13981,Woody,21.15,2026-01-19 08:09:15
13981,Spicy,16.35,2026-01-19 08:09:15
13981,Floral,13.46,2026-01-19 08:09:15
13981,Resinous,10.58,2026-01-19 08:09:15
13981,Fougère,10.58,2026-01-19 08:09:15
13985,Chypre,24.32,2026-01-19 08:09:15
13985,Fruity,22.97,2026-01-19 08:09:15
13985,Floral,22.97,2026-01-19 08:09:15
13988,Spicy,24.24,2026-01-19 08:09:15
13988,Woody,19.7,2026-01-19 08:09:15
13988,Oriental,18.18,2026-01-19 08:09:15
13988,Synthetic,10.61,2026-01-19 08:09:15
13992,Sweet,22.22,2026-01-19 08:09:15
13992,Floral,22.22,2026-01-19 08:09:15
13992,Synthetic,19.05,2026-01-19 08:09:15
13992,Fruity,11.11,2026-01-19 08:09:15
13996,Woody,22.08,2026-01-19 08:09:15
13996,Citrus,19.48,2026-01-19 08:09:15
13996,Fougère,14.29,2026-01-19 08:09:15
13996,Spicy,12.99,2026-01-19 08:09:15
13996,Green,9.09,2026-01-19 08:09:15
14000,Oriental,20.83,2026-01-19 08:09:15
14000,Woody,16.67,2026-01-19 08:09:15
14000,Floral,15.28,2026-01-19 08:09:15
14000,Smoky,11.11,2026-01-19 08:09:15
14000,Sweet,9.72,2026-01-19 08:09:15
14005,Floral,23.64,2026-01-19 08:09:15
14005,Spicy,16.36,2026-01-19 08:09:15
14005,Oriental,14.55,2026-01-19 08:09:15
14005,Powdery,12.73,2026-01-19 08:09:15
14005,Woody,12.73,2026-01-19 08:09:15
14009,Floral,25.3,2026-01-19 08:09:15
14009,Fresh,20.48,2026-01-19 08:09:15
14009,Fruity,16.87,2026-01-19 08:09:15
14009,Green,15.66,2026-01-19 08:09:15
14014,Floral,21.11,2026-01-19 08:09:15
14014,Woody,18.89,2026-01-19 08:09:15
14014,Smoky,12.22,2026-01-19 08:09:15
14014,Green,10.0,2026-01-19 08:09:15
14014,Spicy,8.89,2026-01-19 08:09:15
14014,Sweet,5.56,2026-01-19 08:09:15
14014,Oriental,5.56,2026-01-19 08:09:15
14017,Floral,21.33,2026-01-19 08:09:15
14017,Fruity,20.0,2026-01-19 08:09:15
14017,Sweet,18.67,2026-01-19 08:09:15
14017,Synthetic,16.0,2026-01-19 08:09:15
14022,Spicy,19.35,2026-01-19 08:09:15
14022,Oriental,19.35,2026-01-19 08:09:15
14022,Floral,19.35,2026-01-19 08:09:15
14022,Woody,14.52,2026-01-19 08:09:15
14025,Oriental,19.74,2026-01-19 08:09:15
14025,Woody,19.74,2026-01-19 08:09:15
14025,Floral,15.79,2026-01-19 08:09:15
14025,Spicy,13.16,2026-01-19 08:09:15
14025,Resinous,10.53,2026-01-19 08:09:15
14029,Powdery,20.41,2026-01-19 08:09:15
14029,Woody,20.41,2026-01-19 08:09:15
14029,Oriental,18.37,2026-01-19 08:09:15
14029,Synthetic,12.24,2026-01-19 08:09:15
14029,Fresh,12.24,2026-01-19 08:09:15
14033,Floral,28.95,2026-01-19 08:09:15
14033,Fruity,23.68,2026-01-19 08:09:15
14033,Sweet,15.79,2026-01-19 08:09:15
14037,Animal,20.59,2026-01-19 08:09:15
14037,Spicy,19.12,2026-01-19 08:09:15
14037,Oriental,13.24,2026-01-19 08:09:15
14037,Woody,13.24,2026-01-19 08:09:15
14037,Sweet,11.76,2026-01-19 08:09:15
14042,Spicy,21.92,2026-01-19 08:09:15
14042,Woody,21.92,2026-01-19 08:09:15
14042,Oriental,19.18,2026-01-19 08:09:15
14049,Floral,30.23,2026-01-19 08:09:15
14049,Sweet,16.28,2026-01-19 08:09:15
14049,Woody,16.28,2026-01-19 08:09:15
14049,Fruity,16.28,2026-01-19 08:09:15
14090,Floral,28.38,2026-01-19 08:09:15
14090,Fruity,18.92,2026-01-19 08:09:15
14090,Fresh,16.22,2026-01-19 08:09:15
14090,Sweet,14.86,2026-01-19 08:09:15
14094,Woody,23.19,2026-01-19 08:09:15
14094,Oriental,18.84,2026-01-19 08:09:15
14094,Resinous,18.84,2026-01-19 08:09:15
14094,Smoky,15.94,2026-01-19 08:09:15
14102,Oriental,21.43,2026-01-19 08:09:15
14102,Woody,19.64,2026-01-19 08:09:15
14102,Floral,16.07,2026-01-19 08:09:15
14102,Spicy,14.29,2026-01-19 08:09:15
14106,Sweet,23.44,2026-01-19 08:09:15
14106,Powdery,23.44,2026-01-19 08:09:15
14106,Floral,20.31,2026-01-19 08:09:15
14110,Floral,24.24,2026-01-19 08:09:15
14110,Sweet,21.21,2026-01-19 08:09:15
14110,Fruity,18.18,2026-01-19 08:09:15
14110,Synthetic,15.15,2026-01-19 08:09:15
14110,Fresh,15.15,2026-01-19 08:09:15
14114,Floral,25.64,2026-01-19 08:09:15
14114,Sweet,23.08,2026-01-19 08:09:15
14114,Spicy,15.38,2026-01-19 08:09:15
14114,Woody,12.82,2026-01-19 08:09:15
14118,Woody,22.73,2026-01-19 08:09:15
14118,Floral,20.45,2026-01-19 08:09:15
14118,Synthetic,18.18,2026-01-19 08:09:15
14118,Spicy,13.64,2026-01-19 08:09:15
14122,Fruity,25.45,2026-01-19 08:09:15
14122,Woody,20.0,2026-01-19 08:09:15
14122,Synthetic,18.18,2026-01-19 08:09:15
14122,Sweet,16.36,2026-01-19 08:09:15
14126,Woody,22.39,2026-01-19 08:09:15
14126,Smoky,17.91,2026-01-19 08:09:15
14126,Oriental,17.91,2026-01-19 08:09:15
14126,Spicy,14.93,2026-01-19 08:09:15
14130,Spicy,24.14,2026-01-19 08:09:15
14130,Sweet,24.14,2026-01-19 08:09:15
14130,Leathery,20.69,2026-01-19 08:09:15
14130,Woody,20.69,2026-01-19 08:09:15
14134,Floral,28.26,2026-01-19 08:09:15
14134,Synthetic,21.74,2026-01-19 08:09:15
14134,Fresh,17.39,2026-01-19 08:09:15
14138,Floral,26.53,2026-01-19 08:09:15
14138,Fruity,24.49,2026-01-19 08:09:15
14138,Woody,18.37,2026-01-19 08:09:15
14141,Floral,33.33,2026-01-19 08:09:15
14141,Powdery,21.43,2026-01-19 08:09:15
14141,Fruity,16.67,2026-01-19 08:09:15
14145,Spicy,27.03,2026-01-19 08:09:15
14145,Oriental,18.92,2026-01-19 08:09:15
14145,Woody,18.92,2026-01-19 08:09:15
14145,Resinous,18.92,2026-01-19 08:09:15
14150,Floral,22.73,2026-01-19 08:09:15
14150,Synthetic,20.45,2026-01-19 08:09:15
14150,Animal,20.45,2026-01-19 08:09:15
14150,Fruity,15.91,2026-01-19 08:09:15
14151,Floral,18.7,2026-01-19 08:09:15
14151,Chypre,18.18,2026-01-19 08:09:15
14151,Spicy,15.32,2026-01-19 08:09:15
14151,Green,13.77,2026-01-19 08:09:15
14151,Powdery,11.69,2026-01-19 08:09:15
14153,Floral,29.27,2026-01-19 08:09:15
14153,Green,21.95,2026-01-19 08:09:15
14153,Oriental,17.07,2026-01-19 08:09:15
14153,Earthy,9.76,2026-01-19 08:09:15
14155,Spicy,21.09,2026-01-19 08:09:15
14155,Sweet,17.57,2026-01-19 08:09:15
14155,Woody,15.02,2026-01-19 08:09:15
14155,Smoky,14.7,2026-01-19 08:09:15
14155,Creamy,7.99,2026-01-19 08:09:15
14157,Floral,26.47,2026-01-19 08:09:15
14157,Woody,20.59,2026-01-19 08:09:15
14157,Sweet,17.65,2026-01-19 08:09:15
14157,Spicy,14.71,2026-01-19 08:09:15
14157,Creamy,14.71,2026-01-19 08:09:15
14159,Woody,24.62,2026-01-19 08:09:15
14159,Floral,22.73,2026-01-19 08:09:15
14159,Smoky,13.64,2026-01-19 08:09:15
14159,Fresh,12.88,2026-01-19 08:09:15
14162,Floral,25.64,2026-01-19 08:09:15
14162,Green,23.08,2026-01-19 08:09:15
14162,Fresh,15.38,2026-01-19 08:09:15
14162,Synthetic,12.82,2026-01-19 08:09:15
14163,Spicy,26.05,2026-01-19 08:09:15
14163,Green,25.58,2026-01-19 08:09:15
14163,Fresh,18.6,2026-01-19 08:09:15
14166,Floral,23.08,2026-01-19 08:09:15
14166,Oriental,20.51,2026-01-19 08:09:15
14166,Resinous,17.95,2026-01-19 08:09:15
14166,Spicy,10.26,2026-01-19 08:09:15
14166,Synthetic,7.69,2026-01-19 08:09:15
14167,Floral,28.5,2026-01-19 08:09:15
14167,Fruity,27.0,2026-01-19 08:09:15
14167,Fresh,23.5,2026-01-19 08:09:15
14170,Floral,24.0,2026-01-19 08:09:15
14170,Synthetic,16.0,2026-01-19 08:09:15
14170,Woody,16.0,2026-01-19 08:09:15
14170,Fresh,16.0,2026-01-19 08:09:15
14171,Floral,25.68,2026-01-19 08:09:15
14171,Powdery,21.31,2026-01-19 08:09:15
14171,Fresh,14.21,2026-01-19 08:09:15
14171,Green,11.48,2026-01-19 08:09:15
14174,Floral,21.05,2026-01-19 08:09:15
14174,Spicy,15.79,2026-01-19 08:09:15
14174,Oriental,15.79,2026-01-19 08:09:15
14174,Citrus,10.53,2026-01-19 08:09:15
14174,Synthetic,10.53,2026-01-19 08:09:15
14175,Powdery,25.93,2026-01-19 08:09:15
14175,Sweet,18.98,2026-01-19 08:09:15
14175,Creamy,14.35,2026-01-19 08:09:15
14175,Spicy,13.43,2026-01-19 08:09:15
14178,Floral,30.43,2026-01-19 08:09:15
14178,Sweet,21.74,2026-01-19 08:09:15
14178,Fresh,21.74,2026-01-19 08:09:15
14179,Floral,26.96,2026-01-19 08:09:15
14179,Spicy,20.87,2026-01-19 08:09:15
14179,Fresh,13.48,2026-01-19 08:09:15
14179,Woody,12.61,2026-01-19 08:09:15
14182,Synthetic,20.0,2026-01-19 08:09:15
14182,Sweet,20.0,2026-01-19 08:09:15
14182,Oriental,20.0,2026-01-19 08:09:15
14182,Woody,20.0,2026-01-19 08:09:15
14182,Floral,20.0,2026-01-19 08:09:15
14183,Floral,30.77,2026-01-19 08:09:15
14183,Fresh,23.63,2026-01-19 08:09:15
14183,Creamy,18.13,2026-01-19 08:09:15
14187,Citrus,28.22,2026-01-19 08:09:15
14187,Fresh,26.73,2026-01-19 08:09:15
14187,Spicy,19.8,2026-01-19 08:09:15
14190,Fruity,25.0,2026-01-19 08:09:15
14190,Floral,25.0,2026-01-19 08:09:15
14191,Spicy,29.81,2026-01-19 08:09:15
14191,Green,22.98,2026-01-19 08:09:15
14191,Woody,13.04,2026-01-19 08:09:15
14191,Resinous,11.18,2026-01-19 08:09:15
14191,Earthy,11.18,2026-01-19 08:09:15
14194,Synthetic,20.0,2026-01-19 08:09:15
14194,Sweet,20.0,2026-01-19 08:09:15
14194,Oriental,20.0,2026-01-19 08:09:15
14194,Woody,20.0,2026-01-19 08:09:15
14194,Floral,20.0,2026-01-19 08:09:15
14195,Floral,17.91,2026-01-19 08:09:15
14195,Powdery,15.92,2026-01-19 08:09:15
14195,Woody,10.95,2026-01-19 08:09:15
14195,Green,10.45,2026-01-19 08:09:15
14195,Spicy,9.95,2026-01-19 08:09:15
14195,Citrus,9.45,2026-01-19 08:09:15
14203,Floral,34.45,2026-01-19 08:09:15
14203,Sweet,24.37,2026-01-19 08:09:15
14203,Fresh,19.33,2026-01-19 08:09:15
14207,Floral,26.64,2026-01-19 08:09:15
14207,Powdery,23.57,2026-01-19 08:09:15
14207,Sweet,12.54,2026-01-19 08:09:15
14207,Woody,11.19,2026-01-19 08:09:15
14210,Fresh,24.79,2026-01-19 08:09:15
14210,Woody,22.22,2026-01-19 08:09:15
14210,Green,20.51,2026-01-19 08:09:15
14211,Creamy,23.0,2026-01-19 08:09:15
14211,Floral,22.89,2026-01-19 08:09:15
14211,Fresh,21.01,2026-01-19 08:09:15
14214,Spicy,20.54,2026-01-19 08:09:15
14214,Floral,20.54,2026-01-19 08:09:15
14214,Woody,14.59,2026-01-19 08:09:15
14214,Green,11.35,2026-01-19 08:09:15
14214,Fresh,10.81,2026-01-19 08:09:15
14215,Powdery,31.15,2026-01-19 08:09:15
14215,Floral,22.65,2026-01-19 08:09:15
14215,Creamy,17.07,2026-01-19 08:09:15
14215,Sweet,16.81,2026-01-19 08:09:15
14218,Floral,25.53,2026-01-19 08:09:15
14218,Sweet,24.61,2026-01-19 08:09:15
14218,Fruity,18.22,2026-01-19 08:09:15
14219,Earthy,30.49,2026-01-19 08:09:15
14219,Spicy,23.17,2026-01-19 08:09:15
14219,Woody,20.73,2026-01-19 08:09:15
14222,Spicy,20.16,2026-01-19 08:09:15
14222,Leathery,20.16,2026-01-19 08:09:15
14222,Smoky,14.52,2026-01-19 08:09:15
14222,Woody,11.29,2026-01-19 08:09:15
14222,Floral,11.29,2026-01-19 08:09:15
14223,Floral,25.0,2026-01-19 08:09:15
14223,Powdery,21.83,2026-01-19 08:09:15
14223,Sweet,12.78,2026-01-19 08:09:15
14223,Woody,8.77,2026-01-19 08:09:15
14223,Fresh,7.65,2026-01-19 08:09:15
14226,Citrus,28.32,2026-01-19 08:09:15
14226,Fresh,28.32,2026-01-19 08:09:15
14226,Spicy,15.04,2026-01-19 08:09:15
14227,Fruity,21.89,2026-01-19 08:09:15
14227,Floral,20.35,2026-01-19 08:09:15
14227,Sweet,19.36,2026-01-19 08:09:15
14227,Leathery,14.19,2026-01-19 08:09:15
14230,Floral,25.19,2026-01-19 08:09:15
14230,Powdery,23.66,2026-01-19 08:09:15
14230,Spicy,12.21,2026-01-19 08:09:15
14230,Fresh,9.16,2026-01-19 08:09:15
14232,Powdery,27.2,2026-01-19 08:09:15
14232,Floral,26.64,2026-01-19 08:09:15
14232,Sweet,20.22,2026-01-19 08:09:15
14234,Spicy,20.18,2026-01-19 08:09:15
14234,Floral,18.42,2026-01-19 08:09:15
14234,Woody,14.91,2026-01-19 08:09:15
14234,Green,14.04,2026-01-19 08:09:15
14234,Fresh,14.04,2026-01-19 08:09:15
14236,Floral,22.51,2026-01-19 08:09:15
14236,Powdery,21.57,2026-01-19 08:09:15
14236,Woody,17.0,2026-01-19 08:09:15
14236,Sweet,9.14,2026-01-19 08:09:15
14236,Spicy,9.03,2026-01-19 08:09:15
14236,Creamy,8.79,2026-01-19 08:09:15
14239,Sweet,25.0,2026-01-19 08:09:15
14239,Spicy,21.15,2026-01-19 08:09:15
14239,Powdery,13.46,2026-01-19 08:09:15
14239,Floral,9.62,2026-01-19 08:09:15
14239,Woody,8.65,2026-01-19 08:09:15
14243,Spicy,15.95,2026-01-19 08:09:15
14243,Floral,14.58,2026-01-19 08:09:15
14243,Woody,12.52,2026-01-19 08:09:15
14243,Earthy,11.84,2026-01-19 08:09:15
14243,Powdery,9.61,2026-01-19 08:09:15
14243,Animal,9.43,2026-01-19 08:09:15
14244,Spicy,20.41,2026-01-19 08:09:15
14244,Woody,19.39,2026-01-19 08:09:15
14244,Resinous,14.29,2026-01-19 08:09:15
14244,Earthy,12.24,2026-01-19 08:09:15
14244,Smoky,11.22,2026-01-19 08:09:15
14247,Woody,21.06,2026-01-19 08:09:15
14247,Fresh,20.47,2026-01-19 08:09:15
14247,Creamy,13.78,2026-01-19 08:09:15
14247,Spicy,12.2,2026-01-19 08:09:15
14247,Aquatic,8.27,2026-01-19 08:09:15
14247,Powdery,8.07,2026-01-19 08:09:15
14248,Leathery,17.2,2026-01-19 08:09:15
14248,Spicy,13.98,2026-01-19 08:09:15
14248,Synthetic,13.98,2026-01-19 08:09:15
14248,Resinous,13.98,2026-01-19 08:09:15
14248,Smoky,11.83,2026-01-19 08:09:15
14251,Floral,29.44,2026-01-19 08:09:15
14251,Powdery,18.78,2026-01-19 08:09:15
14251,Creamy,13.87,2026-01-19 08:09:15
14251,Sweet,11.51,2026-01-19 08:09:15
14252,Floral,33.85,2026-01-19 08:09:15
14252,Fresh,26.15,2026-01-19 08:09:15
14252,Green,18.46,2026-01-19 08:09:15
14255,Floral,23.94,2026-01-19 08:09:15
14255,Powdery,21.62,2026-01-19 08:09:15
14255,Sweet,20.08,2026-01-19 08:09:15
14256,Resinous,22.5,2026-01-19 08:09:15
14256,Spicy,17.5,2026-01-19 08:09:15
14256,Woody,17.5,2026-01-19 08:09:15
14256,Citrus,12.5,2026-01-19 08:09:15
14256,Fresh,10.0,2026-01-19 08:09:15
14260,Floral,35.82,2026-01-19 08:09:15
14260,Fresh,31.34,2026-01-19 08:09:15
14263,Woody,18.06,2026-01-19 08:09:15
14263,Floral,16.67,2026-01-19 08:09:15
14263,Powdery,12.5,2026-01-19 08:09:15
14263,Creamy,12.5,2026-01-19 08:09:15
14263,Green,11.11,2026-01-19 08:09:15
14264,Floral,29.57,2026-01-19 08:09:15
14264,Sweet,20.77,2026-01-19 08:09:15
14264,Fresh,13.77,2026-01-19 08:09:15
14264,Synthetic,12.19,2026-01-19 08:09:15
14267,Powdery,18.31,2026-01-19 08:09:15
14267,Spicy,16.9,2026-01-19 08:09:15
14267,Fresh,14.08,2026-01-19 08:09:15
14267,Floral,14.08,2026-01-19 08:09:15
14267,Sweet,12.68,2026-01-19 08:09:15
14268,Floral,21.95,2026-01-19 08:09:15
14268,Animal,16.53,2026-01-19 08:09:15
14268,Powdery,15.72,2026-01-19 08:09:15
14268,Spicy,12.74,2026-01-19 08:09:15
14268,Woody,8.4,2026-01-19 08:09:15
14269,Powdery,25.0,2026-01-19 08:09:15
14269,Fresh,25.0,2026-01-19 08:09:15
14269,Creamy,25.0,2026-01-19 08:09:15
14269,Floral,25.0,2026-01-19 08:09:15
14271,Citrus,25.76,2026-01-19 08:09:15
14271,Fresh,25.76,2026-01-19 08:09:15
14271,Green,24.24,2026-01-19 08:09:15
14272,Fresh,30.93,2026-01-19 08:09:15
14272,Powdery,27.73,2026-01-19 08:09:15
14275,Spicy,20.27,2026-01-19 08:09:15
14275,Green,20.27,2026-01-19 08:09:15
14275,Floral,17.57,2026-01-19 08:09:15
14275,Woody,16.22,2026-01-19 08:09:15
14276,Floral,28.02,2026-01-19 08:09:15
14276,Powdery,21.43,2026-01-19 08:09:15
14276,Sweet,17.03,2026-01-19 08:09:15
14280,Floral,24.6,2026-01-19 08:09:15
14280,Powdery,22.01,2026-01-19 08:09:15
14280,Woody,11.65,2026-01-19 08:09:15
14280,Fresh,10.68,2026-01-19 08:09:15
14283,Floral,33.33,2026-01-19 08:09:15
14283,Fresh,24.44,2026-01-19 08:09:15
14283,Green,17.78,2026-01-19 08:09:15
14284,Powdery,20.07,2026-01-19 08:09:15
14284,Sweet,15.77,2026-01-19 08:09:15
14284,Woody,13.98,2026-01-19 08:09:15
14284,Spicy,13.26,2026-01-19 08:09:15
14284,Creamy,10.75,2026-01-19 08:09:15
14287,Floral,20.93,2026-01-19 08:09:15
14287,Green,16.28,2026-01-19 08:09:15
14287,Fresh,16.28,2026-01-19 08:09:15
14287,Woody,13.95,2026-01-19 08:09:15
14287,Citrus,9.3,2026-01-19 08:09:15
14287,Sweet,9.3,2026-01-19 08:09:15
14290,Sweet,27.02,2026-01-19 08:09:15
14290,Fruity,23.51,2026-01-19 08:09:15
14290,Floral,21.05,2026-01-19 08:09:15
14291,Green,22.22,2026-01-19 08:09:15
14291,Floral,20.63,2026-01-19 08:09:15
14291,Fresh,19.05,2026-01-19 08:09:15
14291,Spicy,11.11,2026-01-19 08:09:15
14294,Floral,31.95,2026-01-19 08:09:15
14294,Powdery,21.99,2026-01-19 08:09:15
14294,Creamy,19.09,2026-01-19 08:09:15
14295,Woody,22.67,2026-01-19 08:09:15
14295,Spicy,20.0,2026-01-19 08:09:15
14295,Fresh,10.67,2026-01-19 08:09:15
14295,Citrus,9.33,2026-01-19 08:09:15
14295,Green,9.33,2026-01-19 08:09:15
14295,Chypre,8.0,2026-01-19 08:09:15
14295,Floral,8.0,2026-01-19 08:09:15
14298,Green,21.78,2026-01-19 08:09:15
14298,Woody,19.11,2026-01-19 08:09:15
14298,Fresh,19.11,2026-01-19 08:09:15
14298,Spicy,14.67,2026-01-19 08:09:15
14299,Citrus,21.05,2026-01-19 08:09:15
14299,Fresh,17.54,2026-01-19 08:09:15
14299,Floral,14.04,2026-01-19 08:09:15
14299,Green,12.28,2026-01-19 08:09:15
14299,Woody,10.53,2026-01-19 08:09:15
14302,Powdery,26.74,2026-01-19 08:09:15
14302,Fresh,26.37,2026-01-19 08:09:15
14302,Floral,19.05,2026-01-19 08:09:15
14303,Woody,22.45,2026-01-19 08:09:15
14303,Fresh,18.37,2026-01-19 08:09:15
14303,Spicy,16.33,2026-01-19 08:09:15
14303,Green,16.33,2026-01-19 08:09:15
14306,Spicy,21.57,2026-01-19 08:09:15
14306,Sweet,19.61,2026-01-19 08:09:15
14306,Resinous,15.69,2026-01-19 08:09:15
14306,Citrus,11.76,2026-01-19 08:09:15
14306,Fresh,9.8,2026-01-19 08:09:15
14307,Floral,21.49,2026-01-19 08:09:15
14307,Sweet,19.3,2026-01-19 08:09:15
14307,Powdery,16.23,2026-01-19 08:09:15
14307,Spicy,10.96,2026-01-19 08:09:15
14307,Woody,10.53,2026-01-19 08:09:15
14310,Floral,24.44,2026-01-19 08:09:15
14310,Spicy,20.0,2026-01-19 08:09:15
14310,Green,20.0,2026-01-19 08:09:15
14310,Powdery,13.33,2026-01-19 08:09:15
14311,Floral,27.11,2026-01-19 08:09:15
14311,Fresh,24.0,2026-01-19 08:09:15
14311,Powdery,19.11,2026-01-19 08:09:15
14314,Spicy,26.09,2026-01-19 08:09:15
14314,Woody,26.09,2026-01-19 08:09:15
14314,Resinous,26.09,2026-01-19 08:09:15
14315,Fresh,25.0,2026-01-19 08:09:15
14315,Woody,21.05,2026-01-19 08:09:15
14315,Citrus,16.45,2026-01-19 08:09:15
14315,Spicy,14.47,2026-01-19 08:09:15
14318,Floral,30.0,2026-01-19 08:09:15
14318,Green,18.0,2026-01-19 08:09:15
14318,Citrus,14.0,2026-01-19 08:09:15
14318,Sweet,14.0,2026-01-19 08:09:15
14320,Floral,26.13,2026-01-19 08:09:15
14320,Woody,19.6,2026-01-19 08:09:15
14320,Powdery,17.09,2026-01-19 08:09:15
14320,Sweet,9.05,2026-01-19 08:09:15
14320,Creamy,8.54,2026-01-19 08:09:15
14322,Powdery,18.75,2026-01-19 08:09:15
14322,Green,15.62,2026-01-19 08:09:15
14322,Floral,15.62,2026-01-19 08:09:15
14322,Earthy,12.5,2026-01-19 08:09:15
14322,Woody,9.38,2026-01-19 08:09:15
14322,Fresh,9.38,2026-01-19 08:09:15
14324,Oriental,19.89,2026-01-19 08:09:15
14324,Sweet,17.2,2026-01-19 08:09:15
14324,Woody,15.59,2026-01-19 08:09:15
14324,Powdery,11.83,2026-01-19 08:09:15
14324,Spicy,11.29,2026-01-19 08:09:15
14326,Floral,33.33,2026-01-19 08:09:15
14326,Green,25.0,2026-01-19 08:09:15
14326,Fresh,16.67,2026-01-19 08:09:15
14328,Floral,30.88,2026-01-19 08:09:15
14328,Fresh,22.79,2026-01-19 08:09:15
14328,Powdery,18.38,2026-01-19 08:09:15
14330,Fresh,25.0,2026-01-19 08:09:15
14330,Citrus,22.92,2026-01-19 08:09:15
14330,Spicy,14.58,2026-01-19 08:09:15
14330,Powdery,10.42,2026-01-19 08:09:15
14335,Spicy,17.65,2026-01-19 08:09:15
14335,Citrus,13.73,2026-01-19 08:09:15
14335,Smoky,11.76,2026-01-19 08:09:15
14335,Floral,11.76,2026-01-19 08:09:15
14335,Animal,11.76,2026-01-19 08:09:15
14335,Fresh,9.8,2026-01-19 08:09:15
14336,Floral,33.98,2026-01-19 08:09:15
14336,Fresh,23.3,2026-01-19 08:09:15
14336,Powdery,17.48,2026-01-19 08:09:15
14339,Floral,31.58,2026-01-19 08:09:15
14339,Citrus,21.05,2026-01-19 08:09:15
14339,Spicy,15.79,2026-01-19 08:09:15
14339,Sweet,10.53,2026-01-19 08:09:15
14339,Green,10.53,2026-01-19 08:09:15
14340,Floral,23.91,2026-01-19 08:09:15
14340,Powdery,18.84,2026-01-19 08:09:15
14340,Creamy,15.22,2026-01-19 08:09:15
14340,Sweet,14.49,2026-01-19 08:09:15
14343,Woody,24.0,2026-01-19 08:09:15
14343,Citrus,20.0,2026-01-19 08:09:15
14343,Spicy,20.0,2026-01-19 08:09:15
14343,Floral,12.0,2026-01-19 08:09:15
14345,Floral,29.52,2026-01-19 08:09:15
14345,Sweet,24.76,2026-01-19 08:09:15
14345,Powdery,15.24,2026-01-19 08:09:15
14345,Creamy,10.48,2026-01-19 08:09:15
14347,Floral,30.0,2026-01-19 08:09:15
14347,Woody,16.67,2026-01-19 08:09:15
14347,Fresh,13.33,2026-01-19 08:09:15
14347,Spicy,10.0,2026-01-19 08:09:15
14347,Sweet,10.0,2026-01-19 08:09:15
14349,Floral,22.02,2026-01-19 08:09:15
14349,Spicy,17.43,2026-01-19 08:09:15
14349,Woody,17.43,2026-01-19 08:09:15
14349,Powdery,11.93,2026-01-19 08:09:15
14349,Sweet,10.09,2026-01-19 08:09:15
14351,Woody,24.24,2026-01-19 08:09:15
14351,Green,18.18,2026-01-19 08:09:15
14351,Spicy,15.15,2026-01-19 08:09:15
14351,Citrus,12.12,2026-01-19 08:09:15
14351,Fresh,12.12,2026-01-19 08:09:15
14353,Floral,25.74,2026-01-19 08:09:15
14353,Powdery,18.81,2026-01-19 08:09:15
14353,Creamy,17.82,2026-01-19 08:09:15
14353,Fresh,15.84,2026-01-19 08:09:15
14355,Fresh,23.08,2026-01-19 08:09:15
14355,Floral,23.08,2026-01-19 08:09:15
14355,Aquatic,19.23,2026-01-19 08:09:15
14357,Woody,20.59,2026-01-19 08:09:15
14357,Floral,20.59,2026-01-19 08:09:15
14357,Powdery,13.24,2026-01-19 08:09:15
14357,Animal,11.76,2026-01-19 08:09:15
14357,Synthetic,8.82,2026-01-19 08:09:15
14359,Citrus,16.67,2026-01-19 08:09:15
14359,Sweet,16.67,2026-01-19 08:09:15
14359,Fresh,16.67,2026-01-19 08:09:15
14359,Floral,16.67,2026-01-19 08:09:15
14361,Floral,28.7,2026-01-19 08:09:15
14361,Fresh,26.85,2026-01-19 08:09:15
14361,Citrus,19.44,2026-01-19 08:09:15
14363,Floral,26.09,2026-01-19 08:09:15
14363,Spicy,17.39,2026-01-19 08:09:15
14363,Green,13.04,2026-01-19 08:09:15
14363,Fresh,13.04,2026-01-19 08:09:15
14365,Powdery,28.38,2026-01-19 08:09:15
14365,Fresh,27.03,2026-01-19 08:09:15
14365,Floral,24.32,2026-01-19 08:09:15
14367,Spicy,14.29,2026-01-19 08:09:15
14367,Floral,14.29,2026-01-19 08:09:15
14367,Woody,10.71,2026-01-19 08:09:15
14367,Earthy,10.71,2026-01-19 08:09:15
14367,Smoky,7.14,2026-01-19 08:09:15
14367,Powdery,7.14,2026-01-19 08:09:15
14367,Oriental,7.14,2026-01-19 08:09:15
14367,Resinous,7.14,2026-01-19 08:09:15
14367,Green,7.14,2026-01-19 08:09:15
14367,Fruity,7.14,2026-01-19 08:09:15
14367,Fresh,7.14,2026-01-19 08:09:15
14369,Spicy,28.36,2026-01-19 08:09:15
14369,Woody,25.37,2026-01-19 08:09:15
14369,Creamy,13.43,2026-01-19 08:09:15
14369,Powdery,10.45,2026-01-19 08:09:15
14371,Spicy,20.0,2026-01-19 08:09:15
14371,Sweet,20.0,2026-01-19 08:09:15
14371,Powdery,20.0,2026-01-19 08:09:15
14373,Sweet,28.33,2026-01-19 08:09:15
14373,Floral,23.33,2026-01-19 08:09:15
14373,Spicy,20.0,2026-01-19 08:09:15
14379,Floral,21.43,2026-01-19 08:09:15
14379,Woody,14.29,2026-01-19 08:09:15
14379,Resinous,14.29,2026-01-19 08:09:15
14379,Green,14.29,2026-01-19 08:09:15
14379,Chypre,14.29,2026-01-19 08:09:15
14383,Fresh,17.86,2026-01-19 08:09:15
14383,Citrus,14.29,2026-01-19 08:09:15
14383,Spicy,14.29,2026-01-19 08:09:15
14383,Green,14.29,2026-01-19 08:09:15
14385,Floral,30.0,2026-01-19 08:09:15
14385,Powdery,20.0,2026-01-19 08:09:15
14385,Woody,15.0,2026-01-19 08:09:15
14385,Animal,15.0,2026-01-19 08:09:15
14387,Floral,17.86,2026-01-19 08:09:15
14387,Sweet,14.29,2026-01-19 08:09:15
14387,Fruity,14.29,2026-01-19 08:09:15
14387,Powdery,10.71,2026-01-19 08:09:15
14387,Synthetic,7.14,2026-01-19 08:09:15
14387,Leathery,7.14,2026-01-19 08:09:15
14387,Woody,7.14,2026-01-19 08:09:15
14387,Green,7.14,2026-01-19 08:09:15
14387,Fresh,7.14,2026-01-19 08:09:15
14387,Creamy,7.14,2026-01-19 08:09:15
14389,Floral,30.43,2026-01-19 08:09:15
14389,Sweet,26.09,2026-01-19 08:09:15
14389,Synthetic,17.39,2026-01-19 08:09:15
14393,Powdery,29.41,2026-01-19 08:09:15
14393,Floral,29.41,2026-01-19 08:09:15
14402,Sweet,19.67,2026-01-19 08:09:15
14402,Spicy,18.03,2026-01-19 08:09:15
14402,Oriental,16.39,2026-01-19 08:09:15
14402,Woody,11.48,2026-01-19 08:09:15
14402,Earthy,11.48,2026-01-19 08:09:15
14404,Fruity,33.33,2026-01-19 08:09:15
14404,Floral,33.33,2026-01-19 08:09:15
14414,Spicy,24.0,2026-01-19 08:09:15
14414,Oriental,24.0,2026-01-19 08:09:15
14414,Woody,24.0,2026-01-19 08:09:15
14418,Sweet,26.09,2026-01-19 08:09:15
14418,Floral,21.74,2026-01-19 08:09:15
14418,Fruity,17.39,2026-01-19 08:09:15
14418,Spicy,13.04,2026-01-19 08:09:15
14421,Sweet,29.56,2026-01-19 08:09:15
14421,Gourmand,29.56,2026-01-19 08:09:15
14422,Powdery,19.23,2026-01-19 08:09:15
14422,Floral,19.23,2026-01-19 08:09:15
14422,Woody,15.38,2026-01-19 08:09:15
14422,Spicy,7.69,2026-01-19 08:09:15
14422,Sweet,7.69,2026-01-19 08:09:15
14422,Resinous,7.69,2026-01-19 08:09:15
14422,Fresh,7.69,2026-01-19 08:09:15
14422,Creamy,7.69,2026-01-19 08:09:15
14422,Animal,7.69,2026-01-19 08:09:15
14425,Powdery,21.05,2026-01-19 08:09:15
14425,Sweet,15.79,2026-01-19 08:09:15
14425,Leathery,15.79,2026-01-19 08:09:15
14425,Spicy,10.53,2026-01-19 08:09:15
14425,Resinous,10.53,2026-01-19 08:09:15
14425,Floral,10.53,2026-01-19 08:09:15
14426,Floral,25.26,2026-01-19 08:09:15
14426,Fruity,21.58,2026-01-19 08:09:15
14426,Fresh,21.05,2026-01-19 08:09:15
14429,Floral,36.36,2026-01-19 08:09:15
14429,Powdery,27.27,2026-01-19 08:09:15
14430,Sweet,31.3,2026-01-19 08:09:15
14430,Gourmand,24.35,2026-01-19 08:09:15
14430,Creamy,24.35,2026-01-19 08:09:15
14432,Spicy,19.55,2026-01-19 08:09:15
14432,Oriental,17.78,2026-01-19 08:09:15
14432,Sweet,16.23,2026-01-19 08:09:15
14432,Woody,13.16,2026-01-19 08:09:15
14432,Resinous,9.8,2026-01-19 08:09:15
14433,Sweet,20.0,2026-01-19 08:09:15
14433,Powdery,20.0,2026-01-19 08:09:15
14433,Creamy,20.0,2026-01-19 08:09:15
14433,Spicy,10.0,2026-01-19 08:09:15
14433,Woody,10.0,2026-01-19 08:09:15
14433,Fougère,10.0,2026-01-19 08:09:15
14433,Floral,10.0,2026-01-19 08:09:15
14438,Floral,28.7,2026-01-19 08:09:15
14438,Sweet,26.09,2026-01-19 08:09:15
14438,Fruity,24.35,2026-01-19 08:09:15
14442,Sweet,28.81,2026-01-19 08:09:15
14442,Fruity,28.81,2026-01-19 08:09:15
14442,Synthetic,18.64,2026-01-19 08:09:15
14444,Spicy,19.13,2026-01-19 08:09:15
14444,Woody,18.5,2026-01-19 08:09:15
14444,Resinous,16.24,2026-01-19 08:09:15
14444,Smoky,13.22,2026-01-19 08:09:15
14444,Earthy,8.23,2026-01-19 08:09:15
14447,Fruity,26.92,2026-01-19 08:09:15
14447,Sweet,21.79,2026-01-19 08:09:15
14447,Floral,19.23,2026-01-19 08:09:15
14450,Fresh,29.49,2026-01-19 08:09:15
14450,Aquatic,29.49,2026-01-19 08:09:15
14451,Sweet,40.0,2026-01-19 08:09:15
14451,Floral,40.0,2026-01-19 08:09:15
14454,Sweet,22.39,2026-01-19 08:09:15
14454,Creamy,22.39,2026-01-19 08:09:15
14454,Floral,14.93,2026-01-19 08:09:15
14454,Synthetic,13.43,2026-01-19 08:09:15
14454,Fruity,13.43,2026-01-19 08:09:15
14458,Sweet,21.31,2026-01-19 08:09:15
14458,Gourmand,17.21,2026-01-19 08:09:15
14458,Powdery,10.66,2026-01-19 08:09:15
14458,Oriental,10.66,2026-01-19 08:09:15
14458,Fruity,8.2,2026-01-19 08:09:15
14458,Creamy,8.2,2026-01-19 08:09:15
14462,Floral,25.74,2026-01-19 08:09:15
14462,Sweet,23.76,2026-01-19 08:09:15
14462,Creamy,15.84,2026-01-19 08:09:15
14462,Gourmand,9.9,2026-01-19 08:09:15
14466,Sweet,28.57,2026-01-19 08:09:15
14466,Woody,22.86,2026-01-19 08:09:15
14466,Creamy,22.86,2026-01-19 08:09:15
14468,Woody,18.64,2026-01-19 08:09:15
14468,Floral,18.36,2026-01-19 08:09:15
14468,Spicy,15.99,2026-01-19 08:09:15
14468,Fresh,11.82,2026-01-19 08:09:15
14468,Powdery,10.71,2026-01-19 08:09:15
14475,Floral,25.86,2026-01-19 08:09:15
14475,Fruity,22.41,2026-01-19 08:09:15
14475,Sweet,13.79,2026-01-19 08:09:15
14475,Spicy,12.07,2026-01-19 08:09:15
14477,Spicy,21.67,2026-01-19 08:09:15
14477,Oriental,20.88,2026-01-19 08:09:15
14477,Fruity,13.66,2026-01-19 08:09:15
14477,Sweet,12.53,2026-01-19 08:09:15
14477,Resinous,10.38,2026-01-19 08:09:15
14479,Fruity,31.58,2026-01-19 08:09:15
14479,Sweet,26.32,2026-01-19 08:09:15
14479,Floral,26.32,2026-01-19 08:09:15
14481,Fresh,26.52,2026-01-19 08:09:15
14481,Citrus,19.49,2026-01-19 08:09:15
14481,Aquatic,14.07,2026-01-19 08:09:15
14481,Floral,12.72,2026-01-19 08:09:15
14483,Powdery,23.08,2026-01-19 08:09:15
14483,Floral,23.08,2026-01-19 08:09:15
14483,Sweet,15.38,2026-01-19 08:09:15
14483,Woody,11.54,2026-01-19 08:09:15
14483,Fresh,11.54,2026-01-19 08:09:15
14485,Smoky,24.76,2026-01-19 08:09:15
14485,Spicy,20.73,2026-01-19 08:09:15
14485,Woody,16.89,2026-01-19 08:09:15
14485,Resinous,14.59,2026-01-19 08:09:15
14487,Woody,17.02,2026-01-19 08:09:15
14487,Floral,14.89,2026-01-19 08:09:15
14487,Sweet,12.77,2026-01-19 08:09:15
14487,Powdery,10.64,2026-01-19 08:09:15
14487,Synthetic,8.51,2026-01-19 08:09:15
14487,Fruity,8.51,2026-01-19 08:09:15
14487,Creamy,8.51,2026-01-19 08:09:15
14489,Floral,27.07,2026-01-19 08:09:15
14489,Sweet,18.15,2026-01-19 08:09:15
14489,Fruity,14.75,2026-01-19 08:09:15
14489,Fresh,9.89,2026-01-19 08:09:15
14489,Green,9.24,2026-01-19 08:09:15
14491,Fruity,22.81,2026-01-19 08:09:15
14491,Sweet,15.79,2026-01-19 08:09:15
14491,Synthetic,12.28,2026-01-19 08:09:15
14491,Floral,10.53,2026-01-19 08:09:15
14491,Powdery,8.77,2026-01-19 08:09:15
14491,Oriental,8.77,2026-01-19 08:09:15
14493,Spicy,21.49,2026-01-19 08:09:15
14493,Woody,21.32,2026-01-19 08:09:15
14493,Floral,16.69,2026-01-19 08:09:15
14493,Oriental,13.88,2026-01-19 08:09:15
14493,Sweet,13.55,2026-01-19 08:09:15
14495,Sweet,25.0,2026-01-19 08:09:15
14495,Gourmand,19.44,2026-01-19 08:09:15
14495,Creamy,19.44,2026-01-19 08:09:15
14498,Spicy,22.22,2026-01-19 08:09:15
14498,Woody,22.22,2026-01-19 08:09:15
14498,Citrus,11.11,2026-01-19 08:09:15
14498,Oriental,11.11,2026-01-19 08:09:15
14498,Green,11.11,2026-01-19 08:09:15
14498,Fresh,11.11,2026-01-19 08:09:15
14498,Floral,11.11,2026-01-19 08:09:15
14500,Sweet,24.49,2026-01-19 08:09:15
14500,Fruity,24.49,2026-01-19 08:09:15
14500,Floral,20.41,2026-01-19 08:09:15
14501,Spicy,23.83,2026-01-19 08:09:15
14501,Woody,19.81,2026-01-19 08:09:15
14501,Smoky,16.43,2026-01-19 08:09:15
14501,Resinous,15.3,2026-01-19 08:09:15
14502,Spicy,27.27,2026-01-19 08:09:15
14502,Citrus,18.18,2026-01-19 08:09:15
14502,Resinous,18.18,2026-01-19 08:09:15
14504,Fruity,24.24,2026-01-19 08:09:15
14504,Sweet,21.21,2026-01-19 08:09:15
14504,Fresh,15.15,2026-01-19 08:09:15
14504,Synthetic,12.12,2026-01-19 08:09:15
14505,Leathery,26.82,2026-01-19 08:09:15
14505,Spicy,16.95,2026-01-19 08:09:15
14505,Fruity,15.27,2026-01-19 08:09:15
14505,Sweet,13.78,2026-01-19 08:09:15
14508,Sweet,33.33,2026-01-19 08:09:15
14508,Fruity,33.33,2026-01-19 08:09:15
14512,Fresh,21.74,2026-01-19 08:09:15
14512,Sweet,19.57,2026-01-19 08:09:15
14512,Fruity,17.39,2026-01-19 08:09:15
14512,Synthetic,13.04,2026-01-19 08:09:15
14512,Aquatic,13.04,2026-01-19 08:09:15
14513,Animal,24.25,2026-01-19 08:09:15
14513,Spicy,14.69,2026-01-19 08:09:15
14513,Oriental,13.45,2026-01-19 08:09:15
14513,Resinous,9.38,2026-01-19 08:09:15
14513,Leathery,8.32,2026-01-19 08:09:15
14513,Powdery,6.55,2026-01-19 08:09:15
14515,Creamy,25.0,2026-01-19 08:09:15
14515,Spicy,16.67,2026-01-19 08:09:15
14515,Sweet,16.67,2026-01-19 08:09:15
14515,Green,16.67,2026-01-19 08:09:15
14516,Synthetic,19.05,2026-01-19 08:09:15
14516,Sweet,19.05,2026-01-19 08:09:15
14516,Citrus,14.29,2026-01-19 08:09:15
14516,Fresh,14.29,2026-01-19 08:09:15
14516,Green,9.52,2026-01-19 08:09:15
14516,Aquatic,9.52,2026-01-19 08:09:15
14517,Woody,20.34,2026-01-19 08:09:15
14517,Spicy,19.39,2026-01-19 08:09:15
14517,Green,14.26,2026-01-19 08:09:15
14517,Oriental,13.69,2026-01-19 08:09:15
14517,Resinous,10.65,2026-01-19 08:09:15
14520,Fresh,29.09,2026-01-19 08:09:15
14520,Floral,27.27,2026-01-19 08:09:15
14520,Aquatic,20.0,2026-01-19 08:09:15
14521,Floral,35.6,2026-01-19 08:09:15
14521,Sweet,19.02,2026-01-19 08:09:15
14521,Green,13.32,2026-01-19 08:09:15
14521,Animal,11.14,2026-01-19 08:09:15
14522,Fresh,50.0,2026-01-19 08:09:15
14522,Floral,50.0,2026-01-19 08:09:15
14524,Floral,28.0,2026-01-19 08:09:15
14524,Fruity,24.0,2026-01-19 08:09:15
14524,Sweet,16.0,2026-01-19 08:09:15
14524,Fresh,16.0,2026-01-19 08:09:15
14525,Floral,24.5,2026-01-19 08:09:15
14525,Green,17.97,2026-01-19 08:09:15
14525,Spicy,11.43,2026-01-19 08:09:15
14525,Smoky,8.71,2026-01-19 08:09:15
14525,Fresh,8.71,2026-01-19 08:09:15
14525,Earthy,6.9,2026-01-19 08:09:15
14525,Sweet,6.53,2026-01-19 08:09:15
14528,Sweet,25.45,2026-01-19 08:09:15
14528,Gourmand,21.82,2026-01-19 08:09:15
14528,Fruity,12.73,2026-01-19 08:09:15
14528,Creamy,12.73,2026-01-19 08:09:15
14529,Floral,29.3,2026-01-19 08:09:15
14529,Sweet,17.21,2026-01-19 08:09:15
14529,Animal,11.86,2026-01-19 08:09:15
14529,Powdery,11.16,2026-01-19 08:09:15
14529,Smoky,10.0,2026-01-19 08:09:15
14532,Sweet,32.0,2026-01-19 08:09:15
14532,Gourmand,24.0,2026-01-19 08:09:15
14532,Creamy,24.0,2026-01-19 08:09:15
14533,Powdery,22.32,2026-01-19 08:09:15
14533,Floral,17.94,2026-01-19 08:09:15
14533,Woody,15.75,2026-01-19 08:09:15
14533,Earthy,11.16,2026-01-19 08:09:15
14533,Spicy,10.07,2026-01-19 08:09:15
14536,Sweet,25.0,2026-01-19 08:09:15
14536,Gourmand,21.43,2026-01-19 08:09:15
14536,Fruity,21.43,2026-01-19 08:09:15
14537,Earthy,21.72,2026-01-19 08:09:15
14537,Spicy,19.57,2026-01-19 08:09:15
14537,Woody,13.5,2026-01-19 08:09:15
14537,Oriental,11.55,2026-01-19 08:09:15
14537,Gourmand,10.96,2026-01-19 08:09:15
14540,Gourmand,26.39,2026-01-19 08:09:15
14540,Sweet,21.64,2026-01-19 08:09:15
14540,Spicy,18.47,2026-01-19 08:09:15
14540,Woody,17.68,2026-01-19 08:09:15
14541,Woody,26.09,2026-01-19 08:09:15
14541,Sweet,21.74,2026-01-19 08:09:15
14541,Fruity,17.39,2026-01-19 08:09:15
14541,Floral,17.39,2026-01-19 08:09:15
14543,Citrus,20.0,2026-01-19 08:09:15
14543,Sweet,20.0,2026-01-19 08:09:15
14543,Fruity,20.0,2026-01-19 08:09:15
14543,Fresh,20.0,2026-01-19 08:09:15
14543,Floral,20.0,2026-01-19 08:09:15
14544,Spicy,22.13,2026-01-19 08:09:15
14544,Sweet,20.95,2026-01-19 08:09:15
14544,Floral,14.82,2026-01-19 08:09:15
14544,Gourmand,10.67,2026-01-19 08:09:15
14544,Woody,9.88,2026-01-19 08:09:15
14547,Sweet,25.81,2026-01-19 08:09:15
14547,Gourmand,25.81,2026-01-19 08:09:15
14547,Green,12.9,2026-01-19 08:09:15
14548,Fresh,24.67,2026-01-19 08:09:15
14548,Spicy,18.88,2026-01-19 08:09:15
14548,Aquatic,13.08,2026-01-19 08:09:15
14548,Synthetic,10.65,2026-01-19 08:09:15
14548,Smoky,8.22,2026-01-19 08:09:15
14551,Oriental,18.75,2026-01-19 08:09:15
14551,Floral,18.75,2026-01-19 08:09:15
14551,Sweet,15.62,2026-01-19 08:09:15
14551,Powdery,15.62,2026-01-19 08:09:15
14551,Spicy,9.38,2026-01-19 08:09:15
14551,Resinous,9.38,2026-01-19 08:09:15
14552,Spicy,27.06,2026-01-19 08:09:15
14552,Fruity,18.83,2026-01-19 08:09:15
14552,Sweet,11.14,2026-01-19 08:09:15
14552,Animal,9.28,2026-01-19 08:09:15
14552,Woody,8.22,2026-01-19 08:09:15
14555,Floral,34.38,2026-01-19 08:09:15
14556,Smoky,17.36,2026-01-19 08:09:15
14556,Oriental,17.11,2026-01-19 08:09:15
14556,Spicy,16.38,2026-01-19 08:09:15
14556,Sweet,14.67,2026-01-19 08:09:15
14556,Resinous,12.96,2026-01-19 08:09:15
14559,Floral,20.0,2026-01-19 08:09:15
14559,Fresh,17.78,2026-01-19 08:09:15
14559,Sweet,13.33,2026-01-19 08:09:15
14559,Fruity,11.11,2026-01-19 08:09:15
14563,Fruity,25.0,2026-01-19 08:09:15
14563,Sweet,22.5,2026-01-19 08:09:15
14563,Synthetic,17.5,2026-01-19 08:09:15
14563,Floral,15.0,2026-01-19 08:09:15
14564,Floral,29.31,2026-01-19 08:09:15
14564,Spicy,20.69,2026-01-19 08:09:15
14564,Oriental,11.49,2026-01-19 08:09:15
14564,Resinous,10.92,2026-01-19 08:09:15
14564,Sweet,10.63,2026-01-19 08:09:15
14564,Animal,10.63,2026-01-19 08:09:15
14566,Floral,24.55,2026-01-19 08:09:15
14566,Sweet,19.13,2026-01-19 08:09:15
14566,Creamy,15.88,2026-01-19 08:09:15
14566,Fruity,15.16,2026-01-19 08:09:15
14567,Floral,27.59,2026-01-19 08:09:15
14567,Fresh,20.69,2026-01-19 08:09:15
14567,Sweet,17.24,2026-01-19 08:09:15
14567,Green,13.79,2026-01-19 08:09:15
14567,Fruity,13.79,2026-01-19 08:09:15
14568,Spicy,20.64,2026-01-19 08:09:15
14568,Smoky,18.31,2026-01-19 08:09:15
14568,Sweet,18.02,2026-01-19 08:09:15
14568,Woody,12.79,2026-01-19 08:09:15
14568,Gourmand,9.88,2026-01-19 08:09:15
14570,Floral,25.0,2026-01-19 08:09:15
14570,Sweet,22.55,2026-01-19 08:09:15
14570,Woody,17.16,2026-01-19 08:09:15
14570,Creamy,13.73,2026-01-19 08:09:15
14571,Sweet,25.71,2026-01-19 08:09:15
14571,Fruity,22.86,2026-01-19 08:09:15
14571,Floral,22.86,2026-01-19 08:09:15
14573,Sweet,25.33,2026-01-19 08:09:15
14573,Gourmand,24.28,2026-01-19 08:09:15
14574,Floral,28.41,2026-01-19 08:09:15
14574,Sweet,15.34,2026-01-19 08:09:15
14574,Powdery,13.64,2026-01-19 08:09:15
14574,Woody,13.07,2026-01-19 08:09:15
14574,Spicy,8.52,2026-01-19 08:09:15
14574,Fresh,8.52,2026-01-19 08:09:15
14575,Floral,29.41,2026-01-19 08:09:15
14575,Fresh,17.65,2026-01-19 08:09:15
14575,Sweet,11.76,2026-01-19 08:09:15
14575,Powdery,11.76,2026-01-19 08:09:15
14575,Fruity,11.76,2026-01-19 08:09:15
14577,Spicy,31.1,2026-01-19 08:09:15
14577,Floral,26.16,2026-01-19 08:09:15
14578,Woody,19.21,2026-01-19 08:09:15
14578,Spicy,17.88,2026-01-19 08:09:15
14578,Sweet,12.58,2026-01-19 08:09:15
14578,Leathery,12.58,2026-01-19 08:09:15
14578,Resinous,9.93,2026-01-19 08:09:15
14579,Sweet,26.19,2026-01-19 08:09:15
14579,Fruity,21.43,2026-01-19 08:09:15
14579,Floral,21.43,2026-01-19 08:09:15
14580,Sweet,100.0,2026-01-19 08:09:15
14581,Floral,27.67,2026-01-19 08:09:15
14581,Powdery,25.33,2026-01-19 08:09:15
14581,Green,20.33,2026-01-19 08:09:15
14582,Floral,27.27,2026-01-19 08:09:15
14582,Fresh,14.88,2026-01-19 08:09:15
14582,Sweet,14.05,2026-01-19 08:09:15
14582,Fruity,14.05,2026-01-19 08:09:15
14583,Sweet,26.32,2026-01-19 08:09:15
14583,Fruity,26.32,2026-01-19 08:09:15
14585,Resinous,18.79,2026-01-19 08:09:15
14585,Spicy,18.36,2026-01-19 08:09:15
14585,Smoky,17.28,2026-01-19 08:09:15
14585,Woody,14.69,2026-01-19 08:09:15
14586,Sweet,25.0,2026-01-19 08:09:15
14587,Citrus,17.65,2026-01-19 08:09:15
14587,Sweet,17.65,2026-01-19 08:09:15
14587,Fruity,17.65,2026-01-19 08:09:15
14587,Fresh,17.65,2026-01-19 08:09:15
14589,Leathery,19.53,2026-01-19 08:09:15
14589,Spicy,16.95,2026-01-19 08:09:15
14589,Oriental,13.09,2026-01-19 08:09:15
14589,Animal,10.73,2026-01-19 08:09:15
14589,Smoky,10.09,2026-01-19 08:09:15
14589,Resinous,10.09,2026-01-19 08:09:15
14590,Fresh,24.14,2026-01-19 08:09:15
14590,Aquatic,17.24,2026-01-19 08:09:15
14590,Synthetic,16.09,2026-01-19 08:09:15
14590,Citrus,12.64,2026-01-19 08:09:15
14591,Fruity,25.81,2026-01-19 08:09:15
14591,Floral,22.58,2026-01-19 08:09:15
14591,Fresh,19.35,2026-01-19 08:09:15
14593,Sweet,24.07,2026-01-19 08:09:15
14593,Gourmand,22.64,2026-01-19 08:09:15
14594,Spicy,21.88,2026-01-19 08:09:15
14594,Woody,18.75,2026-01-19 08:09:15
14594,Sweet,12.5,2026-01-19 08:09:15
14594,Synthetic,10.42,2026-01-19 08:09:15
14594,Smoky,8.33,2026-01-19 08:09:15
14594,Resinous,8.33,2026-01-19 08:09:15
14595,Sweet,25.81,2026-01-19 08:09:15
14595,Gourmand,19.35,2026-01-19 08:09:15
14595,Powdery,16.13,2026-01-19 08:09:15
14595,Synthetic,12.9,2026-01-19 08:09:15
14597,Sweet,23.71,2026-01-19 08:09:15
14597,Spicy,20.62,2026-01-19 08:09:15
14597,Woody,14.43,2026-01-19 08:09:15
14597,Creamy,13.4,2026-01-19 08:09:15
14598,Citrus,22.77,2026-01-19 08:09:15
14598,Floral,22.19,2026-01-19 08:09:15
14598,Fresh,16.43,2026-01-19 08:09:15
14598,Sweet,10.37,2026-01-19 08:09:15
14599,Sweet,29.17,2026-01-19 08:09:15
14599,Creamy,29.17,2026-01-19 08:09:15
14599,Gourmand,20.83,2026-01-19 08:09:15
14601,Woody,24.25,2026-01-19 08:09:15
14601,Spicy,22.26,2026-01-19 08:09:15
14601,Sweet,13.29,2026-01-19 08:09:15
14601,Powdery,11.3,2026-01-19 08:09:15
14601,Floral,10.96,2026-01-19 08:09:15
14602,Citrus,22.62,2026-01-19 08:09:15
14602,Fresh,22.62,2026-01-19 08:09:15
14603,Sweet,27.78,2026-01-19 08:09:15
14603,Fresh,27.78,2026-01-19 08:09:15
14603,Floral,22.22,2026-01-19 08:09:15
14605,Floral,22.73,2026-01-19 08:09:15
14605,Fruity,21.59,2026-01-19 08:09:15
14605,Sweet,19.32,2026-01-19 08:09:15
14605,Fresh,14.77,2026-01-19 08:09:15
14606,Creamy,22.71,2026-01-19 08:09:15
14606,Synthetic,18.34,2026-01-19 08:09:15
14606,Fresh,18.34,2026-01-19 08:09:15
14606,Floral,15.28,2026-01-19 08:09:15
14607,Floral,33.33,2026-01-19 08:09:15
14607,Fresh,25.0,2026-01-19 08:09:15
14607,Synthetic,16.67,2026-01-19 08:09:15
14610,Woody,27.72,2026-01-19 08:09:15
14610,Spicy,20.6,2026-01-19 08:09:15
14610,Resinous,14.98,2026-01-19 08:09:15
14610,Smoky,9.74,2026-01-19 08:09:15
14612,Sweet,20.0,2026-01-19 08:09:15
14612,Synthetic,16.0,2026-01-19 08:09:15
14612,Woody,16.0,2026-01-19 08:09:15
14612,Floral,16.0,2026-01-19 08:09:15
14613,Aquatic,24.1,2026-01-19 08:09:15
14613,Fresh,21.69,2026-01-19 08:09:15
14613,Floral,19.28,2026-01-19 08:09:15
14614,Sweet,20.8,2026-01-19 08:09:15
14614,Woody,18.8,2026-01-19 08:09:15
14614,Spicy,15.95,2026-01-19 08:09:15
14614,Gourmand,11.68,2026-01-19 08:09:15
14614,Floral,9.12,2026-01-19 08:09:15
14616,Floral,25.93,2026-01-19 08:09:15
14616,Sweet,18.52,2026-01-19 08:09:15
14616,Fruity,14.81,2026-01-19 08:09:15
14616,Citrus,11.11,2026-01-19 08:09:15
14616,Fresh,11.11,2026-01-19 08:09:15
14618,Floral,35.26,2026-01-19 08:09:15
14618,Sweet,30.06,2026-01-19 08:09:15
14620,Fruity,26.92,2026-01-19 08:09:15
14620,Synthetic,23.08,2026-01-19 08:09:15
14620,Sweet,19.23,2026-01-19 08:09:15
14621,Floral,25.4,2026-01-19 08:09:15
14621,Woody,17.46,2026-01-19 08:09:15
14621,Sweet,12.7,2026-01-19 08:09:15
14621,Powdery,11.11,2026-01-19 08:09:15
14621,Creamy,11.11,2026-01-19 08:09:15
14622,Spicy,28.63,2026-01-19 08:09:15
14622,Woody,21.77,2026-01-19 08:09:15
14622,Oriental,14.52,2026-01-19 08:09:15
14622,Sweet,10.08,2026-01-19 08:09:15
14624,Sweet,27.27,2026-01-19 08:09:15
14624,Powdery,18.18,2026-01-19 08:09:15
14624,Fruity,18.18,2026-01-19 08:09:15
14624,Floral,18.18,2026-01-19 08:09:15
14625,Fresh,20.0,2026-01-19 08:09:15
14625,Spicy,15.56,2026-01-19 08:09:15
14625,Synthetic,13.33,2026-01-19 08:09:15
14625,Woody,13.33,2026-01-19 08:09:15
14625,Aquatic,13.33,2026-01-19 08:09:15
14629,Floral,26.09,2026-01-19 08:09:15
14629,Fresh,21.74,2026-01-19 08:09:15
14629,Creamy,21.74,2026-01-19 08:09:15
14630,Floral,28.25,2026-01-19 08:09:15
14630,Fresh,23.32,2026-01-19 08:09:15
14630,Green,11.66,2026-01-19 08:09:15
14630,Sweet,9.87,2026-01-19 08:09:15
14630,Fruity,6.73,2026-01-19 08:09:15
14632,Sweet,25.0,2026-01-19 08:09:15
14632,Fruity,21.43,2026-01-19 08:09:15
14632,Woody,17.86,2026-01-19 08:09:15
14632,Floral,17.86,2026-01-19 08:09:15
14633,Floral,26.67,2026-01-19 08:09:15
14633,Fruity,23.33,2026-01-19 08:09:15
14633,Sweet,20.0,2026-01-19 08:09:15
14633,Fresh,20.0,2026-01-19 08:09:15
14634,Floral,35.37,2026-01-19 08:09:15
14634,Sweet,20.73,2026-01-19 08:09:15
14634,Creamy,17.68,2026-01-19 08:09:15
14636,Fruity,39.13,2026-01-19 08:09:15
14636,Sweet,34.78,2026-01-19 08:09:15
14637,Synthetic,22.92,2026-01-19 08:09:15
14637,Sweet,20.83,2026-01-19 08:09:15
14637,Woody,12.5,2026-01-19 08:09:15
14637,Spicy,10.42,2026-01-19 08:09:15
14637,Fresh,10.42,2026-01-19 08:09:15
14638,Spicy,20.57,2026-01-19 08:09:15
14638,Woody,17.02,2026-01-19 08:09:15
14638,Earthy,11.35,2026-01-19 08:09:15
14638,Resinous,10.99,2026-01-19 08:09:15
14638,Sweet,10.28,2026-01-19 08:09:15
14638,Oriental,7.45,2026-01-19 08:09:15
14640,Citrus,22.5,2026-01-19 08:09:15
14640,Fruity,17.5,2026-01-19 08:09:15
14640,Floral,17.5,2026-01-19 08:09:15
14640,Synthetic,12.5,2026-01-19 08:09:15
14640,Fresh,12.5,2026-01-19 08:09:15
14641,Sweet,28.57,2026-01-19 08:09:15
14641,Powdery,28.57,2026-01-19 08:09:15
14641,Gourmand,28.57,2026-01-19 08:09:15
14643,Spicy,22.77,2026-01-19 08:09:15
14643,Resinous,21.29,2026-01-19 08:09:15
14643,Woody,12.38,2026-01-19 08:09:15
14643,Sweet,11.39,2026-01-19 08:09:15
14643,Oriental,9.41,2026-01-19 08:09:15
14643,Fruity,9.41,2026-01-19 08:09:15
14644,Spicy,20.0,2026-01-19 08:09:15
14644,Sweet,20.0,2026-01-19 08:09:15
14644,Powdery,16.67,2026-01-19 08:09:15
14644,Oriental,16.67,2026-01-19 08:09:15
14644,Floral,16.67,2026-01-19 08:09:15
14645,Gourmand,33.33,2026-01-19 08:09:15
14645,Creamy,33.33,2026-01-19 08:09:15
14647,Aquatic,21.25,2026-01-19 08:09:15
14647,Spicy,18.33,2026-01-19 08:09:15
14647,Fresh,15.0,2026-01-19 08:09:15
14647,Smoky,13.75,2026-01-19 08:09:15
14647,Woody,10.42,2026-01-19 08:09:15
14648,Floral,19.35,2026-01-19 08:09:15
14648,Sweet,16.13,2026-01-19 08:09:15
14648,Spicy,12.9,2026-01-19 08:09:15
14648,Powdery,12.9,2026-01-19 08:09:15
14648,Synthetic,9.68,2026-01-19 08:09:15
14648,Oriental,9.68,2026-01-19 08:09:15
14649,Sweet,30.0,2026-01-19 08:09:15
14649,Floral,25.0,2026-01-19 08:09:15
14649,Powdery,15.0,2026-01-19 08:09:15
14649,Gourmand,15.0,2026-01-19 08:09:15
14651,Fresh,28.0,2026-01-19 08:09:15
14651,Citrus,24.0,2026-01-19 08:09:15
14651,Green,22.0,2026-01-19 08:09:15
14652,Fruity,28.21,2026-01-19 08:09:15
14652,Sweet,25.64,2026-01-19 08:09:15
14652,Floral,23.08,2026-01-19 08:09:15
14654,Sweet,33.33,2026-01-19 08:09:15
14654,Gourmand,33.33,2026-01-19 08:09:15
14654,Creamy,33.33,2026-01-19 08:09:15
14655,Floral,35.37,2026-01-19 08:09:15
14655,Animal,24.49,2026-01-19 08:09:15
14655,Sweet,14.29,2026-01-19 08:09:15
14656,Sweet,22.86,2026-01-19 08:09:15
14656,Fruity,22.86,2026-01-19 08:09:15
14656,Woody,17.14,2026-01-19 08:09:15
14656,Oriental,14.29,2026-01-19 08:09:15
14657,Sweet,50.0,2026-01-19 08:09:15
14659,Resinous,22.11,2026-01-19 08:09:15
14659,Spicy,17.09,2026-01-19 08:09:15
14659,Oriental,16.58,2026-01-19 08:09:15
14659,Sweet,14.07,2026-01-19 08:09:15
14659,Woody,14.07,2026-01-19 08:09:15
14661,Floral,22.5,2026-01-19 08:09:15
14661,Sweet,20.0,2026-01-19 08:09:15
14661,Fruity,15.0,2026-01-19 08:09:15
14661,Gourmand,10.0,2026-01-19 08:09:15
14661,Fresh,10.0,2026-01-19 08:09:15
14662,Fresh,22.68,2026-01-19 08:09:15
14662,Spicy,17.53,2026-01-19 08:09:15
14662,Green,11.86,2026-01-19 08:09:15
14662,Sweet,10.82,2026-01-19 08:09:15
14662,Woody,10.31,2026-01-19 08:09:15
14663,Floral,24.24,2026-01-19 08:09:15
14663,Synthetic,18.18,2026-01-19 08:09:15
14663,Fresh,18.18,2026-01-19 08:09:15
14663,Fruity,12.12,2026-01-19 08:09:15
14665,Woody,25.62,2026-01-19 08:09:15
14665,Floral,25.62,2026-01-19 08:09:15
14665,Powdery,13.12,2026-01-19 08:09:15
14665,Spicy,10.62,2026-01-19 08:09:15
14666,Sweet,24.14,2026-01-19 08:09:15
14666,Gourmand,24.14,2026-01-19 08:09:15
14666,Creamy,24.14,2026-01-19 08:09:15
14667,Citrus,14.63,2026-01-19 08:09:15
14667,Fresh,14.63,2026-01-19 08:09:15
14667,Sweet,9.76,2026-01-19 08:09:15
14667,Woody,9.76,2026-01-19 08:09:15
14667,Fruity,9.76,2026-01-19 08:09:15
14667,Floral,9.76,2026-01-19 08:09:15
14667,Creamy,7.32,2026-01-19 08:09:15
14669,Spicy,26.75,2026-01-19 08:09:15
14669,Citrus,25.48,2026-01-19 08:09:15
14669,Fruity,19.75,2026-01-19 08:09:15
14670,Oriental,22.22,2026-01-19 08:09:15
14670,Fruity,22.22,2026-01-19 08:09:15
14670,Sweet,11.11,2026-01-19 08:09:15
14670,Woody,11.11,2026-01-19 08:09:15
14670,Gourmand,11.11,2026-01-19 08:09:15
14670,Fresh,11.11,2026-01-19 08:09:15
14670,Floral,11.11,2026-01-19 08:09:15
14671,Floral,23.26,2026-01-19 08:09:15
14671,Fruity,20.93,2026-01-19 08:09:15
14671,Fresh,18.6,2026-01-19 08:09:15
14671,Woody,16.28,2026-01-19 08:09:15
14673,Spicy,28.3,2026-01-19 08:09:15
14673,Woody,26.42,2026-01-19 08:09:15
14673,Oriental,15.09,2026-01-19 08:09:15
14674,Sweet,28.57,2026-01-19 08:09:15
14674,Fruity,28.57,2026-01-19 08:09:15
14674,Floral,28.57,2026-01-19 08:09:15
14675,Spicy,20.83,2026-01-19 08:09:15
14675,Floral,20.83,2026-01-19 08:09:15
14675,Citrus,12.5,2026-01-19 08:09:15
14675,Woody,12.5,2026-01-19 08:09:15
14678,Sweet,25.0,2026-01-19 08:09:15
14678,Fruity,25.0,2026-01-19 08:09:15
14678,Floral,15.62,2026-01-19 08:09:15
14678,Powdery,12.5,2026-01-19 08:09:15
14678,Gourmand,12.5,2026-01-19 08:09:15
14679,Oriental,21.21,2026-01-19 08:09:15
14679,Sweet,18.18,2026-01-19 08:09:15
14679,Floral,18.18,2026-01-19 08:09:15
14679,Spicy,15.15,2026-01-19 08:09:15
14682,Green,18.75,2026-01-19 08:09:15
14682,Fruity,18.75,2026-01-19 08:09:15
14682,Fresh,18.75,2026-01-19 08:09:15
14683,Spicy,17.65,2026-01-19 08:09:15
14683,Woody,14.71,2026-01-19 08:09:15
14683,Synthetic,11.76,2026-01-19 08:09:15
14683,Sweet,8.82,2026-01-19 08:09:15
14683,Smoky,8.82,2026-01-19 08:09:15
14683,Powdery,8.82,2026-01-19 08:09:15
14683,Fresh,8.82,2026-01-19 08:09:15
14683,Fougère,8.82,2026-01-19 08:09:15
14684,Spicy,34.23,2026-01-19 08:09:15
14684,Woody,26.13,2026-01-19 08:09:15
14684,Resinous,13.51,2026-01-19 08:09:15
14684,Fresh,13.51,2026-01-19 08:09:15
14686,Creamy,36.36,2026-01-19 08:09:15
14686,Sweet,31.82,2026-01-19 08:09:15
14686,Gourmand,31.82,2026-01-19 08:09:15
14687,Spicy,16.76,2026-01-19 08:09:15
14687,Sweet,13.87,2026-01-19 08:09:15
14687,Gourmand,13.87,2026-01-19 08:09:15
14687,Animal,13.29,2026-01-19 08:09:15
14687,Floral,12.14,2026-01-19 08:09:15
14687,Creamy,9.25,2026-01-19 08:09:15
14687,Oriental,8.67,2026-01-19 08:09:15
14689,Floral,26.09,2026-01-19 08:09:15
14689,Sweet,21.74,2026-01-19 08:09:15
14689,Gourmand,17.39,2026-01-19 08:09:15
14689,Fruity,13.04,2026-01-19 08:09:15
14689,Creamy,13.04,2026-01-19 08:09:15
14690,Floral,25.64,2026-01-19 08:09:15
14690,Fresh,17.95,2026-01-19 08:09:15
14690,Synthetic,15.38,2026-01-19 08:09:15
14690,Sweet,15.38,2026-01-19 08:09:15
14692,Woody,21.31,2026-01-19 08:09:15
14692,Spicy,20.22,2026-01-19 08:09:15
14692,Oriental,17.49,2026-01-19 08:09:15
14692,Sweet,13.66,2026-01-19 08:09:15
14693,Sweet,27.27,2026-01-19 08:09:15
14693,Floral,18.18,2026-01-19 08:09:15
14693,Citrus,13.64,2026-01-19 08:09:15
14693,Fruity,13.64,2026-01-19 08:09:15
14696,Woody,25.4,2026-01-19 08:09:15
14696,Fruity,25.4,2026-01-19 08:09:15
14697,Citrus,17.39,2026-01-19 08:09:15
14697,Spicy,13.04,2026-01-19 08:09:15
14697,Woody,13.04,2026-01-19 08:09:15
14697,Green,13.04,2026-01-19 08:09:15
14697,Fruity,13.04,2026-01-19 08:09:15
14697,Fresh,13.04,2026-01-19 08:09:15
14698,Sweet,26.67,2026-01-19 08:09:15
14698,Fruity,20.0,2026-01-19 08:09:15
14698,Floral,20.0,2026-01-19 08:09:15
14698,Synthetic,13.33,2026-01-19 08:09:15
14698,Fresh,13.33,2026-01-19 08:09:15
14700,Leathery,24.63,2026-01-19 08:09:15
14700,Fruity,20.9,2026-01-19 08:09:15
14700,Sweet,11.94,2026-01-19 08:09:15
14700,Woody,11.19,2026-01-19 08:09:15
14700,Spicy,9.7,2026-01-19 08:09:15
14700,Smoky,9.7,2026-01-19 08:09:15
14701,Sweet,27.78,2026-01-19 08:09:15
14701,Fruity,22.22,2026-01-19 08:09:15
14701,Floral,22.22,2026-01-19 08:09:15
14702,Sweet,21.21,2026-01-19 08:09:15
14702,Floral,21.21,2026-01-19 08:09:15
14702,Oriental,18.18,2026-01-19 08:09:15
14702,Woody,15.15,2026-01-19 08:09:15
14704,Floral,24.72,2026-01-19 08:09:15
14704,Leathery,14.04,2026-01-19 08:09:15
14704,Animal,12.36,2026-01-19 08:09:15
14704,Spicy,11.8,2026-01-19 08:09:15
14704,Oriental,8.43,2026-01-19 08:09:15
14704,Sweet,6.74,2026-01-19 08:09:15
14704,Chypre,6.74,2026-01-19 08:09:15
14705,Fresh,23.08,2026-01-19 08:09:15
14705,Green,15.38,2026-01-19 08:09:15
14705,Aquatic,15.38,2026-01-19 08:09:15
14705,Sweet,7.69,2026-01-19 08:09:15
14705,Powdery,7.69,2026-01-19 08:09:15
14705,Woody,7.69,2026-01-19 08:09:15
14705,Fruity,7.69,2026-01-19 08:09:15
14705,Fougère,7.69,2026-01-19 08:09:15
14705,Floral,7.69,2026-01-19 08:09:15
14706,Leathery,20.69,2026-01-19 08:09:15
14706,Floral,20.69,2026-01-19 08:09:15
14706,Spicy,10.34,2026-01-19 08:09:15
14706,Synthetic,10.34,2026-01-19 08:09:15
14706,Sweet,10.34,2026-01-19 08:09:15
14706,Oriental,10.34,2026-01-19 08:09:15
14706,Fruity,10.34,2026-01-19 08:09:15
14708,Green,30.91,2026-01-19 08:09:15
14708,Spicy,23.64,2026-01-19 08:09:15
14708,Fresh,23.64,2026-01-19 08:09:15
14709,Fruity,23.81,2026-01-19 08:09:15
14709,Floral,23.81,2026-01-19 08:09:15
14709,Sweet,19.05,2026-01-19 08:09:15
14710,Fresh,29.41,2026-01-19 08:09:15
14710,Floral,23.53,2026-01-19 08:09:15
14710,Aquatic,23.53,2026-01-19 08:09:15
14712,Floral,24.66,2026-01-19 08:09:15
14712,Spicy,19.18,2026-01-19 08:09:15
14712,Smoky,15.75,2026-01-19 08:09:15
14712,Sweet,10.96,2026-01-19 08:09:15
14712,Woody,8.9,2026-01-19 08:09:15
14713,Citrus,22.22,2026-01-19 08:09:15
14713,Floral,22.22,2026-01-19 08:09:15
14713,Fresh,13.89,2026-01-19 08:09:15
14713,Animal,13.89,2026-01-19 08:09:15
14714,Sweet,25.0,2026-01-19 08:09:15
14714,Floral,25.0,2026-01-19 08:09:15
14714,Fruity,18.75,2026-01-19 08:09:15
14716,Floral,20.69,2026-01-19 08:09:15
14716,Powdery,13.79,2026-01-19 08:09:15
14716,Woody,13.79,2026-01-19 08:09:15
14716,Creamy,13.79,2026-01-19 08:09:15
14717,Spicy,28.57,2026-01-19 08:09:15
14717,Sweet,28.57,2026-01-19 08:09:15
14717,Gourmand,28.57,2026-01-19 08:09:15
14720,Floral,18.75,2026-01-19 08:09:15
14720,Fresh,15.62,2026-01-19 08:09:15
14720,Citrus,12.5,2026-01-19 08:09:15
14720,Sweet,12.5,2026-01-19 08:09:15
14720,Spicy,9.38,2026-01-19 08:09:15
14720,Powdery,9.38,2026-01-19 08:09:15
14720,Oriental,9.38,2026-01-19 08:09:15
14721,Woody,28.57,2026-01-19 08:09:15
14721,Floral,28.57,2026-01-19 08:09:15
14724,Aquatic,25.0,2026-01-19 08:09:15
14724,Fresh,20.0,2026-01-19 08:09:15
14724,Synthetic,15.0,2026-01-19 08:09:15
14724,Fruity,15.0,2026-01-19 08:09:15
14724,Floral,15.0,2026-01-19 08:09:15
14725,Spicy,20.0,2026-01-19 08:09:15
14725,Sweet,20.0,2026-01-19 08:09:15
14725,Gourmand,20.0,2026-01-19 08:09:15
14725,Powdery,10.0,2026-01-19 08:09:15
14725,Woody,10.0,2026-01-19 08:09:15
14725,Creamy,10.0,2026-01-19 08:09:15
14727,Spicy,23.08,2026-01-19 08:09:15
14727,Fruity,20.98,2026-01-19 08:09:15
14727,Oriental,18.18,2026-01-19 08:09:15
14727,Citrus,10.49,2026-01-19 08:09:15
14728,Floral,25.0,2026-01-19 08:09:15
14728,Creamy,20.83,2026-01-19 08:09:15
14728,Sweet,12.5,2026-01-19 08:09:15
14729,Fruity,23.53,2026-01-19 08:09:15
14729,Creamy,23.53,2026-01-19 08:09:15
14729,Fresh,17.65,2026-01-19 08:09:15
14729,Floral,17.65,2026-01-19 08:09:15
14731,Spicy,22.22,2026-01-19 08:09:15
14731,Oriental,17.78,2026-01-19 08:09:15
14731,Fruity,14.07,2026-01-19 08:09:15
14731,Sweet,12.59,2026-01-19 08:09:15
14731,Woody,9.63,2026-01-19 08:09:15
14733,Synthetic,24.0,2026-01-19 08:09:15
14733,Sweet,24.0,2026-01-19 08:09:15
14733,Fruity,24.0,2026-01-19 08:09:15
14735,Woody,23.16,2026-01-19 08:09:15
14735,Fresh,21.05,2026-01-19 08:09:15
14735,Floral,21.05,2026-01-19 08:09:15
14736,Fresh,23.53,2026-01-19 08:09:15
14736,Floral,23.53,2026-01-19 08:09:15
14736,Sweet,17.65,2026-01-19 08:09:15
14736,Aquatic,17.65,2026-01-19 08:09:15
14737,Floral,50.0,2026-01-19 08:09:15
14737,Aquatic,50.0,2026-01-19 08:09:15
14739,Spicy,25.58,2026-01-19 08:09:15
14739,Green,25.58,2026-01-19 08:09:15
14739,Fresh,19.77,2026-01-19 08:09:15
14740,Woody,20.0,2026-01-19 08:09:15
14740,Fresh,20.0,2026-01-19 08:09:15
14740,Spicy,15.0,2026-01-19 08:09:15
14740,Synthetic,15.0,2026-01-19 08:09:15
14740,Aquatic,15.0,2026-01-19 08:09:15
14741,Gourmand,29.63,2026-01-19 08:09:15
14741,Sweet,25.93,2026-01-19 08:09:15
14743,Spicy,21.35,2026-01-19 08:09:15
14743,Oriental,17.98,2026-01-19 08:09:15
14743,Woody,17.98,2026-01-19 08:09:15
14743,Resinous,14.61,2026-01-19 08:09:15
14744,Leathery,33.33,2026-01-19 08:09:15
14744,Earthy,33.33,2026-01-19 08:09:15
14745,Sweet,25.0,2026-01-19 08:09:15
14745,Resinous,12.5,2026-01-19 08:09:15
14745,Creamy,12.5,2026-01-19 08:09:15
14745,Floral,12.5,2026-01-19 08:09:15
14745,Spicy,8.33,2026-01-19 08:09:15
14745,Powdery,8.33,2026-01-19 08:09:15
14747,Fresh,22.92,2026-01-19 08:09:15
14747,Powdery,18.75,2026-01-19 08:09:15
14747,Synthetic,16.67,2026-01-19 08:09:15
14747,Floral,14.58,2026-01-19 08:09:15
14748,Citrus,25.0,2026-01-19 08:09:15
14748,Fruity,25.0,2026-01-19 08:09:15
14748,Fresh,25.0,2026-01-19 08:09:15
14748,Floral,25.0,2026-01-19 08:09:15
14749,Sweet,22.73,2026-01-19 08:09:15
14749,Synthetic,18.18,2026-01-19 08:09:15
14749,Fruity,18.18,2026-01-19 08:09:15
14749,Gourmand,9.09,2026-01-19 08:09:15
14749,Creamy,9.09,2026-01-19 08:09:15
14751,Woody,27.91,2026-01-19 08:09:15
14751,Floral,25.58,2026-01-19 08:09:15
14751,Spicy,18.6,2026-01-19 08:09:15
14753,Sweet,23.81,2026-01-19 08:09:15
14753,Fruity,23.81,2026-01-19 08:09:15
14753,Synthetic,19.05,2026-01-19 08:09:15
14755,Woody,25.97,2026-01-19 08:09:15
14755,Fresh,15.58,2026-01-19 08:09:15
14755,Spicy,10.39,2026-01-19 08:09:15
14755,Aquatic,10.39,2026-01-19 08:09:15
14755,Earthy,7.79,2026-01-19 08:09:15
14757,Sweet,16.67,2026-01-19 08:09:15
14757,Fruity,16.67,2026-01-19 08:09:15
14757,Fresh,16.67,2026-01-19 08:09:15
14757,Synthetic,12.5,2026-01-19 08:09:15
14757,Citrus,8.33,2026-01-19 08:09:15
14757,Spicy,8.33,2026-01-19 08:09:15
14757,Aquatic,8.33,2026-01-19 08:09:15
14759,Woody,22.73,2026-01-19 08:09:15
14759,Spicy,15.91,2026-01-19 08:09:15
14759,Sweet,15.91,2026-01-19 08:09:15
14759,Resinous,15.91,2026-01-19 08:09:15
14759,Oriental,9.09,2026-01-19 08:09:15
14759,Earthy,9.09,2026-01-19 08:09:15
14760,Woody,25.0,2026-01-19 08:09:15
14760,Green,25.0,2026-01-19 08:09:15
14760,Fresh,25.0,2026-01-19 08:09:15
14760,Floral,25.0,2026-01-19 08:09:15
14761,Citrus,25.0,2026-01-19 08:09:15
14761,Floral,25.0,2026-01-19 08:09:15
14761,Aquatic,25.0,2026-01-19 08:09:15
14764,Citrus,20.0,2026-01-19 08:09:15
14764,Green,20.0,2026-01-19 08:09:15
14764,Fresh,20.0,2026-01-19 08:09:15
14764,Floral,20.0,2026-01-19 08:09:15
14764,Aquatic,20.0,2026-01-19 08:09:15
14767,Spicy,29.41,2026-01-19 08:09:15
14767,Resinous,25.49,2026-01-19 08:09:15
14767,Oriental,15.69,2026-01-19 08:09:15
14767,Woody,15.69,2026-01-19 08:09:15
14768,Sweet,23.53,2026-01-19 08:09:15
14768,Fruity,17.65,2026-01-19 08:09:15
14768,Powdery,11.76,2026-01-19 08:09:15
14768,Oriental,11.76,2026-01-19 08:09:15
14768,Resinous,11.76,2026-01-19 08:09:15
14768,Floral,11.76,2026-01-19 08:09:15
14771,Spicy,23.08,2026-01-19 08:09:15
14771,Sweet,17.95,2026-01-19 08:09:15
14771,Resinous,15.38,2026-01-19 08:09:15
14771,Smoky,10.26,2026-01-19 08:09:15
14771,Woody,10.26,2026-01-19 08:09:15
14772,Sweet,25.0,2026-01-19 08:09:15
14772,Powdery,18.75,2026-01-19 08:09:15
14772,Gourmand,12.5,2026-01-19 08:09:15
14772,Fruity,12.5,2026-01-19 08:09:15
14772,Fresh,12.5,2026-01-19 08:09:15
14772,Creamy,12.5,2026-01-19 08:09:15
14773,Sweet,25.0,2026-01-19 08:09:15
14773,Smoky,25.0,2026-01-19 08:09:15
14773,Woody,25.0,2026-01-19 08:09:15
14773,Floral,25.0,2026-01-19 08:09:15
14776,Sweet,22.73,2026-01-19 08:09:15
14776,Creamy,18.18,2026-01-19 08:09:15
14776,Synthetic,13.64,2026-01-19 08:09:15
14776,Gourmand,13.64,2026-01-19 08:09:15
14776,Floral,13.64,2026-01-19 08:09:15
14777,Floral,33.33,2026-01-19 08:09:15
14777,Sweet,22.22,2026-01-19 08:09:15
14777,Fruity,22.22,2026-01-19 08:09:15
14777,Fresh,22.22,2026-01-19 08:09:15
14779,Leathery,30.56,2026-01-19 08:09:15
14779,Powdery,27.78,2026-01-19 08:09:15
14779,Spicy,16.67,2026-01-19 08:09:15
14780,Synthetic,20.0,2026-01-19 08:09:15
14780,Fresh,20.0,2026-01-19 08:09:15
14780,Sweet,13.33,2026-01-19 08:09:15
14780,Creamy,13.33,2026-01-19 08:09:15
14781,Woody,21.43,2026-01-19 08:09:15
14781,Floral,21.43,2026-01-19 08:09:15
14781,Citrus,14.29,2026-01-19 08:09:15
14781,Sweet,14.29,2026-01-19 08:09:15
14781,Fruity,14.29,2026-01-19 08:09:15
14781,Fresh,14.29,2026-01-19 08:09:15
14783,Floral,26.19,2026-01-19 08:09:15
14783,Sweet,16.67,2026-01-19 08:09:15
14783,Fruity,14.29,2026-01-19 08:09:15
14783,Powdery,11.9,2026-01-19 08:09:15
14783,Woody,11.9,2026-01-19 08:09:15
14786,Fresh,25.0,2026-01-19 08:09:15
14786,Floral,25.0,2026-01-19 08:09:15
14786,Sweet,16.67,2026-01-19 08:09:15
14786,Creamy,16.67,2026-01-19 08:09:15
14787,Woody,27.91,2026-01-19 08:09:15
14787,Spicy,20.93,2026-01-19 08:09:15
14787,Powdery,20.93,2026-01-19 08:09:15
14789,Synthetic,20.0,2026-01-19 08:09:15
14789,Fruity,20.0,2026-01-19 08:09:15
14789,Fresh,20.0,2026-01-19 08:09:15
14789,Floral,20.0,2026-01-19 08:09:15
14789,Aquatic,20.0,2026-01-19 08:09:15
14790,Floral,50.0,2026-01-19 08:09:15
14791,Smoky,20.83,2026-01-19 08:09:15
14791,Woody,18.75,2026-01-19 08:09:15
14791,Animal,16.67,2026-01-19 08:09:15
14791,Resinous,14.58,2026-01-19 08:09:15
14794,Fresh,23.08,2026-01-19 08:09:15
14794,Floral,23.08,2026-01-19 08:09:15
14794,Sweet,15.38,2026-01-19 08:09:15
14794,Woody,15.38,2026-01-19 08:09:15
14794,Creamy,15.38,2026-01-19 08:09:15
14795,Floral,19.23,2026-01-19 08:09:15
14795,Spicy,15.38,2026-01-19 08:09:15
14795,Oriental,11.54,2026-01-19 08:09:15
14795,Leathery,11.54,2026-01-19 08:09:15
14795,Sweet,9.62,2026-01-19 08:09:15
14795,Resinous,9.62,2026-01-19 08:09:15
14799,Sweet,27.27,2026-01-19 08:09:15
14799,Powdery,27.27,2026-01-19 08:09:15
14799,Creamy,18.18,2026-01-19 08:09:15
14802,Spicy,28.57,2026-01-19 08:09:15
14802,Sweet,28.57,2026-01-19 08:09:15
14802,Resinous,28.57,2026-01-19 08:09:15
14803,Fruity,26.67,2026-01-19 08:09:15
14803,Fresh,26.67,2026-01-19 08:09:15
14803,Synthetic,20.0,2026-01-19 08:09:15
14807,Synthetic,20.0,2026-01-19 08:09:15
14807,Sweet,20.0,2026-01-19 08:09:15
14807,Floral,20.0,2026-01-19 08:09:15
14807,Spicy,10.0,2026-01-19 08:09:15
14807,Powdery,10.0,2026-01-19 08:09:15
14807,Fresh,10.0,2026-01-19 08:09:15
14807,Creamy,10.0,2026-01-19 08:09:15
14811,Fruity,30.0,2026-01-19 08:09:15
14811,Sweet,20.0,2026-01-19 08:09:15
14811,Fresh,20.0,2026-01-19 08:09:15
14814,Spicy,14.29,2026-01-19 08:09:15
14814,Oriental,14.29,2026-01-19 08:09:15
14814,Woody,14.29,2026-01-19 08:09:15
14814,Resinous,14.29,2026-01-19 08:09:15
14814,Green,14.29,2026-01-19 08:09:15
14814,Earthy,14.29,2026-01-19 08:09:15
14814,Creamy,14.29,2026-01-19 08:09:15
14816,Fresh,23.53,2026-01-19 08:09:15
14816,Floral,23.53,2026-01-19 08:09:15
14816,Aquatic,17.65,2026-01-19 08:09:15
14816,Sweet,11.76,2026-01-19 08:09:15
14816,Creamy,11.76,2026-01-19 08:09:15
14819,Powdery,33.33,2026-01-19 08:09:15
14819,Creamy,33.33,2026-01-19 08:09:15
14819,Floral,33.33,2026-01-19 08:09:15
14821,Sweet,24.76,2026-01-19 08:09:15
14821,Spicy,19.97,2026-01-19 08:09:15
14821,Fruity,15.9,2026-01-19 08:09:15
14821,Woody,12.26,2026-01-19 08:09:15
14824,Fruity,22.73,2026-01-19 08:09:15
14824,Floral,22.73,2026-01-19 08:09:15
14824,Sweet,18.18,2026-01-19 08:09:15
14824,Fresh,18.18,2026-01-19 08:09:15
14825,Sweet,22.88,2026-01-19 08:09:15
14825,Spicy,20.91,2026-01-19 08:09:15
14825,Oriental,12.84,2026-01-19 08:09:15
14825,Gourmand,12.55,2026-01-19 08:09:15
14825,Woody,10.78,2026-01-19 08:09:15
14828,Floral,36.36,2026-01-19 08:09:15
14828,Fruity,27.27,2026-01-19 08:09:15
14829,Sweet,26.43,2026-01-19 08:09:15
14829,Gourmand,23.07,2026-01-19 08:09:15
14829,Creamy,18.07,2026-01-19 08:09:15
14832,Citrus,25.0,2026-01-19 08:09:15
14832,Green,25.0,2026-01-19 08:09:15
14832,Fresh,25.0,2026-01-19 08:09:15
14832,Floral,25.0,2026-01-19 08:09:15
14833,Sweet,25.88,2026-01-19 08:09:15
14833,Gourmand,23.94,2026-01-19 08:09:15
14833,Spicy,20.66,2026-01-19 08:09:15
14835,Sweet,33.33,2026-01-19 08:09:15
14835,Creamy,33.33,2026-01-19 08:09:15
14835,Floral,33.33,2026-01-19 08:09:15
14837,Sweet,23.99,2026-01-19 08:09:15
14837,Creamy,17.88,2026-01-19 08:09:15
14837,Spicy,15.75,2026-01-19 08:09:15
14837,Gourmand,11.0,2026-01-19 08:09:15
14837,Woody,8.98,2026-01-19 08:09:15
14840,Fruity,44.44,2026-01-19 08:09:15
14840,Floral,33.33,2026-01-19 08:09:15
14844,Sweet,25.0,2026-01-19 08:09:15
14844,Powdery,25.0,2026-01-19 08:09:15
14844,Gourmand,25.0,2026-01-19 08:09:15
14844,Creamy,25.0,2026-01-19 08:09:15
14845,Woody,23.69,2026-01-19 08:09:15
14845,Spicy,23.18,2026-01-19 08:09:15
14845,Sweet,16.92,2026-01-19 08:09:15
14845,Oriental,13.76,2026-01-19 08:09:15
14848,Synthetic,16.67,2026-01-19 08:09:15
14848,Sweet,16.67,2026-01-19 08:09:15
14848,Gourmand,16.67,2026-01-19 08:09:15
14848,Fresh,16.67,2026-01-19 08:09:15
14848,Creamy,16.67,2026-01-19 08:09:15
14848,Floral,16.67,2026-01-19 08:09:15
14849,Fresh,26.23,2026-01-19 08:09:15
14849,Spicy,17.53,2026-01-19 08:09:15
14849,Citrus,16.25,2026-01-19 08:09:15
14849,Aquatic,14.34,2026-01-19 08:09:15
14852,Fruity,28.57,2026-01-19 08:09:15
14852,Sweet,21.43,2026-01-19 08:09:15
14852,Floral,14.29,2026-01-19 08:09:15
14853,Fresh,28.72,2026-01-19 08:09:15
14853,Citrus,24.6,2026-01-19 08:09:15
14853,Aquatic,22.19,2026-01-19 08:09:15
14856,Synthetic,25.0,2026-01-19 08:09:15
14856,Sweet,25.0,2026-01-19 08:09:15
14856,Powdery,25.0,2026-01-19 08:09:15
14856,Fruity,25.0,2026-01-19 08:09:15
14858,Floral,27.7,2026-01-19 08:09:15
14858,Fruity,23.03,2026-01-19 08:09:15
14858,Sweet,21.84,2026-01-19 08:09:15
14859,Sweet,50.0,2026-01-19 08:09:15
14859,Fruity,50.0,2026-01-19 08:09:15
14860,Citrus,50.0,2026-01-19 08:09:15
14860,Sweet,50.0,2026-01-19 08:09:15
14862,Fresh,22.6,2026-01-19 08:09:15
14862,Green,21.03,2026-01-19 08:09:15
14862,Fruity,15.48,2026-01-19 08:09:15
14862,Citrus,15.14,2026-01-19 08:09:15
14864,Sweet,16.67,2026-01-19 08:09:15
14864,Woody,16.67,2026-01-19 08:09:15
14864,Synthetic,12.5,2026-01-19 08:09:15
14864,Floral,12.5,2026-01-19 08:09:15
14866,Spicy,24.97,2026-01-19 08:09:15
14866,Woody,24.2,2026-01-19 08:09:15
14866,Oriental,18.01,2026-01-19 08:09:15
14868,Sweet,19.05,2026-01-19 08:09:15
14868,Citrus,14.29,2026-01-19 08:09:15
14868,Synthetic,14.29,2026-01-19 08:09:15
14868,Fruity,14.29,2026-01-19 08:09:15
14868,Fresh,14.29,2026-01-19 08:09:15
14868,Floral,14.29,2026-01-19 08:09:15
14871,Spicy,26.25,2026-01-19 08:09:15
14871,Woody,22.24,2026-01-19 08:09:15
14871,Sweet,15.83,2026-01-19 08:09:15
14871,Fruity,12.28,2026-01-19 08:09:15
14872,Synthetic,25.0,2026-01-19 08:09:15
14872,Sweet,25.0,2026-01-19 08:09:15
14872,Fruity,25.0,2026-01-19 08:09:15
14872,Fresh,25.0,2026-01-19 08:09:15
14875,Floral,26.76,2026-01-19 08:09:15
14875,Sweet,26.02,2026-01-19 08:09:15
14875,Fruity,20.05,2026-01-19 08:09:15
14876,Sweet,16.67,2026-01-19 08:09:15
14876,Woody,16.67,2026-01-19 08:09:15
14876,Gourmand,16.67,2026-01-19 08:09:15
14876,Fruity,16.67,2026-01-19 08:09:15
14879,Citrus,27.18,2026-01-19 08:09:15
14879,Fresh,24.84,2026-01-19 08:09:15
14879,Woody,16.37,2026-01-19 08:09:15
14880,Sweet,33.33,2026-01-19 08:09:15
14880,Gourmand,33.33,2026-01-19 08:09:15
14880,Fruity,33.33,2026-01-19 08:09:15
14883,Leathery,24.55,2026-01-19 08:09:15
14883,Spicy,18.01,2026-01-19 08:09:15
14883,Woody,13.84,2026-01-19 08:09:15
14883,Fruity,12.89,2026-01-19 08:09:15
14883,Sweet,10.14,2026-01-19 08:09:15
14884,Fruity,22.22,2026-01-19 08:09:15
14884,Citrus,11.11,2026-01-19 08:09:15
14884,Spicy,11.11,2026-01-19 08:09:15
14884,Sweet,11.11,2026-01-19 08:09:15
14884,Woody,11.11,2026-01-19 08:09:15
14884,Fresh,11.11,2026-01-19 08:09:15
14884,Earthy,11.11,2026-01-19 08:09:15
14884,Floral,11.11,2026-01-19 08:09:15
14887,Floral,20.43,2026-01-19 08:09:15
14887,Fresh,20.22,2026-01-19 08:09:15
14887,Synthetic,19.24,2026-01-19 08:09:15
14887,Fruity,13.8,2026-01-19 08:09:15
14888,Sweet,23.33,2026-01-19 08:09:15
14888,Fruity,20.0,2026-01-19 08:09:15
14888,Gourmand,16.67,2026-01-19 08:09:15
14888,Synthetic,10.0,2026-01-19 08:09:15
14888,Creamy,10.0,2026-01-19 08:09:15
14891,Floral,29.76,2026-01-19 08:09:15
14891,Fresh,23.86,2026-01-19 08:09:15
14891,Fruity,18.36,2026-01-19 08:09:15
14892,Sweet,33.33,2026-01-19 08:09:15
14892,Fruity,33.33,2026-01-19 08:09:15
14892,Floral,33.33,2026-01-19 08:09:15
14895,Sweet,24.86,2026-01-19 08:09:15
14895,Fruity,20.04,2026-01-19 08:09:15
14895,Creamy,14.93,2026-01-19 08:09:15
14895,Gourmand,13.42,2026-01-19 08:09:15
14895,Floral,13.04,2026-01-19 08:09:15
14896,Sweet,17.65,2026-01-19 08:09:15
14896,Gourmand,17.65,2026-01-19 08:09:15
14896,Fruity,17.65,2026-01-19 08:09:15
14896,Fresh,11.76,2026-01-19 08:09:15
14896,Floral,11.76,2026-01-19 08:09:15
14899,Woody,20.93,2026-01-19 08:09:15
14899,Sweet,20.35,2026-01-19 08:09:15
14899,Spicy,19.77,2026-01-19 08:09:15
14899,Oriental,11.74,2026-01-19 08:09:15
14900,Citrus,33.33,2026-01-19 08:09:15
14900,Sweet,33.33,2026-01-19 08:09:15
14900,Floral,33.33,2026-01-19 08:09:15
14904,Sweet,29.41,2026-01-19 08:09:15
14904,Gourmand,23.53,2026-01-19 08:09:15
14904,Creamy,23.53,2026-01-19 08:09:15
14907,Fruity,28.1,2026-01-19 08:09:15
14907,Floral,25.27,2026-01-19 08:09:15
14907,Sweet,21.57,2026-01-19 08:09:15
14908,Fruity,23.53,2026-01-19 08:09:15
14908,Synthetic,17.65,2026-01-19 08:09:15
14908,Sweet,17.65,2026-01-19 08:09:15
14908,Floral,17.65,2026-01-19 08:09:15
14911,Fruity,28.92,2026-01-19 08:09:15
14911,Sweet,26.12,2026-01-19 08:09:15
14911,Floral,20.05,2026-01-19 08:09:15
14912,Sweet,33.33,2026-01-19 08:09:15
14912,Fruity,33.33,2026-01-19 08:09:15
14915,Spicy,22.73,2026-01-19 08:09:15
14915,Oriental,20.5,2026-01-19 08:09:15
14915,Woody,16.65,2026-01-19 08:09:15
14915,Sweet,13.54,2026-01-19 08:09:15
14919,Floral,25.61,2026-01-19 08:09:15
14919,Sweet,23.28,2026-01-19 08:09:15
14919,Fruity,16.08,2026-01-19 08:09:15
14919,Powdery,11.97,2026-01-19 08:09:15
14919,Creamy,11.64,2026-01-19 08:09:15
14924,Fruity,33.33,2026-01-19 08:09:15
14924,Woody,22.22,2026-01-19 08:09:15
14924,Fresh,22.22,2026-01-19 08:09:15
14927,Powdery,21.04,2026-01-19 08:09:15
14927,Floral,20.75,2026-01-19 08:09:15
14927,Sweet,12.39,2026-01-19 08:09:15
14927,Spicy,12.24,2026-01-19 08:09:15
14927,Smoky,9.25,2026-01-19 08:09:15
14931,Fresh,18.65,2026-01-19 08:09:15
14931,Spicy,18.41,2026-01-19 08:09:15
14931,Sweet,17.25,2026-01-19 08:09:15
14931,Floral,13.52,2026-01-19 08:09:15
14931,Woody,11.42,2026-01-19 08:09:15
14935,Floral,19.72,2026-01-19 08:09:15
14935,Creamy,19.48,2026-01-19 08:09:15
14935,Powdery,19.25,2026-01-19 08:09:15
14935,Fresh,17.37,2026-01-19 08:09:15
14936,Sweet,20.0,2026-01-19 08:09:15
14936,Powdery,20.0,2026-01-19 08:09:15
14936,Gourmand,20.0,2026-01-19 08:09:15
14936,Creamy,20.0,2026-01-19 08:09:15
14936,Floral,20.0,2026-01-19 08:09:15
14939,Floral,26.8,2026-01-19 08:09:15
14939,Sweet,19.89,2026-01-19 08:09:15
14939,Fruity,15.75,2026-01-19 08:09:15
14939,Powdery,13.26,2026-01-19 08:09:15
14940,Citrus,25.0,2026-01-19 08:09:15
14940,Sweet,25.0,2026-01-19 08:09:15
14940,Gourmand,25.0,2026-01-19 08:09:15
14940,Fruity,25.0,2026-01-19 08:09:15
14942,Spicy,23.02,2026-01-19 08:09:15
14942,Resinous,19.42,2026-01-19 08:09:15
14942,Woody,19.06,2026-01-19 08:09:15
14942,Oriental,14.03,2026-01-19 08:09:15
14943,Green,27.27,2026-01-19 08:09:15
14943,Sweet,18.18,2026-01-19 08:09:15
14943,Fruity,18.18,2026-01-19 08:09:15
14945,Woody,21.91,2026-01-19 08:09:15
14945,Spicy,20.14,2026-01-19 08:09:15
14945,Green,15.55,2026-01-19 08:09:15
14945,Resinous,14.49,2026-01-19 08:09:15
14946,Sweet,28.57,2026-01-19 08:09:15
14946,Gourmand,28.57,2026-01-19 08:09:15
14948,Floral,24.17,2026-01-19 08:09:15
14948,Sweet,18.75,2026-01-19 08:09:15
14948,Fruity,16.67,2026-01-19 08:09:15
14948,Spicy,11.25,2026-01-19 08:09:15
14948,Powdery,8.33,2026-01-19 08:09:15
14949,Spicy,22.22,2026-01-19 08:09:15
14949,Woody,22.22,2026-01-19 08:09:15
14949,Fruity,22.22,2026-01-19 08:09:15
14951,Sweet,15.79,2026-01-19 08:09:15
14951,Fruity,15.79,2026-01-19 08:09:15
14951,Fresh,15.79,2026-01-19 08:09:15
14951,Floral,15.79,2026-01-19 08:09:15
14951,Creamy,10.53,2026-01-19 08:09:15
14953,Floral,22.64,2026-01-19 08:09:15
14953,Woody,19.34,2026-01-19 08:09:15
14953,Oriental,16.04,2026-01-19 08:09:15
14953,Spicy,14.15,2026-01-19 08:09:15
14953,Resinous,8.49,2026-01-19 08:09:15
14953,Sweet,7.55,2026-01-19 08:09:15
14954,Synthetic,25.0,2026-01-19 08:09:15
14954,Sweet,25.0,2026-01-19 08:09:15
14954,Floral,25.0,2026-01-19 08:09:15
14956,Woody,23.35,2026-01-19 08:09:15
14956,Spicy,19.8,2026-01-19 08:09:15
14956,Fresh,14.21,2026-01-19 08:09:15
14956,Citrus,12.18,2026-01-19 08:09:15
14956,Oriental,7.61,2026-01-19 08:09:15
14957,Synthetic,25.0,2026-01-19 08:09:15
14957,Sweet,25.0,2026-01-19 08:09:15
14957,Gourmand,25.0,2026-01-19 08:09:15
14959,Sweet,26.09,2026-01-19 08:09:15
14959,Spicy,23.91,2026-01-19 08:09:15
14959,Creamy,17.39,2026-01-19 08:09:15
14959,Leathery,10.87,2026-01-19 08:09:15
14962,Fresh,25.97,2026-01-19 08:09:15
14962,Spicy,15.58,2026-01-19 08:09:15
14962,Sweet,14.29,2026-01-19 08:09:15
14962,Floral,14.29,2026-01-19 08:09:15
14964,Sweet,18.75,2026-01-19 08:09:15
14964,Gourmand,18.75,2026-01-19 08:09:15
14964,Fruity,18.75,2026-01-19 08:09:15
14964,Creamy,18.75,2026-01-19 08:09:15
14965,Spicy,16.18,2026-01-19 08:09:15
14965,Woody,13.87,2026-01-19 08:09:15
14965,Leathery,12.72,2026-01-19 08:09:15
14965,Oriental,12.14,2026-01-19 08:09:15
14965,Resinous,12.14,2026-01-19 08:09:15
14965,Floral,10.98,2026-01-19 08:09:15
14968,Resinous,17.0,2026-01-19 08:09:15
14968,Smoky,16.5,2026-01-19 08:09:15
14968,Spicy,15.0,2026-01-19 08:09:15
14968,Woody,13.0,2026-01-19 08:09:15
14968,Leathery,12.5,2026-01-19 08:09:15
14969,Sweet,20.0,2026-01-19 08:09:15
14969,Gourmand,20.0,2026-01-19 08:09:15
14969,Fruity,20.0,2026-01-19 08:09:15
14969,Synthetic,10.0,2026-01-19 08:09:15
14969,Powdery,10.0,2026-01-19 08:09:15
14969,Fresh,10.0,2026-01-19 08:09:15
14969,Creamy,10.0,2026-01-19 08:09:15
14971,Floral,25.73,2026-01-19 08:09:15
14971,Sweet,21.64,2026-01-19 08:09:15
14971,Creamy,13.45,2026-01-19 08:09:15
14971,Powdery,11.11,2026-01-19 08:09:15
14971,Fruity,11.11,2026-01-19 08:09:15
14973,Citrus,13.33,2026-01-19 08:09:15
14973,Synthetic,13.33,2026-01-19 08:09:15
14973,Sweet,13.33,2026-01-19 08:09:15
14973,Gourmand,13.33,2026-01-19 08:09:15
14973,Fruity,13.33,2026-01-19 08:09:15
14973,Fresh,13.33,2026-01-19 08:09:15
14975,Sweet,28.57,2026-01-19 08:09:15
14975,Gourmand,28.57,2026-01-19 08:09:15
14976,Woody,21.05,2026-01-19 08:09:15
14976,Sweet,19.3,2026-01-19 08:09:15
14976,Fruity,17.54,2026-01-19 08:09:15
14976,Spicy,15.79,2026-01-19 08:09:15
14978,Sweet,16.67,2026-01-19 08:09:15
14978,Powdery,16.67,2026-01-19 08:09:15
14978,Gourmand,16.67,2026-01-19 08:09:15
14978,Fruity,16.67,2026-01-19 08:09:15
14978,Creamy,16.67,2026-01-19 08:09:15
14978,Floral,16.67,2026-01-19 08:09:15
14981,Synthetic,20.0,2026-01-19 08:09:15
14981,Sweet,20.0,2026-01-19 08:09:15
14981,Fruity,20.0,2026-01-19 08:09:15
14981,Fresh,20.0,2026-01-19 08:09:15
14982,Spicy,24.81,2026-01-19 08:09:15
14982,Citrus,18.8,2026-01-19 08:09:15
14982,Woody,18.8,2026-01-19 08:09:15
14982,Fresh,15.79,2026-01-19 08:09:15
14984,Sweet,33.33,2026-01-19 08:09:15
14984,Creamy,33.33,2026-01-19 08:09:15
14984,Floral,33.33,2026-01-19 08:09:15
14985,Floral,24.14,2026-01-19 08:09:15
14985,Fruity,20.69,2026-01-19 08:09:15
14985,Sweet,17.24,2026-01-19 08:09:15
14985,Fresh,13.79,2026-01-19 08:09:15
14988,Powdery,18.18,2026-01-19 08:09:15
14988,Fresh,18.18,2026-01-19 08:09:15
14988,Creamy,18.18,2026-01-19 08:09:15
14988,Floral,18.18,2026-01-19 08:09:15
14989,Powdery,33.33,2026-01-19 08:09:15
14989,Woody,33.33,2026-01-19 08:09:15
14989,Floral,33.33,2026-01-19 08:09:15
14993,Sweet,25.0,2026-01-19 08:09:15
14993,Fruity,25.0,2026-01-19 08:09:15
14993,Citrus,16.67,2026-01-19 08:09:15
14993,Gourmand,16.67,2026-01-19 08:09:15
14995,Fruity,100.0,2026-01-19 08:09:15
14996,Sweet,21.43,2026-01-19 08:09:15
14996,Fruity,21.43,2026-01-19 08:09:15
14996,Fresh,21.43,2026-01-19 08:09:15
14996,Aquatic,21.43,2026-01-19 08:09:15
14997,Sweet,22.29,2026-01-19 08:09:15
14997,Spicy,18.93,2026-01-19 08:09:15
14997,Gourmand,13.19,2026-01-19 08:09:15
14997,Creamy,13.1,2026-01-19 08:09:15
14997,Citrus,11.31,2026-01-19 08:09:15
14998,Spicy,25.0,2026-01-19 08:09:15
14998,Woody,25.0,2026-01-19 08:09:15
14998,Fruity,12.5,2026-01-19 08:09:15
14998,Earthy,12.5,2026-01-19 08:09:15
14998,Floral,12.5,2026-01-19 08:09:15
14998,Animal,12.5,2026-01-19 08:09:15
14999,Sweet,18.75,2026-01-19 08:09:15
14999,Leathery,18.75,2026-01-19 08:09:15
14999,Floral,18.75,2026-01-19 08:09:15
14999,Oriental,12.5,2026-01-19 08:09:15
15000,Fresh,27.82,2026-01-19 08:09:15
15000,Citrus,26.74,2026-01-19 08:09:15
15000,Green,22.66,2026-01-19 08:09:15
15001,Sweet,11.11,2026-01-19 08:09:15
15001,Powdery,11.11,2026-01-19 08:09:15
15001,Woody,11.11,2026-01-19 08:09:15
15001,Resinous,11.11,2026-01-19 08:09:15
15001,Green,11.11,2026-01-19 08:09:15
15001,Fresh,11.11,2026-01-19 08:09:15
15001,Earthy,11.11,2026-01-19 08:09:15
15001,Floral,11.11,2026-01-19 08:09:15
15001,Aquatic,11.11,2026-01-19 08:09:15
15003,Fruity,19.39,2026-01-19 08:09:15
15003,Fresh,18.92,2026-01-19 08:09:15
15003,Citrus,18.52,2026-01-19 08:09:15
15003,Woody,16.67,2026-01-19 08:09:15
15005,Gourmand,50.0,2026-01-19 08:09:15
15005,Sweet,25.0,2026-01-19 08:09:15
15005,Creamy,25.0,2026-01-19 08:09:15
15006,Sweet,18.72,2026-01-19 08:09:15
15006,Spicy,18.61,2026-01-19 08:09:15
15006,Oriental,16.68,2026-01-19 08:09:15
15006,Woody,13.61,2026-01-19 08:09:15
15006,Floral,11.42,2026-01-19 08:09:15
15008,Floral,36.36,2026-01-19 08:09:15
15008,Fresh,27.27,2026-01-19 08:09:15
15009,Spicy,21.35,2026-01-19 08:09:15
15009,Woody,20.13,2026-01-19 08:09:15
15009,Sweet,19.38,2026-01-19 08:09:15
15009,Smoky,16.85,2026-01-19 08:09:15
15010,Green,26.32,2026-01-19 08:09:15
15010,Creamy,26.32,2026-01-19 08:09:15
15010,Spicy,15.79,2026-01-19 08:09:15
15010,Fresh,15.79,2026-01-19 08:09:15
15012,Sweet,27.99,2026-01-19 08:09:15
15012,Floral,24.77,2026-01-19 08:09:15
15012,Fruity,17.84,2026-01-19 08:09:15
15013,Green,21.05,2026-01-19 08:09:15
15013,Fresh,21.05,2026-01-19 08:09:15
15013,Aquatic,15.79,2026-01-19 08:09:15
15013,Sweet,10.53,2026-01-19 08:09:15
15013,Woody,10.53,2026-01-19 08:09:15
15013,Floral,10.53,2026-01-19 08:09:15
15015,Citrus,20.59,2026-01-19 08:09:15
15015,Fresh,20.0,2026-01-19 08:09:15
15015,Green,17.23,2026-01-19 08:09:15
15015,Creamy,14.75,2026-01-19 08:09:15
15016,Citrus,33.33,2026-01-19 08:09:15
15016,Sweet,16.67,2026-01-19 08:09:15
15016,Powdery,16.67,2026-01-19 08:09:15
15016,Fruity,16.67,2026-01-19 08:09:15
15016,Fresh,16.67,2026-01-19 08:09:15
15018,Woody,28.57,2026-01-19 08:09:15
15020,Sweet,22.34,2026-01-19 08:09:15
15020,Citrus,17.87,2026-01-19 08:09:15
15020,Fruity,16.95,2026-01-19 08:09:15
15020,Spicy,14.45,2026-01-19 08:09:15
15020,Creamy,14.06,2026-01-19 08:09:15
15022,Fruity,30.77,2026-01-19 08:09:15
15022,Synthetic,23.08,2026-01-19 08:09:15
15022,Sweet,23.08,2026-01-19 08:09:15
15025,Fresh,27.92,2026-01-19 08:09:15
15025,Aquatic,25.21,2026-01-19 08:09:15
15025,Green,23.18,2026-01-19 08:09:15
15027,Fruity,23.48,2026-01-19 08:09:15
15027,Woody,16.3,2026-01-19 08:09:15
15027,Green,15.43,2026-01-19 08:09:15
15027,Spicy,15.0,2026-01-19 08:09:15
15028,Fougère,20.72,2026-01-19 08:09:15
15028,Woody,18.11,2026-01-19 08:09:15
15028,Spicy,15.17,2026-01-19 08:09:15
15028,Fresh,13.05,2026-01-19 08:09:15
15028,Green,12.4,2026-01-19 08:09:15
15029,Citrus,23.91,2026-01-19 08:09:15
15029,Fresh,23.04,2026-01-19 08:09:15
15029,Green,18.04,2026-01-19 08:09:15
15029,Floral,13.7,2026-01-19 08:09:15
