PERFUME_ID,OCCASION,ratio,LOAD_DT
8272,Leisure,33.33,2026-01-19 08:38:20
8272,Night Out,22.22,2026-01-19 08:38:20
8272,Business,22.22,2026-01-19 08:38:20
8272,Evening,22.22,2026-01-19 08:38:20
8275,Evening,24.44,2026-01-19 08:38:20
8275,Leisure,22.22,2026-01-19 08:38:20
8275,Daily,20.0,2026-01-19 08:38:20
8275,Night Out,20.0,2026-01-19 08:38:20
8276,Leisure,42.86,2026-01-19 08:38:20
8276,Night Out,28.57,2026-01-19 08:38:20
8277,Night Out,21.88,2026-01-19 08:38:20
8277,Leisure,18.75,2026-01-19 08:38:20
8277,Evening,17.19,2026-01-19 08:38:20
8277,Daily,15.62,2026-01-19 08:38:20
8277,Business,15.62,2026-01-19 08:38:20
8280,Leisure,33.33,2026-01-19 08:38:20
8280,Night Out,33.33,2026-01-19 08:38:20
8280,Business,33.33,2026-01-19 08:38:20
8281,Leisure,34.43,2026-01-19 08:38:20
8281,Daily,27.87,2026-01-19 08:38:20
8281,Business,24.59,2026-01-19 08:38:20
8283,Leisure,24.14,2026-01-19 08:38:20
8283,Business,24.14,2026-01-19 08:38:20
8283,Daily,20.69,2026-01-19 08:38:20
8291,Night Out,35.71,2026-01-19 08:38:20
8291,Evening,35.71,2026-01-19 08:38:20
8291,Leisure,28.57,2026-01-19 08:38:20
8294,Business,50.0,2026-01-19 08:38:20
8294,Evening,50.0,2026-01-19 08:38:20
8295,Leisure,26.47,2026-01-19 08:38:20
8295,Daily,23.53,2026-01-19 08:38:20
8295,Business,23.53,2026-01-19 08:38:20
8296,Daily,26.67,2026-01-19 08:38:20
8296,Leisure,26.67,2026-01-19 08:38:20
8296,Business,20.0,2026-01-19 08:38:20
8299,Night Out,34.78,2026-01-19 08:38:20
8299,Evening,30.43,2026-01-19 08:38:20
8299,Leisure,21.74,2026-01-19 08:38:20
8301,Night Out,34.38,2026-01-19 08:38:20
8301,Evening,28.12,2026-01-19 08:38:20
8301,Leisure,15.62,2026-01-19 08:38:20
8302,Daily,20.0,2026-01-19 08:38:20
8302,Leisure,20.0,2026-01-19 08:38:20
8302,Night Out,20.0,2026-01-19 08:38:20
8302,Business,20.0,2026-01-19 08:38:20
8302,Evening,20.0,2026-01-19 08:38:20
8303,Leisure,27.27,2026-01-19 08:38:20
8303,Night Out,27.27,2026-01-19 08:38:20
8303,Evening,24.24,2026-01-19 08:38:20
8307,Leisure,31.58,2026-01-19 08:38:20
8307,Daily,26.32,2026-01-19 08:38:20
8307,Business,21.05,2026-01-19 08:38:20
8309,Leisure,29.03,2026-01-19 08:38:20
8309,Daily,27.42,2026-01-19 08:38:20
8309,Business,22.58,2026-01-19 08:38:20
8311,Leisure,27.78,2026-01-19 08:38:20
8311,Daily,22.22,2026-01-19 08:38:20
8311,Business,22.22,2026-01-19 08:38:20
8311,Evening,16.67,2026-01-19 08:38:20
8313,Leisure,31.58,2026-01-19 08:38:20
8313,Daily,28.07,2026-01-19 08:38:20
8313,Business,17.54,2026-01-19 08:38:20
8314,Daily,33.33,2026-01-19 08:38:20
8314,Leisure,22.22,2026-01-19 08:38:20
8314,Business,22.22,2026-01-19 08:38:20
8317,Leisure,28.0,2026-01-19 08:38:20
8317,Daily,26.0,2026-01-19 08:38:20
8317,Business,24.0,2026-01-19 08:38:20
8319,Leisure,27.36,2026-01-19 08:38:20
8319,Daily,26.42,2026-01-19 08:38:20
8319,Business,16.04,2026-01-19 08:38:20
8321,Night Out,26.42,2026-01-19 08:38:20
8321,Leisure,20.75,2026-01-19 08:38:20
8321,Daily,18.87,2026-01-19 08:38:20
8321,Evening,18.87,2026-01-19 08:38:20
8321,Business,15.09,2026-01-19 08:38:20
8325,Night Out,24.29,2026-01-19 08:38:20
8325,Evening,22.86,2026-01-19 08:38:20
8325,Leisure,21.43,2026-01-19 08:38:20
8326,Leisure,26.96,2026-01-19 08:38:20
8326,Daily,22.61,2026-01-19 08:38:20
8326,Evening,19.13,2026-01-19 08:38:20
8326,Night Out,15.65,2026-01-19 08:38:20
8326,Business,15.65,2026-01-19 08:38:20
8329,Leisure,30.88,2026-01-19 08:38:20
8329,Daily,26.47,2026-01-19 08:38:20
8329,Business,23.53,2026-01-19 08:38:20
8331,Leisure,28.57,2026-01-19 08:38:20
8331,Night Out,28.57,2026-01-19 08:38:20
8331,Evening,28.57,2026-01-19 08:38:20
8334,Leisure,33.85,2026-01-19 08:38:20
8334,Evening,21.54,2026-01-19 08:38:20
8334,Night Out,20.0,2026-01-19 08:38:20
8334,Daily,15.38,2026-01-19 08:38:20
8335,Daily,33.33,2026-01-19 08:38:20
8335,Leisure,33.33,2026-01-19 08:38:20
8335,Business,33.33,2026-01-19 08:38:20
8337,Leisure,26.23,2026-01-19 08:38:20
8337,Daily,21.31,2026-01-19 08:38:20
8337,Night Out,18.03,2026-01-19 08:38:20
8337,Evening,18.03,2026-01-19 08:38:20
8337,Business,16.39,2026-01-19 08:38:20
8338,Daily,25.71,2026-01-19 08:38:20
8338,Leisure,25.71,2026-01-19 08:38:20
8338,Business,21.43,2026-01-19 08:38:20
8339,Night Out,27.27,2026-01-19 08:38:20
8339,Evening,27.27,2026-01-19 08:38:20
8339,Business,18.18,2026-01-19 08:38:20
8341,Leisure,29.41,2026-01-19 08:38:20
8341,Business,25.0,2026-01-19 08:38:20
8341,Daily,23.53,2026-01-19 08:38:20
8344,Daily,23.81,2026-01-19 08:38:20
8344,Leisure,23.81,2026-01-19 08:38:20
8344,Night Out,20.63,2026-01-19 08:38:20
8344,Business,15.87,2026-01-19 08:38:20
8344,Evening,15.87,2026-01-19 08:38:20
8348,Daily,25.0,2026-01-19 08:38:20
8348,Sport,25.0,2026-01-19 08:38:20
8348,Leisure,25.0,2026-01-19 08:38:20
8348,Business,25.0,2026-01-19 08:38:20
8351,Leisure,23.26,2026-01-19 08:38:20
8351,Business,23.26,2026-01-19 08:38:20
8351,Daily,20.93,2026-01-19 08:38:20
8352,Leisure,29.27,2026-01-19 08:38:20
8352,Daily,21.95,2026-01-19 08:38:20
8352,Business,17.07,2026-01-19 08:38:20
8353,Daily,33.33,2026-01-19 08:38:20
8353,Sport,33.33,2026-01-19 08:38:20
8353,Leisure,33.33,2026-01-19 08:38:20
8354,Leisure,25.86,2026-01-19 08:38:20
8354,Business,25.86,2026-01-19 08:38:20
8354,Daily,18.97,2026-01-19 08:38:20
8356,Daily,24.0,2026-01-19 08:38:20
8356,Business,24.0,2026-01-19 08:38:20
8356,Leisure,22.0,2026-01-19 08:38:20
8357,Leisure,25.0,2026-01-19 08:38:20
8357,Night Out,25.0,2026-01-19 08:38:20
8357,Evening,25.0,2026-01-19 08:38:20
8359,Evening,25.0,2026-01-19 08:38:20
8359,Leisure,22.22,2026-01-19 08:38:20
8359,Night Out,22.22,2026-01-19 08:38:20
8359,Business,16.67,2026-01-19 08:38:20
8360,Leisure,33.33,2026-01-19 08:38:20
8360,Night Out,33.33,2026-01-19 08:38:20
8360,Evening,33.33,2026-01-19 08:38:20
8361,Night Out,27.27,2026-01-19 08:38:20
8361,Evening,27.27,2026-01-19 08:38:20
8361,Daily,18.18,2026-01-19 08:38:20
8361,Leisure,18.18,2026-01-19 08:38:20
8362,Leisure,24.49,2026-01-19 08:38:20
8362,Business,24.49,2026-01-19 08:38:20
8362,Daily,22.45,2026-01-19 08:38:20
8367,Leisure,26.19,2026-01-19 08:38:20
8367,Business,23.81,2026-01-19 08:38:20
8367,Daily,21.43,2026-01-19 08:38:20
8367,Sport,19.05,2026-01-19 08:38:20
8369,Daily,25.0,2026-01-19 08:38:20
8369,Sport,25.0,2026-01-19 08:38:20
8369,Leisure,25.0,2026-01-19 08:38:20
8369,Business,25.0,2026-01-19 08:38:20
8375,Night Out,25.0,2026-01-19 08:38:20
8375,Evening,25.0,2026-01-19 08:38:20
8375,Leisure,22.5,2026-01-19 08:38:20
8375,Daily,17.5,2026-01-19 08:38:20
8379,Daily,25.45,2026-01-19 08:38:20
8379,Leisure,25.45,2026-01-19 08:38:20
8379,Business,21.82,2026-01-19 08:38:20
8383,Daily,28.07,2026-01-19 08:38:20
8383,Leisure,26.32,2026-01-19 08:38:20
8383,Business,24.56,2026-01-19 08:38:20
8387,Daily,29.27,2026-01-19 08:38:20
8387,Leisure,26.83,2026-01-19 08:38:20
8387,Business,21.95,2026-01-19 08:38:20
8391,Business,40.0,2026-01-19 08:38:20
8391,Daily,36.0,2026-01-19 08:38:20
8391,Leisure,24.0,2026-01-19 08:38:20
8394,Night Out,27.27,2026-01-19 08:38:20
8394,Evening,27.27,2026-01-19 08:38:20
8394,Leisure,22.73,2026-01-19 08:38:20
8398,Daily,22.22,2026-01-19 08:38:20
8398,Leisure,22.22,2026-01-19 08:38:20
8398,Night Out,18.52,2026-01-19 08:38:20
8398,Business,18.52,2026-01-19 08:38:20
8398,Evening,18.52,2026-01-19 08:38:20
8399,Daily,22.28,2026-01-19 08:38:20
8399,Leisure,21.98,2026-01-19 08:38:20
8399,Evening,20.53,2026-01-19 08:38:20
8399,Night Out,18.4,2026-01-19 08:38:20
8399,Business,16.81,2026-01-19 08:38:20
8402,Leisure,26.67,2026-01-19 08:38:20
8402,Night Out,26.67,2026-01-19 08:38:20
8402,Evening,26.67,2026-01-19 08:38:20
8403,Daily,28.24,2026-01-19 08:38:20
8403,Leisure,24.7,2026-01-19 08:38:20
8403,Business,21.16,2026-01-19 08:38:20
8406,Daily,23.53,2026-01-19 08:38:20
8406,Leisure,23.53,2026-01-19 08:38:20
8406,Night Out,23.53,2026-01-19 08:38:20
8406,Evening,17.65,2026-01-19 08:38:20
8407,Evening,33.33,2026-01-19 08:38:20
8407,Night Out,30.37,2026-01-19 08:38:20
8407,Leisure,20.32,2026-01-19 08:38:20
8408,Leisure,29.75,2026-01-19 08:38:20
8408,Daily,27.85,2026-01-19 08:38:20
8408,Business,20.89,2026-01-19 08:38:20
8411,Daily,23.5,2026-01-19 08:38:20
8411,Leisure,22.14,2026-01-19 08:38:20
8411,Business,16.5,2026-01-19 08:38:20
8411,Evening,15.34,2026-01-19 08:38:20
8412,Evening,33.33,2026-01-19 08:38:20
8412,Night Out,27.78,2026-01-19 08:38:20
8412,Leisure,16.67,2026-01-19 08:38:20
8414,Leisure,27.27,2026-01-19 08:38:20
8414,Night Out,24.24,2026-01-19 08:38:20
8414,Daily,15.15,2026-01-19 08:38:20
8414,Evening,15.15,2026-01-19 08:38:20
8415,Leisure,25.71,2026-01-19 08:38:20
8415,Daily,23.88,2026-01-19 08:38:20
8415,Business,19.39,2026-01-19 08:38:20
8416,Leisure,25.77,2026-01-19 08:38:20
8416,Daily,24.74,2026-01-19 08:38:20
8416,Business,21.65,2026-01-19 08:38:20
8416,Evening,18.56,2026-01-19 08:38:20
8418,Leisure,35.71,2026-01-19 08:38:20
8418,Night Out,28.57,2026-01-19 08:38:20
8419,Leisure,23.85,2026-01-19 08:38:20
8419,Daily,22.33,2026-01-19 08:38:20
8419,Business,18.51,2026-01-19 08:38:20
8421,Leisure,27.0,2026-01-19 08:38:20
8421,Daily,25.0,2026-01-19 08:38:20
8421,Business,22.0,2026-01-19 08:38:20
8422,Leisure,29.41,2026-01-19 08:38:20
8422,Daily,20.59,2026-01-19 08:38:20
8422,Evening,17.65,2026-01-19 08:38:20
8423,Leisure,24.44,2026-01-19 08:38:20
8423,Daily,23.33,2026-01-19 08:38:20
8423,Business,20.89,2026-01-19 08:38:20
8425,Leisure,22.83,2026-01-19 08:38:20
8425,Evening,22.83,2026-01-19 08:38:20
8425,Night Out,21.74,2026-01-19 08:38:20
8425,Daily,17.39,2026-01-19 08:38:20
8425,Business,15.22,2026-01-19 08:38:20
8426,Leisure,22.73,2026-01-19 08:38:20
8426,Daily,18.18,2026-01-19 08:38:20
8426,Night Out,18.18,2026-01-19 08:38:20
8426,Business,18.18,2026-01-19 08:38:20
8427,Leisure,28.12,2026-01-19 08:38:20
8427,Daily,27.43,2026-01-19 08:38:20
8427,Business,20.49,2026-01-19 08:38:20
8427,Sport,18.75,2026-01-19 08:38:20
8429,Leisure,28.75,2026-01-19 08:38:20
8429,Daily,23.75,2026-01-19 08:38:20
8429,Business,20.0,2026-01-19 08:38:20
8430,Night Out,28.57,2026-01-19 08:38:20
8430,Evening,28.57,2026-01-19 08:38:20
8430,Business,21.43,2026-01-19 08:38:20
8434,Evening,35.29,2026-01-19 08:38:20
8434,Leisure,23.53,2026-01-19 08:38:20
8434,Night Out,23.53,2026-01-19 08:38:20
8436,Leisure,23.25,2026-01-19 08:38:20
8436,Daily,20.18,2026-01-19 08:38:20
8436,Evening,20.18,2026-01-19 08:38:20
8436,Night Out,18.42,2026-01-19 08:38:20
8436,Business,17.98,2026-01-19 08:38:20
8439,Night Out,31.28,2026-01-19 08:38:20
8439,Evening,31.28,2026-01-19 08:38:20
8439,Leisure,16.46,2026-01-19 08:38:20
8440,Daily,28.33,2026-01-19 08:38:20
8440,Leisure,26.67,2026-01-19 08:38:20
8440,Business,25.0,2026-01-19 08:38:20
8440,Sport,15.0,2026-01-19 08:38:20
8442,Leisure,33.33,2026-01-19 08:38:20
8442,Daily,16.67,2026-01-19 08:38:20
8442,Night Out,16.67,2026-01-19 08:38:20
8442,Business,16.67,2026-01-19 08:38:20
8442,Evening,16.67,2026-01-19 08:38:20
8447,Leisure,26.67,2026-01-19 08:38:20
8447,Daily,21.82,2026-01-19 08:38:20
8447,Business,20.0,2026-01-19 08:38:20
8448,Night Out,24.62,2026-01-19 08:38:20
8448,Evening,24.62,2026-01-19 08:38:20
8448,Leisure,23.08,2026-01-19 08:38:20
8448,Daily,16.92,2026-01-19 08:38:20
8450,Daily,29.03,2026-01-19 08:38:20
8450,Leisure,25.81,2026-01-19 08:38:20
8450,Business,19.35,2026-01-19 08:38:20
8451,Leisure,23.53,2026-01-19 08:38:20
8451,Daily,17.65,2026-01-19 08:38:20
8451,Night Out,17.65,2026-01-19 08:38:20
8451,Evening,17.65,2026-01-19 08:38:20
8452,Evening,22.22,2026-01-19 08:38:20
8452,Daily,20.0,2026-01-19 08:38:20
8452,Leisure,20.0,2026-01-19 08:38:20
8452,Business,20.0,2026-01-19 08:38:20
8452,Night Out,17.78,2026-01-19 08:38:20
8455,Leisure,27.91,2026-01-19 08:38:20
8455,Business,25.58,2026-01-19 08:38:20
8455,Daily,16.28,2026-01-19 08:38:20
8456,Leisure,27.78,2026-01-19 08:38:20
8456,Business,27.78,2026-01-19 08:38:20
8456,Daily,16.67,2026-01-19 08:38:20
8456,Night Out,16.67,2026-01-19 08:38:20
8457,Leisure,22.6,2026-01-19 08:38:20
8457,Evening,21.63,2026-01-19 08:38:20
8457,Daily,20.19,2026-01-19 08:38:20
8457,Night Out,18.75,2026-01-19 08:38:20
8457,Business,16.83,2026-01-19 08:38:20
8458,Daily,22.39,2026-01-19 08:38:20
8458,Business,20.96,2026-01-19 08:38:20
8458,Leisure,19.61,2026-01-19 08:38:20
8461,Daily,21.8,2026-01-19 08:38:20
8461,Leisure,21.51,2026-01-19 08:38:20
8461,Business,17.83,2026-01-19 08:38:20
8463,Leisure,29.25,2026-01-19 08:38:20
8463,Daily,26.53,2026-01-19 08:38:20
8463,Business,20.41,2026-01-19 08:38:20
8465,Daily,23.98,2026-01-19 08:38:20
8465,Leisure,23.82,2026-01-19 08:38:20
8465,Business,19.15,2026-01-19 08:38:20
8466,Leisure,31.58,2026-01-19 08:38:20
8466,Business,26.32,2026-01-19 08:38:20
8466,Daily,15.79,2026-01-19 08:38:20
8467,Daily,22.22,2026-01-19 08:38:20
8467,Leisure,22.22,2026-01-19 08:38:20
8467,Business,22.22,2026-01-19 08:38:20
8467,Evening,16.67,2026-01-19 08:38:20
8468,Daily,24.22,2026-01-19 08:38:20
8468,Leisure,24.22,2026-01-19 08:38:20
8468,Business,22.42,2026-01-19 08:38:20
8470,Daily,31.25,2026-01-19 08:38:20
8470,Leisure,31.25,2026-01-19 08:38:20
8470,Sport,25.0,2026-01-19 08:38:20
8471,Leisure,23.53,2026-01-19 08:38:20
8471,Night Out,23.53,2026-01-19 08:38:20
8471,Evening,23.53,2026-01-19 08:38:20
8471,Daily,17.65,2026-01-19 08:38:20
8472,Evening,27.37,2026-01-19 08:38:20
8472,Night Out,26.26,2026-01-19 08:38:20
8472,Daily,17.88,2026-01-19 08:38:20
8472,Leisure,16.76,2026-01-19 08:38:20
8473,Daily,21.13,2026-01-19 08:38:20
8473,Business,19.81,2026-01-19 08:38:20
8473,Leisure,18.82,2026-01-19 08:38:20
8473,Evening,17.67,2026-01-19 08:38:20
8473,Night Out,16.61,2026-01-19 08:38:20
8474,Leisure,32.14,2026-01-19 08:38:20
8474,Daily,25.0,2026-01-19 08:38:20
8474,Sport,25.0,2026-01-19 08:38:20
8474,Business,17.86,2026-01-19 08:38:20
8476,Leisure,22.96,2026-01-19 08:38:20
8476,Daily,20.41,2026-01-19 08:38:20
8476,Night Out,19.9,2026-01-19 08:38:20
8476,Evening,19.39,2026-01-19 08:38:20
8476,Business,17.35,2026-01-19 08:38:20
8477,Daily,25.0,2026-01-19 08:38:20
8477,Sport,25.0,2026-01-19 08:38:20
8477,Leisure,25.0,2026-01-19 08:38:20
8477,Business,18.75,2026-01-19 08:38:20
8478,Daily,28.57,2026-01-19 08:38:20
8478,Evening,28.57,2026-01-19 08:38:20
8482,Daily,20.83,2026-01-19 08:38:20
8482,Leisure,20.83,2026-01-19 08:38:20
8482,Business,20.83,2026-01-19 08:38:20
8482,Evening,16.67,2026-01-19 08:38:20
8488,Daily,24.38,2026-01-19 08:38:20
8488,Leisure,23.55,2026-01-19 08:38:20
8488,Business,21.9,2026-01-19 08:38:20
8488,Evening,17.36,2026-01-19 08:38:20
8489,Daily,31.25,2026-01-19 08:38:20
8489,Leisure,25.0,2026-01-19 08:38:20
8489,Business,25.0,2026-01-19 08:38:20
8490,Daily,25.0,2026-01-19 08:38:20
8490,Leisure,25.0,2026-01-19 08:38:20
8490,Evening,25.0,2026-01-19 08:38:20
8490,Night Out,18.75,2026-01-19 08:38:20
8491,Leisure,28.57,2026-01-19 08:38:20
8491,Business,28.57,2026-01-19 08:38:20
8492,Daily,23.85,2026-01-19 08:38:20
8492,Business,23.36,2026-01-19 08:38:20
8492,Leisure,21.42,2026-01-19 08:38:20
8493,Leisure,26.61,2026-01-19 08:38:20
8493,Evening,21.77,2026-01-19 08:38:20
8493,Night Out,19.35,2026-01-19 08:38:20
8493,Daily,16.13,2026-01-19 08:38:20
8494,Daily,25.0,2026-01-19 08:38:20
8494,Sport,25.0,2026-01-19 08:38:20
8494,Leisure,25.0,2026-01-19 08:38:20
8494,Business,25.0,2026-01-19 08:38:20
8495,Leisure,33.33,2026-01-19 08:38:20
8495,Night Out,33.33,2026-01-19 08:38:20
8495,Business,33.33,2026-01-19 08:38:20
8497,Evening,27.82,2026-01-19 08:38:20
8497,Night Out,25.32,2026-01-19 08:38:20
8497,Leisure,16.98,2026-01-19 08:38:20
8497,Daily,16.05,2026-01-19 08:38:20
8498,Leisure,41.67,2026-01-19 08:38:20
8498,Daily,33.33,2026-01-19 08:38:20
8498,Sport,16.67,2026-01-19 08:38:20
8499,Leisure,25.0,2026-01-19 08:38:20
8499,Night Out,25.0,2026-01-19 08:38:20
8499,Business,25.0,2026-01-19 08:38:20
8499,Evening,25.0,2026-01-19 08:38:20
8500,Evening,26.57,2026-01-19 08:38:20
8500,Night Out,25.57,2026-01-19 08:38:20
8500,Leisure,18.76,2026-01-19 08:38:20
8500,Daily,15.47,2026-01-19 08:38:20
8502,Leisure,21.88,2026-01-19 08:38:20
8502,Daily,19.79,2026-01-19 08:38:20
8502,Business,19.79,2026-01-19 08:38:20
8502,Evening,15.62,2026-01-19 08:38:20
8505,Evening,29.79,2026-01-19 08:38:20
8505,Night Out,27.18,2026-01-19 08:38:20
8505,Daily,16.16,2026-01-19 08:38:20
8506,Daily,24.82,2026-01-19 08:38:20
8506,Leisure,24.09,2026-01-19 08:38:20
8506,Business,22.63,2026-01-19 08:38:20
8507,Night Out,28.57,2026-01-19 08:38:20
8507,Business,28.57,2026-01-19 08:38:20
8509,Daily,22.77,2026-01-19 08:38:20
8509,Business,21.52,2026-01-19 08:38:20
8509,Leisure,20.75,2026-01-19 08:38:20
8509,Evening,15.54,2026-01-19 08:38:20
8509,Night Out,15.07,2026-01-19 08:38:20
8511,Leisure,33.33,2026-01-19 08:38:20
8511,Night Out,33.33,2026-01-19 08:38:20
8511,Business,33.33,2026-01-19 08:38:20
8513,Evening,27.57,2026-01-19 08:38:20
8513,Night Out,25.5,2026-01-19 08:38:20
8513,Daily,15.95,2026-01-19 08:38:20
8513,Business,15.77,2026-01-19 08:38:20
8513,Leisure,15.23,2026-01-19 08:38:20
8514,Daily,28.49,2026-01-19 08:38:20
8514,Leisure,27.37,2026-01-19 08:38:20
8514,Business,25.7,2026-01-19 08:38:20
8517,Evening,31.32,2026-01-19 08:38:20
8517,Night Out,30.35,2026-01-19 08:38:20
8517,Leisure,15.76,2026-01-19 08:38:20
8518,Daily,26.72,2026-01-19 08:38:20
8518,Business,25.19,2026-01-19 08:38:20
8518,Leisure,22.9,2026-01-19 08:38:20
8519,Daily,25.0,2026-01-19 08:38:20
8519,Leisure,25.0,2026-01-19 08:38:20
8519,Business,25.0,2026-01-19 08:38:20
8520,Leisure,37.5,2026-01-19 08:38:20
8520,Evening,37.5,2026-01-19 08:38:20
8520,Night Out,25.0,2026-01-19 08:38:20
8521,Evening,28.27,2026-01-19 08:38:20
8521,Night Out,25.77,2026-01-19 08:38:20
8521,Leisure,18.68,2026-01-19 08:38:20
8522,Leisure,28.4,2026-01-19 08:38:20
8522,Daily,27.78,2026-01-19 08:38:20
8522,Business,20.99,2026-01-19 08:38:20
8523,Daily,25.0,2026-01-19 08:38:20
8523,Sport,25.0,2026-01-19 08:38:20
8523,Leisure,25.0,2026-01-19 08:38:20
8523,Business,25.0,2026-01-19 08:38:20
8526,Leisure,29.47,2026-01-19 08:38:20
8526,Daily,25.26,2026-01-19 08:38:20
8526,Business,18.95,2026-01-19 08:38:20
8528,Business,37.5,2026-01-19 08:38:20
8528,Daily,25.0,2026-01-19 08:38:20
8528,Leisure,25.0,2026-01-19 08:38:20
8529,Daily,27.35,2026-01-19 08:38:20
8529,Leisure,24.82,2026-01-19 08:38:20
8529,Business,24.37,2026-01-19 08:38:20
8532,Business,40.0,2026-01-19 08:38:20
8532,Daily,20.0,2026-01-19 08:38:20
8532,Leisure,20.0,2026-01-19 08:38:20
8532,Night Out,20.0,2026-01-19 08:38:20
8533,Evening,31.76,2026-01-19 08:38:20
8533,Night Out,29.08,2026-01-19 08:38:20
8533,Leisure,17.47,2026-01-19 08:38:20
8537,Night Out,25.76,2026-01-19 08:38:20
8537,Evening,24.24,2026-01-19 08:38:20
8537,Leisure,21.21,2026-01-19 08:38:20
8537,Daily,16.67,2026-01-19 08:38:20
8538,Daily,33.33,2026-01-19 08:38:20
8538,Leisure,33.33,2026-01-19 08:38:20
8538,Business,33.33,2026-01-19 08:38:20
8539,Daily,24.23,2026-01-19 08:38:20
8539,Business,22.54,2026-01-19 08:38:20
8539,Leisure,20.95,2026-01-19 08:38:20
8542,Leisure,28.26,2026-01-19 08:38:20
8542,Evening,20.65,2026-01-19 08:38:20
8542,Night Out,19.57,2026-01-19 08:38:20
8542,Daily,18.48,2026-01-19 08:38:20
8543,Leisure,22.9,2026-01-19 08:38:20
8543,Daily,22.66,2026-01-19 08:38:20
8543,Business,19.98,2026-01-19 08:38:20
8544,Night Out,33.33,2026-01-19 08:38:20
8544,Business,33.33,2026-01-19 08:38:20
8544,Leisure,16.67,2026-01-19 08:38:20
8544,Evening,16.67,2026-01-19 08:38:20
8546,Leisure,32.17,2026-01-19 08:38:20
8546,Daily,31.3,2026-01-19 08:38:20
8546,Business,22.61,2026-01-19 08:38:20
8547,Evening,21.68,2026-01-19 08:38:20
8547,Daily,21.49,2026-01-19 08:38:20
8547,Night Out,20.81,2026-01-19 08:38:20
8547,Business,18.97,2026-01-19 08:38:20
8547,Leisure,17.04,2026-01-19 08:38:20
8550,Daily,26.97,2026-01-19 08:38:20
8550,Leisure,26.97,2026-01-19 08:38:20
8550,Business,23.6,2026-01-19 08:38:20
8551,Daily,26.68,2026-01-19 08:38:20
8551,Leisure,24.48,2026-01-19 08:38:20
8551,Business,24.36,2026-01-19 08:38:20
8555,Daily,26.95,2026-01-19 08:38:20
8555,Leisure,26.24,2026-01-19 08:38:20
8555,Business,22.7,2026-01-19 08:38:20
8558,Business,26.96,2026-01-19 08:38:20
8558,Daily,25.22,2026-01-19 08:38:20
8558,Leisure,25.22,2026-01-19 08:38:20
8559,Daily,23.75,2026-01-19 08:38:20
8559,Business,21.9,2026-01-19 08:38:20
8559,Leisure,21.09,2026-01-19 08:38:20
8562,Daily,25.53,2026-01-19 08:38:20
8562,Business,23.4,2026-01-19 08:38:20
8562,Leisure,21.99,2026-01-19 08:38:20
8563,Daily,25.28,2026-01-19 08:38:20
8563,Leisure,24.03,2026-01-19 08:38:20
8563,Business,23.28,2026-01-19 08:38:20
8567,Daily,25.36,2026-01-19 08:38:20
8567,Business,24.88,2026-01-19 08:38:20
8567,Leisure,24.17,2026-01-19 08:38:20
8570,Daily,28.57,2026-01-19 08:38:20
8570,Leisure,24.68,2026-01-19 08:38:20
8570,Business,19.48,2026-01-19 08:38:20
8571,Leisure,22.43,2026-01-19 08:38:20
8571,Daily,21.11,2026-01-19 08:38:20
8571,Business,20.84,2026-01-19 08:38:20
8571,Evening,19.26,2026-01-19 08:38:20
8571,Night Out,16.36,2026-01-19 08:38:20
8576,Leisure,33.33,2026-01-19 08:38:20
8576,Business,33.33,2026-01-19 08:38:20
8576,Daily,16.67,2026-01-19 08:38:20
8576,Night Out,16.67,2026-01-19 08:38:20
8578,Daily,26.73,2026-01-19 08:38:20
8578,Business,24.54,2026-01-19 08:38:20
8578,Leisure,22.93,2026-01-19 08:38:20
8579,Daily,25.81,2026-01-19 08:38:20
8579,Leisure,25.81,2026-01-19 08:38:20
8579,Business,23.66,2026-01-19 08:38:20
8582,Daily,24.43,2026-01-19 08:38:20
8582,Leisure,23.62,2026-01-19 08:38:20
8582,Business,23.22,2026-01-19 08:38:20
8582,Evening,15.03,2026-01-19 08:38:20
8584,Daily,29.55,2026-01-19 08:38:20
8584,Leisure,26.14,2026-01-19 08:38:20
8584,Business,25.0,2026-01-19 08:38:20
8586,Daily,21.65,2026-01-19 08:38:20
8586,Leisure,21.19,2026-01-19 08:38:20
8586,Business,20.88,2026-01-19 08:38:20
8586,Evening,18.6,2026-01-19 08:38:20
8586,Night Out,17.68,2026-01-19 08:38:20
8588,Daily,31.0,2026-01-19 08:38:20
8588,Leisure,31.0,2026-01-19 08:38:20
8588,Business,25.0,2026-01-19 08:38:20
8589,Daily,100.0,2026-01-19 08:38:20
8590,Night Out,24.1,2026-01-19 08:38:20
8590,Evening,23.08,2026-01-19 08:38:20
8590,Business,18.97,2026-01-19 08:38:20
8590,Leisure,18.46,2026-01-19 08:38:20
8590,Daily,15.38,2026-01-19 08:38:20
8592,Leisure,27.18,2026-01-19 08:38:20
8592,Daily,23.3,2026-01-19 08:38:20
8592,Business,20.39,2026-01-19 08:38:20
8592,Evening,15.53,2026-01-19 08:38:20
8593,Daily,28.57,2026-01-19 08:38:20
8593,Leisure,28.57,2026-01-19 08:38:20
8593,Business,28.57,2026-01-19 08:38:20
8594,Business,24.93,2026-01-19 08:38:20
8594,Daily,24.33,2026-01-19 08:38:20
8594,Leisure,18.55,2026-01-19 08:38:20
8594,Night Out,16.62,2026-01-19 08:38:20
8594,Evening,15.58,2026-01-19 08:38:20
8596,Daily,30.77,2026-01-19 08:38:20
8596,Leisure,29.49,2026-01-19 08:38:20
8596,Business,20.51,2026-01-19 08:38:20
8596,Sport,19.23,2026-01-19 08:38:20
8597,Daily,20.0,2026-01-19 08:38:20
8597,Leisure,20.0,2026-01-19 08:38:20
8597,Night Out,20.0,2026-01-19 08:38:20
8597,Business,20.0,2026-01-19 08:38:20
8597,Evening,20.0,2026-01-19 08:38:20
8598,Daily,22.85,2026-01-19 08:38:20
8598,Business,21.58,2026-01-19 08:38:20
8598,Leisure,21.16,2026-01-19 08:38:20
8598,Night Out,17.63,2026-01-19 08:38:20
8598,Evening,16.78,2026-01-19 08:38:20
8602,Daily,23.21,2026-01-19 08:38:20
8602,Leisure,23.04,2026-01-19 08:38:20
8602,Business,22.14,2026-01-19 08:38:20
8602,Night Out,16.25,2026-01-19 08:38:20
8602,Evening,15.36,2026-01-19 08:38:20
8610,Daily,22.73,2026-01-19 08:38:20
8610,Night Out,22.73,2026-01-19 08:38:20
8610,Evening,20.45,2026-01-19 08:38:20
8610,Leisure,17.05,2026-01-19 08:38:20
8610,Business,17.05,2026-01-19 08:38:20
8614,Evening,25.0,2026-01-19 08:38:20
8614,Night Out,24.65,2026-01-19 08:38:20
8614,Daily,18.06,2026-01-19 08:38:20
8614,Leisure,16.32,2026-01-19 08:38:20
8614,Business,15.97,2026-01-19 08:38:20
8615,Leisure,27.27,2026-01-19 08:38:20
8615,Daily,25.97,2026-01-19 08:38:20
8615,Business,24.68,2026-01-19 08:38:20
8618,Daily,26.53,2026-01-19 08:38:20
8618,Leisure,25.51,2026-01-19 08:38:20
8618,Business,24.49,2026-01-19 08:38:20
8619,Daily,26.27,2026-01-19 08:38:20
8619,Leisure,25.42,2026-01-19 08:38:20
8619,Business,24.24,2026-01-19 08:38:20
8622,Evening,25.04,2026-01-19 08:38:20
8622,Night Out,24.02,2026-01-19 08:38:20
8622,Leisure,17.72,2026-01-19 08:38:20
8622,Business,17.04,2026-01-19 08:38:20
8622,Daily,16.18,2026-01-19 08:38:20
8623,Daily,32.81,2026-01-19 08:38:20
8623,Leisure,31.25,2026-01-19 08:38:20
8623,Business,20.31,2026-01-19 08:38:20
8626,Leisure,27.91,2026-01-19 08:38:20
8626,Daily,23.26,2026-01-19 08:38:20
8626,Business,20.93,2026-01-19 08:38:20
8627,Daily,25.39,2026-01-19 08:38:20
8627,Leisure,24.96,2026-01-19 08:38:20
8627,Business,23.82,2026-01-19 08:38:20
8630,Leisure,30.34,2026-01-19 08:38:20
8630,Daily,28.09,2026-01-19 08:38:20
8630,Business,23.6,2026-01-19 08:38:20
8631,Daily,21.4,2026-01-19 08:38:20
8631,Evening,20.2,2026-01-19 08:38:20
8631,Business,19.6,2026-01-19 08:38:20
8631,Leisure,19.4,2026-01-19 08:38:20
8631,Night Out,19.4,2026-01-19 08:38:20
8634,Leisure,31.25,2026-01-19 08:38:20
8634,Daily,30.0,2026-01-19 08:38:20
8634,Business,23.75,2026-01-19 08:38:20
8635,Night Out,27.17,2026-01-19 08:38:20
8635,Evening,26.2,2026-01-19 08:38:20
8635,Leisure,16.38,2026-01-19 08:38:20
8635,Daily,15.61,2026-01-19 08:38:20
8638,Daily,25.97,2026-01-19 08:38:20
8638,Leisure,25.97,2026-01-19 08:38:20
8638,Business,20.78,2026-01-19 08:38:20
8641,Daily,23.91,2026-01-19 08:38:20
8641,Business,23.19,2026-01-19 08:38:20
8641,Leisure,22.28,2026-01-19 08:38:20
8641,Night Out,15.4,2026-01-19 08:38:20
8641,Evening,15.22,2026-01-19 08:38:20
8642,Daily,25.71,2026-01-19 08:38:20
8642,Business,24.29,2026-01-19 08:38:20
8642,Leisure,21.43,2026-01-19 08:38:20
8642,Evening,15.71,2026-01-19 08:38:20
8645,Leisure,25.91,2026-01-19 08:38:20
8645,Daily,25.55,2026-01-19 08:38:20
8645,Business,22.81,2026-01-19 08:38:20
8646,Daily,29.27,2026-01-19 08:38:20
8646,Business,25.61,2026-01-19 08:38:20
8646,Leisure,23.17,2026-01-19 08:38:20
8649,Daily,25.67,2026-01-19 08:38:20
8649,Leisure,23.52,2026-01-19 08:38:20
8649,Business,21.72,2026-01-19 08:38:20
8650,Leisure,31.43,2026-01-19 08:38:20
8650,Daily,28.57,2026-01-19 08:38:20
8653,Daily,24.74,2026-01-19 08:38:20
8653,Business,23.54,2026-01-19 08:38:20
8653,Leisure,21.13,2026-01-19 08:38:20
8655,Leisure,24.66,2026-01-19 08:38:20
8655,Daily,20.55,2026-01-19 08:38:20
8655,Business,17.81,2026-01-19 08:38:20
8655,Evening,16.44,2026-01-19 08:38:20
8657,Leisure,25.68,2026-01-19 08:38:20
8657,Daily,24.77,2026-01-19 08:38:20
8657,Business,23.33,2026-01-19 08:38:20
8659,Leisure,25.4,2026-01-19 08:38:20
8659,Daily,23.81,2026-01-19 08:38:20
8659,Night Out,17.46,2026-01-19 08:38:20
8659,Business,17.46,2026-01-19 08:38:20
8659,Evening,15.87,2026-01-19 08:38:20
8661,Leisure,23.4,2026-01-19 08:38:20
8661,Daily,22.44,2026-01-19 08:38:20
8661,Sport,19.23,2026-01-19 08:38:20
8661,Business,19.23,2026-01-19 08:38:20
8663,Leisure,33.33,2026-01-19 08:38:20
8663,Daily,30.16,2026-01-19 08:38:20
8663,Business,23.81,2026-01-19 08:38:20
8665,Daily,24.16,2026-01-19 08:38:20
8665,Business,23.03,2026-01-19 08:38:20
8665,Leisure,21.91,2026-01-19 08:38:20
8667,Daily,32.76,2026-01-19 08:38:20
8667,Leisure,29.31,2026-01-19 08:38:20
8667,Business,27.59,2026-01-19 08:38:20
8669,Evening,28.11,2026-01-19 08:38:20
8669,Night Out,24.59,2026-01-19 08:38:20
8669,Leisure,18.38,2026-01-19 08:38:20
8669,Daily,15.41,2026-01-19 08:38:20
8671,Evening,23.38,2026-01-19 08:38:20
8671,Daily,22.08,2026-01-19 08:38:20
8671,Leisure,22.08,2026-01-19 08:38:20
8671,Night Out,16.88,2026-01-19 08:38:20
8671,Business,15.58,2026-01-19 08:38:20
8673,Business,22.7,2026-01-19 08:38:20
8673,Daily,21.51,2026-01-19 08:38:20
8673,Leisure,21.28,2026-01-19 08:38:20
8673,Evening,17.97,2026-01-19 08:38:20
8673,Night Out,16.55,2026-01-19 08:38:20
8676,Evening,34.54,2026-01-19 08:38:20
8676,Night Out,31.5,2026-01-19 08:38:20
8676,Leisure,16.91,2026-01-19 08:38:20
8677,Leisure,25.2,2026-01-19 08:38:20
8677,Daily,23.62,2026-01-19 08:38:20
8677,Sport,19.95,2026-01-19 08:38:20
8677,Business,19.42,2026-01-19 08:38:20
8679,Leisure,29.55,2026-01-19 08:38:20
8679,Daily,27.27,2026-01-19 08:38:20
8679,Business,22.73,2026-01-19 08:38:20
8680,Daily,27.04,2026-01-19 08:38:20
8680,Leisure,25.23,2026-01-19 08:38:20
8680,Business,23.56,2026-01-19 08:38:20
8681,Daily,26.05,2026-01-19 08:38:20
8681,Business,24.37,2026-01-19 08:38:20
8681,Leisure,23.74,2026-01-19 08:38:20
8683,Daily,25.37,2026-01-19 08:38:20
8683,Business,22.39,2026-01-19 08:38:20
8683,Leisure,20.9,2026-01-19 08:38:20
8683,Evening,16.42,2026-01-19 08:38:20
8684,Evening,27.78,2026-01-19 08:38:20
8684,Night Out,25.23,2026-01-19 08:38:20
8684,Daily,17.13,2026-01-19 08:38:20
8684,Leisure,15.51,2026-01-19 08:38:20
8685,Daily,24.49,2026-01-19 08:38:20
8685,Business,22.92,2026-01-19 08:38:20
8685,Leisure,21.35,2026-01-19 08:38:20
8685,Evening,15.73,2026-01-19 08:38:20
8685,Night Out,15.51,2026-01-19 08:38:20
8687,Daily,29.31,2026-01-19 08:38:20
8687,Leisure,29.31,2026-01-19 08:38:20
8687,Business,27.59,2026-01-19 08:38:20
8689,Daily,25.62,2026-01-19 08:38:20
8689,Leisure,25.62,2026-01-19 08:38:20
8689,Business,23.88,2026-01-19 08:38:20
8691,Daily,29.27,2026-01-19 08:38:20
8691,Leisure,29.27,2026-01-19 08:38:20
8691,Evening,17.07,2026-01-19 08:38:20
8692,Daily,22.79,2026-01-19 08:38:20
8692,Evening,20.04,2026-01-19 08:38:20
8692,Business,19.84,2026-01-19 08:38:20
8692,Leisure,18.86,2026-01-19 08:38:20
8692,Night Out,18.47,2026-01-19 08:38:20
8695,Daily,24.56,2026-01-19 08:38:20
8695,Leisure,24.56,2026-01-19 08:38:20
8695,Business,21.05,2026-01-19 08:38:20
8696,Daily,23.65,2026-01-19 08:38:20
8696,Leisure,20.27,2026-01-19 08:38:20
8696,Business,20.05,2026-01-19 08:38:20
8696,Evening,19.37,2026-01-19 08:38:20
8696,Night Out,16.67,2026-01-19 08:38:20
8697,Daily,22.67,2026-01-19 08:38:20
8697,Business,21.56,2026-01-19 08:38:20
8697,Leisure,19.11,2026-01-19 08:38:20
8697,Evening,18.44,2026-01-19 08:38:20
8697,Night Out,18.22,2026-01-19 08:38:20
8699,Evening,35.69,2026-01-19 08:38:20
8699,Night Out,33.71,2026-01-19 08:38:20
8699,Leisure,15.01,2026-01-19 08:38:20
8700,Leisure,29.23,2026-01-19 08:38:20
8700,Daily,26.15,2026-01-19 08:38:20
8700,Business,23.08,2026-01-19 08:38:20
8701,Daily,26.76,2026-01-19 08:38:20
8701,Leisure,24.69,2026-01-19 08:38:20
8701,Sport,21.24,2026-01-19 08:38:20
8701,Business,18.66,2026-01-19 08:38:20
8703,Evening,32.43,2026-01-19 08:38:20
8703,Night Out,30.27,2026-01-19 08:38:20
8703,Leisure,17.84,2026-01-19 08:38:20
8704,Leisure,27.5,2026-01-19 08:38:20
8704,Night Out,22.5,2026-01-19 08:38:20
8704,Business,20.0,2026-01-19 08:38:20
8704,Daily,17.5,2026-01-19 08:38:20
8705,Leisure,24.66,2026-01-19 08:38:20
8705,Evening,24.57,2026-01-19 08:38:20
8705,Night Out,22.11,2026-01-19 08:38:20
8705,Daily,18.65,2026-01-19 08:38:20
8707,Evening,33.54,2026-01-19 08:38:20
8707,Night Out,31.37,2026-01-19 08:38:20
8707,Leisure,16.77,2026-01-19 08:38:20
8708,Leisure,25.45,2026-01-19 08:38:20
8708,Daily,23.64,2026-01-19 08:38:20
8708,Business,23.64,2026-01-19 08:38:20
8708,Night Out,16.36,2026-01-19 08:38:20
8709,Daily,26.14,2026-01-19 08:38:20
8709,Leisure,23.72,2026-01-19 08:38:20
8709,Business,22.46,2026-01-19 08:38:20
8711,Daily,26.85,2026-01-19 08:38:20
8711,Business,25.17,2026-01-19 08:38:20
8711,Leisure,22.15,2026-01-19 08:38:20
8712,Daily,32.5,2026-01-19 08:38:20
8712,Leisure,25.0,2026-01-19 08:38:20
8712,Business,15.0,2026-01-19 08:38:20
8713,Evening,29.94,2026-01-19 08:38:20
8713,Night Out,28.96,2026-01-19 08:38:20
8713,Leisure,17.42,2026-01-19 08:38:20
8715,Leisure,29.0,2026-01-19 08:38:20
8715,Daily,27.51,2026-01-19 08:38:20
8715,Business,16.73,2026-01-19 08:38:20
8716,Daily,32.56,2026-01-19 08:38:20
8716,Leisure,32.56,2026-01-19 08:38:20
8717,Evening,24.73,2026-01-19 08:38:20
8717,Night Out,24.63,2026-01-19 08:38:20
8717,Leisure,18.79,2026-01-19 08:38:20
8717,Daily,18.58,2026-01-19 08:38:20
8719,Daily,25.08,2026-01-19 08:38:20
8719,Leisure,24.07,2026-01-19 08:38:20
8719,Business,21.36,2026-01-19 08:38:20
8720,Daily,28.57,2026-01-19 08:38:20
8720,Leisure,24.49,2026-01-19 08:38:20
8720,Business,22.45,2026-01-19 08:38:20
8721,Daily,26.72,2026-01-19 08:38:20
8721,Leisure,24.51,2026-01-19 08:38:20
8721,Business,20.49,2026-01-19 08:38:20
8724,Leisure,32.31,2026-01-19 08:38:20
8724,Daily,30.77,2026-01-19 08:38:20
8724,Business,24.62,2026-01-19 08:38:20
8725,Evening,35.56,2026-01-19 08:38:20
8725,Night Out,33.22,2026-01-19 08:38:20
8725,Leisure,15.38,2026-01-19 08:38:20
8727,Evening,28.81,2026-01-19 08:38:20
8727,Night Out,25.1,2026-01-19 08:38:20
8727,Leisure,18.52,2026-01-19 08:38:20
8727,Daily,16.46,2026-01-19 08:38:20
8731,Daily,31.25,2026-01-19 08:38:20
8731,Business,28.12,2026-01-19 08:38:20
8731,Leisure,25.0,2026-01-19 08:38:20
8732,Daily,22.61,2026-01-19 08:38:20
8732,Evening,20.87,2026-01-19 08:38:20
8732,Leisure,20.43,2026-01-19 08:38:20
8732,Night Out,20.0,2026-01-19 08:38:20
8732,Business,16.09,2026-01-19 08:38:20
8734,Daily,27.83,2026-01-19 08:38:20
8734,Business,24.52,2026-01-19 08:38:20
8734,Leisure,22.09,2026-01-19 08:38:20
8738,Daily,27.36,2026-01-19 08:38:20
8738,Leisure,26.6,2026-01-19 08:38:20
8738,Business,21.32,2026-01-19 08:38:20
8738,Sport,15.09,2026-01-19 08:38:20
8739,Leisure,26.07,2026-01-19 08:38:20
8739,Daily,24.64,2026-01-19 08:38:20
8739,Business,17.54,2026-01-19 08:38:20
8740,Leisure,29.27,2026-01-19 08:38:20
8740,Daily,26.83,2026-01-19 08:38:20
8740,Business,21.95,2026-01-19 08:38:20
8742,Leisure,26.53,2026-01-19 08:38:20
8742,Daily,25.35,2026-01-19 08:38:20
8742,Business,22.54,2026-01-19 08:38:20
8742,Sport,21.36,2026-01-19 08:38:20
8743,Evening,33.0,2026-01-19 08:38:20
8743,Night Out,31.53,2026-01-19 08:38:20
8743,Leisure,15.76,2026-01-19 08:38:20
8744,Leisure,29.63,2026-01-19 08:38:20
8744,Business,25.93,2026-01-19 08:38:20
8744,Daily,22.22,2026-01-19 08:38:20
8746,Daily,25.06,2026-01-19 08:38:20
8746,Leisure,24.08,2026-01-19 08:38:20
8746,Business,20.15,2026-01-19 08:38:20
8747,Daily,34.69,2026-01-19 08:38:20
8747,Leisure,34.69,2026-01-19 08:38:20
8747,Business,30.61,2026-01-19 08:38:20
8748,Evening,30.15,2026-01-19 08:38:20
8748,Night Out,26.63,2026-01-19 08:38:20
8748,Leisure,17.09,2026-01-19 08:38:20
8748,Daily,16.08,2026-01-19 08:38:20
8750,Leisure,26.95,2026-01-19 08:38:20
8750,Daily,26.42,2026-01-19 08:38:20
8750,Business,18.87,2026-01-19 08:38:20
8750,Sport,16.71,2026-01-19 08:38:20
8751,Daily,35.71,2026-01-19 08:38:20
8751,Leisure,35.71,2026-01-19 08:38:20
8752,Night Out,22.97,2026-01-19 08:38:20
8752,Evening,22.3,2026-01-19 08:38:20
8752,Leisure,21.62,2026-01-19 08:38:20
8752,Daily,18.92,2026-01-19 08:38:20
8754,Daily,28.76,2026-01-19 08:38:20
8754,Business,24.75,2026-01-19 08:38:20
8754,Leisure,22.74,2026-01-19 08:38:20
8755,Leisure,42.86,2026-01-19 08:38:20
8755,Daily,35.71,2026-01-19 08:38:20
8756,Leisure,22.58,2026-01-19 08:38:20
8756,Daily,22.12,2026-01-19 08:38:20
8756,Business,22.12,2026-01-19 08:38:20
8759,Business,32.26,2026-01-19 08:38:20
8759,Daily,29.03,2026-01-19 08:38:20
8759,Leisure,22.58,2026-01-19 08:38:20
8760,Night Out,30.06,2026-01-19 08:38:20
8760,Evening,30.06,2026-01-19 08:38:20
8762,Daily,27.97,2026-01-19 08:38:20
8762,Leisure,24.48,2026-01-19 08:38:20
8762,Business,18.88,2026-01-19 08:38:20
8763,Daily,27.59,2026-01-19 08:38:20
8763,Leisure,26.21,2026-01-19 08:38:20
8763,Business,24.14,2026-01-19 08:38:20
8764,Leisure,32.69,2026-01-19 08:38:20
8764,Daily,26.92,2026-01-19 08:38:20
8764,Business,23.08,2026-01-19 08:38:20
8766,Daily,28.57,2026-01-19 08:38:20
8766,Leisure,28.12,2026-01-19 08:38:20
8766,Business,22.77,2026-01-19 08:38:20
8766,Sport,20.54,2026-01-19 08:38:20
8767,Evening,28.0,2026-01-19 08:38:20
8767,Night Out,25.33,2026-01-19 08:38:20
8767,Leisure,18.67,2026-01-19 08:38:20
8768,Daily,25.0,2026-01-19 08:38:20
8768,Leisure,25.0,2026-01-19 08:38:20
8768,Business,20.83,2026-01-19 08:38:20
8770,Daily,21.89,2026-01-19 08:38:20
8770,Leisure,21.89,2026-01-19 08:38:20
8770,Business,17.46,2026-01-19 08:38:20
8770,Night Out,17.16,2026-01-19 08:38:20
8770,Evening,15.98,2026-01-19 08:38:20
8771,Leisure,24.22,2026-01-19 08:38:20
8771,Evening,23.6,2026-01-19 08:38:20
8771,Night Out,19.88,2026-01-19 08:38:20
8771,Business,16.77,2026-01-19 08:38:20
8771,Daily,15.53,2026-01-19 08:38:20
8772,Leisure,30.3,2026-01-19 08:38:20
8772,Daily,27.27,2026-01-19 08:38:20
8772,Business,18.18,2026-01-19 08:38:20
8772,Evening,15.15,2026-01-19 08:38:20
8774,Daily,26.3,2026-01-19 08:38:20
8774,Leisure,24.81,2026-01-19 08:38:20
8774,Business,24.44,2026-01-19 08:38:20
8775,Daily,24.41,2026-01-19 08:38:20
8775,Leisure,23.62,2026-01-19 08:38:20
8775,Business,23.62,2026-01-19 08:38:20
8776,Daily,20.93,2026-01-19 08:38:20
8776,Sport,20.93,2026-01-19 08:38:20
8776,Leisure,20.93,2026-01-19 08:38:20
8776,Business,18.6,2026-01-19 08:38:20
8778,Daily,27.76,2026-01-19 08:38:20
8778,Leisure,24.48,2026-01-19 08:38:20
8778,Business,22.99,2026-01-19 08:38:20
8779,Daily,25.4,2026-01-19 08:38:20
8779,Business,23.81,2026-01-19 08:38:20
8779,Leisure,22.22,2026-01-19 08:38:20
8779,Evening,15.08,2026-01-19 08:38:20
8780,Daily,29.17,2026-01-19 08:38:20
8780,Leisure,25.0,2026-01-19 08:38:20
8780,Business,25.0,2026-01-19 08:38:20
8782,Daily,26.01,2026-01-19 08:38:20
8782,Business,23.99,2026-01-19 08:38:20
8782,Leisure,23.79,2026-01-19 08:38:20
8785,Evening,28.57,2026-01-19 08:38:20
8785,Night Out,26.53,2026-01-19 08:38:20
8785,Leisure,24.49,2026-01-19 08:38:20
8788,Evening,36.36,2026-01-19 08:38:20
8788,Night Out,27.27,2026-01-19 08:38:20
8788,Leisure,18.18,2026-01-19 08:38:20
8789,Leisure,26.72,2026-01-19 08:38:20
8789,Daily,23.66,2026-01-19 08:38:20
8789,Business,22.9,2026-01-19 08:38:20
8790,Daily,29.52,2026-01-19 08:38:20
8790,Leisure,27.41,2026-01-19 08:38:20
8790,Business,22.29,2026-01-19 08:38:20
8792,Evening,32.8,2026-01-19 08:38:20
8792,Night Out,30.4,2026-01-19 08:38:20
8792,Leisure,19.2,2026-01-19 08:38:20
8793,Evening,33.33,2026-01-19 08:38:20
8793,Night Out,29.17,2026-01-19 08:38:20
8793,Leisure,25.0,2026-01-19 08:38:20
8796,Leisure,26.77,2026-01-19 08:38:20
8796,Daily,25.98,2026-01-19 08:38:20
8796,Business,22.05,2026-01-19 08:38:20
8797,Daily,23.53,2026-01-19 08:38:20
8797,Leisure,23.53,2026-01-19 08:38:20
8797,Evening,17.65,2026-01-19 08:38:20
8798,Leisure,26.3,2026-01-19 08:38:20
8798,Daily,26.01,2026-01-19 08:38:20
8798,Business,24.57,2026-01-19 08:38:20
8801,Daily,23.81,2026-01-19 08:38:20
8801,Leisure,20.63,2026-01-19 08:38:20
8801,Night Out,19.84,2026-01-19 08:38:20
8801,Evening,19.84,2026-01-19 08:38:20
8801,Business,15.87,2026-01-19 08:38:20
8802,Daily,26.11,2026-01-19 08:38:20
8802,Leisure,24.44,2026-01-19 08:38:20
8802,Business,24.17,2026-01-19 08:38:20
8804,Leisure,28.57,2026-01-19 08:38:20
8804,Business,28.57,2026-01-19 08:38:20
8804,Daily,21.43,2026-01-19 08:38:20
8805,Leisure,26.67,2026-01-19 08:38:20
8805,Daily,22.86,2026-01-19 08:38:20
8805,Night Out,18.1,2026-01-19 08:38:20
8805,Evening,17.14,2026-01-19 08:38:20
8805,Business,15.24,2026-01-19 08:38:20
8806,Daily,23.83,2026-01-19 08:38:20
8806,Business,23.06,2026-01-19 08:38:20
8806,Leisure,20.98,2026-01-19 08:38:20
8806,Night Out,16.84,2026-01-19 08:38:20
8806,Evening,15.28,2026-01-19 08:38:20
8807,Daily,30.0,2026-01-19 08:38:20
8807,Sport,25.0,2026-01-19 08:38:20
8807,Leisure,25.0,2026-01-19 08:38:20
8809,Business,25.64,2026-01-19 08:38:20
8809,Daily,23.93,2026-01-19 08:38:20
8809,Leisure,23.93,2026-01-19 08:38:20
8810,Leisure,21.2,2026-01-19 08:38:20
8810,Daily,20.63,2026-01-19 08:38:20
8810,Evening,19.77,2026-01-19 08:38:20
8810,Business,19.48,2026-01-19 08:38:20
8810,Night Out,18.91,2026-01-19 08:38:20
8811,Leisure,33.33,2026-01-19 08:38:20
8811,Daily,29.63,2026-01-19 08:38:20
8811,Business,29.63,2026-01-19 08:38:20
8814,Leisure,25.74,2026-01-19 08:38:20
8814,Daily,25.44,2026-01-19 08:38:20
8814,Business,23.37,2026-01-19 08:38:20
8817,Leisure,29.59,2026-01-19 08:38:20
8817,Business,23.47,2026-01-19 08:38:20
8817,Daily,22.45,2026-01-19 08:38:20
8818,Daily,25.48,2026-01-19 08:38:20
8818,Business,24.33,2026-01-19 08:38:20
8818,Leisure,22.81,2026-01-19 08:38:20
8819,Daily,26.67,2026-01-19 08:38:20
8819,Leisure,23.33,2026-01-19 08:38:20
8819,Business,23.33,2026-01-19 08:38:20
8821,Leisure,24.0,2026-01-19 08:38:20
8821,Daily,21.0,2026-01-19 08:38:20
8821,Business,21.0,2026-01-19 08:38:20
8821,Evening,19.0,2026-01-19 08:38:20
8821,Night Out,15.0,2026-01-19 08:38:20
8822,Daily,24.62,2026-01-19 08:38:20
8822,Leisure,22.15,2026-01-19 08:38:20
8822,Business,20.92,2026-01-19 08:38:20
8822,Evening,17.54,2026-01-19 08:38:20
8823,Leisure,33.33,2026-01-19 08:38:20
8823,Daily,25.0,2026-01-19 08:38:20
8823,Business,25.0,2026-01-19 08:38:20
8825,Daily,27.47,2026-01-19 08:38:20
8825,Leisure,27.47,2026-01-19 08:38:20
8825,Business,18.68,2026-01-19 08:38:20
8826,Business,22.74,2026-01-19 08:38:20
8826,Daily,22.47,2026-01-19 08:38:20
8826,Leisure,19.18,2026-01-19 08:38:20
8826,Night Out,17.81,2026-01-19 08:38:20
8826,Evening,17.81,2026-01-19 08:38:20
8827,Daily,31.58,2026-01-19 08:38:20
8827,Leisure,31.58,2026-01-19 08:38:20
8827,Business,15.79,2026-01-19 08:38:20
8829,Daily,27.62,2026-01-19 08:38:20
8829,Leisure,24.76,2026-01-19 08:38:20
8829,Business,23.81,2026-01-19 08:38:20
8830,Daily,26.21,2026-01-19 08:38:20
8830,Leisure,25.24,2026-01-19 08:38:20
8830,Business,22.33,2026-01-19 08:38:20
8831,Leisure,29.41,2026-01-19 08:38:20
8831,Daily,23.53,2026-01-19 08:38:20
8831,Business,23.53,2026-01-19 08:38:20
8832,Daily,24.36,2026-01-19 08:38:20
8832,Leisure,23.93,2026-01-19 08:38:20
8832,Business,17.95,2026-01-19 08:38:20
8832,Night Out,17.09,2026-01-19 08:38:20
8832,Evening,16.67,2026-01-19 08:38:20
8833,Daily,26.42,2026-01-19 08:38:20
8833,Leisure,25.47,2026-01-19 08:38:20
8833,Business,19.81,2026-01-19 08:38:20
8834,Daily,24.23,2026-01-19 08:38:20
8834,Leisure,24.23,2026-01-19 08:38:20
8834,Business,23.93,2026-01-19 08:38:20
8835,Leisure,25.0,2026-01-19 08:38:20
8835,Daily,21.88,2026-01-19 08:38:20
8835,Business,21.88,2026-01-19 08:38:20
8835,Night Out,15.62,2026-01-19 08:38:20
8835,Evening,15.62,2026-01-19 08:38:20
8837,Leisure,31.0,2026-01-19 08:38:20
8837,Daily,21.0,2026-01-19 08:38:20
8837,Night Out,17.0,2026-01-19 08:38:20
8837,Evening,17.0,2026-01-19 08:38:20
8838,Leisure,20.93,2026-01-19 08:38:20
8838,Business,20.6,2026-01-19 08:38:20
8838,Daily,20.27,2026-01-19 08:38:20
8838,Night Out,19.27,2026-01-19 08:38:20
8838,Evening,18.94,2026-01-19 08:38:20
8840,Business,33.33,2026-01-19 08:38:20
8840,Daily,26.67,2026-01-19 08:38:20
8840,Leisure,26.67,2026-01-19 08:38:20
8842,Evening,26.84,2026-01-19 08:38:20
8842,Night Out,22.79,2026-01-19 08:38:20
8842,Leisure,21.32,2026-01-19 08:38:20
8842,Business,15.07,2026-01-19 08:38:20
8843,Night Out,29.53,2026-01-19 08:38:20
8843,Evening,26.85,2026-01-19 08:38:20
8843,Leisure,22.82,2026-01-19 08:38:20
8844,Daily,23.36,2026-01-19 08:38:20
8844,Leisure,21.5,2026-01-19 08:38:20
8844,Business,20.56,2026-01-19 08:38:20
8844,Night Out,19.63,2026-01-19 08:38:20
8846,Daily,27.68,2026-01-19 08:38:20
8846,Business,26.57,2026-01-19 08:38:20
8846,Leisure,23.25,2026-01-19 08:38:20
8847,Leisure,26.72,2026-01-19 08:38:20
8847,Daily,21.55,2026-01-19 08:38:20
8847,Night Out,19.83,2026-01-19 08:38:20
8847,Evening,18.1,2026-01-19 08:38:20
8848,Daily,35.71,2026-01-19 08:38:20
8848,Leisure,28.57,2026-01-19 08:38:20
8848,Business,21.43,2026-01-19 08:38:20
8849,Daily,25.93,2026-01-19 08:38:20
8849,Leisure,25.93,2026-01-19 08:38:20
8849,Business,24.69,2026-01-19 08:38:20
8850,Business,20.97,2026-01-19 08:38:20
8850,Evening,20.65,2026-01-19 08:38:20
8850,Daily,20.32,2026-01-19 08:38:20
8850,Night Out,19.35,2026-01-19 08:38:20
8850,Leisure,18.71,2026-01-19 08:38:20
8852,Daily,37.5,2026-01-19 08:38:20
8852,Leisure,33.33,2026-01-19 08:38:20
8852,Business,16.67,2026-01-19 08:38:20
8853,Daily,27.47,2026-01-19 08:38:20
8853,Leisure,27.47,2026-01-19 08:38:20
8853,Business,19.78,2026-01-19 08:38:20
8854,Leisure,26.85,2026-01-19 08:38:20
8854,Daily,25.46,2026-01-19 08:38:20
8854,Business,20.83,2026-01-19 08:38:20
8855,Night Out,31.48,2026-01-19 08:38:20
8855,Evening,31.48,2026-01-19 08:38:20
8855,Leisure,29.63,2026-01-19 08:38:20
8856,Daily,26.32,2026-01-19 08:38:20
8856,Leisure,21.05,2026-01-19 08:38:20
8856,Business,21.05,2026-01-19 08:38:20
8856,Evening,21.05,2026-01-19 08:38:20
8857,Leisure,37.04,2026-01-19 08:38:20
8857,Daily,35.19,2026-01-19 08:38:20
8857,Business,22.22,2026-01-19 08:38:20
8858,Night Out,20.58,2026-01-19 08:38:20
8858,Evening,20.58,2026-01-19 08:38:20
8858,Leisure,20.22,2026-01-19 08:38:20
8858,Business,19.49,2026-01-19 08:38:20
8858,Daily,19.13,2026-01-19 08:38:20
8859,Daily,27.27,2026-01-19 08:38:20
8859,Leisure,27.27,2026-01-19 08:38:20
8859,Business,22.73,2026-01-19 08:38:20
8860,Night Out,27.78,2026-01-19 08:38:20
8860,Evening,25.56,2026-01-19 08:38:20
8860,Leisure,23.33,2026-01-19 08:38:20
8861,Business,27.54,2026-01-19 08:38:20
8861,Daily,26.09,2026-01-19 08:38:20
8861,Leisure,26.09,2026-01-19 08:38:20
8862,Daily,27.54,2026-01-19 08:38:20
8862,Leisure,25.0,2026-01-19 08:38:20
8862,Business,20.34,2026-01-19 08:38:20
8863,Leisure,27.78,2026-01-19 08:38:20
8863,Daily,22.22,2026-01-19 08:38:20
8863,Sport,22.22,2026-01-19 08:38:20
8863,Business,16.67,2026-01-19 08:38:20
8864,Daily,27.4,2026-01-19 08:38:20
8864,Leisure,23.29,2026-01-19 08:38:20
8864,Business,23.29,2026-01-19 08:38:20
8865,Evening,30.7,2026-01-19 08:38:20
8865,Night Out,28.07,2026-01-19 08:38:20
8865,Leisure,23.68,2026-01-19 08:38:20
8866,Evening,27.46,2026-01-19 08:38:20
8866,Night Out,25.0,2026-01-19 08:38:20
8866,Leisure,16.9,2026-01-19 08:38:20
8866,Daily,15.85,2026-01-19 08:38:20
8867,Daily,33.33,2026-01-19 08:38:20
8867,Leisure,23.81,2026-01-19 08:38:20
8868,Leisure,33.96,2026-01-19 08:38:20
8868,Daily,30.19,2026-01-19 08:38:20
8868,Business,16.98,2026-01-19 08:38:20
8869,Night Out,33.96,2026-01-19 08:38:20
8869,Evening,30.19,2026-01-19 08:38:20
8869,Leisure,24.53,2026-01-19 08:38:20
8870,Leisure,26.27,2026-01-19 08:38:20
8870,Daily,25.81,2026-01-19 08:38:20
8870,Business,19.82,2026-01-19 08:38:20
8871,Daily,23.33,2026-01-19 08:38:20
8871,Sport,23.33,2026-01-19 08:38:20
8871,Business,23.33,2026-01-19 08:38:20
8871,Leisure,20.0,2026-01-19 08:38:20
8872,Leisure,23.29,2026-01-19 08:38:20
8872,Daily,20.55,2026-01-19 08:38:20
8872,Evening,20.55,2026-01-19 08:38:20
8872,Night Out,17.81,2026-01-19 08:38:20
8872,Business,17.81,2026-01-19 08:38:20
8873,Night Out,30.95,2026-01-19 08:38:20
8873,Leisure,28.57,2026-01-19 08:38:20
8873,Evening,26.19,2026-01-19 08:38:20
8874,Daily,22.87,2026-01-19 08:38:20
8874,Leisure,22.48,2026-01-19 08:38:20
8874,Business,20.54,2026-01-19 08:38:20
8874,Evening,15.89,2026-01-19 08:38:20
8875,Leisure,27.78,2026-01-19 08:38:20
8875,Daily,25.93,2026-01-19 08:38:20
8875,Business,20.37,2026-01-19 08:38:20
8876,Daily,32.0,2026-01-19 08:38:20
8876,Business,32.0,2026-01-19 08:38:20
8876,Leisure,28.0,2026-01-19 08:38:20
8877,Night Out,32.0,2026-01-19 08:38:20
8877,Evening,29.33,2026-01-19 08:38:20
8877,Leisure,21.33,2026-01-19 08:38:20
8877,Daily,17.33,2026-01-19 08:38:20
8878,Leisure,22.71,2026-01-19 08:38:20
8878,Daily,19.21,2026-01-19 08:38:20
8878,Night Out,18.34,2026-01-19 08:38:20
8878,Evening,17.9,2026-01-19 08:38:20
8878,Business,17.47,2026-01-19 08:38:20
8879,Evening,29.31,2026-01-19 08:38:20
8879,Night Out,27.59,2026-01-19 08:38:20
8879,Leisure,20.69,2026-01-19 08:38:20
8880,Daily,27.78,2026-01-19 08:38:20
8880,Leisure,22.22,2026-01-19 08:38:20
8880,Business,22.22,2026-01-19 08:38:20
8881,Leisure,22.09,2026-01-19 08:38:20
8881,Evening,22.09,2026-01-19 08:38:20
8881,Daily,20.93,2026-01-19 08:38:20
8881,Night Out,19.77,2026-01-19 08:38:20
8881,Business,15.12,2026-01-19 08:38:20
8882,Daily,30.97,2026-01-19 08:38:20
8882,Leisure,28.36,2026-01-19 08:38:20
8882,Business,25.75,2026-01-19 08:38:20
8883,Daily,33.33,2026-01-19 08:38:20
8883,Leisure,28.99,2026-01-19 08:38:20
8883,Business,27.54,2026-01-19 08:38:20
8884,Leisure,35.71,2026-01-19 08:38:20
8884,Night Out,35.71,2026-01-19 08:38:20
8884,Evening,21.43,2026-01-19 08:38:20
8885,Leisure,22.73,2026-01-19 08:38:20
8885,Daily,21.21,2026-01-19 08:38:20
8885,Business,20.45,2026-01-19 08:38:20
8886,Daily,28.42,2026-01-19 08:38:20
8886,Leisure,24.82,2026-01-19 08:38:20
8886,Business,24.82,2026-01-19 08:38:20
8888,Daily,26.32,2026-01-19 08:38:20
8888,Leisure,26.32,2026-01-19 08:38:20
8888,Business,26.32,2026-01-19 08:38:20
8889,Night Out,28.57,2026-01-19 08:38:20
8889,Leisure,26.19,2026-01-19 08:38:20
8889,Evening,26.19,2026-01-19 08:38:20
8891,Daily,26.15,2026-01-19 08:38:20
8891,Business,22.02,2026-01-19 08:38:20
8891,Leisure,21.56,2026-01-19 08:38:20
8891,Evening,15.14,2026-01-19 08:38:20
8893,Leisure,32.31,2026-01-19 08:38:20
8893,Evening,24.62,2026-01-19 08:38:20
8893,Night Out,21.54,2026-01-19 08:38:20
8894,Leisure,28.12,2026-01-19 08:38:20
8894,Daily,25.0,2026-01-19 08:38:20
8894,Business,21.88,2026-01-19 08:38:20
8894,Evening,15.62,2026-01-19 08:38:20
8895,Leisure,25.98,2026-01-19 08:38:20
8895,Daily,24.41,2026-01-19 08:38:20
8895,Business,20.47,2026-01-19 08:38:20
8895,Sport,18.11,2026-01-19 08:38:20
8896,Daily,23.08,2026-01-19 08:38:20
8896,Night Out,23.08,2026-01-19 08:38:20
8896,Evening,23.08,2026-01-19 08:38:20
8896,Leisure,19.23,2026-01-19 08:38:20
8898,Daily,25.86,2026-01-19 08:38:20
8898,Leisure,24.14,2026-01-19 08:38:20
8898,Business,22.41,2026-01-19 08:38:20
8899,Leisure,30.92,2026-01-19 08:38:20
8899,Daily,30.26,2026-01-19 08:38:20
8899,Business,26.32,2026-01-19 08:38:20
8900,Daily,22.22,2026-01-19 08:38:20
8900,Leisure,22.22,2026-01-19 08:38:20
8900,Business,22.22,2026-01-19 08:38:20
8900,Evening,22.22,2026-01-19 08:38:20
8901,Leisure,29.35,2026-01-19 08:38:20
8901,Daily,23.91,2026-01-19 08:38:20
8901,Business,23.91,2026-01-19 08:38:20
8905,Leisure,26.09,2026-01-19 08:38:20
8905,Evening,26.09,2026-01-19 08:38:20
8905,Night Out,23.91,2026-01-19 08:38:20
8906,Leisure,27.84,2026-01-19 08:38:20
8906,Daily,26.14,2026-01-19 08:38:20
8906,Sport,18.18,2026-01-19 08:38:20
8906,Business,17.05,2026-01-19 08:38:20
8907,Daily,26.09,2026-01-19 08:38:20
8907,Leisure,19.57,2026-01-19 08:38:20
8907,Night Out,19.57,2026-01-19 08:38:20
8907,Evening,19.57,2026-01-19 08:38:20
8907,Business,15.22,2026-01-19 08:38:20
8908,Daily,26.67,2026-01-19 08:38:20
8908,Sport,20.0,2026-01-19 08:38:20
8908,Leisure,20.0,2026-01-19 08:38:20
8908,Business,20.0,2026-01-19 08:38:20
8909,Evening,36.36,2026-01-19 08:38:20
8909,Night Out,27.27,2026-01-19 08:38:20
8909,Leisure,20.0,2026-01-19 08:38:20
8910,Daily,35.0,2026-01-19 08:38:20
8910,Leisure,25.0,2026-01-19 08:38:20
8910,Business,22.5,2026-01-19 08:38:20
8911,Daily,29.8,2026-01-19 08:38:20
8911,Business,24.24,2026-01-19 08:38:20
8911,Leisure,23.74,2026-01-19 08:38:20
8912,Daily,29.41,2026-01-19 08:38:20
8912,Business,23.53,2026-01-19 08:38:20
8912,Leisure,17.65,2026-01-19 08:38:20
8913,Leisure,27.5,2026-01-19 08:38:20
8913,Evening,25.0,2026-01-19 08:38:20
8913,Daily,17.5,2026-01-19 08:38:20
8913,Night Out,17.5,2026-01-19 08:38:20
8914,Daily,23.26,2026-01-19 08:38:20
8914,Leisure,20.93,2026-01-19 08:38:20
8914,Night Out,20.93,2026-01-19 08:38:20
8914,Business,18.6,2026-01-19 08:38:20
8914,Evening,16.28,2026-01-19 08:38:20
8917,Leisure,20.93,2026-01-19 08:38:20
8917,Night Out,20.93,2026-01-19 08:38:20
8917,Daily,19.77,2026-01-19 08:38:20
8917,Business,19.77,2026-01-19 08:38:20
8917,Evening,18.6,2026-01-19 08:38:20
8919,Daily,33.33,2026-01-19 08:38:20
8919,Sport,16.67,2026-01-19 08:38:20
8919,Leisure,16.67,2026-01-19 08:38:20
8919,Business,16.67,2026-01-19 08:38:20
8920,Leisure,28.36,2026-01-19 08:38:20
8920,Sport,27.61,2026-01-19 08:38:20
8920,Daily,25.37,2026-01-19 08:38:20
8920,Business,18.66,2026-01-19 08:38:20
8921,Night Out,33.33,2026-01-19 08:38:20
8921,Leisure,26.67,2026-01-19 08:38:20
8921,Evening,23.33,2026-01-19 08:38:20
8921,Daily,16.67,2026-01-19 08:38:20
8922,Leisure,28.57,2026-01-19 08:38:20
8922,Daily,22.86,2026-01-19 08:38:20
8922,Business,20.0,2026-01-19 08:38:20
8923,Leisure,29.17,2026-01-19 08:38:20
8923,Business,29.17,2026-01-19 08:38:20
8923,Daily,25.0,2026-01-19 08:38:20
8924,Leisure,29.08,2026-01-19 08:38:20
8924,Daily,25.51,2026-01-19 08:38:20
8924,Business,18.88,2026-01-19 08:38:20
8926,Daily,23.64,2026-01-19 08:38:20
8926,Leisure,21.82,2026-01-19 08:38:20
8926,Business,18.18,2026-01-19 08:38:20
8927,Daily,23.56,2026-01-19 08:38:20
8927,Leisure,22.99,2026-01-19 08:38:20
8927,Business,20.69,2026-01-19 08:38:20
8928,Daily,35.71,2026-01-19 08:38:20
8928,Leisure,28.57,2026-01-19 08:38:20
8929,Leisure,37.93,2026-01-19 08:38:20
8929,Evening,20.69,2026-01-19 08:38:20
8929,Night Out,17.24,2026-01-19 08:38:20
8930,Leisure,35.0,2026-01-19 08:38:20
8930,Daily,30.0,2026-01-19 08:38:20
8930,Business,25.0,2026-01-19 08:38:20
8931,Leisure,27.89,2026-01-19 08:38:20
8931,Daily,25.17,2026-01-19 08:38:20
8931,Sport,22.45,2026-01-19 08:38:20
8931,Business,19.05,2026-01-19 08:38:20
8933,Evening,27.45,2026-01-19 08:38:20
8933,Leisure,23.53,2026-01-19 08:38:20
8933,Night Out,23.53,2026-01-19 08:38:20
8933,Daily,15.69,2026-01-19 08:38:20
8934,Daily,31.25,2026-01-19 08:38:20
8934,Leisure,21.88,2026-01-19 08:38:20
8934,Business,21.88,2026-01-19 08:38:20
8934,Night Out,15.62,2026-01-19 08:38:20
8935,Leisure,23.24,2026-01-19 08:38:20
8935,Evening,23.24,2026-01-19 08:38:20
8935,Night Out,22.54,2026-01-19 08:38:20
8935,Daily,16.2,2026-01-19 08:38:20
8936,Daily,25.0,2026-01-19 08:38:20
8936,Leisure,25.0,2026-01-19 08:38:20
8936,Sport,16.67,2026-01-19 08:38:20
8936,Business,16.67,2026-01-19 08:38:20
8937,Night Out,30.77,2026-01-19 08:38:20
8937,Evening,25.64,2026-01-19 08:38:20
8937,Leisure,20.51,2026-01-19 08:38:20
8938,Daily,31.25,2026-01-19 08:38:20
8938,Leisure,21.88,2026-01-19 08:38:20
8938,Business,18.75,2026-01-19 08:38:20
8938,Night Out,15.62,2026-01-19 08:38:20
8939,Leisure,25.45,2026-01-19 08:38:20
8939,Daily,24.55,2026-01-19 08:38:20
8939,Night Out,16.36,2026-01-19 08:38:20
8940,Daily,44.44,2026-01-19 08:38:20
8940,Leisure,22.22,2026-01-19 08:38:20
8941,Daily,24.64,2026-01-19 08:38:20
8941,Leisure,24.64,2026-01-19 08:38:20
8941,Business,24.64,2026-01-19 08:38:20
8942,Evening,43.75,2026-01-19 08:38:20
8942,Night Out,37.5,2026-01-19 08:38:20
8943,Leisure,26.29,2026-01-19 08:38:20
8943,Sport,23.71,2026-01-19 08:38:20
8943,Daily,23.2,2026-01-19 08:38:20
8943,Business,21.65,2026-01-19 08:38:20
8944,Leisure,31.91,2026-01-19 08:38:20
8944,Night Out,23.4,2026-01-19 08:38:20
8944,Daily,19.15,2026-01-19 08:38:20
8944,Evening,17.02,2026-01-19 08:38:20
8945,Leisure,35.71,2026-01-19 08:38:20
8945,Business,21.43,2026-01-19 08:38:20
8946,Business,30.0,2026-01-19 08:38:20
8946,Daily,27.5,2026-01-19 08:38:20
8946,Leisure,25.0,2026-01-19 08:38:20
8947,Leisure,26.42,2026-01-19 08:38:20
8947,Daily,24.53,2026-01-19 08:38:20
8947,Business,24.53,2026-01-19 08:38:20
8948,Daily,27.98,2026-01-19 08:38:20
8948,Leisure,25.6,2026-01-19 08:38:20
8948,Business,20.83,2026-01-19 08:38:20
8950,Daily,33.33,2026-01-19 08:38:20
8950,Leisure,27.78,2026-01-19 08:38:20
8950,Business,16.67,2026-01-19 08:38:20
8950,Evening,16.67,2026-01-19 08:38:20
8951,Leisure,31.82,2026-01-19 08:38:20
8951,Night Out,27.27,2026-01-19 08:38:20
8951,Evening,22.73,2026-01-19 08:38:20
8952,Daily,25.11,2026-01-19 08:38:20
8952,Leisure,24.67,2026-01-19 08:38:20
8952,Business,23.79,2026-01-19 08:38:20
8954,Daily,24.56,2026-01-19 08:38:20
8954,Business,24.56,2026-01-19 08:38:20
8954,Leisure,22.81,2026-01-19 08:38:20
8957,Daily,33.33,2026-01-19 08:38:20
8957,Sport,33.33,2026-01-19 08:38:20
8957,Business,33.33,2026-01-19 08:38:20
8958,Leisure,26.92,2026-01-19 08:38:20
8958,Evening,26.92,2026-01-19 08:38:20
8958,Night Out,19.23,2026-01-19 08:38:20
8958,Daily,15.38,2026-01-19 08:38:20
8959,Daily,24.88,2026-01-19 08:38:20
8959,Leisure,24.4,2026-01-19 08:38:20
8959,Business,24.4,2026-01-19 08:38:20
8960,Leisure,23.4,2026-01-19 08:38:20
8960,Evening,23.4,2026-01-19 08:38:20
8960,Night Out,21.28,2026-01-19 08:38:20
8960,Business,19.15,2026-01-19 08:38:20
8962,Leisure,31.03,2026-01-19 08:38:20
8962,Daily,27.59,2026-01-19 08:38:20
8962,Business,24.14,2026-01-19 08:38:20
8962,Sport,17.24,2026-01-19 08:38:20
8963,Evening,35.0,2026-01-19 08:38:20
8963,Night Out,25.0,2026-01-19 08:38:20
8963,Leisure,20.0,2026-01-19 08:38:20
8964,Leisure,23.95,2026-01-19 08:38:20
8964,Daily,22.69,2026-01-19 08:38:20
8964,Business,22.69,2026-01-19 08:38:20
8964,Night Out,15.55,2026-01-19 08:38:20
8964,Evening,15.13,2026-01-19 08:38:20
8966,Business,26.67,2026-01-19 08:38:20
8966,Daily,24.44,2026-01-19 08:38:20
8966,Leisure,20.0,2026-01-19 08:38:20
8966,Evening,15.56,2026-01-19 08:38:20
8967,Daily,25.79,2026-01-19 08:38:20
8967,Leisure,24.89,2026-01-19 08:38:20
8967,Business,22.17,2026-01-19 08:38:20
8968,Leisure,23.91,2026-01-19 08:38:20
8968,Daily,21.74,2026-01-19 08:38:20
8968,Business,19.57,2026-01-19 08:38:20
8968,Night Out,17.39,2026-01-19 08:38:20
8968,Evening,17.39,2026-01-19 08:38:20
8969,Daily,25.0,2026-01-19 08:38:20
8969,Leisure,25.0,2026-01-19 08:38:20
8969,Business,25.0,2026-01-19 08:38:20
8969,Sport,16.67,2026-01-19 08:38:20
8970,Leisure,38.89,2026-01-19 08:38:20
8970,Daily,27.78,2026-01-19 08:38:20
8970,Night Out,16.67,2026-01-19 08:38:20
8971,Evening,30.07,2026-01-19 08:38:20
8971,Night Out,29.37,2026-01-19 08:38:20
8971,Leisure,17.48,2026-01-19 08:38:20
8972,Evening,28.12,2026-01-19 08:38:20
8972,Night Out,25.0,2026-01-19 08:38:20
8972,Leisure,21.88,2026-01-19 08:38:20
8972,Daily,15.62,2026-01-19 08:38:20
8973,Daily,33.33,2026-01-19 08:38:20
8973,Leisure,33.33,2026-01-19 08:38:20
8973,Sport,16.67,2026-01-19 08:38:20
8973,Business,16.67,2026-01-19 08:38:20
8974,Evening,45.45,2026-01-19 08:38:20
8974,Night Out,27.27,2026-01-19 08:38:20
8976,Night Out,24.39,2026-01-19 08:38:20
8976,Evening,24.39,2026-01-19 08:38:20
8976,Daily,17.07,2026-01-19 08:38:20
8976,Leisure,17.07,2026-01-19 08:38:20
8976,Business,17.07,2026-01-19 08:38:20
8977,Daily,33.33,2026-01-19 08:38:20
8977,Leisure,33.33,2026-01-19 08:38:20
8977,Business,33.33,2026-01-19 08:38:20
8978,Daily,34.48,2026-01-19 08:38:20
8978,Leisure,24.14,2026-01-19 08:38:20
8978,Business,20.69,2026-01-19 08:38:20
8981,Leisure,28.57,2026-01-19 08:38:20
8981,Business,20.0,2026-01-19 08:38:20
8981,Daily,17.14,2026-01-19 08:38:20
8981,Night Out,17.14,2026-01-19 08:38:20
8981,Evening,17.14,2026-01-19 08:38:20
8982,Daily,34.78,2026-01-19 08:38:20
8982,Business,34.78,2026-01-19 08:38:20
8982,Leisure,30.43,2026-01-19 08:38:20
8983,Leisure,25.13,2026-01-19 08:38:20
8983,Daily,24.06,2026-01-19 08:38:20
8983,Business,22.46,2026-01-19 08:38:20
8983,Evening,15.51,2026-01-19 08:38:20
8985,Leisure,22.22,2026-01-19 08:38:20
8985,Business,22.22,2026-01-19 08:38:20
8985,Evening,22.22,2026-01-19 08:38:20
8985,Daily,16.67,2026-01-19 08:38:20
8985,Night Out,16.67,2026-01-19 08:38:20
8986,Evening,28.26,2026-01-19 08:38:20
8986,Night Out,22.46,2026-01-19 08:38:20
8986,Daily,18.84,2026-01-19 08:38:20
8986,Leisure,15.94,2026-01-19 08:38:20
8987,Daily,37.5,2026-01-19 08:38:20
8987,Leisure,33.33,2026-01-19 08:38:20
8987,Business,16.67,2026-01-19 08:38:20
8988,Evening,33.33,2026-01-19 08:38:20
8988,Night Out,28.57,2026-01-19 08:38:20
8988,Leisure,19.05,2026-01-19 08:38:20
8989,Daily,50.0,2026-01-19 08:38:20
8989,Leisure,50.0,2026-01-19 08:38:20
8990,Daily,30.43,2026-01-19 08:38:20
8990,Business,26.09,2026-01-19 08:38:20
8990,Leisure,17.39,2026-01-19 08:38:20
8991,Evening,33.62,2026-01-19 08:38:20
8991,Night Out,30.17,2026-01-19 08:38:20
8991,Leisure,16.38,2026-01-19 08:38:20
8992,Leisure,25.0,2026-01-19 08:38:20
8992,Evening,25.0,2026-01-19 08:38:20
8992,Daily,16.67,2026-01-19 08:38:20
8992,Night Out,16.67,2026-01-19 08:38:20
8992,Business,16.67,2026-01-19 08:38:20
8995,Night Out,33.33,2026-01-19 08:38:20
8995,Evening,33.33,2026-01-19 08:38:20
8995,Leisure,26.67,2026-01-19 08:38:20
8996,Daily,20.0,2026-01-19 08:38:20
8996,Leisure,20.0,2026-01-19 08:38:20
8996,Night Out,20.0,2026-01-19 08:38:20
8996,Business,20.0,2026-01-19 08:38:20
8996,Evening,20.0,2026-01-19 08:38:20
8998,Evening,23.58,2026-01-19 08:38:20
8998,Night Out,21.7,2026-01-19 08:38:20
8998,Daily,20.75,2026-01-19 08:38:20
8998,Leisure,20.75,2026-01-19 08:38:20
8999,Leisure,25.0,2026-01-19 08:38:20
8999,Night Out,25.0,2026-01-19 08:38:20
8999,Business,25.0,2026-01-19 08:38:20
8999,Evening,25.0,2026-01-19 08:38:20
9000,Leisure,37.5,2026-01-19 08:38:20
9000,Daily,25.0,2026-01-19 08:38:20
9001,Leisure,25.0,2026-01-19 08:38:20
9001,Evening,22.22,2026-01-19 08:38:20
9001,Daily,16.67,2026-01-19 08:38:20
9001,Night Out,16.67,2026-01-19 08:38:20
9003,Night Out,33.33,2026-01-19 08:38:20
9003,Evening,25.0,2026-01-19 08:38:20
9003,Daily,16.67,2026-01-19 08:38:20
9003,Leisure,16.67,2026-01-19 08:38:20
9004,Night Out,28.57,2026-01-19 08:38:20
9004,Evening,28.57,2026-01-19 08:38:20
9004,Leisure,21.43,2026-01-19 08:38:20
9005,Night Out,25.0,2026-01-19 08:38:20
9005,Business,25.0,2026-01-19 08:38:20
9005,Daily,16.67,2026-01-19 08:38:20
9005,Leisure,16.67,2026-01-19 08:38:20
9005,Evening,16.67,2026-01-19 08:38:20
9006,Evening,26.96,2026-01-19 08:38:20
9006,Night Out,21.74,2026-01-19 08:38:20
9006,Daily,19.13,2026-01-19 08:38:20
9006,Leisure,17.39,2026-01-19 08:38:20
9007,Business,30.77,2026-01-19 08:38:20
9007,Daily,23.08,2026-01-19 08:38:20
9007,Night Out,23.08,2026-01-19 08:38:20
9007,Leisure,15.38,2026-01-19 08:38:20
9009,Night Out,40.0,2026-01-19 08:38:20
9009,Evening,40.0,2026-01-19 08:38:20
9009,Leisure,20.0,2026-01-19 08:38:20
9010,Daily,100.0,2026-01-19 08:38:20
9011,Night Out,27.5,2026-01-19 08:38:20
9011,Evening,27.5,2026-01-19 08:38:20
9011,Leisure,17.5,2026-01-19 08:38:20
9011,Daily,15.0,2026-01-19 08:38:20
9013,Business,27.27,2026-01-19 08:38:20
9013,Daily,18.18,2026-01-19 08:38:20
9013,Sport,18.18,2026-01-19 08:38:20
9013,Leisure,18.18,2026-01-19 08:38:20
9014,Evening,33.33,2026-01-19 08:38:20
9014,Night Out,30.3,2026-01-19 08:38:20
9014,Leisure,16.67,2026-01-19 08:38:20
9015,Daily,25.0,2026-01-19 08:38:20
9015,Leisure,25.0,2026-01-19 08:38:20
9015,Business,25.0,2026-01-19 08:38:20
9015,Evening,25.0,2026-01-19 08:38:20
9016,Evening,40.0,2026-01-19 08:38:20
9016,Daily,20.0,2026-01-19 08:38:20
9016,Leisure,20.0,2026-01-19 08:38:20
9016,Night Out,20.0,2026-01-19 08:38:20
9018,Evening,26.51,2026-01-19 08:38:20
9018,Leisure,24.1,2026-01-19 08:38:20
9018,Night Out,21.69,2026-01-19 08:38:20
9018,Daily,15.66,2026-01-19 08:38:20
9020,Night Out,30.43,2026-01-19 08:38:20
9020,Evening,30.43,2026-01-19 08:38:20
9020,Leisure,17.39,2026-01-19 08:38:20
9022,Daily,24.62,2026-01-19 08:38:20
9022,Leisure,24.1,2026-01-19 08:38:20
9022,Business,23.59,2026-01-19 08:38:20
9023,Daily,33.33,2026-01-19 08:38:20
9023,Leisure,33.33,2026-01-19 08:38:20
9023,Business,33.33,2026-01-19 08:38:20
9024,Daily,22.47,2026-01-19 08:38:20
9024,Business,21.29,2026-01-19 08:38:20
9024,Evening,19.56,2026-01-19 08:38:20
9024,Leisure,18.56,2026-01-19 08:38:20
9024,Night Out,18.11,2026-01-19 08:38:20
9025,Evening,35.29,2026-01-19 08:38:20
9025,Night Out,29.41,2026-01-19 08:38:20
9026,Daily,28.95,2026-01-19 08:38:20
9026,Leisure,26.32,2026-01-19 08:38:20
9026,Business,23.68,2026-01-19 08:38:20
9028,Business,23.32,2026-01-19 08:38:20
9028,Daily,22.1,2026-01-19 08:38:20
9028,Leisure,21.04,2026-01-19 08:38:20
9028,Evening,17.38,2026-01-19 08:38:20
9028,Night Out,16.16,2026-01-19 08:38:20
9030,Daily,20.0,2026-01-19 08:38:20
9030,Leisure,20.0,2026-01-19 08:38:20
9030,Night Out,20.0,2026-01-19 08:38:20
9030,Business,20.0,2026-01-19 08:38:20
9030,Evening,20.0,2026-01-19 08:38:20
9031,Leisure,26.86,2026-01-19 08:38:20
9031,Daily,23.43,2026-01-19 08:38:20
9031,Sport,21.71,2026-01-19 08:38:20
9032,Daily,27.27,2026-01-19 08:38:20
9032,Leisure,26.0,2026-01-19 08:38:20
9032,Business,25.58,2026-01-19 08:38:20
9035,Daily,28.1,2026-01-19 08:38:20
9035,Leisure,26.8,2026-01-19 08:38:20
9035,Business,25.49,2026-01-19 08:38:20
9036,Daily,23.72,2026-01-19 08:38:20
9036,Leisure,22.22,2026-01-19 08:38:20
9036,Business,21.37,2026-01-19 08:38:20
9036,Evening,17.09,2026-01-19 08:38:20
9036,Night Out,15.6,2026-01-19 08:38:20
9037,Leisure,26.32,2026-01-19 08:38:20
9037,Daily,21.05,2026-01-19 08:38:20
9037,Evening,21.05,2026-01-19 08:38:20
9037,Night Out,15.79,2026-01-19 08:38:20
9037,Business,15.79,2026-01-19 08:38:20
9040,Daily,24.11,2026-01-19 08:38:20
9040,Leisure,24.11,2026-01-19 08:38:20
9040,Business,23.17,2026-01-19 08:38:20
9041,Night Out,22.73,2026-01-19 08:38:20
9041,Evening,22.73,2026-01-19 08:38:20
9041,Daily,18.18,2026-01-19 08:38:20
9041,Business,18.18,2026-01-19 08:38:20
9042,Daily,16.67,2026-01-19 08:38:20
9042,Sport,16.67,2026-01-19 08:38:20
9042,Leisure,16.67,2026-01-19 08:38:20
9042,Night Out,16.67,2026-01-19 08:38:20
9042,Business,16.67,2026-01-19 08:38:20
9042,Evening,16.67,2026-01-19 08:38:20
9043,Leisure,27.83,2026-01-19 08:38:20
9043,Daily,24.35,2026-01-19 08:38:20
9043,Business,16.52,2026-01-19 08:38:20
9044,Leisure,24.88,2026-01-19 08:38:20
9044,Daily,24.64,2026-01-19 08:38:20
9044,Business,23.43,2026-01-19 08:38:20
9045,Daily,23.53,2026-01-19 08:38:20
9045,Leisure,23.53,2026-01-19 08:38:20
9045,Business,17.65,2026-01-19 08:38:20
9046,Evening,22.46,2026-01-19 08:38:20
9046,Night Out,20.53,2026-01-19 08:38:20
9046,Leisure,20.29,2026-01-19 08:38:20
9046,Daily,19.81,2026-01-19 08:38:20
9046,Business,16.91,2026-01-19 08:38:20
9047,Business,20.69,2026-01-19 08:38:20
9047,Evening,20.69,2026-01-19 08:38:20
9047,Leisure,20.38,2026-01-19 08:38:20
9047,Daily,20.06,2026-01-19 08:38:20
9047,Night Out,18.18,2026-01-19 08:38:20
9048,Daily,30.0,2026-01-19 08:38:20
9048,Leisure,26.67,2026-01-19 08:38:20
9048,Business,23.33,2026-01-19 08:38:20
9049,Daily,25.0,2026-01-19 08:38:20
9049,Leisure,25.0,2026-01-19 08:38:20
9049,Evening,25.0,2026-01-19 08:38:20
9050,Leisure,23.5,2026-01-19 08:38:20
9050,Night Out,22.22,2026-01-19 08:38:20
9050,Daily,21.79,2026-01-19 08:38:20
9050,Evening,18.8,2026-01-19 08:38:20
9051,Leisure,21.43,2026-01-19 08:38:20
9051,Evening,21.43,2026-01-19 08:38:20
9051,Night Out,20.0,2026-01-19 08:38:20
9051,Daily,19.29,2026-01-19 08:38:20
9051,Business,17.86,2026-01-19 08:38:20
9052,Daily,31.15,2026-01-19 08:38:20
9052,Leisure,27.87,2026-01-19 08:38:20
9052,Business,19.67,2026-01-19 08:38:20
9053,Leisure,33.33,2026-01-19 08:38:20
9053,Night Out,33.33,2026-01-19 08:38:20
9053,Evening,33.33,2026-01-19 08:38:20
9054,Daily,25.11,2026-01-19 08:38:20
9054,Leisure,23.32,2026-01-19 08:38:20
9054,Sport,19.28,2026-01-19 08:38:20
9054,Business,18.83,2026-01-19 08:38:20
9055,Leisure,29.03,2026-01-19 08:38:20
9055,Daily,26.61,2026-01-19 08:38:20
9055,Business,25.0,2026-01-19 08:38:20
9055,Sport,19.35,2026-01-19 08:38:20
9056,Evening,33.33,2026-01-19 08:38:20
9056,Daily,16.67,2026-01-19 08:38:20
9056,Leisure,16.67,2026-01-19 08:38:20
9056,Night Out,16.67,2026-01-19 08:38:20
9056,Business,16.67,2026-01-19 08:38:20
9057,Evening,21.4,2026-01-19 08:38:20
9057,Leisure,20.23,2026-01-19 08:38:20
9057,Night Out,20.23,2026-01-19 08:38:20
9057,Daily,19.07,2026-01-19 08:38:20
9057,Business,19.07,2026-01-19 08:38:20
9058,Leisure,22.79,2026-01-19 08:38:20
9058,Daily,21.69,2026-01-19 08:38:20
9058,Night Out,19.12,2026-01-19 08:38:20
9058,Evening,19.12,2026-01-19 08:38:20
9058,Business,17.28,2026-01-19 08:38:20
9059,Daily,22.5,2026-01-19 08:38:20
9059,Leisure,21.67,2026-01-19 08:38:20
9059,Evening,20.0,2026-01-19 08:38:20
9059,Night Out,19.17,2026-01-19 08:38:20
9059,Business,16.67,2026-01-19 08:38:20
9060,Leisure,28.57,2026-01-19 08:38:20
9060,Night Out,28.57,2026-01-19 08:38:20
9061,Daily,27.35,2026-01-19 08:38:20
9061,Business,26.53,2026-01-19 08:38:20
9061,Leisure,21.63,2026-01-19 08:38:20
9062,Night Out,22.54,2026-01-19 08:38:20
9062,Evening,22.54,2026-01-19 08:38:20
9062,Leisure,20.9,2026-01-19 08:38:20
9062,Daily,17.21,2026-01-19 08:38:20
9062,Business,16.8,2026-01-19 08:38:20
9063,Night Out,25.0,2026-01-19 08:38:20
9063,Business,25.0,2026-01-19 08:38:20
9063,Evening,25.0,2026-01-19 08:38:20
9063,Leisure,16.67,2026-01-19 08:38:20
9064,Leisure,28.79,2026-01-19 08:38:20
9064,Daily,25.0,2026-01-19 08:38:20
9064,Business,19.7,2026-01-19 08:38:20
9065,Business,25.56,2026-01-19 08:38:20
9065,Daily,25.19,2026-01-19 08:38:20
9065,Leisure,24.44,2026-01-19 08:38:20
9066,Leisure,25.56,2026-01-19 08:38:20
9066,Evening,23.89,2026-01-19 08:38:20
9066,Night Out,22.78,2026-01-19 08:38:20
9066,Daily,15.56,2026-01-19 08:38:20
9068,Daily,30.26,2026-01-19 08:38:20
9068,Leisure,30.26,2026-01-19 08:38:20
9068,Sport,19.74,2026-01-19 08:38:20
9068,Business,19.74,2026-01-19 08:38:20
9070,Daily,28.71,2026-01-19 08:38:20
9070,Leisure,25.74,2026-01-19 08:38:20
9070,Business,18.81,2026-01-19 08:38:20
9071,Leisure,28.65,2026-01-19 08:38:20
9071,Daily,26.32,2026-01-19 08:38:20
9071,Sport,23.39,2026-01-19 08:38:20
9071,Business,21.64,2026-01-19 08:38:20
9072,Night Out,29.41,2026-01-19 08:38:20
9072,Daily,17.65,2026-01-19 08:38:20
9072,Leisure,17.65,2026-01-19 08:38:20
9072,Business,17.65,2026-01-19 08:38:20
9072,Evening,17.65,2026-01-19 08:38:20
9073,Leisure,25.0,2026-01-19 08:38:20
9073,Daily,23.47,2026-01-19 08:38:20
9073,Business,21.43,2026-01-19 08:38:20
9074,Daily,26.72,2026-01-19 08:38:20
9074,Leisure,21.37,2026-01-19 08:38:20
9074,Business,19.08,2026-01-19 08:38:20
9074,Night Out,17.56,2026-01-19 08:38:20
9074,Evening,15.27,2026-01-19 08:38:20
9076,Leisure,24.54,2026-01-19 08:38:20
9076,Daily,22.69,2026-01-19 08:38:20
9076,Business,20.83,2026-01-19 08:38:20
9076,Evening,17.13,2026-01-19 08:38:20
9078,Leisure,29.06,2026-01-19 08:38:20
9078,Daily,28.21,2026-01-19 08:38:20
9078,Business,15.38,2026-01-19 08:38:20
9079,Leisure,27.03,2026-01-19 08:38:20
9079,Daily,25.68,2026-01-19 08:38:20
9079,Sport,17.57,2026-01-19 08:38:20
9079,Business,16.22,2026-01-19 08:38:20
9080,Leisure,26.96,2026-01-19 08:38:20
9080,Daily,24.02,2026-01-19 08:38:20
9080,Business,23.53,2026-01-19 08:38:20
9081,Daily,22.22,2026-01-19 08:38:20
9081,Night Out,22.22,2026-01-19 08:38:20
9081,Business,22.22,2026-01-19 08:38:20
9081,Evening,22.22,2026-01-19 08:38:20
9082,Evening,25.0,2026-01-19 08:38:20
9082,Leisure,23.15,2026-01-19 08:38:20
9082,Night Out,23.15,2026-01-19 08:38:20
9083,Leisure,31.71,2026-01-19 08:38:20
9083,Daily,25.61,2026-01-19 08:38:20
9083,Sport,25.61,2026-01-19 08:38:20
9083,Business,17.07,2026-01-19 08:38:20
9084,Daily,24.68,2026-01-19 08:38:20
9084,Business,24.05,2026-01-19 08:38:20
9084,Leisure,22.78,2026-01-19 08:38:20
9084,Evening,15.82,2026-01-19 08:38:20
9085,Daily,23.08,2026-01-19 08:38:20
9085,Leisure,23.08,2026-01-19 08:38:20
9085,Business,23.08,2026-01-19 08:38:20
9085,Night Out,15.38,2026-01-19 08:38:20
9085,Evening,15.38,2026-01-19 08:38:20
9086,Evening,29.59,2026-01-19 08:38:20
9086,Night Out,22.45,2026-01-19 08:38:20
9086,Leisure,21.43,2026-01-19 08:38:20
9086,Daily,15.31,2026-01-19 08:38:20
9087,Leisure,25.44,2026-01-19 08:38:20
9087,Daily,21.89,2026-01-19 08:38:20
9087,Business,21.89,2026-01-19 08:38:20
9088,Leisure,31.65,2026-01-19 08:38:20
9088,Daily,26.58,2026-01-19 08:38:20
9088,Business,18.99,2026-01-19 08:38:20
9088,Sport,17.72,2026-01-19 08:38:20
9089,Daily,20.0,2026-01-19 08:38:20
9089,Sport,20.0,2026-01-19 08:38:20
9089,Leisure,20.0,2026-01-19 08:38:20
9089,Business,20.0,2026-01-19 08:38:20
9089,Evening,20.0,2026-01-19 08:38:20
9090,Daily,26.61,2026-01-19 08:38:20
9090,Leisure,25.0,2026-01-19 08:38:20
9090,Business,23.39,2026-01-19 08:38:20
9091,Daily,22.03,2026-01-19 08:38:20
9091,Leisure,22.03,2026-01-19 08:38:20
9091,Business,22.03,2026-01-19 08:38:20
9092,Leisure,34.83,2026-01-19 08:38:20
9092,Daily,28.09,2026-01-19 08:38:20
9092,Sport,19.1,2026-01-19 08:38:20
9094,Daily,29.0,2026-01-19 08:38:20
9094,Leisure,25.0,2026-01-19 08:38:20
9094,Business,22.0,2026-01-19 08:38:20
9095,Daily,27.37,2026-01-19 08:38:20
9095,Leisure,26.82,2026-01-19 08:38:20
9095,Business,20.67,2026-01-19 08:38:20
9096,Daily,32.23,2026-01-19 08:38:20
9096,Business,28.93,2026-01-19 08:38:20
9096,Leisure,24.79,2026-01-19 08:38:20
9098,Daily,25.49,2026-01-19 08:38:20
9098,Leisure,25.49,2026-01-19 08:38:20
9098,Business,17.65,2026-01-19 08:38:20
9099,Leisure,26.12,2026-01-19 08:38:20
9099,Daily,25.37,2026-01-19 08:38:20
9099,Business,23.13,2026-01-19 08:38:20
9100,Leisure,27.64,2026-01-19 08:38:20
9100,Daily,26.83,2026-01-19 08:38:20
9100,Sport,21.95,2026-01-19 08:38:20
9100,Business,18.7,2026-01-19 08:38:20
9101,Daily,18.18,2026-01-19 08:38:20
9101,Sport,18.18,2026-01-19 08:38:20
9101,Leisure,18.18,2026-01-19 08:38:20
9101,Business,18.18,2026-01-19 08:38:20
9101,Evening,18.18,2026-01-19 08:38:20
9102,Leisure,25.0,2026-01-19 08:38:20
9102,Business,25.0,2026-01-19 08:38:20
9102,Daily,22.66,2026-01-19 08:38:20
9103,Daily,23.26,2026-01-19 08:38:20
9103,Leisure,20.93,2026-01-19 08:38:20
9103,Night Out,18.6,2026-01-19 08:38:20
9104,Leisure,25.81,2026-01-19 08:38:20
9104,Business,25.81,2026-01-19 08:38:20
9104,Daily,22.58,2026-01-19 08:38:20
9105,Daily,33.33,2026-01-19 08:38:20
9105,Leisure,33.33,2026-01-19 08:38:20
9105,Business,33.33,2026-01-19 08:38:20
9106,Leisure,26.11,2026-01-19 08:38:20
9106,Daily,21.02,2026-01-19 08:38:20
9106,Business,20.38,2026-01-19 08:38:20
9107,Daily,28.69,2026-01-19 08:38:20
9107,Leisure,28.69,2026-01-19 08:38:20
9107,Business,24.59,2026-01-19 08:38:20
9108,Night Out,25.0,2026-01-19 08:38:20
9108,Leisure,22.73,2026-01-19 08:38:20
9108,Evening,22.73,2026-01-19 08:38:20
9108,Business,15.91,2026-01-19 08:38:20
9110,Daily,30.56,2026-01-19 08:38:20
9110,Leisure,28.7,2026-01-19 08:38:20
9110,Business,27.78,2026-01-19 08:38:20
9111,Leisure,28.57,2026-01-19 08:38:20
9111,Sport,26.53,2026-01-19 08:38:20
9111,Daily,22.45,2026-01-19 08:38:20
9111,Business,16.33,2026-01-19 08:38:20
9112,Evening,23.29,2026-01-19 08:38:20
9112,Night Out,21.92,2026-01-19 08:38:20
9112,Leisure,20.55,2026-01-19 08:38:20
9112,Daily,17.81,2026-01-19 08:38:20
9112,Business,16.44,2026-01-19 08:38:20
9113,Daily,100.0,2026-01-19 08:38:20
9114,Daily,28.37,2026-01-19 08:38:20
9114,Business,26.95,2026-01-19 08:38:20
9114,Leisure,24.82,2026-01-19 08:38:20
9115,Night Out,29.17,2026-01-19 08:38:20
9115,Evening,29.17,2026-01-19 08:38:20
9115,Leisure,20.83,2026-01-19 08:38:20
9116,Leisure,29.67,2026-01-19 08:38:20
9116,Daily,23.08,2026-01-19 08:38:20
9116,Night Out,19.78,2026-01-19 08:38:20
9117,Daily,28.57,2026-01-19 08:38:20
9117,Leisure,28.57,2026-01-19 08:38:20
9118,Leisure,25.2,2026-01-19 08:38:20
9118,Business,23.62,2026-01-19 08:38:20
9118,Daily,22.83,2026-01-19 08:38:20
9120,Daily,26.83,2026-01-19 08:38:20
9120,Evening,24.39,2026-01-19 08:38:20
9120,Leisure,19.51,2026-01-19 08:38:20
9120,Business,17.07,2026-01-19 08:38:20
9121,Leisure,30.0,2026-01-19 08:38:20
9121,Daily,24.0,2026-01-19 08:38:20
9121,Business,20.0,2026-01-19 08:38:20
9122,Leisure,24.39,2026-01-19 08:38:20
9122,Business,19.51,2026-01-19 08:38:20
9122,Daily,17.07,2026-01-19 08:38:20
9122,Night Out,17.07,2026-01-19 08:38:20
9122,Evening,17.07,2026-01-19 08:38:20
9123,Daily,26.51,2026-01-19 08:38:20
9123,Business,25.3,2026-01-19 08:38:20
9123,Leisure,24.1,2026-01-19 08:38:20
9124,Night Out,50.0,2026-01-19 08:38:20
9124,Evening,50.0,2026-01-19 08:38:20
9125,Daily,31.03,2026-01-19 08:38:20
9125,Leisure,31.03,2026-01-19 08:38:20
9126,Daily,21.43,2026-01-19 08:38:20
9126,Evening,21.43,2026-01-19 08:38:20
9126,Leisure,20.0,2026-01-19 08:38:20
9126,Business,17.14,2026-01-19 08:38:20
9126,Night Out,15.71,2026-01-19 08:38:20
9127,Leisure,25.0,2026-01-19 08:38:20
9127,Daily,20.83,2026-01-19 08:38:20
9127,Business,19.79,2026-01-19 08:38:20
9127,Night Out,18.75,2026-01-19 08:38:20
9127,Evening,15.62,2026-01-19 08:38:20
9130,Night Out,23.33,2026-01-19 08:38:20
9130,Evening,23.33,2026-01-19 08:38:20
9130,Leisure,20.0,2026-01-19 08:38:20
9130,Daily,16.67,2026-01-19 08:38:20
9130,Business,16.67,2026-01-19 08:38:20
9131,Leisure,25.93,2026-01-19 08:38:20
9131,Business,18.52,2026-01-19 08:38:20
9131,Daily,17.28,2026-01-19 08:38:20
9131,Night Out,16.05,2026-01-19 08:38:20
9131,Evening,16.05,2026-01-19 08:38:20
9132,Daily,20.0,2026-01-19 08:38:20
9132,Leisure,20.0,2026-01-19 08:38:20
9132,Night Out,20.0,2026-01-19 08:38:20
9132,Business,20.0,2026-01-19 08:38:20
9132,Evening,20.0,2026-01-19 08:38:20
9133,Daily,25.0,2026-01-19 08:38:20
9133,Sport,25.0,2026-01-19 08:38:20
9133,Leisure,25.0,2026-01-19 08:38:20
9133,Business,25.0,2026-01-19 08:38:20
9134,Evening,30.56,2026-01-19 08:38:20
9134,Night Out,25.0,2026-01-19 08:38:20
9134,Daily,16.67,2026-01-19 08:38:20
9135,Night Out,30.19,2026-01-19 08:38:20
9135,Evening,28.3,2026-01-19 08:38:20
9135,Leisure,16.98,2026-01-19 08:38:20
9138,Leisure,22.39,2026-01-19 08:38:20
9138,Night Out,20.9,2026-01-19 08:38:20
9138,Evening,19.4,2026-01-19 08:38:20
9138,Business,17.91,2026-01-19 08:38:20
9139,Daily,20.83,2026-01-19 08:38:20
9139,Leisure,18.75,2026-01-19 08:38:20
9139,Business,18.75,2026-01-19 08:38:20
9139,Night Out,16.67,2026-01-19 08:38:20
9140,Daily,60.0,2026-01-19 08:38:20
9140,Leisure,40.0,2026-01-19 08:38:20
9142,Night Out,25.49,2026-01-19 08:38:20
9142,Leisure,23.53,2026-01-19 08:38:20
9142,Evening,23.53,2026-01-19 08:38:20
9142,Daily,15.69,2026-01-19 08:38:20
9143,Business,21.28,2026-01-19 08:38:20
9143,Evening,21.28,2026-01-19 08:38:20
9143,Daily,19.15,2026-01-19 08:38:20
9143,Leisure,19.15,2026-01-19 08:38:20
9143,Night Out,19.15,2026-01-19 08:38:20
9146,Leisure,25.0,2026-01-19 08:38:20
9146,Business,22.22,2026-01-19 08:38:20
9146,Daily,20.83,2026-01-19 08:38:20
9146,Evening,16.67,2026-01-19 08:38:20
9146,Night Out,15.28,2026-01-19 08:38:20
9148,Daily,18.75,2026-01-19 08:38:20
9148,Leisure,18.75,2026-01-19 08:38:20
9148,Night Out,18.75,2026-01-19 08:38:20
9148,Business,18.75,2026-01-19 08:38:20
9148,Evening,18.75,2026-01-19 08:38:20
9150,Leisure,28.57,2026-01-19 08:38:20
9150,Evening,28.57,2026-01-19 08:38:20
9150,Night Out,17.86,2026-01-19 08:38:20
9151,Daily,30.77,2026-01-19 08:38:20
9151,Business,30.77,2026-01-19 08:38:20
9151,Leisure,23.08,2026-01-19 08:38:20
9152,Daily,22.0,2026-01-19 08:38:20
9152,Leisure,22.0,2026-01-19 08:38:20
9152,Business,20.0,2026-01-19 08:38:20
9154,Leisure,29.41,2026-01-19 08:38:20
9154,Daily,17.65,2026-01-19 08:38:20
9154,Night Out,17.65,2026-01-19 08:38:20
9154,Business,17.65,2026-01-19 08:38:20
9154,Evening,17.65,2026-01-19 08:38:20
9158,Daily,23.53,2026-01-19 08:38:20
9158,Leisure,23.53,2026-01-19 08:38:20
9158,Business,17.65,2026-01-19 08:38:20
9158,Evening,17.65,2026-01-19 08:38:20
9160,Night Out,24.53,2026-01-19 08:38:20
9160,Evening,24.53,2026-01-19 08:38:20
9160,Leisure,18.87,2026-01-19 08:38:20
9160,Daily,16.98,2026-01-19 08:38:20
9160,Business,15.09,2026-01-19 08:38:20
9162,Night Out,26.92,2026-01-19 08:38:20
9162,Evening,26.92,2026-01-19 08:38:20
9162,Leisure,23.08,2026-01-19 08:38:20
9162,Business,15.38,2026-01-19 08:38:20
9166,Night Out,31.25,2026-01-19 08:38:20
9166,Evening,25.0,2026-01-19 08:38:20
9166,Leisure,21.88,2026-01-19 08:38:20
9166,Business,15.62,2026-01-19 08:38:20
9169,Leisure,24.14,2026-01-19 08:38:20
9169,Daily,20.69,2026-01-19 08:38:20
9169,Business,20.69,2026-01-19 08:38:20
9169,Night Out,17.24,2026-01-19 08:38:20
9169,Evening,17.24,2026-01-19 08:38:20
9170,Daily,25.0,2026-01-19 08:38:20
9170,Leisure,18.75,2026-01-19 08:38:20
9170,Night Out,18.75,2026-01-19 08:38:20
9170,Business,18.75,2026-01-19 08:38:20
9170,Evening,18.75,2026-01-19 08:38:20
9173,Leisure,22.5,2026-01-19 08:38:20
9173,Daily,20.0,2026-01-19 08:38:20
9173,Night Out,20.0,2026-01-19 08:38:20
9173,Evening,17.5,2026-01-19 08:38:20
9173,Business,15.0,2026-01-19 08:38:20
9174,Leisure,28.57,2026-01-19 08:38:20
9174,Night Out,28.57,2026-01-19 08:38:20
9174,Evening,28.57,2026-01-19 08:38:20
9177,Leisure,29.63,2026-01-19 08:38:20
9177,Daily,25.93,2026-01-19 08:38:20
9177,Business,25.93,2026-01-19 08:38:20
9178,Night Out,40.0,2026-01-19 08:38:20
9178,Evening,40.0,2026-01-19 08:38:20
9178,Leisure,20.0,2026-01-19 08:38:20
9179,Daily,26.67,2026-01-19 08:38:20
9179,Leisure,26.67,2026-01-19 08:38:20
9179,Business,20.0,2026-01-19 08:38:20
9184,Daily,27.55,2026-01-19 08:38:20
9184,Leisure,25.51,2026-01-19 08:38:20
9184,Business,18.37,2026-01-19 08:38:20
9186,Night Out,50.0,2026-01-19 08:38:20
9186,Evening,50.0,2026-01-19 08:38:20
9189,Evening,30.48,2026-01-19 08:38:20
9189,Night Out,29.52,2026-01-19 08:38:20
9189,Leisure,20.0,2026-01-19 08:38:20
9192,Leisure,29.17,2026-01-19 08:38:20
9192,Daily,25.0,2026-01-19 08:38:20
9192,Sport,23.61,2026-01-19 08:38:20
9192,Business,22.22,2026-01-19 08:38:20
9196,Leisure,25.81,2026-01-19 08:38:20
9196,Evening,24.19,2026-01-19 08:38:20
9196,Daily,22.58,2026-01-19 08:38:20
9196,Business,16.13,2026-01-19 08:38:20
9197,Leisure,29.79,2026-01-19 08:38:20
9197,Daily,23.4,2026-01-19 08:38:20
9197,Night Out,17.02,2026-01-19 08:38:20
9197,Evening,17.02,2026-01-19 08:38:20
9200,Leisure,32.23,2026-01-19 08:38:20
9200,Daily,24.79,2026-01-19 08:38:20
9200,Business,22.31,2026-01-19 08:38:20
9201,Night Out,27.91,2026-01-19 08:38:20
9201,Evening,27.91,2026-01-19 08:38:20
9201,Leisure,18.6,2026-01-19 08:38:20
9202,Evening,21.71,2026-01-19 08:38:20
9202,Daily,21.32,2026-01-19 08:38:20
9202,Leisure,21.32,2026-01-19 08:38:20
9202,Night Out,20.62,2026-01-19 08:38:20
9202,Business,15.02,2026-01-19 08:38:20
9204,Leisure,24.36,2026-01-19 08:38:20
9204,Evening,23.08,2026-01-19 08:38:20
9204,Daily,17.95,2026-01-19 08:38:20
9204,Night Out,17.95,2026-01-19 08:38:20
9204,Business,16.67,2026-01-19 08:38:20
9205,Leisure,28.89,2026-01-19 08:38:20
9205,Daily,22.22,2026-01-19 08:38:20
9205,Evening,22.22,2026-01-19 08:38:20
9205,Night Out,20.0,2026-01-19 08:38:20
9206,Evening,25.47,2026-01-19 08:38:20
9206,Leisure,20.75,2026-01-19 08:38:20
9206,Night Out,19.55,2026-01-19 08:38:20
9206,Daily,18.78,2026-01-19 08:38:20
9206,Business,15.44,2026-01-19 08:38:20
9208,Leisure,25.0,2026-01-19 08:38:20
9208,Daily,21.43,2026-01-19 08:38:20
9208,Business,21.43,2026-01-19 08:38:20
9209,Leisure,27.08,2026-01-19 08:38:20
9209,Daily,23.96,2026-01-19 08:38:20
9209,Business,20.83,2026-01-19 08:38:20
9210,Daily,28.38,2026-01-19 08:38:20
9210,Leisure,27.65,2026-01-19 08:38:20
9210,Business,16.2,2026-01-19 08:38:20
9212,Leisure,27.08,2026-01-19 08:38:20
9212,Business,22.92,2026-01-19 08:38:20
9212,Daily,20.83,2026-01-19 08:38:20
9213,Leisure,23.68,2026-01-19 08:38:20
9213,Daily,21.05,2026-01-19 08:38:20
9213,Night Out,17.11,2026-01-19 08:38:20
9213,Business,17.11,2026-01-19 08:38:20
9213,Evening,15.79,2026-01-19 08:38:20
9214,Leisure,21.99,2026-01-19 08:38:20
9214,Evening,21.35,2026-01-19 08:38:20
9214,Daily,19.87,2026-01-19 08:38:20
9214,Night Out,19.03,2026-01-19 08:38:20
9214,Business,17.76,2026-01-19 08:38:20
9216,Leisure,27.78,2026-01-19 08:38:20
9216,Daily,25.0,2026-01-19 08:38:20
9216,Business,22.22,2026-01-19 08:38:20
9217,Evening,25.51,2026-01-19 08:38:20
9217,Night Out,23.47,2026-01-19 08:38:20
9217,Daily,19.39,2026-01-19 08:38:20
9217,Business,16.33,2026-01-19 08:38:20
9217,Leisure,15.31,2026-01-19 08:38:20
9219,Daily,27.15,2026-01-19 08:38:20
9219,Business,23.33,2026-01-19 08:38:20
9219,Leisure,22.18,2026-01-19 08:38:20
9221,Leisure,29.63,2026-01-19 08:38:20
9221,Night Out,22.22,2026-01-19 08:38:20
9221,Evening,22.22,2026-01-19 08:38:20
9223,Daily,25.23,2026-01-19 08:38:20
9223,Leisure,22.71,2026-01-19 08:38:20
9223,Business,22.71,2026-01-19 08:38:20
9224,Evening,34.09,2026-01-19 08:38:20
9224,Night Out,29.55,2026-01-19 08:38:20
9224,Leisure,20.45,2026-01-19 08:38:20
9225,Daily,31.43,2026-01-19 08:38:20
9225,Leisure,25.71,2026-01-19 08:38:20
9225,Business,20.0,2026-01-19 08:38:20
9227,Daily,27.17,2026-01-19 08:38:20
9227,Leisure,22.55,2026-01-19 08:38:20
9227,Business,22.37,2026-01-19 08:38:20
9228,Leisure,25.29,2026-01-19 08:38:20
9228,Daily,22.99,2026-01-19 08:38:20
9228,Business,21.84,2026-01-19 08:38:20
9228,Evening,16.09,2026-01-19 08:38:20
9229,Daily,40.0,2026-01-19 08:38:20
9229,Leisure,20.0,2026-01-19 08:38:20
9229,Business,20.0,2026-01-19 08:38:20
9229,Evening,20.0,2026-01-19 08:38:20
9231,Daily,25.88,2026-01-19 08:38:20
9231,Business,23.42,2026-01-19 08:38:20
9231,Leisure,23.24,2026-01-19 08:38:20
9232,Daily,32.61,2026-01-19 08:38:20
9232,Leisure,27.17,2026-01-19 08:38:20
9232,Business,27.17,2026-01-19 08:38:20
9233,Daily,30.0,2026-01-19 08:38:20
9233,Business,30.0,2026-01-19 08:38:20
9233,Leisure,20.0,2026-01-19 08:38:20
9233,Evening,20.0,2026-01-19 08:38:20
9235,Daily,28.27,2026-01-19 08:38:20
9235,Business,24.2,2026-01-19 08:38:20
9235,Leisure,23.34,2026-01-19 08:38:20
9236,Leisure,26.6,2026-01-19 08:38:20
9236,Daily,25.53,2026-01-19 08:38:20
9236,Business,18.09,2026-01-19 08:38:20
9237,Daily,33.33,2026-01-19 08:38:20
9237,Leisure,33.33,2026-01-19 08:38:20
9237,Business,33.33,2026-01-19 08:38:20
9239,Daily,27.19,2026-01-19 08:38:20
9239,Leisure,26.9,2026-01-19 08:38:20
9239,Night Out,18.42,2026-01-19 08:38:20
9239,Evening,16.37,2026-01-19 08:38:20
9240,Evening,32.5,2026-01-19 08:38:20
9240,Night Out,25.0,2026-01-19 08:38:20
9240,Leisure,22.5,2026-01-19 08:38:20
9243,Daily,24.82,2026-01-19 08:38:20
9243,Leisure,23.65,2026-01-19 08:38:20
9243,Business,22.48,2026-01-19 08:38:20
9243,Evening,15.93,2026-01-19 08:38:20
9244,Leisure,27.45,2026-01-19 08:38:20
9244,Sport,23.53,2026-01-19 08:38:20
9244,Daily,17.65,2026-01-19 08:38:20
9244,Business,15.69,2026-01-19 08:38:20
9245,Daily,25.0,2026-01-19 08:38:20
9245,Night Out,25.0,2026-01-19 08:38:20
9245,Evening,25.0,2026-01-19 08:38:20
9247,Daily,24.75,2026-01-19 08:38:20
9247,Business,24.0,2026-01-19 08:38:20
9247,Leisure,22.75,2026-01-19 08:38:20
9248,Evening,25.42,2026-01-19 08:38:20
9248,Leisure,23.73,2026-01-19 08:38:20
9248,Night Out,20.34,2026-01-19 08:38:20
9248,Daily,16.95,2026-01-19 08:38:20
9251,Daily,25.75,2026-01-19 08:38:20
9251,Business,24.14,2026-01-19 08:38:20
9251,Leisure,21.61,2026-01-19 08:38:20
9252,Daily,22.92,2026-01-19 08:38:20
9252,Leisure,20.83,2026-01-19 08:38:20
9252,Business,20.83,2026-01-19 08:38:20
9252,Evening,16.67,2026-01-19 08:38:20
9255,Daily,26.07,2026-01-19 08:38:20
9255,Business,23.81,2026-01-19 08:38:20
9255,Leisure,23.06,2026-01-19 08:38:20
9265,Evening,24.24,2026-01-19 08:38:20
9265,Night Out,21.72,2026-01-19 08:38:20
9265,Leisure,18.69,2026-01-19 08:38:20
9265,Business,18.69,2026-01-19 08:38:20
9265,Daily,16.67,2026-01-19 08:38:20
9266,Daily,25.0,2026-01-19 08:38:20
9266,Leisure,21.43,2026-01-19 08:38:20
9266,Business,21.43,2026-01-19 08:38:20
9269,Business,25.0,2026-01-19 08:38:20
9269,Daily,20.83,2026-01-19 08:38:20
9269,Leisure,20.83,2026-01-19 08:38:20
9270,Daily,26.18,2026-01-19 08:38:20
9270,Business,24.92,2026-01-19 08:38:20
9270,Leisure,23.34,2026-01-19 08:38:20
9274,Daily,22.73,2026-01-19 08:38:20
9274,Leisure,20.45,2026-01-19 08:38:20
9274,Business,20.45,2026-01-19 08:38:20
9274,Night Out,15.91,2026-01-19 08:38:20
9274,Evening,15.91,2026-01-19 08:38:20
9275,Evening,27.64,2026-01-19 08:38:20
9275,Night Out,25.2,2026-01-19 08:38:20
9275,Leisure,17.89,2026-01-19 08:38:20
9275,Daily,17.07,2026-01-19 08:38:20
9278,Daily,19.05,2026-01-19 08:38:20
9278,Sport,19.05,2026-01-19 08:38:20
9278,Leisure,19.05,2026-01-19 08:38:20
9279,Daily,30.87,2026-01-19 08:38:20
9279,Leisure,24.5,2026-01-19 08:38:20
9279,Business,23.83,2026-01-19 08:38:20
9281,Night Out,33.33,2026-01-19 08:38:20
9281,Evening,33.33,2026-01-19 08:38:20
9281,Leisure,16.67,2026-01-19 08:38:20
9285,Daily,22.22,2026-01-19 08:38:20
9285,Night Out,18.52,2026-01-19 08:38:20
9285,Business,18.52,2026-01-19 08:38:20
9285,Evening,18.52,2026-01-19 08:38:20
9287,Evening,27.6,2026-01-19 08:38:20
9287,Night Out,23.18,2026-01-19 08:38:20
9287,Daily,17.45,2026-01-19 08:38:20
9287,Leisure,17.19,2026-01-19 08:38:20
9289,Daily,28.0,2026-01-19 08:38:20
9289,Leisure,24.0,2026-01-19 08:38:20
9289,Business,24.0,2026-01-19 08:38:20
9291,Daily,25.11,2026-01-19 08:38:20
9291,Leisure,24.26,2026-01-19 08:38:20
9291,Business,23.83,2026-01-19 08:38:20
9293,Daily,22.45,2026-01-19 08:38:20
9293,Business,20.41,2026-01-19 08:38:20
9293,Leisure,18.37,2026-01-19 08:38:20
9293,Evening,18.37,2026-01-19 08:38:20
9295,Evening,30.49,2026-01-19 08:38:20
9295,Night Out,29.12,2026-01-19 08:38:20
9295,Daily,16.21,2026-01-19 08:38:20
9297,Daily,22.22,2026-01-19 08:38:20
9297,Business,22.22,2026-01-19 08:38:20
9297,Leisure,16.67,2026-01-19 08:38:20
9297,Night Out,16.67,2026-01-19 08:38:20
9299,Evening,27.52,2026-01-19 08:38:20
9299,Night Out,26.85,2026-01-19 08:38:20
9299,Leisure,20.13,2026-01-19 08:38:20
9300,Daily,28.09,2026-01-19 08:38:20
9300,Leisure,26.36,2026-01-19 08:38:20
9300,Business,22.15,2026-01-19 08:38:20
9302,Leisure,25.0,2026-01-19 08:38:20
9302,Business,25.0,2026-01-19 08:38:20
9302,Daily,18.75,2026-01-19 08:38:20
9302,Sport,18.75,2026-01-19 08:38:20
9306,Daily,22.22,2026-01-19 08:38:20
9306,Leisure,22.22,2026-01-19 08:38:20
9306,Business,22.22,2026-01-19 08:38:20
9307,Daily,22.22,2026-01-19 08:38:20
9307,Business,21.43,2026-01-19 08:38:20
9307,Evening,20.63,2026-01-19 08:38:20
9307,Leisure,18.25,2026-01-19 08:38:20
9307,Night Out,17.46,2026-01-19 08:38:20
9308,Daily,28.67,2026-01-19 08:38:20
9308,Leisure,27.82,2026-01-19 08:38:20
9308,Business,24.54,2026-01-19 08:38:20
9310,Leisure,23.44,2026-01-19 08:38:20
9310,Evening,20.7,2026-01-19 08:38:20
9310,Daily,19.53,2026-01-19 08:38:20
9310,Night Out,19.14,2026-01-19 08:38:20
9310,Business,17.19,2026-01-19 08:38:20
9311,Daily,28.41,2026-01-19 08:38:20
9311,Leisure,26.65,2026-01-19 08:38:20
9311,Business,22.63,2026-01-19 08:38:20
9312,Daily,25.81,2026-01-19 08:38:20
9312,Business,25.81,2026-01-19 08:38:20
9312,Leisure,22.58,2026-01-19 08:38:20
9314,Leisure,22.26,2026-01-19 08:38:20
9314,Daily,21.91,2026-01-19 08:38:20
9314,Business,20.14,2026-01-19 08:38:20
9314,Night Out,18.37,2026-01-19 08:38:20
9314,Evening,17.31,2026-01-19 08:38:20
9318,Evening,29.5,2026-01-19 08:38:20
9318,Night Out,27.0,2026-01-19 08:38:20
9318,Leisure,18.0,2026-01-19 08:38:20
9319,Daily,23.53,2026-01-19 08:38:20
9319,Leisure,20.36,2026-01-19 08:38:20
9319,Business,19.68,2026-01-19 08:38:20
9319,Evening,19.23,2026-01-19 08:38:20
9319,Night Out,17.19,2026-01-19 08:38:20
9322,Daily,27.93,2026-01-19 08:38:20
9322,Leisure,27.48,2026-01-19 08:38:20
9322,Business,25.68,2026-01-19 08:38:20
9324,Daily,27.11,2026-01-19 08:38:20
9324,Leisure,25.28,2026-01-19 08:38:20
9324,Business,23.23,2026-01-19 08:38:20
9328,Evening,31.59,2026-01-19 08:38:20
9328,Night Out,30.72,2026-01-19 08:38:20
9335,Daily,33.33,2026-01-19 08:38:20
9335,Leisure,16.67,2026-01-19 08:38:20
9335,Night Out,16.67,2026-01-19 08:38:20
9335,Business,16.67,2026-01-19 08:38:20
9335,Evening,16.67,2026-01-19 08:38:20
9336,Leisure,29.04,2026-01-19 08:38:20
9336,Daily,28.28,2026-01-19 08:38:20
9336,Business,23.23,2026-01-19 08:38:20
9339,Evening,24.69,2026-01-19 08:38:20
9339,Night Out,23.46,2026-01-19 08:38:20
9339,Daily,17.9,2026-01-19 08:38:20
9339,Leisure,17.28,2026-01-19 08:38:20
9339,Business,16.67,2026-01-19 08:38:20
9342,Leisure,34.29,2026-01-19 08:38:20
9342,Daily,31.43,2026-01-19 08:38:20
9342,Sport,21.43,2026-01-19 08:38:20
9345,Evening,33.47,2026-01-19 08:38:20
9345,Night Out,31.24,2026-01-19 08:38:20
9345,Leisure,15.17,2026-01-19 08:38:20
9346,Leisure,29.17,2026-01-19 08:38:20
9346,Daily,25.0,2026-01-19 08:38:20
9346,Sport,25.0,2026-01-19 08:38:20
9346,Business,16.67,2026-01-19 08:38:20
9347,Evening,28.74,2026-01-19 08:38:20
9347,Night Out,25.75,2026-01-19 08:38:20
9347,Leisure,20.36,2026-01-19 08:38:20
9348,Leisure,27.37,2026-01-19 08:38:20
9348,Evening,23.16,2026-01-19 08:38:20
9348,Night Out,18.95,2026-01-19 08:38:20
9348,Daily,18.6,2026-01-19 08:38:20
9349,Evening,29.39,2026-01-19 08:38:20
9349,Night Out,27.69,2026-01-19 08:38:20
9349,Leisure,16.5,2026-01-19 08:38:20
9350,Leisure,33.33,2026-01-19 08:38:20
9350,Daily,27.78,2026-01-19 08:38:20
9350,Sport,19.44,2026-01-19 08:38:20
9350,Business,19.44,2026-01-19 08:38:20
9351,Daily,21.92,2026-01-19 08:38:20
9351,Evening,21.23,2026-01-19 08:38:20
9351,Leisure,19.18,2026-01-19 08:38:20
9351,Night Out,19.18,2026-01-19 08:38:20
9351,Business,18.49,2026-01-19 08:38:20
9352,Daily,30.57,2026-01-19 08:38:20
9352,Leisure,27.43,2026-01-19 08:38:20
9352,Business,22.0,2026-01-19 08:38:20
9354,Night Out,22.92,2026-01-19 08:38:20
9354,Daily,20.83,2026-01-19 08:38:20
9354,Leisure,18.75,2026-01-19 08:38:20
9354,Evening,16.67,2026-01-19 08:38:20
9355,Leisure,25.68,2026-01-19 08:38:20
9355,Evening,25.68,2026-01-19 08:38:20
9355,Night Out,18.92,2026-01-19 08:38:20
9355,Daily,16.22,2026-01-19 08:38:20
9357,Evening,28.39,2026-01-19 08:38:20
9357,Night Out,26.85,2026-01-19 08:38:20
9357,Leisure,19.78,2026-01-19 08:38:20
9358,Leisure,29.23,2026-01-19 08:38:20
9358,Daily,27.69,2026-01-19 08:38:20
9358,Sport,21.54,2026-01-19 08:38:20
9358,Business,16.92,2026-01-19 08:38:20
9359,Business,24.66,2026-01-19 08:38:20
9359,Daily,23.29,2026-01-19 08:38:20
9359,Leisure,21.92,2026-01-19 08:38:20
9359,Night Out,16.44,2026-01-19 08:38:20
9360,Leisure,26.02,2026-01-19 08:38:20
9360,Daily,24.54,2026-01-19 08:38:20
9360,Business,22.68,2026-01-19 08:38:20
9361,Night Out,25.05,2026-01-19 08:38:20
9361,Evening,24.1,2026-01-19 08:38:20
9361,Leisure,19.87,2026-01-19 08:38:20
9361,Daily,17.44,2026-01-19 08:38:20
9362,Leisure,26.67,2026-01-19 08:38:20
9362,Evening,23.33,2026-01-19 08:38:20
9362,Business,18.33,2026-01-19 08:38:20
9362,Night Out,16.67,2026-01-19 08:38:20
9362,Daily,15.0,2026-01-19 08:38:20
9363,Daily,28.57,2026-01-19 08:38:20
9363,Leisure,26.98,2026-01-19 08:38:20
9363,Business,20.63,2026-01-19 08:38:20
9364,Leisure,24.9,2026-01-19 08:38:20
9364,Daily,24.52,2026-01-19 08:38:20
9364,Business,21.46,2026-01-19 08:38:20
9364,Evening,16.48,2026-01-19 08:38:20
9365,Evening,22.97,2026-01-19 08:38:20
9365,Night Out,20.73,2026-01-19 08:38:20
9365,Business,19.69,2026-01-19 08:38:20
9365,Leisure,18.65,2026-01-19 08:38:20
9365,Daily,17.96,2026-01-19 08:38:20
9366,Leisure,33.93,2026-01-19 08:38:20
9366,Daily,28.57,2026-01-19 08:38:20
9366,Business,28.57,2026-01-19 08:38:20
9367,Evening,25.93,2026-01-19 08:38:20
9367,Night Out,23.61,2026-01-19 08:38:20
9367,Leisure,21.76,2026-01-19 08:38:20
9367,Daily,16.67,2026-01-19 08:38:20
9368,Daily,27.48,2026-01-19 08:38:20
9368,Leisure,27.48,2026-01-19 08:38:20
9368,Business,23.66,2026-01-19 08:38:20
9369,Evening,22.51,2026-01-19 08:38:20
9369,Night Out,21.6,2026-01-19 08:38:20
9369,Business,18.88,2026-01-19 08:38:20
9369,Leisure,18.58,2026-01-19 08:38:20
9369,Daily,18.43,2026-01-19 08:38:20
9370,Night Out,28.95,2026-01-19 08:38:20
9370,Evening,26.32,2026-01-19 08:38:20
9370,Leisure,23.68,2026-01-19 08:38:20
9370,Daily,15.79,2026-01-19 08:38:20
9371,Daily,24.35,2026-01-19 08:38:20
9371,Leisure,22.8,2026-01-19 08:38:20
9371,Business,21.76,2026-01-19 08:38:20
9372,Leisure,24.48,2026-01-19 08:38:20
9372,Daily,22.73,2026-01-19 08:38:20
9372,Business,21.33,2026-01-19 08:38:20
9372,Evening,15.03,2026-01-19 08:38:20
9373,Evening,24.53,2026-01-19 08:38:20
9373,Night Out,23.21,2026-01-19 08:38:20
9373,Leisure,18.11,2026-01-19 08:38:20
9373,Daily,17.17,2026-01-19 08:38:20
9373,Business,16.98,2026-01-19 08:38:20
9374,Daily,24.62,2026-01-19 08:38:20
9374,Business,23.08,2026-01-19 08:38:20
9374,Leisure,21.54,2026-01-19 08:38:20
9374,Evening,16.92,2026-01-19 08:38:20
9375,Daily,25.11,2026-01-19 08:38:20
9375,Leisure,23.35,2026-01-19 08:38:20
9375,Business,21.59,2026-01-19 08:38:20
9376,Daily,36.77,2026-01-19 08:38:20
9376,Leisure,32.9,2026-01-19 08:38:20
9376,Business,23.87,2026-01-19 08:38:20
9377,Night Out,32.51,2026-01-19 08:38:20
9377,Evening,31.83,2026-01-19 08:38:20
9377,Leisure,17.16,2026-01-19 08:38:20
9378,Leisure,31.58,2026-01-19 08:38:20
9378,Daily,29.82,2026-01-19 08:38:20
9378,Business,22.81,2026-01-19 08:38:20
9380,Daily,24.4,2026-01-19 08:38:20
9380,Leisure,24.4,2026-01-19 08:38:20
9380,Business,22.62,2026-01-19 08:38:20
9381,Daily,26.4,2026-01-19 08:38:20
9381,Leisure,25.8,2026-01-19 08:38:20
9381,Business,22.4,2026-01-19 08:38:20
9382,Daily,30.91,2026-01-19 08:38:20
9382,Leisure,30.91,2026-01-19 08:38:20
9382,Business,23.64,2026-01-19 08:38:20
9383,Daily,25.0,2026-01-19 08:38:20
9383,Leisure,23.89,2026-01-19 08:38:20
9383,Business,21.11,2026-01-19 08:38:20
9384,Evening,22.12,2026-01-19 08:38:20
9384,Leisure,21.63,2026-01-19 08:38:20
9384,Daily,20.67,2026-01-19 08:38:20
9384,Night Out,19.23,2026-01-19 08:38:20
9384,Business,16.35,2026-01-19 08:38:20
9385,Night Out,28.91,2026-01-19 08:38:20
9385,Evening,28.52,2026-01-19 08:38:20
9385,Leisure,17.19,2026-01-19 08:38:20
9386,Daily,22.5,2026-01-19 08:38:20
9386,Business,22.5,2026-01-19 08:38:20
9386,Leisure,20.0,2026-01-19 08:38:20
9386,Evening,17.5,2026-01-19 08:38:20
9387,Daily,30.06,2026-01-19 08:38:20
9387,Leisure,26.01,2026-01-19 08:38:20
9387,Business,24.86,2026-01-19 08:38:20
9388,Leisure,27.82,2026-01-19 08:38:20
9388,Daily,27.42,2026-01-19 08:38:20
9388,Business,24.6,2026-01-19 08:38:20
9389,Evening,29.83,2026-01-19 08:38:20
9389,Night Out,28.73,2026-01-19 08:38:20
9389,Leisure,15.1,2026-01-19 08:38:20
9390,Daily,26.76,2026-01-19 08:38:20
9390,Leisure,22.54,2026-01-19 08:38:20
9390,Business,19.72,2026-01-19 08:38:20
9391,Leisure,28.57,2026-01-19 08:38:20
9391,Daily,26.43,2026-01-19 08:38:20
9391,Business,24.29,2026-01-19 08:38:20
9392,Leisure,27.89,2026-01-19 08:38:20
9392,Daily,25.26,2026-01-19 08:38:20
9392,Business,20.53,2026-01-19 08:38:20
9393,Evening,27.62,2026-01-19 08:38:20
9393,Night Out,26.41,2026-01-19 08:38:20
9393,Daily,17.14,2026-01-19 08:38:20
9393,Leisure,17.14,2026-01-19 08:38:20
9394,Daily,22.64,2026-01-19 08:38:20
9394,Leisure,22.64,2026-01-19 08:38:20
9394,Evening,20.75,2026-01-19 08:38:20
9394,Business,18.87,2026-01-19 08:38:20
9394,Night Out,15.09,2026-01-19 08:38:20
9395,Leisure,25.27,2026-01-19 08:38:20
9395,Daily,21.43,2026-01-19 08:38:20
9395,Evening,19.23,2026-01-19 08:38:20
9395,Night Out,17.03,2026-01-19 08:38:20
9395,Business,17.03,2026-01-19 08:38:20
9396,Evening,23.24,2026-01-19 08:38:20
9396,Leisure,22.41,2026-01-19 08:38:20
9396,Night Out,19.5,2026-01-19 08:38:20
9396,Daily,19.09,2026-01-19 08:38:20
9396,Business,15.77,2026-01-19 08:38:20
9398,Daily,25.0,2026-01-19 08:38:20
9398,Sport,25.0,2026-01-19 08:38:20
9398,Leisure,22.92,2026-01-19 08:38:20
9398,Business,16.67,2026-01-19 08:38:20
9399,Daily,25.81,2026-01-19 08:38:20
9399,Leisure,25.81,2026-01-19 08:38:20
9399,Business,20.97,2026-01-19 08:38:20
9399,Sport,15.32,2026-01-19 08:38:20
9400,Leisure,28.47,2026-01-19 08:38:20
9400,Daily,20.44,2026-01-19 08:38:20
9400,Business,19.71,2026-01-19 08:38:20
9400,Evening,18.25,2026-01-19 08:38:20
9401,Daily,26.83,2026-01-19 08:38:20
9401,Business,25.23,2026-01-19 08:38:20
9401,Leisure,23.62,2026-01-19 08:38:20
9402,Night Out,28.0,2026-01-19 08:38:20
9402,Evening,28.0,2026-01-19 08:38:20
9402,Leisure,24.0,2026-01-19 08:38:20
9404,Daily,26.42,2026-01-19 08:38:20
9404,Leisure,22.64,2026-01-19 08:38:20
9404,Business,21.7,2026-01-19 08:38:20
9404,Evening,15.09,2026-01-19 08:38:20
9405,Evening,30.51,2026-01-19 08:38:20
9405,Night Out,29.3,2026-01-19 08:38:20
9405,Leisure,15.5,2026-01-19 08:38:20
9406,Evening,39.29,2026-01-19 08:38:20
9406,Night Out,35.71,2026-01-19 08:38:20
9406,Leisure,17.86,2026-01-19 08:38:20
9407,Daily,22.53,2026-01-19 08:38:20
9407,Leisure,21.43,2026-01-19 08:38:20
9407,Evening,20.88,2026-01-19 08:38:20
9407,Night Out,18.68,2026-01-19 08:38:20
9407,Business,16.48,2026-01-19 08:38:20
9408,Night Out,34.62,2026-01-19 08:38:20
9408,Evening,34.62,2026-01-19 08:38:20
9409,Evening,26.59,2026-01-19 08:38:20
9409,Night Out,22.85,2026-01-19 08:38:20
9409,Leisure,22.1,2026-01-19 08:38:20
9409,Business,15.73,2026-01-19 08:38:20
9410,Leisure,32.26,2026-01-19 08:38:20
9410,Daily,25.81,2026-01-19 08:38:20
9410,Sport,22.58,2026-01-19 08:38:20
9411,Leisure,26.32,2026-01-19 08:38:20
9411,Daily,21.05,2026-01-19 08:38:20
9411,Business,19.08,2026-01-19 08:38:20
9411,Evening,17.11,2026-01-19 08:38:20
9411,Night Out,16.45,2026-01-19 08:38:20
9412,Daily,28.68,2026-01-19 08:38:20
9412,Leisure,28.68,2026-01-19 08:38:20
9412,Business,22.79,2026-01-19 08:38:20
9413,Daily,29.03,2026-01-19 08:38:20
9413,Leisure,29.03,2026-01-19 08:38:20
9413,Sport,22.58,2026-01-19 08:38:20
9414,Evening,24.24,2026-01-19 08:38:20
9414,Night Out,22.9,2026-01-19 08:38:20
9414,Leisure,20.2,2026-01-19 08:38:20
9414,Daily,17.51,2026-01-19 08:38:20
9414,Business,15.15,2026-01-19 08:38:20
9415,Daily,32.43,2026-01-19 08:38:20
9415,Leisure,29.05,2026-01-19 08:38:20
9415,Business,27.7,2026-01-19 08:38:20
9416,Daily,29.66,2026-01-19 08:38:20
9416,Business,24.83,2026-01-19 08:38:20
9416,Leisure,24.14,2026-01-19 08:38:20
9417,Daily,39.13,2026-01-19 08:38:20
9417,Leisure,34.78,2026-01-19 08:38:20
9417,Business,17.39,2026-01-19 08:38:20
9418,Daily,25.35,2026-01-19 08:38:20
9418,Leisure,24.31,2026-01-19 08:38:20
9418,Business,22.22,2026-01-19 08:38:20
9419,Leisure,26.51,2026-01-19 08:38:20
9419,Daily,24.7,2026-01-19 08:38:20
9419,Business,22.29,2026-01-19 08:38:20
9420,Business,26.32,2026-01-19 08:38:20
9420,Daily,25.15,2026-01-19 08:38:20
9420,Leisure,23.39,2026-01-19 08:38:20
9421,Evening,27.2,2026-01-19 08:38:20
9421,Night Out,26.82,2026-01-19 08:38:20
9421,Leisure,18.01,2026-01-19 08:38:20
9421,Daily,16.09,2026-01-19 08:38:20
9423,Daily,26.44,2026-01-19 08:38:20
9423,Leisure,24.14,2026-01-19 08:38:20
9423,Business,23.56,2026-01-19 08:38:20
9424,Leisure,27.05,2026-01-19 08:38:20
9424,Daily,25.41,2026-01-19 08:38:20
9424,Business,20.49,2026-01-19 08:38:20
9425,Evening,28.98,2026-01-19 08:38:20
9425,Night Out,26.53,2026-01-19 08:38:20
9425,Leisure,19.59,2026-01-19 08:38:20
9427,Leisure,30.12,2026-01-19 08:38:20
9427,Daily,25.9,2026-01-19 08:38:20
9427,Business,22.29,2026-01-19 08:38:20
9428,Leisure,30.3,2026-01-19 08:38:20
9428,Daily,26.26,2026-01-19 08:38:20
9428,Sport,24.24,2026-01-19 08:38:20
9428,Business,19.19,2026-01-19 08:38:20
9430,Evening,32.12,2026-01-19 08:38:20
9430,Night Out,31.39,2026-01-19 08:38:20
9430,Leisure,17.15,2026-01-19 08:38:20
9431,Leisure,28.08,2026-01-19 08:38:20
9431,Daily,25.12,2026-01-19 08:38:20
9431,Business,24.14,2026-01-19 08:38:20
9432,Night Out,25.21,2026-01-19 08:38:20
9432,Evening,25.21,2026-01-19 08:38:20
9432,Leisure,18.49,2026-01-19 08:38:20
9432,Daily,17.65,2026-01-19 08:38:20
9434,Night Out,29.46,2026-01-19 08:38:20
9434,Evening,29.46,2026-01-19 08:38:20
9434,Leisure,16.52,2026-01-19 08:38:20
9435,Business,21.57,2026-01-19 08:38:20
9435,Daily,20.59,2026-01-19 08:38:20
9435,Leisure,20.59,2026-01-19 08:38:20
9435,Evening,20.59,2026-01-19 08:38:20
9435,Night Out,16.67,2026-01-19 08:38:20
9436,Leisure,27.88,2026-01-19 08:38:20
9436,Daily,25.96,2026-01-19 08:38:20
9436,Business,23.08,2026-01-19 08:38:20
9438,Daily,21.72,2026-01-19 08:38:20
9438,Leisure,20.34,2026-01-19 08:38:20
9438,Night Out,19.66,2026-01-19 08:38:20
9438,Business,19.31,2026-01-19 08:38:20
9438,Evening,18.97,2026-01-19 08:38:20
9439,Leisure,23.94,2026-01-19 08:38:20
9439,Business,20.42,2026-01-19 08:38:20
9439,Evening,19.01,2026-01-19 08:38:20
9439,Daily,18.31,2026-01-19 08:38:20
9439,Night Out,18.31,2026-01-19 08:38:20
9440,Business,21.57,2026-01-19 08:38:20
9440,Night Out,20.59,2026-01-19 08:38:20
9440,Evening,20.59,2026-01-19 08:38:20
9440,Leisure,19.61,2026-01-19 08:38:20
9440,Daily,17.65,2026-01-19 08:38:20
9441,Daily,20.0,2026-01-19 08:38:20
9441,Leisure,20.0,2026-01-19 08:38:20
9441,Night Out,20.0,2026-01-19 08:38:20
9441,Business,20.0,2026-01-19 08:38:20
9441,Evening,20.0,2026-01-19 08:38:20
9442,Daily,22.26,2026-01-19 08:38:20
9442,Leisure,21.9,2026-01-19 08:38:20
9442,Night Out,20.8,2026-01-19 08:38:20
9442,Business,18.98,2026-01-19 08:38:20
9442,Evening,16.06,2026-01-19 08:38:20
9443,Leisure,27.54,2026-01-19 08:38:20
9443,Daily,26.09,2026-01-19 08:38:20
9443,Business,22.46,2026-01-19 08:38:20
9444,Daily,28.92,2026-01-19 08:38:20
9444,Leisure,27.71,2026-01-19 08:38:20
9444,Business,25.3,2026-01-19 08:38:20
9446,Daily,25.82,2026-01-19 08:38:20
9446,Leisure,24.88,2026-01-19 08:38:20
9446,Business,19.72,2026-01-19 08:38:20
9446,Sport,17.37,2026-01-19 08:38:20
9447,Leisure,28.23,2026-01-19 08:38:20
9447,Daily,27.42,2026-01-19 08:38:20
9447,Business,26.61,2026-01-19 08:38:20
9448,Evening,26.67,2026-01-19 08:38:20
9448,Night Out,25.0,2026-01-19 08:38:20
9448,Leisure,18.33,2026-01-19 08:38:20
9448,Daily,15.0,2026-01-19 08:38:20
9448,Business,15.0,2026-01-19 08:38:20
9450,Daily,28.29,2026-01-19 08:38:20
9450,Leisure,23.26,2026-01-19 08:38:20
9450,Business,23.26,2026-01-19 08:38:20
9451,Leisure,27.0,2026-01-19 08:38:20
9451,Daily,24.0,2026-01-19 08:38:20
9451,Business,23.0,2026-01-19 08:38:20
9452,Daily,25.0,2026-01-19 08:38:20
9452,Leisure,25.0,2026-01-19 08:38:20
9452,Business,23.68,2026-01-19 08:38:20
9455,Leisure,24.5,2026-01-19 08:38:20
9455,Daily,23.5,2026-01-19 08:38:20
9455,Business,22.5,2026-01-19 08:38:20
9456,Daily,26.04,2026-01-19 08:38:20
9456,Leisure,23.96,2026-01-19 08:38:20
9456,Business,23.96,2026-01-19 08:38:20
9456,Sport,20.83,2026-01-19 08:38:20
9459,Evening,21.38,2026-01-19 08:38:20
9459,Daily,21.07,2026-01-19 08:38:20
9459,Night Out,21.07,2026-01-19 08:38:20
9459,Leisure,18.87,2026-01-19 08:38:20
9459,Business,17.61,2026-01-19 08:38:20
9460,Leisure,27.08,2026-01-19 08:38:20
9460,Daily,25.0,2026-01-19 08:38:20
9460,Business,18.75,2026-01-19 08:38:20
9463,Evening,29.9,2026-01-19 08:38:20
9463,Night Out,29.4,2026-01-19 08:38:20
9463,Leisure,20.6,2026-01-19 08:38:20
9464,Daily,26.88,2026-01-19 08:38:20
9464,Leisure,26.88,2026-01-19 08:38:20
9464,Business,22.58,2026-01-19 08:38:20
9466,Daily,24.57,2026-01-19 08:38:20
9466,Business,23.71,2026-01-19 08:38:20
9466,Leisure,23.28,2026-01-19 08:38:20
9468,Daily,30.61,2026-01-19 08:38:20
9468,Business,26.53,2026-01-19 08:38:20
9468,Leisure,23.47,2026-01-19 08:38:20
9470,Evening,34.15,2026-01-19 08:38:20
9470,Night Out,30.73,2026-01-19 08:38:20
9470,Leisure,17.56,2026-01-19 08:38:20
9471,Daily,22.83,2026-01-19 08:38:20
9471,Business,22.83,2026-01-19 08:38:20
9471,Leisure,22.31,2026-01-19 08:38:20
9471,Evening,17.32,2026-01-19 08:38:20
9472,Daily,29.55,2026-01-19 08:38:20
9472,Leisure,27.27,2026-01-19 08:38:20
9472,Business,26.14,2026-01-19 08:38:20
9475,Daily,23.08,2026-01-19 08:38:20
9475,Leisure,19.58,2026-01-19 08:38:20
9475,Evening,19.58,2026-01-19 08:38:20
9475,Night Out,19.23,2026-01-19 08:38:20
9475,Business,18.53,2026-01-19 08:38:20
9478,Business,21.67,2026-01-19 08:38:20
9478,Evening,21.67,2026-01-19 08:38:20
9478,Daily,21.0,2026-01-19 08:38:20
9478,Leisure,19.0,2026-01-19 08:38:20
9478,Night Out,16.67,2026-01-19 08:38:20
9479,Leisure,24.64,2026-01-19 08:38:20
9479,Daily,22.75,2026-01-19 08:38:20
9479,Business,21.8,2026-01-19 08:38:20
9479,Evening,16.59,2026-01-19 08:38:20
9482,Leisure,26.73,2026-01-19 08:38:20
9482,Daily,26.27,2026-01-19 08:38:20
9482,Business,21.2,2026-01-19 08:38:20
9483,Night Out,25.4,2026-01-19 08:38:20
9483,Leisure,22.22,2026-01-19 08:38:20
9483,Evening,21.16,2026-01-19 08:38:20
9483,Daily,16.93,2026-01-19 08:38:20
9484,Night Out,29.63,2026-01-19 08:38:20
9484,Evening,29.63,2026-01-19 08:38:20
9487,Evening,32.46,2026-01-19 08:38:20
9487,Night Out,24.61,2026-01-19 08:38:20
9487,Leisure,18.32,2026-01-19 08:38:20
9488,Daily,28.36,2026-01-19 08:38:20
9488,Leisure,25.37,2026-01-19 08:38:20
9488,Business,20.9,2026-01-19 08:38:20
9488,Sport,19.4,2026-01-19 08:38:20
9491,Daily,26.88,2026-01-19 08:38:20
9491,Leisure,23.75,2026-01-19 08:38:20
9491,Business,18.75,2026-01-19 08:38:20
9492,Leisure,37.5,2026-01-19 08:38:20
9492,Evening,34.38,2026-01-19 08:38:20
9492,Night Out,28.12,2026-01-19 08:38:20
9494,Leisure,24.85,2026-01-19 08:38:20
9494,Daily,23.64,2026-01-19 08:38:20
9494,Business,18.79,2026-01-19 08:38:20
9495,Daily,25.19,2026-01-19 08:38:20
9495,Leisure,24.43,2026-01-19 08:38:20
9495,Business,23.66,2026-01-19 08:38:20
9496,Leisure,31.25,2026-01-19 08:38:20
9496,Daily,25.0,2026-01-19 08:38:20
9496,Sport,25.0,2026-01-19 08:38:20
9496,Business,18.75,2026-01-19 08:38:20
9498,Evening,25.5,2026-01-19 08:38:20
9498,Night Out,24.5,2026-01-19 08:38:20
9498,Leisure,19.0,2026-01-19 08:38:20
9498,Daily,16.5,2026-01-19 08:38:20
9500,Daily,27.45,2026-01-19 08:38:20
9500,Leisure,23.53,2026-01-19 08:38:20
9500,Business,19.61,2026-01-19 08:38:20
9501,Evening,23.99,2026-01-19 08:38:20
9501,Night Out,22.49,2026-01-19 08:38:20
9501,Leisure,19.56,2026-01-19 08:38:20
9501,Daily,17.54,2026-01-19 08:38:20
9501,Business,16.43,2026-01-19 08:38:20
9502,Leisure,24.83,2026-01-19 08:38:20
9502,Daily,23.45,2026-01-19 08:38:20
9502,Business,19.31,2026-01-19 08:38:20
9502,Night Out,18.62,2026-01-19 08:38:20
9503,Daily,24.32,2026-01-19 08:38:20
9503,Leisure,22.97,2026-01-19 08:38:20
9503,Evening,20.27,2026-01-19 08:38:20
9503,Business,18.92,2026-01-19 08:38:20
9504,Leisure,32.35,2026-01-19 08:38:20
9504,Daily,26.47,2026-01-19 08:38:20
9504,Business,23.53,2026-01-19 08:38:20
9505,Leisure,23.62,2026-01-19 08:38:20
9505,Daily,20.72,2026-01-19 08:38:20
9505,Evening,19.13,2026-01-19 08:38:20
9505,Business,18.55,2026-01-19 08:38:20
9505,Night Out,17.97,2026-01-19 08:38:20
9507,Evening,24.06,2026-01-19 08:38:20
9507,Night Out,22.56,2026-01-19 08:38:20
9507,Business,18.8,2026-01-19 08:38:20
9507,Daily,17.29,2026-01-19 08:38:20
9507,Leisure,17.29,2026-01-19 08:38:20
9508,Night Out,26.32,2026-01-19 08:38:20
9508,Evening,26.32,2026-01-19 08:38:20
9508,Daily,21.05,2026-01-19 08:38:20
9508,Business,15.79,2026-01-19 08:38:20
9509,Leisure,25.94,2026-01-19 08:38:20
9509,Daily,25.15,2026-01-19 08:38:20
9509,Business,23.56,2026-01-19 08:38:20
9511,Daily,27.37,2026-01-19 08:38:20
9511,Leisure,26.32,2026-01-19 08:38:20
9511,Business,22.11,2026-01-19 08:38:20
9513,Daily,24.31,2026-01-19 08:38:20
9513,Leisure,23.91,2026-01-19 08:38:20
9513,Business,23.52,2026-01-19 08:38:20
9513,Evening,15.61,2026-01-19 08:38:20
9514,Leisure,26.79,2026-01-19 08:38:20
9514,Evening,23.21,2026-01-19 08:38:20
9514,Daily,17.86,2026-01-19 08:38:20
9514,Night Out,16.07,2026-01-19 08:38:20
9514,Business,16.07,2026-01-19 08:38:20
9515,Daily,26.47,2026-01-19 08:38:20
9515,Business,24.12,2026-01-19 08:38:20
9515,Leisure,21.76,2026-01-19 08:38:20
9517,Evening,21.8,2026-01-19 08:38:20
9517,Leisure,21.57,2026-01-19 08:38:20
9517,Daily,19.55,2026-01-19 08:38:20
9517,Night Out,19.33,2026-01-19 08:38:20
9517,Business,17.75,2026-01-19 08:38:20
9518,Leisure,30.43,2026-01-19 08:38:20
9518,Daily,26.09,2026-01-19 08:38:20
9518,Business,26.09,2026-01-19 08:38:20
9519,Leisure,26.62,2026-01-19 08:38:20
9519,Business,24.03,2026-01-19 08:38:20
9519,Daily,21.43,2026-01-19 08:38:20
9520,Daily,33.33,2026-01-19 08:38:20
9520,Leisure,30.77,2026-01-19 08:38:20
9520,Business,23.08,2026-01-19 08:38:20
9521,Daily,27.4,2026-01-19 08:38:20
9521,Leisure,26.0,2026-01-19 08:38:20
9521,Business,24.82,2026-01-19 08:38:20
9522,Evening,25.49,2026-01-19 08:38:20
9522,Night Out,21.57,2026-01-19 08:38:20
9522,Daily,19.61,2026-01-19 08:38:20
9522,Leisure,19.61,2026-01-19 08:38:20
9523,Daily,27.01,2026-01-19 08:38:20
9523,Leisure,25.55,2026-01-19 08:38:20
9523,Business,21.17,2026-01-19 08:38:20
9524,Daily,21.59,2026-01-19 08:38:20
9524,Night Out,21.59,2026-01-19 08:38:20
9524,Evening,20.45,2026-01-19 08:38:20
9524,Leisure,19.32,2026-01-19 08:38:20
9524,Business,17.05,2026-01-19 08:38:20
9525,Daily,26.91,2026-01-19 08:38:20
9525,Leisure,23.9,2026-01-19 08:38:20
9525,Business,22.27,2026-01-19 08:38:20
9526,Daily,26.19,2026-01-19 08:38:20
9526,Leisure,26.19,2026-01-19 08:38:20
9526,Sport,16.67,2026-01-19 08:38:20
9526,Business,16.67,2026-01-19 08:38:20
9527,Daily,24.83,2026-01-19 08:38:20
9527,Night Out,20.0,2026-01-19 08:38:20
9527,Leisure,18.62,2026-01-19 08:38:20
9527,Evening,18.62,2026-01-19 08:38:20
9527,Business,17.93,2026-01-19 08:38:20
9528,Daily,22.94,2026-01-19 08:38:20
9528,Night Out,22.02,2026-01-19 08:38:20
9528,Evening,22.02,2026-01-19 08:38:20
9528,Leisure,16.51,2026-01-19 08:38:20
9528,Business,16.51,2026-01-19 08:38:20
9529,Leisure,24.37,2026-01-19 08:38:20
9529,Daily,22.59,2026-01-19 08:38:20
9529,Business,22.08,2026-01-19 08:38:20
9529,Evening,16.24,2026-01-19 08:38:20
9530,Leisure,38.89,2026-01-19 08:38:20
9530,Daily,22.22,2026-01-19 08:38:20
9530,Business,16.67,2026-01-19 08:38:20
9530,Evening,16.67,2026-01-19 08:38:20
9531,Leisure,30.0,2026-01-19 08:38:20
9531,Daily,28.0,2026-01-19 08:38:20
9531,Business,24.0,2026-01-19 08:38:20
9532,Leisure,23.01,2026-01-19 08:38:20
9532,Daily,22.12,2026-01-19 08:38:20
9532,Business,22.12,2026-01-19 08:38:20
9532,Night Out,15.04,2026-01-19 08:38:20
9533,Leisure,22.02,2026-01-19 08:38:20
9533,Evening,20.8,2026-01-19 08:38:20
9533,Business,20.18,2026-01-19 08:38:20
9533,Daily,18.96,2026-01-19 08:38:20
9533,Night Out,18.04,2026-01-19 08:38:20
9534,Leisure,28.57,2026-01-19 08:38:20
9534,Daily,21.43,2026-01-19 08:38:20
9534,Night Out,21.43,2026-01-19 08:38:20
9535,Daily,26.35,2026-01-19 08:38:20
9535,Business,26.35,2026-01-19 08:38:20
9535,Leisure,23.65,2026-01-19 08:38:20
9536,Leisure,26.32,2026-01-19 08:38:20
9536,Business,22.11,2026-01-19 08:38:20
9536,Daily,21.05,2026-01-19 08:38:20
9537,Night Out,28.9,2026-01-19 08:38:20
9537,Evening,26.62,2026-01-19 08:38:20
9537,Leisure,19.77,2026-01-19 08:38:20
9538,Leisure,26.45,2026-01-19 08:38:20
9538,Evening,21.49,2026-01-19 08:38:20
9538,Night Out,19.83,2026-01-19 08:38:20
9538,Daily,16.53,2026-01-19 08:38:20
9538,Business,15.7,2026-01-19 08:38:20
9539,Daily,26.04,2026-01-19 08:38:20
9539,Leisure,23.96,2026-01-19 08:38:20
9539,Business,20.83,2026-01-19 08:38:20
9540,Leisure,26.39,2026-01-19 08:38:20
9540,Business,22.22,2026-01-19 08:38:20
9540,Daily,20.83,2026-01-19 08:38:20
9542,Daily,29.13,2026-01-19 08:38:20
9542,Leisure,25.2,2026-01-19 08:38:20
9542,Business,24.41,2026-01-19 08:38:20
9542,Sport,16.54,2026-01-19 08:38:20
9543,Leisure,24.58,2026-01-19 08:38:20
9543,Daily,20.34,2026-01-19 08:38:20
9543,Night Out,19.49,2026-01-19 08:38:20
9543,Business,18.64,2026-01-19 08:38:20
9543,Evening,16.95,2026-01-19 08:38:20
9544,Leisure,24.18,2026-01-19 08:38:20
9544,Daily,21.98,2026-01-19 08:38:20
9544,Business,20.88,2026-01-19 08:38:20
9544,Night Out,16.48,2026-01-19 08:38:20
9544,Evening,16.48,2026-01-19 08:38:20
9545,Daily,25.86,2026-01-19 08:38:20
9545,Leisure,23.71,2026-01-19 08:38:20
9545,Business,22.41,2026-01-19 08:38:20
9546,Leisure,27.1,2026-01-19 08:38:20
9546,Daily,25.23,2026-01-19 08:38:20
9546,Business,22.43,2026-01-19 08:38:20
9547,Night Out,26.27,2026-01-19 08:38:20
9547,Evening,22.88,2026-01-19 08:38:20
9547,Leisure,20.34,2026-01-19 08:38:20
9547,Daily,16.95,2026-01-19 08:38:20
9548,Leisure,25.23,2026-01-19 08:38:20
9548,Daily,20.56,2026-01-19 08:38:20
9548,Evening,20.56,2026-01-19 08:38:20
9548,Night Out,18.69,2026-01-19 08:38:20
9549,Leisure,28.97,2026-01-19 08:38:20
9549,Daily,25.52,2026-01-19 08:38:20
9549,Business,22.76,2026-01-19 08:38:20
9550,Leisure,31.06,2026-01-19 08:38:20
9550,Daily,23.48,2026-01-19 08:38:20
9550,Business,21.21,2026-01-19 08:38:20
9550,Evening,15.15,2026-01-19 08:38:20
9551,Daily,25.0,2026-01-19 08:38:20
9551,Leisure,24.22,2026-01-19 08:38:20
9551,Business,21.88,2026-01-19 08:38:20
9553,Daily,25.68,2026-01-19 08:38:20
9553,Leisure,25.68,2026-01-19 08:38:20
9553,Business,21.62,2026-01-19 08:38:20
9554,Daily,30.0,2026-01-19 08:38:20
9554,Leisure,30.0,2026-01-19 08:38:20
9554,Business,22.22,2026-01-19 08:38:20
9555,Leisure,24.39,2026-01-19 08:38:20
9555,Daily,21.95,2026-01-19 08:38:20
9555,Business,20.33,2026-01-19 08:38:20
9555,Evening,19.51,2026-01-19 08:38:20
9556,Evening,25.42,2026-01-19 08:38:20
9556,Night Out,23.73,2026-01-19 08:38:20
9556,Leisure,22.03,2026-01-19 08:38:20
9556,Business,16.95,2026-01-19 08:38:20
9557,Leisure,26.09,2026-01-19 08:38:20
9557,Daily,21.74,2026-01-19 08:38:20
9557,Night Out,17.39,2026-01-19 08:38:20
9557,Business,17.39,2026-01-19 08:38:20
9557,Evening,17.39,2026-01-19 08:38:20
9558,Daily,31.68,2026-01-19 08:38:20
9558,Leisure,26.73,2026-01-19 08:38:20
9558,Business,23.76,2026-01-19 08:38:20
9559,Night Out,23.23,2026-01-19 08:38:20
9559,Daily,22.22,2026-01-19 08:38:20
9559,Evening,21.21,2026-01-19 08:38:20
9559,Leisure,18.18,2026-01-19 08:38:20
9559,Business,15.15,2026-01-19 08:38:20
9560,Night Out,25.0,2026-01-19 08:38:20
9560,Evening,23.81,2026-01-19 08:38:20
9560,Leisure,19.05,2026-01-19 08:38:20
9560,Business,16.67,2026-01-19 08:38:20
9560,Daily,15.48,2026-01-19 08:38:20
9561,Daily,27.59,2026-01-19 08:38:20
9561,Leisure,20.69,2026-01-19 08:38:20
9561,Evening,20.69,2026-01-19 08:38:20
9561,Night Out,17.24,2026-01-19 08:38:20
9562,Leisure,30.25,2026-01-19 08:38:20
9562,Daily,27.73,2026-01-19 08:38:20
9562,Business,20.17,2026-01-19 08:38:20
9563,Leisure,26.6,2026-01-19 08:38:20
9563,Daily,22.34,2026-01-19 08:38:20
9563,Business,19.15,2026-01-19 08:38:20
9564,Leisure,21.82,2026-01-19 08:38:20
9564,Daily,20.0,2026-01-19 08:38:20
9564,Business,20.0,2026-01-19 08:38:20
9565,Evening,31.58,2026-01-19 08:38:20
9565,Leisure,26.32,2026-01-19 08:38:20
9565,Night Out,26.32,2026-01-19 08:38:20
9566,Daily,25.97,2026-01-19 08:38:20
9566,Leisure,25.32,2026-01-19 08:38:20
9566,Business,22.73,2026-01-19 08:38:20
9567,Evening,24.21,2026-01-19 08:38:20
9567,Night Out,23.16,2026-01-19 08:38:20
9567,Leisure,18.95,2026-01-19 08:38:20
9567,Daily,17.89,2026-01-19 08:38:20
9567,Business,15.79,2026-01-19 08:38:20
9568,Leisure,32.61,2026-01-19 08:38:20
9568,Daily,30.43,2026-01-19 08:38:20
9568,Business,19.57,2026-01-19 08:38:20
9569,Daily,24.35,2026-01-19 08:38:20
9569,Leisure,23.48,2026-01-19 08:38:20
9569,Business,23.48,2026-01-19 08:38:20
9570,Daily,21.74,2026-01-19 08:38:20
9570,Leisure,21.74,2026-01-19 08:38:20
9570,Business,21.74,2026-01-19 08:38:20
9570,Sport,17.39,2026-01-19 08:38:20
9572,Leisure,23.44,2026-01-19 08:38:20
9572,Business,21.88,2026-01-19 08:38:20
9572,Daily,20.31,2026-01-19 08:38:20
9572,Evening,18.75,2026-01-19 08:38:20
9572,Night Out,15.62,2026-01-19 08:38:20
9573,Evening,24.83,2026-01-19 08:38:20
9573,Leisure,24.14,2026-01-19 08:38:20
9573,Night Out,23.45,2026-01-19 08:38:20
9573,Daily,15.86,2026-01-19 08:38:20
9574,Daily,37.5,2026-01-19 08:38:20
9574,Leisure,25.0,2026-01-19 08:38:20
9574,Business,25.0,2026-01-19 08:38:20
9575,Evening,29.0,2026-01-19 08:38:20
9575,Night Out,27.0,2026-01-19 08:38:20
9575,Leisure,18.0,2026-01-19 08:38:20
9575,Daily,16.0,2026-01-19 08:38:20
9576,Business,27.69,2026-01-19 08:38:20
9576,Leisure,24.62,2026-01-19 08:38:20
9576,Daily,23.08,2026-01-19 08:38:20
9577,Leisure,23.85,2026-01-19 08:38:20
9577,Business,22.94,2026-01-19 08:38:20
9577,Daily,20.18,2026-01-19 08:38:20
9577,Night Out,17.43,2026-01-19 08:38:20
9577,Evening,15.6,2026-01-19 08:38:20
9580,Leisure,34.88,2026-01-19 08:38:20
9580,Business,20.93,2026-01-19 08:38:20
9580,Daily,18.6,2026-01-19 08:38:20
9581,Leisure,31.11,2026-01-19 08:38:20
9581,Daily,30.0,2026-01-19 08:38:20
9581,Business,27.78,2026-01-19 08:38:20
9582,Daily,34.48,2026-01-19 08:38:20
9582,Leisure,27.59,2026-01-19 08:38:20
9582,Business,24.14,2026-01-19 08:38:20
9583,Business,24.75,2026-01-19 08:38:20
9583,Daily,23.76,2026-01-19 08:38:20
9583,Leisure,21.78,2026-01-19 08:38:20
9584,Leisure,23.53,2026-01-19 08:38:20
9584,Evening,23.53,2026-01-19 08:38:20
9584,Daily,20.59,2026-01-19 08:38:20
9584,Business,17.65,2026-01-19 08:38:20
9586,Daily,25.93,2026-01-19 08:38:20
9586,Leisure,25.0,2026-01-19 08:38:20
9586,Business,21.3,2026-01-19 08:38:20
9587,Daily,24.24,2026-01-19 08:38:20
9587,Evening,21.21,2026-01-19 08:38:20
9587,Business,19.19,2026-01-19 08:38:20
9587,Leisure,18.18,2026-01-19 08:38:20
9587,Night Out,17.17,2026-01-19 08:38:20
9588,Leisure,25.35,2026-01-19 08:38:20
9588,Daily,22.54,2026-01-19 08:38:20
9588,Business,22.54,2026-01-19 08:38:20
9589,Night Out,27.27,2026-01-19 08:38:20
9589,Evening,27.27,2026-01-19 08:38:20
9589,Leisure,21.21,2026-01-19 08:38:20
9590,Leisure,29.03,2026-01-19 08:38:20
9590,Daily,26.61,2026-01-19 08:38:20
9590,Business,25.81,2026-01-19 08:38:20
9593,Daily,27.08,2026-01-19 08:38:20
9593,Leisure,27.08,2026-01-19 08:38:20
9593,Business,25.0,2026-01-19 08:38:20
9594,Leisure,30.63,2026-01-19 08:38:20
9594,Business,24.32,2026-01-19 08:38:20
9594,Daily,23.42,2026-01-19 08:38:20
9595,Night Out,27.85,2026-01-19 08:38:20
9595,Evening,24.05,2026-01-19 08:38:20
9595,Leisure,17.72,2026-01-19 08:38:20
9595,Daily,16.46,2026-01-19 08:38:20
9596,Evening,32.0,2026-01-19 08:38:20
9596,Night Out,28.0,2026-01-19 08:38:20
9596,Leisure,20.0,2026-01-19 08:38:20
9597,Leisure,30.95,2026-01-19 08:38:20
9597,Daily,28.57,2026-01-19 08:38:20
9597,Business,23.81,2026-01-19 08:38:20
9598,Leisure,25.0,2026-01-19 08:38:20
9598,Daily,24.17,2026-01-19 08:38:20
9598,Business,23.33,2026-01-19 08:38:20
9599,Daily,22.73,2026-01-19 08:38:20
9599,Leisure,20.45,2026-01-19 08:38:20
9599,Business,20.45,2026-01-19 08:38:20
9599,Evening,19.32,2026-01-19 08:38:20
9599,Night Out,17.05,2026-01-19 08:38:20
9600,Evening,23.81,2026-01-19 08:38:20
9600,Night Out,22.22,2026-01-19 08:38:20
9600,Leisure,20.63,2026-01-19 08:38:20
9600,Daily,17.46,2026-01-19 08:38:20
9600,Business,15.87,2026-01-19 08:38:20
9601,Leisure,28.81,2026-01-19 08:38:20
9601,Daily,27.12,2026-01-19 08:38:20
9601,Sport,25.42,2026-01-19 08:38:20
9601,Business,18.64,2026-01-19 08:38:20
9602,Leisure,30.61,2026-01-19 08:38:20
9602,Daily,26.53,2026-01-19 08:38:20
9602,Business,26.53,2026-01-19 08:38:20
9603,Night Out,31.94,2026-01-19 08:38:20
9603,Evening,30.56,2026-01-19 08:38:20
9603,Leisure,18.06,2026-01-19 08:38:20
9605,Daily,33.73,2026-01-19 08:38:20
9605,Leisure,28.92,2026-01-19 08:38:20
9605,Business,26.51,2026-01-19 08:38:20
9606,Leisure,29.73,2026-01-19 08:38:20
9606,Daily,27.03,2026-01-19 08:38:20
9606,Sport,27.03,2026-01-19 08:38:20
9606,Business,16.22,2026-01-19 08:38:20
9607,Leisure,28.24,2026-01-19 08:38:20
9607,Daily,23.53,2026-01-19 08:38:20
9607,Business,22.35,2026-01-19 08:38:20
9608,Daily,30.23,2026-01-19 08:38:20
9608,Leisure,25.58,2026-01-19 08:38:20
9608,Business,25.58,2026-01-19 08:38:20
9609,Night Out,28.81,2026-01-19 08:38:20
9609,Evening,27.12,2026-01-19 08:38:20
9609,Leisure,25.42,2026-01-19 08:38:20
9610,Leisure,25.0,2026-01-19 08:38:20
9610,Night Out,20.83,2026-01-19 08:38:20
9610,Business,20.83,2026-01-19 08:38:20
9610,Daily,16.67,2026-01-19 08:38:20
9610,Evening,16.67,2026-01-19 08:38:20
9611,Daily,27.59,2026-01-19 08:38:20
9611,Leisure,26.72,2026-01-19 08:38:20
9611,Business,24.14,2026-01-19 08:38:20
9611,Sport,16.38,2026-01-19 08:38:20
9612,Leisure,33.33,2026-01-19 08:38:20
9612,Daily,28.57,2026-01-19 08:38:20
9612,Business,28.57,2026-01-19 08:38:20
9613,Evening,22.52,2026-01-19 08:38:20
9613,Leisure,21.62,2026-01-19 08:38:20
9613,Daily,19.82,2026-01-19 08:38:20
9613,Night Out,19.82,2026-01-19 08:38:20
9613,Business,16.22,2026-01-19 08:38:20
9614,Evening,32.26,2026-01-19 08:38:20
9614,Leisure,22.58,2026-01-19 08:38:20
9614,Night Out,22.58,2026-01-19 08:38:20
9615,Evening,32.61,2026-01-19 08:38:20
9615,Night Out,28.26,2026-01-19 08:38:20
9615,Leisure,21.74,2026-01-19 08:38:20
9616,Daily,33.33,2026-01-19 08:38:20
9616,Leisure,24.24,2026-01-19 08:38:20
9616,Business,21.21,2026-01-19 08:38:20
9617,Daily,27.78,2026-01-19 08:38:20
9617,Leisure,27.78,2026-01-19 08:38:20
9617,Business,16.67,2026-01-19 08:38:20
9618,Daily,31.58,2026-01-19 08:38:20
9618,Leisure,26.32,2026-01-19 08:38:20
9618,Evening,26.32,2026-01-19 08:38:20
9619,Evening,32.86,2026-01-19 08:38:20
9619,Night Out,31.43,2026-01-19 08:38:20
9619,Leisure,18.57,2026-01-19 08:38:20
9620,Daily,28.0,2026-01-19 08:38:20
9620,Leisure,28.0,2026-01-19 08:38:20
9620,Business,28.0,2026-01-19 08:38:20
9621,Night Out,31.03,2026-01-19 08:38:20
9621,Evening,31.03,2026-01-19 08:38:20
9621,Leisure,17.24,2026-01-19 08:38:20
9622,Leisure,33.33,2026-01-19 08:38:20
9622,Daily,26.67,2026-01-19 08:38:20
9622,Business,20.0,2026-01-19 08:38:20
9623,Daily,28.57,2026-01-19 08:38:20
9623,Leisure,25.0,2026-01-19 08:38:20
9623,Business,21.43,2026-01-19 08:38:20
9623,Sport,16.67,2026-01-19 08:38:20
9624,Night Out,26.92,2026-01-19 08:38:20
9624,Evening,23.08,2026-01-19 08:38:20
9624,Daily,19.23,2026-01-19 08:38:20
9624,Leisure,15.38,2026-01-19 08:38:20
9624,Business,15.38,2026-01-19 08:38:20
9625,Evening,32.14,2026-01-19 08:38:20
9625,Night Out,25.0,2026-01-19 08:38:20
9625,Business,21.43,2026-01-19 08:38:20
9626,Leisure,30.43,2026-01-19 08:38:20
9626,Business,26.09,2026-01-19 08:38:20
9626,Daily,21.74,2026-01-19 08:38:20
9627,Night Out,32.26,2026-01-19 08:38:20
9627,Evening,32.26,2026-01-19 08:38:20
9627,Leisure,19.35,2026-01-19 08:38:20
9628,Business,30.0,2026-01-19 08:38:20
9628,Daily,25.0,2026-01-19 08:38:20
9628,Leisure,20.0,2026-01-19 08:38:20
9628,Evening,15.0,2026-01-19 08:38:20
9629,Leisure,32.61,2026-01-19 08:38:20
9629,Daily,23.91,2026-01-19 08:38:20
9629,Business,19.57,2026-01-19 08:38:20
9631,Evening,29.17,2026-01-19 08:38:20
9631,Night Out,27.78,2026-01-19 08:38:20
9631,Leisure,23.61,2026-01-19 08:38:20
9632,Evening,27.78,2026-01-19 08:38:20
9632,Night Out,22.22,2026-01-19 08:38:20
9632,Daily,16.67,2026-01-19 08:38:20
9632,Leisure,16.67,2026-01-19 08:38:20
9632,Business,16.67,2026-01-19 08:38:20
9633,Leisure,31.03,2026-01-19 08:38:20
9633,Daily,24.14,2026-01-19 08:38:20
9633,Sport,24.14,2026-01-19 08:38:20
9633,Business,20.69,2026-01-19 08:38:20
9635,Daily,24.41,2026-01-19 08:38:20
9635,Evening,20.47,2026-01-19 08:38:20
9635,Business,18.9,2026-01-19 08:38:20
9635,Leisure,18.11,2026-01-19 08:38:20
9635,Night Out,18.11,2026-01-19 08:38:20
9636,Daily,25.0,2026-01-19 08:38:20
9636,Leisure,20.83,2026-01-19 08:38:20
9636,Business,20.83,2026-01-19 08:38:20
9636,Night Out,16.67,2026-01-19 08:38:20
9637,Leisure,26.47,2026-01-19 08:38:20
9637,Daily,23.53,2026-01-19 08:38:20
9637,Business,20.59,2026-01-19 08:38:20
9639,Daily,27.69,2026-01-19 08:38:20
9639,Leisure,18.46,2026-01-19 08:38:20
9639,Business,18.46,2026-01-19 08:38:20
9639,Night Out,15.38,2026-01-19 08:38:20
9639,Evening,15.38,2026-01-19 08:38:20
9641,Leisure,28.57,2026-01-19 08:38:20
9641,Daily,25.0,2026-01-19 08:38:20
9641,Business,25.0,2026-01-19 08:38:20
9642,Leisure,32.43,2026-01-19 08:38:20
9642,Daily,29.73,2026-01-19 08:38:20
9642,Sport,16.22,2026-01-19 08:38:20
9642,Business,16.22,2026-01-19 08:38:20
9643,Daily,29.11,2026-01-19 08:38:20
9643,Leisure,29.11,2026-01-19 08:38:20
9643,Business,24.05,2026-01-19 08:38:20
9644,Daily,31.82,2026-01-19 08:38:20
9644,Leisure,31.82,2026-01-19 08:38:20
9644,Business,22.73,2026-01-19 08:38:20
9645,Sport,32.0,2026-01-19 08:38:20
9645,Daily,28.0,2026-01-19 08:38:20
9645,Leisure,28.0,2026-01-19 08:38:20
9646,Leisure,27.27,2026-01-19 08:38:20
9646,Daily,25.25,2026-01-19 08:38:20
9646,Business,23.23,2026-01-19 08:38:20
9647,Night Out,26.83,2026-01-19 08:38:20
9647,Evening,26.83,2026-01-19 08:38:20
9647,Daily,17.07,2026-01-19 08:38:20
9647,Leisure,17.07,2026-01-19 08:38:20
9648,Night Out,23.08,2026-01-19 08:38:20
9648,Daily,19.23,2026-01-19 08:38:20
9648,Leisure,19.23,2026-01-19 08:38:20
9648,Business,19.23,2026-01-19 08:38:20
9648,Evening,19.23,2026-01-19 08:38:20
9649,Daily,30.43,2026-01-19 08:38:20
9649,Leisure,30.43,2026-01-19 08:38:20
9649,Business,21.74,2026-01-19 08:38:20
9650,Leisure,27.96,2026-01-19 08:38:20
9650,Daily,24.73,2026-01-19 08:38:20
9650,Business,24.73,2026-01-19 08:38:20
9651,Daily,22.73,2026-01-19 08:38:20
9651,Night Out,22.73,2026-01-19 08:38:20
9651,Leisure,20.45,2026-01-19 08:38:20
9651,Evening,18.18,2026-01-19 08:38:20
9651,Business,15.91,2026-01-19 08:38:20
9652,Leisure,25.0,2026-01-19 08:38:20
9652,Business,25.0,2026-01-19 08:38:20
9652,Daily,18.75,2026-01-19 08:38:20
9652,Sport,18.75,2026-01-19 08:38:20
9653,Daily,28.57,2026-01-19 08:38:20
9653,Leisure,28.57,2026-01-19 08:38:20
9653,Sport,17.14,2026-01-19 08:38:20
9654,Daily,30.23,2026-01-19 08:38:20
9654,Business,27.91,2026-01-19 08:38:20
9654,Leisure,25.58,2026-01-19 08:38:20
9655,Leisure,23.53,2026-01-19 08:38:20
9655,Daily,20.59,2026-01-19 08:38:20
9655,Business,20.59,2026-01-19 08:38:20
9655,Night Out,17.65,2026-01-19 08:38:20
9655,Evening,17.65,2026-01-19 08:38:20
9656,Leisure,35.71,2026-01-19 08:38:20
9656,Sport,28.57,2026-01-19 08:38:20
9656,Daily,21.43,2026-01-19 08:38:20
9657,Daily,20.83,2026-01-19 08:38:20
9657,Leisure,20.83,2026-01-19 08:38:20
9657,Night Out,20.83,2026-01-19 08:38:20
9657,Evening,20.83,2026-01-19 08:38:20
9657,Business,16.67,2026-01-19 08:38:20
9658,Daily,28.18,2026-01-19 08:38:20
9658,Leisure,27.27,2026-01-19 08:38:20
9658,Business,22.73,2026-01-19 08:38:20
9659,Daily,26.19,2026-01-19 08:38:20
9659,Leisure,23.81,2026-01-19 08:38:20
9659,Business,19.05,2026-01-19 08:38:20
9662,Leisure,39.39,2026-01-19 08:38:20
9662,Daily,24.24,2026-01-19 08:38:20
9662,Evening,15.15,2026-01-19 08:38:20
9664,Leisure,26.09,2026-01-19 08:38:20
9664,Daily,21.74,2026-01-19 08:38:20
9664,Sport,21.74,2026-01-19 08:38:20
9664,Business,21.74,2026-01-19 08:38:20
9666,Daily,23.53,2026-01-19 08:38:20
9666,Leisure,23.53,2026-01-19 08:38:20
9666,Business,22.06,2026-01-19 08:38:20
9667,Leisure,26.15,2026-01-19 08:38:20
9667,Business,21.54,2026-01-19 08:38:20
9667,Daily,20.0,2026-01-19 08:38:20
9668,Leisure,50.0,2026-01-19 08:38:20
9668,Daily,25.0,2026-01-19 08:38:20
9668,Night Out,25.0,2026-01-19 08:38:20
9670,Daily,20.69,2026-01-19 08:38:20
9670,Leisure,20.69,2026-01-19 08:38:20
9670,Night Out,20.69,2026-01-19 08:38:20
9670,Evening,20.69,2026-01-19 08:38:20
9670,Business,17.24,2026-01-19 08:38:20
9671,Leisure,30.12,2026-01-19 08:38:20
9671,Daily,27.71,2026-01-19 08:38:20
9671,Business,26.51,2026-01-19 08:38:20
9672,Daily,29.17,2026-01-19 08:38:20
9672,Leisure,29.17,2026-01-19 08:38:20
9672,Business,20.83,2026-01-19 08:38:20
9674,Daily,35.19,2026-01-19 08:38:20
9674,Leisure,35.19,2026-01-19 08:38:20
9674,Business,22.22,2026-01-19 08:38:20
9675,Leisure,30.34,2026-01-19 08:38:20
9675,Daily,29.21,2026-01-19 08:38:20
9675,Business,24.72,2026-01-19 08:38:20
9675,Sport,15.73,2026-01-19 08:38:20
9676,Daily,60.0,2026-01-19 08:38:20
9676,Leisure,40.0,2026-01-19 08:38:20
9679,Evening,29.79,2026-01-19 08:38:20
9679,Night Out,27.66,2026-01-19 08:38:20
9679,Leisure,21.28,2026-01-19 08:38:20
9680,Night Out,33.33,2026-01-19 08:38:20
9680,Evening,33.33,2026-01-19 08:38:20
9680,Leisure,22.22,2026-01-19 08:38:20
9682,Daily,26.79,2026-01-19 08:38:20
9682,Leisure,26.79,2026-01-19 08:38:20
9682,Sport,23.21,2026-01-19 08:38:20
9682,Business,17.86,2026-01-19 08:38:20
9683,Leisure,31.94,2026-01-19 08:38:20
9683,Daily,25.0,2026-01-19 08:38:20
9683,Business,19.44,2026-01-19 08:38:20
9684,Leisure,23.81,2026-01-19 08:38:20
9684,Business,23.81,2026-01-19 08:38:20
9684,Daily,21.43,2026-01-19 08:38:20
9686,Daily,25.53,2026-01-19 08:38:20
9686,Leisure,25.53,2026-01-19 08:38:20
9686,Business,21.28,2026-01-19 08:38:20
9687,Daily,28.89,2026-01-19 08:38:20
9687,Leisure,27.78,2026-01-19 08:38:20
9687,Business,23.33,2026-01-19 08:38:20
9688,Daily,26.53,2026-01-19 08:38:20
9688,Business,22.45,2026-01-19 08:38:20
9688,Leisure,20.41,2026-01-19 08:38:20
9688,Night Out,16.33,2026-01-19 08:38:20
9690,Daily,25.0,2026-01-19 08:38:20
9690,Evening,25.0,2026-01-19 08:38:20
9690,Night Out,21.88,2026-01-19 08:38:20
9690,Business,15.62,2026-01-19 08:38:20
9691,Leisure,35.29,2026-01-19 08:38:20
9691,Daily,25.0,2026-01-19 08:38:20
9691,Business,23.53,2026-01-19 08:38:20
9692,Daily,23.53,2026-01-19 08:38:20
9692,Leisure,23.53,2026-01-19 08:38:20
9692,Business,23.53,2026-01-19 08:38:20
9692,Evening,17.65,2026-01-19 08:38:20
9694,Daily,31.58,2026-01-19 08:38:20
9694,Leisure,29.82,2026-01-19 08:38:20
9694,Business,22.81,2026-01-19 08:38:20
9695,Leisure,26.14,2026-01-19 08:38:20
9695,Daily,23.86,2026-01-19 08:38:20
9695,Business,21.59,2026-01-19 08:38:20
9696,Night Out,21.05,2026-01-19 08:38:20
9696,Business,21.05,2026-01-19 08:38:20
9696,Evening,21.05,2026-01-19 08:38:20
9696,Daily,18.42,2026-01-19 08:38:20
9696,Leisure,18.42,2026-01-19 08:38:20
9698,Daily,28.81,2026-01-19 08:38:20
9698,Leisure,25.42,2026-01-19 08:38:20
9698,Business,20.34,2026-01-19 08:38:20
9698,Sport,15.25,2026-01-19 08:38:20
9699,Evening,27.14,2026-01-19 08:38:20
9699,Night Out,25.71,2026-01-19 08:38:20
9699,Leisure,20.0,2026-01-19 08:38:20
9699,Daily,15.71,2026-01-19 08:38:20
9700,Daily,28.0,2026-01-19 08:38:20
9700,Leisure,24.0,2026-01-19 08:38:20
9700,Business,24.0,2026-01-19 08:38:20
9700,Evening,16.0,2026-01-19 08:38:20
9701,Daily,33.33,2026-01-19 08:38:20
9701,Leisure,16.67,2026-01-19 08:38:20
9701,Night Out,16.67,2026-01-19 08:38:20
9701,Business,16.67,2026-01-19 08:38:20
9701,Evening,16.67,2026-01-19 08:38:20
9702,Leisure,24.71,2026-01-19 08:38:20
9702,Daily,23.53,2026-01-19 08:38:20
9702,Business,22.35,2026-01-19 08:38:20
9702,Evening,16.47,2026-01-19 08:38:20
9703,Leisure,27.03,2026-01-19 08:38:20
9703,Daily,18.92,2026-01-19 08:38:20
9703,Business,17.57,2026-01-19 08:38:20
9704,Leisure,32.35,2026-01-19 08:38:20
9704,Daily,29.41,2026-01-19 08:38:20
9704,Business,26.47,2026-01-19 08:38:20
9706,Daily,25.0,2026-01-19 08:38:20
9706,Leisure,23.44,2026-01-19 08:38:20
9706,Business,20.31,2026-01-19 08:38:20
9706,Evening,18.75,2026-01-19 08:38:20
9707,Night Out,28.57,2026-01-19 08:38:20
9707,Evening,26.79,2026-01-19 08:38:20
9707,Daily,16.07,2026-01-19 08:38:20
9707,Leisure,16.07,2026-01-19 08:38:20
9708,Leisure,23.33,2026-01-19 08:38:20
9708,Business,23.33,2026-01-19 08:38:20
9708,Daily,20.0,2026-01-19 08:38:20
9710,Leisure,24.68,2026-01-19 08:38:20
9710,Business,23.38,2026-01-19 08:38:20
9710,Daily,22.08,2026-01-19 08:38:20
9711,Leisure,26.79,2026-01-19 08:38:20
9711,Daily,23.21,2026-01-19 08:38:20
9711,Business,23.21,2026-01-19 08:38:20
9711,Evening,16.07,2026-01-19 08:38:20
9712,Leisure,24.14,2026-01-19 08:38:20
9712,Night Out,24.14,2026-01-19 08:38:20
9712,Evening,24.14,2026-01-19 08:38:20
9712,Daily,17.24,2026-01-19 08:38:20
9714,Daily,21.88,2026-01-19 08:38:20
9714,Business,21.88,2026-01-19 08:38:20
9714,Leisure,20.31,2026-01-19 08:38:20
9714,Evening,18.75,2026-01-19 08:38:20
9715,Daily,20.83,2026-01-19 08:38:20
9715,Leisure,20.83,2026-01-19 08:38:20
9715,Night Out,20.83,2026-01-19 08:38:20
9715,Business,19.44,2026-01-19 08:38:20
9715,Evening,18.06,2026-01-19 08:38:20
9718,Evening,34.48,2026-01-19 08:38:20
9718,Night Out,31.03,2026-01-19 08:38:20
9718,Leisure,20.69,2026-01-19 08:38:20
9719,Daily,26.6,2026-01-19 08:38:20
9719,Leisure,26.6,2026-01-19 08:38:20
9719,Business,24.47,2026-01-19 08:38:20
9722,Leisure,27.14,2026-01-19 08:38:20
9722,Daily,24.29,2026-01-19 08:38:20
9722,Business,24.29,2026-01-19 08:38:20
9725,Daily,29.17,2026-01-19 08:38:20
9725,Leisure,29.17,2026-01-19 08:38:20
9725,Business,20.83,2026-01-19 08:38:20
9726,Daily,27.87,2026-01-19 08:38:20
9726,Leisure,26.23,2026-01-19 08:38:20
9726,Business,21.31,2026-01-19 08:38:20
9727,Evening,39.29,2026-01-19 08:38:20
9727,Night Out,35.71,2026-01-19 08:38:20
9730,Night Out,25.71,2026-01-19 08:38:20
9730,Evening,25.71,2026-01-19 08:38:20
9730,Daily,20.0,2026-01-19 08:38:20
9732,Daily,26.09,2026-01-19 08:38:20
9732,Leisure,26.09,2026-01-19 08:38:20
9732,Business,19.57,2026-01-19 08:38:20
9733,Leisure,40.0,2026-01-19 08:38:20
9733,Daily,33.33,2026-01-19 08:38:20
9734,Night Out,33.33,2026-01-19 08:38:20
9734,Evening,33.33,2026-01-19 08:38:20
9734,Leisure,18.52,2026-01-19 08:38:20
9736,Leisure,25.51,2026-01-19 08:38:20
9736,Daily,24.49,2026-01-19 08:38:20
9736,Business,24.49,2026-01-19 08:38:20
9737,Evening,45.45,2026-01-19 08:38:20
9737,Night Out,36.36,2026-01-19 08:38:20
9738,Leisure,28.89,2026-01-19 08:38:20
9738,Business,26.67,2026-01-19 08:38:20
9738,Daily,24.44,2026-01-19 08:38:20
9739,Leisure,36.36,2026-01-19 08:38:20
9739,Daily,18.18,2026-01-19 08:38:20
9739,Sport,18.18,2026-01-19 08:38:20
9740,Leisure,29.58,2026-01-19 08:38:20
9740,Business,26.76,2026-01-19 08:38:20
9740,Daily,25.35,2026-01-19 08:38:20
9741,Leisure,30.77,2026-01-19 08:38:20
9741,Night Out,23.08,2026-01-19 08:38:20
9741,Evening,23.08,2026-01-19 08:38:20
9741,Daily,15.38,2026-01-19 08:38:20
9742,Daily,29.55,2026-01-19 08:38:20
9742,Leisure,29.55,2026-01-19 08:38:20
9742,Business,18.18,2026-01-19 08:38:20
9743,Daily,33.33,2026-01-19 08:38:20
9743,Leisure,33.33,2026-01-19 08:38:20
9744,Leisure,30.0,2026-01-19 08:38:20
9744,Daily,22.5,2026-01-19 08:38:20
9744,Business,22.5,2026-01-19 08:38:20
9745,Daily,27.27,2026-01-19 08:38:20
9745,Business,27.27,2026-01-19 08:38:20
9745,Leisure,18.18,2026-01-19 08:38:20
9746,Leisure,27.27,2026-01-19 08:38:20
9746,Night Out,21.21,2026-01-19 08:38:20
9746,Daily,18.18,2026-01-19 08:38:20
9746,Evening,18.18,2026-01-19 08:38:20
9746,Business,15.15,2026-01-19 08:38:20
9747,Leisure,34.62,2026-01-19 08:38:20
9747,Daily,30.77,2026-01-19 08:38:20
9747,Business,23.08,2026-01-19 08:38:20
9748,Leisure,32.39,2026-01-19 08:38:20
9748,Daily,26.76,2026-01-19 08:38:20
9748,Business,22.54,2026-01-19 08:38:20
9750,Daily,29.03,2026-01-19 08:38:20
9750,Leisure,25.81,2026-01-19 08:38:20
9750,Business,25.81,2026-01-19 08:38:20
9751,Night Out,30.23,2026-01-19 08:38:20
9751,Evening,27.91,2026-01-19 08:38:20
9751,Leisure,20.93,2026-01-19 08:38:20
9752,Leisure,27.91,2026-01-19 08:38:20
9752,Daily,20.93,2026-01-19 08:38:20
9752,Evening,20.93,2026-01-19 08:38:20
9752,Business,18.6,2026-01-19 08:38:20
9755,Leisure,23.81,2026-01-19 08:38:20
9755,Night Out,23.81,2026-01-19 08:38:20
9755,Evening,23.81,2026-01-19 08:38:20
9756,Leisure,29.17,2026-01-19 08:38:20
9756,Daily,23.61,2026-01-19 08:38:20
9756,Business,23.61,2026-01-19 08:38:20
9756,Evening,15.28,2026-01-19 08:38:20
9757,Daily,23.08,2026-01-19 08:38:20
9757,Leisure,23.08,2026-01-19 08:38:20
9757,Night Out,15.38,2026-01-19 08:38:20
9757,Business,15.38,2026-01-19 08:38:20
9757,Evening,15.38,2026-01-19 08:38:20
9758,Daily,33.33,2026-01-19 08:38:20
9758,Leisure,33.33,2026-01-19 08:38:20
9758,Business,33.33,2026-01-19 08:38:20
9759,Daily,25.53,2026-01-19 08:38:20
9759,Leisure,23.4,2026-01-19 08:38:20
9759,Business,21.28,2026-01-19 08:38:20
9759,Night Out,17.02,2026-01-19 08:38:20
9760,Leisure,27.27,2026-01-19 08:38:20
9760,Daily,24.68,2026-01-19 08:38:20
9760,Business,24.68,2026-01-19 08:38:20
9762,Daily,31.25,2026-01-19 08:38:20
9762,Leisure,31.25,2026-01-19 08:38:20
9762,Business,25.0,2026-01-19 08:38:20
9763,Night Out,32.0,2026-01-19 08:38:20
9763,Evening,28.0,2026-01-19 08:38:20
9763,Leisure,16.0,2026-01-19 08:38:20
9764,Leisure,27.87,2026-01-19 08:38:20
9764,Business,26.23,2026-01-19 08:38:20
9764,Daily,22.95,2026-01-19 08:38:20
9765,Daily,25.0,2026-01-19 08:38:20
9765,Leisure,25.0,2026-01-19 08:38:20
9765,Night Out,16.67,2026-01-19 08:38:20
9765,Business,16.67,2026-01-19 08:38:20
9765,Evening,16.67,2026-01-19 08:38:20
9766,Daily,27.69,2026-01-19 08:38:20
9766,Leisure,23.08,2026-01-19 08:38:20
9766,Business,21.54,2026-01-19 08:38:20
9766,Evening,15.38,2026-01-19 08:38:20
9767,Leisure,35.29,2026-01-19 08:38:20
9767,Daily,23.53,2026-01-19 08:38:20
9767,Business,20.59,2026-01-19 08:38:20
9768,Leisure,30.3,2026-01-19 08:38:20
9768,Daily,24.24,2026-01-19 08:38:20
9768,Business,24.24,2026-01-19 08:38:20
9770,Leisure,66.67,2026-01-19 08:38:20
9770,Evening,33.33,2026-01-19 08:38:20
9771,Leisure,25.71,2026-01-19 08:38:20
9771,Daily,22.86,2026-01-19 08:38:20
9771,Business,21.43,2026-01-19 08:38:20
9771,Night Out,15.71,2026-01-19 08:38:20
9772,Leisure,28.3,2026-01-19 08:38:20
9772,Business,28.3,2026-01-19 08:38:20
9772,Daily,26.42,2026-01-19 08:38:20
9774,Leisure,36.36,2026-01-19 08:38:20
9774,Daily,27.27,2026-01-19 08:38:20
9774,Night Out,18.18,2026-01-19 08:38:20
9775,Leisure,32.69,2026-01-19 08:38:20
9775,Daily,26.92,2026-01-19 08:38:20
9775,Business,26.92,2026-01-19 08:38:20
9776,Daily,27.27,2026-01-19 08:38:20
9776,Leisure,24.24,2026-01-19 08:38:20
9776,Night Out,18.18,2026-01-19 08:38:20
9776,Business,18.18,2026-01-19 08:38:20
9778,Leisure,44.44,2026-01-19 08:38:20
9778,Daily,22.22,2026-01-19 08:38:20
9779,Evening,29.27,2026-01-19 08:38:20
9779,Night Out,26.83,2026-01-19 08:38:20
9779,Daily,19.51,2026-01-19 08:38:20
9780,Night Out,30.95,2026-01-19 08:38:20
9780,Evening,28.57,2026-01-19 08:38:20
9780,Leisure,21.43,2026-01-19 08:38:20
9782,Daily,33.33,2026-01-19 08:38:20
9782,Leisure,33.33,2026-01-19 08:38:20
9782,Evening,33.33,2026-01-19 08:38:20
9783,Daily,29.33,2026-01-19 08:38:20
9783,Leisure,29.33,2026-01-19 08:38:20
9783,Business,28.0,2026-01-19 08:38:20
9784,Daily,25.71,2026-01-19 08:38:20
9784,Leisure,22.86,2026-01-19 08:38:20
9784,Evening,20.0,2026-01-19 08:38:20
9784,Business,17.14,2026-01-19 08:38:20
9787,Night Out,28.95,2026-01-19 08:38:20
9787,Evening,26.32,2026-01-19 08:38:20
9787,Leisure,18.42,2026-01-19 08:38:20
9787,Daily,15.79,2026-01-19 08:38:20
9788,Leisure,25.64,2026-01-19 08:38:20
9788,Evening,25.64,2026-01-19 08:38:20
9788,Night Out,17.95,2026-01-19 08:38:20
9788,Daily,15.38,2026-01-19 08:38:20
9788,Business,15.38,2026-01-19 08:38:20
9790,Daily,25.0,2026-01-19 08:38:20
9790,Sport,25.0,2026-01-19 08:38:20
9790,Leisure,25.0,2026-01-19 08:38:20
9790,Business,25.0,2026-01-19 08:38:20
9793,Daily,20.0,2026-01-19 08:38:20
9793,Sport,20.0,2026-01-19 08:38:20
9793,Leisure,20.0,2026-01-19 08:38:20
9793,Night Out,20.0,2026-01-19 08:38:20
9793,Business,20.0,2026-01-19 08:38:20
9794,Daily,20.0,2026-01-19 08:38:20
9794,Leisure,20.0,2026-01-19 08:38:20
9794,Night Out,20.0,2026-01-19 08:38:20
9794,Business,20.0,2026-01-19 08:38:20
9794,Evening,20.0,2026-01-19 08:38:20
9795,Leisure,25.53,2026-01-19 08:38:20
9795,Evening,21.28,2026-01-19 08:38:20
9795,Night Out,19.15,2026-01-19 08:38:20
9795,Daily,17.02,2026-01-19 08:38:20
9795,Business,17.02,2026-01-19 08:38:20
9796,Daily,31.03,2026-01-19 08:38:20
9796,Leisure,31.03,2026-01-19 08:38:20
9796,Business,31.03,2026-01-19 08:38:20
9798,Daily,28.57,2026-01-19 08:38:20
9798,Leisure,28.57,2026-01-19 08:38:20
9799,Evening,22.86,2026-01-19 08:38:20
9799,Daily,20.0,2026-01-19 08:38:20
9799,Night Out,20.0,2026-01-19 08:38:20
9800,Evening,31.58,2026-01-19 08:38:20
9800,Night Out,26.32,2026-01-19 08:38:20
9800,Daily,15.79,2026-01-19 08:38:20
9800,Leisure,15.79,2026-01-19 08:38:20
9801,Sport,33.33,2026-01-19 08:38:20
9801,Leisure,33.33,2026-01-19 08:38:20
9801,Daily,25.0,2026-01-19 08:38:20
9802,Daily,33.33,2026-01-19 08:38:20
9802,Leisure,16.67,2026-01-19 08:38:20
9802,Night Out,16.67,2026-01-19 08:38:20
9802,Business,16.67,2026-01-19 08:38:20
9802,Evening,16.67,2026-01-19 08:38:20
9803,Daily,33.96,2026-01-19 08:38:20
9803,Business,30.19,2026-01-19 08:38:20
9803,Leisure,28.3,2026-01-19 08:38:20
9804,Leisure,30.77,2026-01-19 08:38:20
9804,Daily,26.92,2026-01-19 08:38:20
9804,Business,23.08,2026-01-19 08:38:20
9806,Daily,22.22,2026-01-19 08:38:20
9806,Leisure,22.22,2026-01-19 08:38:20
9806,Business,22.22,2026-01-19 08:38:20
9806,Evening,22.22,2026-01-19 08:38:20
9807,Leisure,32.31,2026-01-19 08:38:20
9807,Daily,29.23,2026-01-19 08:38:20
9807,Business,18.46,2026-01-19 08:38:20
9808,Leisure,44.44,2026-01-19 08:38:20
9808,Night Out,22.22,2026-01-19 08:38:20
9808,Evening,22.22,2026-01-19 08:38:20
9811,Leisure,24.56,2026-01-19 08:38:20
9811,Daily,22.81,2026-01-19 08:38:20
9811,Business,21.05,2026-01-19 08:38:20
9811,Night Out,17.54,2026-01-19 08:38:20
9812,Leisure,26.67,2026-01-19 08:38:20
9812,Evening,26.67,2026-01-19 08:38:20
9812,Daily,23.33,2026-01-19 08:38:20
9812,Business,16.67,2026-01-19 08:38:20
9815,Daily,30.0,2026-01-19 08:38:20
9815,Business,25.0,2026-01-19 08:38:20
9815,Leisure,20.0,2026-01-19 08:38:20
9815,Night Out,15.0,2026-01-19 08:38:20
9816,Leisure,25.58,2026-01-19 08:38:20
9816,Daily,23.26,2026-01-19 08:38:20
9816,Evening,18.6,2026-01-19 08:38:20
9816,Night Out,16.28,2026-01-19 08:38:20
9816,Business,16.28,2026-01-19 08:38:20
9818,Leisure,30.0,2026-01-19 08:38:20
9818,Evening,30.0,2026-01-19 08:38:20
9818,Night Out,25.0,2026-01-19 08:38:20
9818,Daily,15.0,2026-01-19 08:38:20
9820,Daily,29.17,2026-01-19 08:38:20
9820,Leisure,27.08,2026-01-19 08:38:20
9820,Business,27.08,2026-01-19 08:38:20
9821,Daily,33.33,2026-01-19 08:38:20
9821,Leisure,33.33,2026-01-19 08:38:20
9821,Business,33.33,2026-01-19 08:38:20
9822,Daily,44.44,2026-01-19 08:38:20
9822,Leisure,22.22,2026-01-19 08:38:20
9823,Daily,31.58,2026-01-19 08:38:20
9823,Leisure,31.58,2026-01-19 08:38:20
9823,Business,26.32,2026-01-19 08:38:20
9824,Daily,30.95,2026-01-19 08:38:20
9824,Leisure,30.95,2026-01-19 08:38:20
9824,Business,23.81,2026-01-19 08:38:20
9825,Night Out,50.0,2026-01-19 08:38:20
9825,Evening,50.0,2026-01-19 08:38:20
9826,Daily,33.33,2026-01-19 08:38:20
9826,Leisure,26.67,2026-01-19 08:38:20
9826,Business,20.0,2026-01-19 08:38:20
9827,Leisure,24.07,2026-01-19 08:38:20
9827,Night Out,20.37,2026-01-19 08:38:20
9827,Business,20.37,2026-01-19 08:38:20
9827,Evening,20.37,2026-01-19 08:38:20
9828,Leisure,28.77,2026-01-19 08:38:20
9828,Daily,24.66,2026-01-19 08:38:20
9828,Business,21.92,2026-01-19 08:38:20
9829,Daily,28.57,2026-01-19 08:38:20
9829,Leisure,28.57,2026-01-19 08:38:20
9829,Business,28.57,2026-01-19 08:38:20
9830,Leisure,33.33,2026-01-19 08:38:20
9830,Daily,16.67,2026-01-19 08:38:20
9830,Night Out,16.67,2026-01-19 08:38:20
9830,Business,16.67,2026-01-19 08:38:20
9830,Evening,16.67,2026-01-19 08:38:20
9831,Night Out,32.14,2026-01-19 08:38:20
9831,Evening,32.14,2026-01-19 08:38:20
9831,Daily,17.86,2026-01-19 08:38:20
9832,Daily,24.14,2026-01-19 08:38:20
9832,Business,24.14,2026-01-19 08:38:20
9832,Leisure,20.69,2026-01-19 08:38:20
9835,Daily,25.0,2026-01-19 08:38:20
9835,Leisure,22.92,2026-01-19 08:38:20
9835,Business,20.83,2026-01-19 08:38:20
9836,Daily,28.57,2026-01-19 08:38:20
9836,Leisure,26.53,2026-01-19 08:38:20
9836,Business,24.49,2026-01-19 08:38:20
9839,Leisure,33.33,2026-01-19 08:38:20
9839,Business,27.08,2026-01-19 08:38:20
9839,Daily,22.92,2026-01-19 08:38:20
9840,Daily,21.88,2026-01-19 08:38:20
9840,Business,21.88,2026-01-19 08:38:20
9840,Leisure,18.75,2026-01-19 08:38:20
9840,Night Out,18.75,2026-01-19 08:38:20
9840,Evening,18.75,2026-01-19 08:38:20
9842,Daily,37.5,2026-01-19 08:38:20
9842,Evening,25.0,2026-01-19 08:38:20
9843,Leisure,31.91,2026-01-19 08:38:20
9843,Daily,29.79,2026-01-19 08:38:20
9843,Business,27.66,2026-01-19 08:38:20
9844,Evening,29.41,2026-01-19 08:38:20
9844,Night Out,23.53,2026-01-19 08:38:20
9844,Leisure,17.65,2026-01-19 08:38:20
9846,Leisure,40.0,2026-01-19 08:38:20
9846,Night Out,20.0,2026-01-19 08:38:20
9846,Business,20.0,2026-01-19 08:38:20
9846,Evening,20.0,2026-01-19 08:38:20
9847,Daily,25.0,2026-01-19 08:38:20
9847,Leisure,25.0,2026-01-19 08:38:20
9847,Business,25.0,2026-01-19 08:38:20
9848,Daily,22.0,2026-01-19 08:38:20
9848,Night Out,22.0,2026-01-19 08:38:20
9848,Leisure,20.0,2026-01-19 08:38:20
9848,Business,20.0,2026-01-19 08:38:20
9848,Evening,16.0,2026-01-19 08:38:20
9850,Daily,33.33,2026-01-19 08:38:20
9850,Leisure,22.22,2026-01-19 08:38:20
9851,Leisure,34.78,2026-01-19 08:38:20
9851,Daily,26.09,2026-01-19 08:38:20
9851,Business,21.74,2026-01-19 08:38:20
9852,Leisure,27.78,2026-01-19 08:38:20
9852,Business,27.78,2026-01-19 08:38:20
9852,Daily,22.22,2026-01-19 08:38:20
9854,Daily,25.0,2026-01-19 08:38:20
9854,Night Out,25.0,2026-01-19 08:38:20
9854,Business,25.0,2026-01-19 08:38:20
9854,Evening,25.0,2026-01-19 08:38:20
9855,Leisure,25.53,2026-01-19 08:38:20
9855,Business,23.4,2026-01-19 08:38:20
9855,Daily,21.28,2026-01-19 08:38:20
9856,Daily,31.58,2026-01-19 08:38:20
9856,Business,26.32,2026-01-19 08:38:20
9856,Leisure,23.68,2026-01-19 08:38:20
9858,Leisure,22.22,2026-01-19 08:38:20
9858,Night Out,22.22,2026-01-19 08:38:20
9858,Business,22.22,2026-01-19 08:38:20
9858,Evening,22.22,2026-01-19 08:38:20
9859,Leisure,46.67,2026-01-19 08:38:20
9859,Daily,20.0,2026-01-19 08:38:20
9859,Evening,20.0,2026-01-19 08:38:20
9860,Night Out,37.5,2026-01-19 08:38:20
9860,Evening,37.5,2026-01-19 08:38:20
9860,Leisure,20.83,2026-01-19 08:38:20
9863,Leisure,38.24,2026-01-19 08:38:20
9863,Business,26.47,2026-01-19 08:38:20
9863,Daily,23.53,2026-01-19 08:38:20
9866,Leisure,33.33,2026-01-19 08:38:20
9866,Business,33.33,2026-01-19 08:38:20
9866,Daily,16.67,2026-01-19 08:38:20
9866,Night Out,16.67,2026-01-19 08:38:20
9867,Daily,29.03,2026-01-19 08:38:20
9867,Business,22.58,2026-01-19 08:38:20
9867,Sport,19.35,2026-01-19 08:38:20
9867,Leisure,19.35,2026-01-19 08:38:20
9868,Leisure,36.84,2026-01-19 08:38:20
9868,Daily,31.58,2026-01-19 08:38:20
9868,Business,15.79,2026-01-19 08:38:20
9870,Daily,20.0,2026-01-19 08:38:20
9870,Leisure,20.0,2026-01-19 08:38:20
9870,Night Out,20.0,2026-01-19 08:38:20
9870,Business,20.0,2026-01-19 08:38:20
9870,Evening,20.0,2026-01-19 08:38:20
9871,Evening,28.57,2026-01-19 08:38:20
9871,Night Out,23.81,2026-01-19 08:38:20
9871,Daily,19.05,2026-01-19 08:38:20
9871,Leisure,16.67,2026-01-19 08:38:20
9872,Daily,27.27,2026-01-19 08:38:20
9872,Leisure,21.21,2026-01-19 08:38:20
9872,Evening,21.21,2026-01-19 08:38:20
9872,Night Out,15.15,2026-01-19 08:38:20
9872,Business,15.15,2026-01-19 08:38:20
9874,Daily,29.17,2026-01-19 08:38:20
9874,Leisure,25.0,2026-01-19 08:38:20
9874,Sport,20.83,2026-01-19 08:38:20
9874,Business,16.67,2026-01-19 08:38:20
9875,Daily,31.37,2026-01-19 08:38:20
9875,Leisure,29.41,2026-01-19 08:38:20
9875,Business,25.49,2026-01-19 08:38:20
9876,Daily,24.0,2026-01-19 08:38:20
9876,Business,24.0,2026-01-19 08:38:20
9876,Leisure,20.0,2026-01-19 08:38:20
9878,Daily,20.0,2026-01-19 08:38:20
9878,Leisure,20.0,2026-01-19 08:38:20
9878,Night Out,20.0,2026-01-19 08:38:20
9878,Business,20.0,2026-01-19 08:38:20
9878,Evening,20.0,2026-01-19 08:38:20
9880,Leisure,25.0,2026-01-19 08:38:20
9880,Night Out,25.0,2026-01-19 08:38:20
9880,Daily,20.0,2026-01-19 08:38:20
9880,Evening,20.0,2026-01-19 08:38:20
9882,Daily,20.0,2026-01-19 08:38:20
9882,Leisure,20.0,2026-01-19 08:38:20
9882,Night Out,20.0,2026-01-19 08:38:20
9882,Business,20.0,2026-01-19 08:38:20
9882,Evening,20.0,2026-01-19 08:38:20
9883,Leisure,28.26,2026-01-19 08:38:20
9883,Business,28.26,2026-01-19 08:38:20
9883,Daily,21.74,2026-01-19 08:38:20
9884,Leisure,26.92,2026-01-19 08:38:20
9884,Night Out,19.23,2026-01-19 08:38:20
9884,Business,19.23,2026-01-19 08:38:20
9884,Evening,19.23,2026-01-19 08:38:20
9884,Daily,15.38,2026-01-19 08:38:20
9885,Daily,25.0,2026-01-19 08:38:20
9885,Leisure,25.0,2026-01-19 08:38:20
9885,Business,25.0,2026-01-19 08:38:20
9885,Evening,25.0,2026-01-19 08:38:20
9887,Leisure,27.03,2026-01-19 08:38:20
9887,Night Out,27.03,2026-01-19 08:38:20
9887,Evening,24.32,2026-01-19 08:38:20
9888,Evening,40.0,2026-01-19 08:38:20
9888,Night Out,33.33,2026-01-19 08:38:20
9888,Leisure,20.0,2026-01-19 08:38:20
9890,Leisure,37.5,2026-01-19 08:38:20
9890,Daily,25.0,2026-01-19 08:38:20
9891,Daily,28.0,2026-01-19 08:38:20
9891,Evening,24.0,2026-01-19 08:38:20
9891,Leisure,20.0,2026-01-19 08:38:20
9891,Night Out,16.0,2026-01-19 08:38:20
9892,Daily,32.0,2026-01-19 08:38:20
9892,Leisure,32.0,2026-01-19 08:38:20
9892,Business,24.0,2026-01-19 08:38:20
9893,Daily,33.33,2026-01-19 08:38:20
9893,Leisure,33.33,2026-01-19 08:38:20
9893,Business,33.33,2026-01-19 08:38:20
9895,Daily,31.43,2026-01-19 08:38:20
9895,Leisure,31.43,2026-01-19 08:38:20
9895,Business,22.86,2026-01-19 08:38:20
9897,Night Out,35.71,2026-01-19 08:38:20
9897,Evening,35.71,2026-01-19 08:38:20
9898,Daily,18.18,2026-01-19 08:38:20
9898,Leisure,18.18,2026-01-19 08:38:20
9898,Night Out,18.18,2026-01-19 08:38:20
9898,Business,18.18,2026-01-19 08:38:20
9898,Evening,18.18,2026-01-19 08:38:20
9899,Daily,33.33,2026-01-19 08:38:20
9899,Business,25.0,2026-01-19 08:38:20
9899,Leisure,22.22,2026-01-19 08:38:20
9900,Leisure,25.0,2026-01-19 08:38:20
9900,Daily,22.73,2026-01-19 08:38:20
9900,Sport,15.91,2026-01-19 08:38:20
9900,Business,15.91,2026-01-19 08:38:20
9902,Daily,20.0,2026-01-19 08:38:20
9902,Leisure,20.0,2026-01-19 08:38:20
9902,Night Out,20.0,2026-01-19 08:38:20
9902,Business,20.0,2026-01-19 08:38:20
9902,Evening,20.0,2026-01-19 08:38:20
9903,Leisure,40.0,2026-01-19 08:38:20
9903,Daily,30.0,2026-01-19 08:38:20
9903,Business,30.0,2026-01-19 08:38:20
9904,Daily,28.57,2026-01-19 08:38:20
9906,Daily,33.33,2026-01-19 08:38:20
9906,Leisure,16.67,2026-01-19 08:38:20
9906,Night Out,16.67,2026-01-19 08:38:20
9906,Business,16.67,2026-01-19 08:38:20
9906,Evening,16.67,2026-01-19 08:38:20
9908,Daily,30.61,2026-01-19 08:38:20
9908,Leisure,26.53,2026-01-19 08:38:20
9908,Business,26.53,2026-01-19 08:38:20
9908,Sport,16.33,2026-01-19 08:38:20
9909,Evening,29.03,2026-01-19 08:38:20
9909,Daily,22.58,2026-01-19 08:38:20
9909,Night Out,22.58,2026-01-19 08:38:20
9909,Leisure,16.13,2026-01-19 08:38:20
9910,Daily,33.33,2026-01-19 08:38:20
9910,Leisure,22.22,2026-01-19 08:38:20
9912,Daily,29.63,2026-01-19 08:38:20
9912,Leisure,25.93,2026-01-19 08:38:20
9912,Business,22.22,2026-01-19 08:38:20
9913,Night Out,26.67,2026-01-19 08:38:20
9913,Daily,23.33,2026-01-19 08:38:20
9913,Evening,23.33,2026-01-19 08:38:20
9914,Daily,20.0,2026-01-19 08:38:20
9914,Leisure,20.0,2026-01-19 08:38:20
9914,Night Out,20.0,2026-01-19 08:38:20
9914,Business,20.0,2026-01-19 08:38:20
9914,Evening,20.0,2026-01-19 08:38:20
9916,Daily,32.0,2026-01-19 08:38:20
9916,Leisure,32.0,2026-01-19 08:38:20
9916,Business,28.0,2026-01-19 08:38:20
9917,Daily,40.0,2026-01-19 08:38:20
9917,Leisure,40.0,2026-01-19 08:38:20
9918,Daily,20.0,2026-01-19 08:38:20
9918,Leisure,20.0,2026-01-19 08:38:20
9918,Night Out,20.0,2026-01-19 08:38:20
9918,Business,20.0,2026-01-19 08:38:20
9918,Evening,20.0,2026-01-19 08:38:20
9919,Leisure,31.25,2026-01-19 08:38:20
9919,Daily,25.0,2026-01-19 08:38:20
9919,Business,18.75,2026-01-19 08:38:20
9921,Evening,35.0,2026-01-19 08:38:20
9921,Night Out,25.0,2026-01-19 08:38:20
9921,Leisure,20.0,2026-01-19 08:38:20
9922,Daily,20.0,2026-01-19 08:38:20
9922,Leisure,20.0,2026-01-19 08:38:20
9922,Night Out,20.0,2026-01-19 08:38:20
9922,Business,20.0,2026-01-19 08:38:20
9922,Evening,20.0,2026-01-19 08:38:20
9923,Daily,26.67,2026-01-19 08:38:20
9923,Leisure,26.67,2026-01-19 08:38:20
9923,Business,20.0,2026-01-19 08:38:20
9924,Daily,26.67,2026-01-19 08:38:20
9924,Leisure,23.33,2026-01-19 08:38:20
9924,Business,23.33,2026-01-19 08:38:20
9927,Daily,33.33,2026-01-19 08:38:20
9927,Leisure,29.17,2026-01-19 08:38:20
9927,Business,29.17,2026-01-19 08:38:20
9929,Leisure,24.32,2026-01-19 08:38:20
9929,Business,24.32,2026-01-19 08:38:20
9929,Daily,21.62,2026-01-19 08:38:20
9929,Evening,16.22,2026-01-19 08:38:20
9930,Leisure,66.67,2026-01-19 08:38:20
9930,Daily,33.33,2026-01-19 08:38:20
9931,Daily,23.4,2026-01-19 08:38:20
9931,Leisure,23.4,2026-01-19 08:38:20
9931,Business,23.4,2026-01-19 08:38:20
9933,Daily,23.81,2026-01-19 08:38:20
9933,Business,23.81,2026-01-19 08:38:20
9934,Daily,20.0,2026-01-19 08:38:20
9934,Leisure,20.0,2026-01-19 08:38:20
9934,Night Out,20.0,2026-01-19 08:38:20
9934,Business,20.0,2026-01-19 08:38:20
9934,Evening,20.0,2026-01-19 08:38:20
9935,Daily,30.0,2026-01-19 08:38:20
9935,Leisure,30.0,2026-01-19 08:38:20
9935,Business,25.0,2026-01-19 08:38:20
9942,Daily,20.0,2026-01-19 08:38:20
9942,Leisure,20.0,2026-01-19 08:38:20
9942,Night Out,20.0,2026-01-19 08:38:20
9942,Business,20.0,2026-01-19 08:38:20
9942,Evening,20.0,2026-01-19 08:38:20
9943,Daily,34.62,2026-01-19 08:38:20
9943,Leisure,30.77,2026-01-19 08:38:20
9943,Sport,19.23,2026-01-19 08:38:20
9943,Business,15.38,2026-01-19 08:38:20
9945,Leisure,21.28,2026-01-19 08:38:20
9945,Night Out,21.28,2026-01-19 08:38:20
9945,Evening,21.28,2026-01-19 08:38:20
9945,Business,19.15,2026-01-19 08:38:20
9945,Daily,17.02,2026-01-19 08:38:20
9946,Leisure,33.33,2026-01-19 08:38:20
9946,Daily,22.22,2026-01-19 08:38:20
9946,Evening,22.22,2026-01-19 08:38:20
9947,Leisure,29.41,2026-01-19 08:38:20
9947,Daily,26.47,2026-01-19 08:38:20
9947,Business,23.53,2026-01-19 08:38:20
9949,Business,26.09,2026-01-19 08:38:20
9949,Daily,21.74,2026-01-19 08:38:20
9949,Evening,21.74,2026-01-19 08:38:20
9951,Leisure,33.33,2026-01-19 08:38:20
9951,Daily,26.67,2026-01-19 08:38:20
9951,Business,26.67,2026-01-19 08:38:20
9953,Sport,25.0,2026-01-19 08:38:20
9953,Leisure,25.0,2026-01-19 08:38:20
9954,Daily,33.33,2026-01-19 08:38:20
9954,Leisure,33.33,2026-01-19 08:38:20
9954,Business,33.33,2026-01-19 08:38:20
9955,Daily,30.0,2026-01-19 08:38:20
9955,Leisure,30.0,2026-01-19 08:38:20
9955,Business,30.0,2026-01-19 08:38:20
9956,Evening,100.0,2026-01-19 08:38:20
9957,Daily,28.57,2026-01-19 08:38:20
9957,Leisure,28.57,2026-01-19 08:38:20
9957,Business,28.57,2026-01-19 08:38:20
9958,Leisure,100.0,2026-01-19 08:38:20
9959,Daily,27.27,2026-01-19 08:38:20
9959,Leisure,27.27,2026-01-19 08:38:20
9959,Business,22.73,2026-01-19 08:38:20
9960,Daily,16.67,2026-01-19 08:38:20
9960,Sport,16.67,2026-01-19 08:38:20
9960,Leisure,16.67,2026-01-19 08:38:20
9960,Night Out,16.67,2026-01-19 08:38:20
9960,Business,16.67,2026-01-19 08:38:20
9960,Evening,16.67,2026-01-19 08:38:20
9961,Daily,33.33,2026-01-19 08:38:20
9961,Business,23.81,2026-01-19 08:38:20
9961,Leisure,19.05,2026-01-19 08:38:20
9962,Daily,20.0,2026-01-19 08:38:20
9962,Leisure,20.0,2026-01-19 08:38:20
9962,Night Out,20.0,2026-01-19 08:38:20
9962,Business,20.0,2026-01-19 08:38:20
9962,Evening,20.0,2026-01-19 08:38:20
9963,Daily,28.57,2026-01-19 08:38:20
9963,Leisure,28.57,2026-01-19 08:38:20
9963,Business,19.05,2026-01-19 08:38:20
9965,Sport,35.0,2026-01-19 08:38:20
9965,Leisure,25.0,2026-01-19 08:38:20
9965,Daily,20.0,2026-01-19 08:38:20
9965,Business,20.0,2026-01-19 08:38:20
9967,Leisure,27.78,2026-01-19 08:38:20
9967,Daily,22.22,2026-01-19 08:38:20
9967,Business,22.22,2026-01-19 08:38:20
9967,Sport,16.67,2026-01-19 08:38:20
9969,Leisure,31.25,2026-01-19 08:38:20
9969,Daily,25.0,2026-01-19 08:38:20
9969,Business,18.75,2026-01-19 08:38:20
9971,Daily,30.43,2026-01-19 08:38:20
9971,Leisure,30.43,2026-01-19 08:38:20
9971,Business,30.43,2026-01-19 08:38:20
9972,Leisure,23.33,2026-01-19 08:38:20
9972,Daily,20.0,2026-01-19 08:38:20
9972,Night Out,20.0,2026-01-19 08:38:20
9972,Business,20.0,2026-01-19 08:38:20
9972,Evening,16.67,2026-01-19 08:38:20
9975,Daily,38.46,2026-01-19 08:38:20
9975,Leisure,38.46,2026-01-19 08:38:20
9976,Night Out,27.27,2026-01-19 08:38:20
9976,Evening,27.27,2026-01-19 08:38:20
9976,Daily,18.18,2026-01-19 08:38:20
9979,Daily,18.75,2026-01-19 08:38:20
9979,Leisure,18.75,2026-01-19 08:38:20
9979,Night Out,18.75,2026-01-19 08:38:20
9979,Business,18.75,2026-01-19 08:38:20
9979,Evening,18.75,2026-01-19 08:38:20
9980,Leisure,33.33,2026-01-19 08:38:20
9980,Daily,27.78,2026-01-19 08:38:20
9980,Business,22.22,2026-01-19 08:38:20
9980,Sport,16.67,2026-01-19 08:38:20
9982,Leisure,33.33,2026-01-19 08:38:20
9982,Daily,22.22,2026-01-19 08:38:20
9982,Evening,22.22,2026-01-19 08:38:20
9983,Daily,28.57,2026-01-19 08:38:20
9983,Leisure,28.57,2026-01-19 08:38:20
9983,Business,23.81,2026-01-19 08:38:20
9985,Daily,30.0,2026-01-19 08:38:20
9985,Leisure,20.0,2026-01-19 08:38:20
9985,Night Out,20.0,2026-01-19 08:38:20
9985,Evening,20.0,2026-01-19 08:38:20
9987,Evening,42.86,2026-01-19 08:38:20
9987,Night Out,35.71,2026-01-19 08:38:20
9987,Leisure,21.43,2026-01-19 08:38:20
9990,Daily,31.25,2026-01-19 08:38:20
9990,Leisure,31.25,2026-01-19 08:38:20
9993,Daily,28.59,2026-01-19 08:38:20
9993,Leisure,28.23,2026-01-19 08:38:20
9993,Business,20.68,2026-01-19 08:38:20
9995,Leisure,28.57,2026-01-19 08:38:20
9995,Evening,28.57,2026-01-19 08:38:20
9998,Daily,29.09,2026-01-19 08:38:20
9998,Leisure,25.88,2026-01-19 08:38:20
9998,Business,22.52,2026-01-19 08:38:20
10002,Daily,27.01,2026-01-19 08:38:20
10002,Leisure,26.92,2026-01-19 08:38:20
10002,Business,20.28,2026-01-19 08:38:20
10004,Daily,25.0,2026-01-19 08:38:20
10004,Business,25.0,2026-01-19 08:38:20
10004,Sport,16.67,2026-01-19 08:38:20
10004,Leisure,16.67,2026-01-19 08:38:20
10005,Daily,24.08,2026-01-19 08:38:20
10005,Leisure,23.42,2026-01-19 08:38:20
10005,Business,19.23,2026-01-19 08:38:20
10005,Evening,18.98,2026-01-19 08:38:20
10006,Daily,33.33,2026-01-19 08:38:20
10006,Leisure,27.78,2026-01-19 08:38:20
10006,Business,22.22,2026-01-19 08:38:20
10013,Daily,24.71,2026-01-19 08:38:20
10013,Leisure,22.9,2026-01-19 08:38:20
10013,Business,20.04,2026-01-19 08:38:20
10014,Daily,35.71,2026-01-19 08:38:20
10014,Leisure,21.43,2026-01-19 08:38:20
10014,Business,21.43,2026-01-19 08:38:20
10017,Leisure,22.5,2026-01-19 08:38:20
10017,Evening,21.51,2026-01-19 08:38:20
10017,Daily,20.91,2026-01-19 08:38:20
10017,Night Out,18.14,2026-01-19 08:38:20
10017,Business,16.95,2026-01-19 08:38:20
10018,Daily,35.29,2026-01-19 08:38:20
10018,Leisure,29.41,2026-01-19 08:38:20
10018,Business,29.41,2026-01-19 08:38:20
10021,Daily,30.77,2026-01-19 08:38:20
10021,Leisure,23.08,2026-01-19 08:38:20
10021,Night Out,23.08,2026-01-19 08:38:20
10021,Evening,15.38,2026-01-19 08:38:20
10022,Daily,26.34,2026-01-19 08:38:20
10022,Leisure,26.06,2026-01-19 08:38:20
10022,Business,23.46,2026-01-19 08:38:20
10025,Daily,33.33,2026-01-19 08:38:20
10025,Leisure,33.33,2026-01-19 08:38:20
10025,Business,33.33,2026-01-19 08:38:20
10026,Leisure,26.39,2026-01-19 08:38:20
10026,Daily,23.28,2026-01-19 08:38:20
10026,Business,22.46,2026-01-19 08:38:20
10026,Evening,15.57,2026-01-19 08:38:20
10029,Leisure,24.31,2026-01-19 08:38:20
10029,Daily,23.57,2026-01-19 08:38:20
10029,Night Out,18.23,2026-01-19 08:38:20
10029,Business,17.5,2026-01-19 08:38:20
10029,Evening,16.39,2026-01-19 08:38:20
10030,Night Out,41.67,2026-01-19 08:38:20
10030,Evening,33.33,2026-01-19 08:38:20
10030,Leisure,16.67,2026-01-19 08:38:20
10033,Leisure,23.68,2026-01-19 08:38:20
10033,Evening,23.0,2026-01-19 08:38:20
10033,Night Out,18.74,2026-01-19 08:38:20
10033,Daily,18.4,2026-01-19 08:38:20
10033,Business,16.18,2026-01-19 08:38:20
10034,Leisure,25.0,2026-01-19 08:38:20
10034,Night Out,21.88,2026-01-19 08:38:20
10034,Business,21.88,2026-01-19 08:38:20
10034,Daily,15.62,2026-01-19 08:38:20
10034,Evening,15.62,2026-01-19 08:38:20
10035,Sport,33.33,2026-01-19 08:38:20
10035,Leisure,33.33,2026-01-19 08:38:20
10035,Business,33.33,2026-01-19 08:38:20
10037,Leisure,27.68,2026-01-19 08:38:20
10037,Daily,26.69,2026-01-19 08:38:20
10037,Business,18.78,2026-01-19 08:38:20
10038,Daily,28.57,2026-01-19 08:38:20
10038,Business,23.81,2026-01-19 08:38:20
10038,Evening,23.81,2026-01-19 08:38:20
10041,Night Out,33.33,2026-01-19 08:38:20
10041,Evening,33.33,2026-01-19 08:38:20
10042,Evening,22.41,2026-01-19 08:38:20
10042,Leisure,21.2,2026-01-19 08:38:20
10042,Daily,19.55,2026-01-19 08:38:20
10042,Business,18.65,2026-01-19 08:38:20
10042,Night Out,18.2,2026-01-19 08:38:20
10045,Leisure,28.57,2026-01-19 08:38:20
10045,Daily,27.12,2026-01-19 08:38:20
10045,Business,21.88,2026-01-19 08:38:20
10049,Leisure,23.84,2026-01-19 08:38:20
10049,Evening,21.92,2026-01-19 08:38:20
10049,Night Out,20.27,2026-01-19 08:38:20
10049,Daily,18.08,2026-01-19 08:38:20
10049,Business,15.89,2026-01-19 08:38:20
10050,Daily,25.93,2026-01-19 08:38:20
10050,Leisure,25.93,2026-01-19 08:38:20
10050,Business,18.52,2026-01-19 08:38:20
10053,Daily,27.23,2026-01-19 08:38:20
10053,Leisure,24.26,2026-01-19 08:38:20
10053,Business,22.77,2026-01-19 08:38:20
10054,Daily,25.0,2026-01-19 08:38:20
10054,Night Out,25.0,2026-01-19 08:38:20
10054,Evening,25.0,2026-01-19 08:38:20
10057,Leisure,27.22,2026-01-19 08:38:20
10057,Daily,25.07,2026-01-19 08:38:20
10057,Business,17.52,2026-01-19 08:38:20
10057,Night Out,15.36,2026-01-19 08:38:20
10058,Leisure,29.41,2026-01-19 08:38:20
10058,Daily,17.65,2026-01-19 08:38:20
10058,Night Out,17.65,2026-01-19 08:38:20
10058,Evening,17.65,2026-01-19 08:38:20
10061,Leisure,26.02,2026-01-19 08:38:20
10061,Daily,25.06,2026-01-19 08:38:20
10061,Business,23.13,2026-01-19 08:38:20
10065,Evening,25.55,2026-01-19 08:38:20
10065,Night Out,22.93,2026-01-19 08:38:20
10065,Leisure,22.05,2026-01-19 08:38:20
10065,Daily,15.72,2026-01-19 08:38:20
10066,Daily,20.0,2026-01-19 08:38:20
10066,Leisure,20.0,2026-01-19 08:38:20
10066,Night Out,20.0,2026-01-19 08:38:20
10066,Business,20.0,2026-01-19 08:38:20
10066,Evening,20.0,2026-01-19 08:38:20
10067,Evening,26.35,2026-01-19 08:38:20
10067,Night Out,23.51,2026-01-19 08:38:20
10067,Leisure,19.97,2026-01-19 08:38:20
10067,Daily,16.29,2026-01-19 08:38:20
10069,Daily,30.57,2026-01-19 08:38:20
10069,Leisure,28.66,2026-01-19 08:38:20
10069,Business,19.75,2026-01-19 08:38:20
10070,Daily,37.5,2026-01-19 08:38:20
10070,Business,37.5,2026-01-19 08:38:20
10070,Leisure,25.0,2026-01-19 08:38:20
10072,Leisure,26.55,2026-01-19 08:38:20
10072,Daily,26.33,2026-01-19 08:38:20
10072,Sport,19.03,2026-01-19 08:38:20
10072,Business,17.04,2026-01-19 08:38:20
10073,Evening,29.8,2026-01-19 08:38:20
10073,Night Out,27.76,2026-01-19 08:38:20
10073,Leisure,22.45,2026-01-19 08:38:20
10076,Daily,28.38,2026-01-19 08:38:20
10076,Leisure,25.76,2026-01-19 08:38:20
10076,Business,20.31,2026-01-19 08:38:20
10076,Sport,15.5,2026-01-19 08:38:20
10077,Daily,27.27,2026-01-19 08:38:20
10077,Leisure,24.6,2026-01-19 08:38:20
10077,Business,21.66,2026-01-19 08:38:20
10078,Business,25.0,2026-01-19 08:38:20
10078,Daily,16.67,2026-01-19 08:38:20
10078,Leisure,16.67,2026-01-19 08:38:20
10078,Night Out,16.67,2026-01-19 08:38:20
10078,Evening,16.67,2026-01-19 08:38:20
10080,Leisure,23.69,2026-01-19 08:38:20
10080,Daily,22.65,2026-01-19 08:38:20
10080,Business,21.95,2026-01-19 08:38:20
10080,Evening,16.38,2026-01-19 08:38:20
10080,Night Out,15.33,2026-01-19 08:38:20
10081,Leisure,26.4,2026-01-19 08:38:20
10081,Daily,26.09,2026-01-19 08:38:20
10081,Business,21.12,2026-01-19 08:38:20
10082,Daily,100.0,2026-01-19 08:38:20
10084,Leisure,25.0,2026-01-19 08:38:20
10084,Daily,23.33,2026-01-19 08:38:20
10084,Business,20.56,2026-01-19 08:38:20
10085,Leisure,25.91,2026-01-19 08:38:20
10085,Daily,24.09,2026-01-19 08:38:20
10085,Business,21.04,2026-01-19 08:38:20
10086,Daily,22.22,2026-01-19 08:38:20
10086,Leisure,22.22,2026-01-19 08:38:20
10086,Business,22.22,2026-01-19 08:38:20
10086,Evening,22.22,2026-01-19 08:38:20
10088,Leisure,28.42,2026-01-19 08:38:20
10088,Daily,26.26,2026-01-19 08:38:20
10088,Business,18.71,2026-01-19 08:38:20
10089,Evening,26.25,2026-01-19 08:38:20
10089,Night Out,23.12,2026-01-19 08:38:20
10089,Leisure,18.12,2026-01-19 08:38:20
10089,Daily,16.88,2026-01-19 08:38:20
10089,Business,15.62,2026-01-19 08:38:20
10090,Daily,25.0,2026-01-19 08:38:20
10090,Night Out,25.0,2026-01-19 08:38:20
10090,Business,25.0,2026-01-19 08:38:20
10090,Evening,25.0,2026-01-19 08:38:20
10093,Daily,26.97,2026-01-19 08:38:20
10093,Leisure,26.97,2026-01-19 08:38:20
10093,Business,19.1,2026-01-19 08:38:20
10094,Leisure,37.5,2026-01-19 08:38:20
10094,Night Out,37.5,2026-01-19 08:38:20
10094,Evening,25.0,2026-01-19 08:38:20
10096,Leisure,27.24,2026-01-19 08:38:20
10096,Daily,25.64,2026-01-19 08:38:20
10096,Business,22.76,2026-01-19 08:38:20
10097,Daily,27.46,2026-01-19 08:38:20
10097,Leisure,26.06,2026-01-19 08:38:20
10097,Business,21.83,2026-01-19 08:38:20
10098,Evening,57.14,2026-01-19 08:38:20
10098,Night Out,42.86,2026-01-19 08:38:20
10100,Leisure,29.29,2026-01-19 08:38:20
10100,Daily,22.18,2026-01-19 08:38:20
10100,Evening,17.57,2026-01-19 08:38:20
10100,Night Out,16.74,2026-01-19 08:38:20
10101,Daily,25.0,2026-01-19 08:38:20
10101,Night Out,25.0,2026-01-19 08:38:20
10101,Evening,25.0,2026-01-19 08:38:20
10102,Evening,23.66,2026-01-19 08:38:20
10102,Leisure,22.58,2026-01-19 08:38:20
10102,Night Out,21.51,2026-01-19 08:38:20
10102,Daily,16.13,2026-01-19 08:38:20
10102,Business,16.13,2026-01-19 08:38:20
10106,Daily,30.77,2026-01-19 08:38:20
10106,Leisure,26.15,2026-01-19 08:38:20
10106,Business,20.0,2026-01-19 08:38:20
10106,Sport,15.38,2026-01-19 08:38:20
10108,Evening,26.49,2026-01-19 08:38:20
10108,Leisure,22.52,2026-01-19 08:38:20
10108,Night Out,19.54,2026-01-19 08:38:20
10108,Daily,17.22,2026-01-19 08:38:20
10109,Leisure,33.33,2026-01-19 08:38:20
10109,Daily,16.67,2026-01-19 08:38:20
10109,Sport,16.67,2026-01-19 08:38:20
10109,Night Out,16.67,2026-01-19 08:38:20
10109,Business,16.67,2026-01-19 08:38:20
10110,Leisure,25.61,2026-01-19 08:38:20
10110,Evening,21.95,2026-01-19 08:38:20
10110,Night Out,18.29,2026-01-19 08:38:20
10110,Daily,17.07,2026-01-19 08:38:20
10110,Business,17.07,2026-01-19 08:38:20
10112,Leisure,27.86,2026-01-19 08:38:20
10112,Daily,25.36,2026-01-19 08:38:20
10112,Business,22.14,2026-01-19 08:38:20
10114,Evening,24.14,2026-01-19 08:38:20
10114,Night Out,22.41,2026-01-19 08:38:20
10114,Leisure,20.69,2026-01-19 08:38:20
10114,Business,18.97,2026-01-19 08:38:20
10116,Daily,26.87,2026-01-19 08:38:20
10116,Leisure,23.51,2026-01-19 08:38:20
10116,Business,23.51,2026-01-19 08:38:20
10117,Daily,37.5,2026-01-19 08:38:20
10117,Leisure,37.5,2026-01-19 08:38:20
10118,Daily,41.18,2026-01-19 08:38:20
10118,Leisure,35.29,2026-01-19 08:38:20
10120,Leisure,25.0,2026-01-19 08:38:20
10120,Daily,21.76,2026-01-19 08:38:20
10120,Business,20.37,2026-01-19 08:38:20
10125,Daily,28.91,2026-01-19 08:38:20
10125,Leisure,27.73,2026-01-19 08:38:20
10125,Business,22.66,2026-01-19 08:38:20
10126,Daily,29.17,2026-01-19 08:38:20
10126,Leisure,25.0,2026-01-19 08:38:20
10126,Sport,20.83,2026-01-19 08:38:20
10126,Business,16.67,2026-01-19 08:38:20
10129,Leisure,30.32,2026-01-19 08:38:20
10129,Daily,26.7,2026-01-19 08:38:20
10129,Business,25.34,2026-01-19 08:38:20
10130,Business,22.22,2026-01-19 08:38:20
10130,Daily,18.52,2026-01-19 08:38:20
10130,Leisure,18.52,2026-01-19 08:38:20
10130,Night Out,18.52,2026-01-19 08:38:20
10132,Night Out,33.33,2026-01-19 08:38:20
10132,Daily,16.67,2026-01-19 08:38:20
10132,Leisure,16.67,2026-01-19 08:38:20
10132,Business,16.67,2026-01-19 08:38:20
10132,Evening,16.67,2026-01-19 08:38:20
10133,Leisure,23.43,2026-01-19 08:38:20
10133,Daily,23.01,2026-01-19 08:38:20
10133,Evening,21.76,2026-01-19 08:38:20
10133,Business,17.57,2026-01-19 08:38:20
10134,Daily,29.41,2026-01-19 08:38:20
10134,Leisure,26.47,2026-01-19 08:38:20
10134,Business,23.53,2026-01-19 08:38:20
10137,Leisure,26.67,2026-01-19 08:38:20
10137,Business,23.11,2026-01-19 08:38:20
10137,Daily,22.67,2026-01-19 08:38:20
10137,Evening,15.11,2026-01-19 08:38:20
10138,Daily,28.57,2026-01-19 08:38:20
10138,Leisure,28.57,2026-01-19 08:38:20
10138,Business,19.05,2026-01-19 08:38:20
10140,Daily,20.0,2026-01-19 08:38:20
10140,Leisure,20.0,2026-01-19 08:38:20
10140,Night Out,20.0,2026-01-19 08:38:20
10140,Business,20.0,2026-01-19 08:38:20
10140,Evening,20.0,2026-01-19 08:38:20
10141,Evening,27.32,2026-01-19 08:38:20
10141,Leisure,24.59,2026-01-19 08:38:20
10141,Night Out,18.03,2026-01-19 08:38:20
10141,Daily,16.94,2026-01-19 08:38:20
10142,Leisure,30.0,2026-01-19 08:38:20
10142,Evening,30.0,2026-01-19 08:38:20
10142,Daily,20.0,2026-01-19 08:38:20
10145,Evening,31.75,2026-01-19 08:38:20
10145,Night Out,29.37,2026-01-19 08:38:20
10145,Leisure,18.25,2026-01-19 08:38:20
10146,Daily,35.71,2026-01-19 08:38:20
10146,Leisure,28.57,2026-01-19 08:38:20
10146,Business,21.43,2026-01-19 08:38:20
10153,Daily,20.0,2026-01-19 08:38:20
10153,Leisure,20.0,2026-01-19 08:38:20
10153,Night Out,20.0,2026-01-19 08:38:20
10153,Business,20.0,2026-01-19 08:38:20
10153,Evening,20.0,2026-01-19 08:38:20
10154,Daily,33.33,2026-01-19 08:38:20
10154,Leisure,33.33,2026-01-19 08:38:20
10154,Sport,16.67,2026-01-19 08:38:20
10154,Business,16.67,2026-01-19 08:38:20
10156,Daily,36.36,2026-01-19 08:38:20
10156,Leisure,27.27,2026-01-19 08:38:20
10156,Business,18.18,2026-01-19 08:38:20
10158,Daily,25.0,2026-01-19 08:38:20
10158,Sport,25.0,2026-01-19 08:38:20
10158,Leisure,25.0,2026-01-19 08:38:20
10158,Business,25.0,2026-01-19 08:38:20
10161,Leisure,33.33,2026-01-19 08:38:20
10161,Night Out,33.33,2026-01-19 08:38:20
10161,Evening,33.33,2026-01-19 08:38:20
10164,Leisure,25.0,2026-01-19 08:38:20
10164,Business,25.0,2026-01-19 08:38:20
10164,Daily,16.67,2026-01-19 08:38:20
10164,Evening,16.67,2026-01-19 08:38:20
10168,Daily,25.0,2026-01-19 08:38:20
10168,Night Out,25.0,2026-01-19 08:38:20
10168,Evening,25.0,2026-01-19 08:38:20
10169,Leisure,33.33,2026-01-19 08:38:20
10169,Night Out,33.33,2026-01-19 08:38:20
10169,Evening,33.33,2026-01-19 08:38:20
10170,Daily,40.0,2026-01-19 08:38:20
10170,Leisure,40.0,2026-01-19 08:38:20
10170,Sport,20.0,2026-01-19 08:38:20
10174,Night Out,42.86,2026-01-19 08:38:20
10174,Evening,28.57,2026-01-19 08:38:20
10176,Daily,50.0,2026-01-19 08:38:20
10176,Leisure,50.0,2026-01-19 08:38:20
10177,Daily,20.0,2026-01-19 08:38:20
10177,Leisure,20.0,2026-01-19 08:38:20
10177,Night Out,20.0,2026-01-19 08:38:20
10177,Business,20.0,2026-01-19 08:38:20
10177,Evening,20.0,2026-01-19 08:38:20
10180,Daily,33.33,2026-01-19 08:38:20
10180,Leisure,33.33,2026-01-19 08:38:20
10180,Business,33.33,2026-01-19 08:38:20
10181,Daily,20.0,2026-01-19 08:38:20
10181,Leisure,20.0,2026-01-19 08:38:20
10181,Night Out,20.0,2026-01-19 08:38:20
10181,Business,20.0,2026-01-19 08:38:20
10181,Evening,20.0,2026-01-19 08:38:20
10185,Daily,25.0,2026-01-19 08:38:20
10185,Leisure,25.0,2026-01-19 08:38:20
10185,Evening,25.0,2026-01-19 08:38:20
10186,Daily,33.33,2026-01-19 08:38:20
10186,Sport,33.33,2026-01-19 08:38:20
10186,Leisure,33.33,2026-01-19 08:38:20
10192,Daily,40.0,2026-01-19 08:38:20
10192,Leisure,30.0,2026-01-19 08:38:20
10192,Business,30.0,2026-01-19 08:38:20
10193,Leisure,66.67,2026-01-19 08:38:20
10193,Daily,33.33,2026-01-19 08:38:20
10196,Daily,22.22,2026-01-19 08:38:20
10196,Sport,22.22,2026-01-19 08:38:20
10196,Leisure,22.22,2026-01-19 08:38:20
10196,Business,16.67,2026-01-19 08:38:20
10197,Daily,100.0,2026-01-19 08:38:20
10204,Daily,25.0,2026-01-19 08:38:20
10204,Business,25.0,2026-01-19 08:38:20
10204,Evening,25.0,2026-01-19 08:38:20
10208,Night Out,40.0,2026-01-19 08:38:20
10208,Daily,20.0,2026-01-19 08:38:20
10208,Business,20.0,2026-01-19 08:38:20
10208,Evening,20.0,2026-01-19 08:38:20
10209,Daily,20.0,2026-01-19 08:38:20
10209,Leisure,20.0,2026-01-19 08:38:20
10209,Night Out,20.0,2026-01-19 08:38:20
10209,Business,20.0,2026-01-19 08:38:20
10209,Evening,20.0,2026-01-19 08:38:20
10216,Daily,33.33,2026-01-19 08:38:20
10216,Leisure,33.33,2026-01-19 08:38:20
10216,Business,33.33,2026-01-19 08:38:20
10217,Daily,20.0,2026-01-19 08:38:20
10217,Leisure,20.0,2026-01-19 08:38:20
10217,Night Out,20.0,2026-01-19 08:38:20
10217,Business,20.0,2026-01-19 08:38:20
10217,Evening,20.0,2026-01-19 08:38:20
10220,Night Out,26.67,2026-01-19 08:38:20
10220,Daily,20.0,2026-01-19 08:38:20
10220,Leisure,20.0,2026-01-19 08:38:20
10220,Business,20.0,2026-01-19 08:38:20
10228,Leisure,40.0,2026-01-19 08:38:20
10228,Night Out,40.0,2026-01-19 08:38:20
10228,Evening,20.0,2026-01-19 08:38:20
10229,Evening,33.33,2026-01-19 08:38:20
10229,Daily,16.67,2026-01-19 08:38:20
10229,Leisure,16.67,2026-01-19 08:38:20
10229,Night Out,16.67,2026-01-19 08:38:20
10229,Business,16.67,2026-01-19 08:38:20
10232,Daily,25.0,2026-01-19 08:38:20
10232,Leisure,25.0,2026-01-19 08:38:20
10232,Evening,25.0,2026-01-19 08:38:20
10232,Business,16.67,2026-01-19 08:38:20
10234,Leisure,25.53,2026-01-19 08:38:20
10234,Daily,25.0,2026-01-19 08:38:20
10234,Business,19.68,2026-01-19 08:38:20
10238,Leisure,28.97,2026-01-19 08:38:20
10238,Daily,24.83,2026-01-19 08:38:20
10238,Business,22.76,2026-01-19 08:38:20
10242,Daily,26.23,2026-01-19 08:38:20
10242,Leisure,26.23,2026-01-19 08:38:20
10242,Business,17.21,2026-01-19 08:38:20
10242,Evening,16.39,2026-01-19 08:38:20
10244,Daily,22.22,2026-01-19 08:38:20
10244,Leisure,22.22,2026-01-19 08:38:20
10244,Business,22.22,2026-01-19 08:38:20
10244,Evening,16.67,2026-01-19 08:38:20
10246,Evening,25.0,2026-01-19 08:38:20
10246,Leisure,24.29,2026-01-19 08:38:20
10246,Night Out,23.57,2026-01-19 08:38:20
10246,Daily,15.71,2026-01-19 08:38:20
10254,Daily,22.22,2026-01-19 08:38:20
10254,Leisure,22.22,2026-01-19 08:38:20
10254,Business,20.37,2026-01-19 08:38:20
10254,Night Out,17.59,2026-01-19 08:38:20
10254,Evening,17.59,2026-01-19 08:38:20
10258,Leisure,26.03,2026-01-19 08:38:20
10258,Daily,22.6,2026-01-19 08:38:20
10258,Business,19.86,2026-01-19 08:38:20
10259,Daily,18.18,2026-01-19 08:38:20
10259,Sport,18.18,2026-01-19 08:38:20
10259,Leisure,18.18,2026-01-19 08:38:20
10259,Business,18.18,2026-01-19 08:38:20
10259,Evening,18.18,2026-01-19 08:38:20
10262,Leisure,26.96,2026-01-19 08:38:20
10262,Evening,21.74,2026-01-19 08:38:20
10262,Daily,20.0,2026-01-19 08:38:20
10262,Business,19.13,2026-01-19 08:38:20
10266,Leisure,27.03,2026-01-19 08:38:20
10266,Daily,23.42,2026-01-19 08:38:20
10266,Business,20.72,2026-01-19 08:38:20
10268,Night Out,50.0,2026-01-19 08:38:20
10268,Evening,50.0,2026-01-19 08:38:20
10270,Daily,27.27,2026-01-19 08:38:20
10270,Leisure,25.25,2026-01-19 08:38:20
10270,Business,22.22,2026-01-19 08:38:20
10272,Daily,40.0,2026-01-19 08:38:20
10272,Evening,40.0,2026-01-19 08:38:20
10272,Night Out,20.0,2026-01-19 08:38:20
10274,Evening,28.45,2026-01-19 08:38:20
10274,Leisure,23.28,2026-01-19 08:38:20
10274,Night Out,19.83,2026-01-19 08:38:20
10274,Daily,15.52,2026-01-19 08:38:20
10276,Daily,33.33,2026-01-19 08:38:20
10276,Leisure,33.33,2026-01-19 08:38:20
10276,Business,33.33,2026-01-19 08:38:20
10279,Leisure,22.45,2026-01-19 08:38:20
10279,Business,21.43,2026-01-19 08:38:20
10279,Evening,21.43,2026-01-19 08:38:20
10279,Daily,20.41,2026-01-19 08:38:20
10284,Daily,25.93,2026-01-19 08:38:20
10284,Leisure,25.93,2026-01-19 08:38:20
10284,Business,20.37,2026-01-19 08:38:20
10288,Daily,27.42,2026-01-19 08:38:20
10288,Leisure,27.42,2026-01-19 08:38:20
10288,Business,23.39,2026-01-19 08:38:20
10290,Leisure,33.33,2026-01-19 08:38:20
10290,Night Out,33.33,2026-01-19 08:38:20
10290,Evening,33.33,2026-01-19 08:38:20
10292,Leisure,33.33,2026-01-19 08:38:20
10292,Daily,25.93,2026-01-19 08:38:20
10292,Business,16.67,2026-01-19 08:38:20
10295,Night Out,25.94,2026-01-19 08:38:20
10295,Evening,25.71,2026-01-19 08:38:20
10295,Leisure,19.19,2026-01-19 08:38:20
10295,Daily,17.87,2026-01-19 08:38:20
10296,Leisure,27.38,2026-01-19 08:38:20
10296,Daily,23.81,2026-01-19 08:38:20
10296,Business,17.86,2026-01-19 08:38:20
10299,Daily,25.24,2026-01-19 08:38:20
10299,Leisure,24.92,2026-01-19 08:38:20
10299,Business,22.79,2026-01-19 08:38:20
10300,Leisure,28.21,2026-01-19 08:38:20
10300,Daily,23.08,2026-01-19 08:38:20
10300,Business,20.51,2026-01-19 08:38:20
10303,Leisure,30.56,2026-01-19 08:38:20
10303,Daily,26.39,2026-01-19 08:38:20
10303,Business,19.44,2026-01-19 08:38:20
10304,Night Out,34.25,2026-01-19 08:38:20
10304,Evening,33.73,2026-01-19 08:38:20
10304,Leisure,15.49,2026-01-19 08:38:20
10305,Daily,25.31,2026-01-19 08:38:20
10305,Leisure,24.69,2026-01-19 08:38:20
10305,Business,21.6,2026-01-19 08:38:20
10307,Evening,25.81,2026-01-19 08:38:20
10307,Night Out,24.19,2026-01-19 08:38:20
10307,Leisure,22.58,2026-01-19 08:38:20
10307,Daily,16.13,2026-01-19 08:38:20
10308,Evening,27.15,2026-01-19 08:38:20
10308,Night Out,24.54,2026-01-19 08:38:20
10308,Leisure,17.62,2026-01-19 08:38:20
10308,Daily,17.49,2026-01-19 08:38:20
10309,Daily,28.33,2026-01-19 08:38:20
10309,Leisure,25.0,2026-01-19 08:38:20
10309,Sport,21.67,2026-01-19 08:38:20
10309,Business,18.33,2026-01-19 08:38:20
10311,Leisure,26.92,2026-01-19 08:38:20
10311,Daily,25.64,2026-01-19 08:38:20
10311,Business,25.64,2026-01-19 08:38:20
10312,Evening,30.84,2026-01-19 08:38:20
10312,Night Out,30.11,2026-01-19 08:38:20
10312,Leisure,18.07,2026-01-19 08:38:20
10315,Daily,25.0,2026-01-19 08:38:20
10315,Night Out,25.0,2026-01-19 08:38:20
10315,Business,25.0,2026-01-19 08:38:20
10315,Evening,25.0,2026-01-19 08:38:20
10316,Evening,22.81,2026-01-19 08:38:20
10316,Night Out,21.81,2026-01-19 08:38:20
10316,Daily,20.37,2026-01-19 08:38:20
10316,Leisure,19.66,2026-01-19 08:38:20
10316,Business,15.35,2026-01-19 08:38:20
10317,Leisure,32.26,2026-01-19 08:38:20
10317,Daily,27.96,2026-01-19 08:38:20
10317,Business,27.96,2026-01-19 08:38:20
10319,Daily,28.57,2026-01-19 08:38:20
10319,Leisure,28.57,2026-01-19 08:38:20
10320,Evening,29.91,2026-01-19 08:38:20
10320,Night Out,27.34,2026-01-19 08:38:20
10320,Leisure,16.92,2026-01-19 08:38:20
10320,Daily,15.86,2026-01-19 08:38:20
10321,Leisure,33.33,2026-01-19 08:38:20
10321,Daily,28.57,2026-01-19 08:38:20
10321,Business,22.62,2026-01-19 08:38:20
10322,Night Out,50.0,2026-01-19 08:38:20
10322,Evening,50.0,2026-01-19 08:38:20
10323,Leisure,33.33,2026-01-19 08:38:20
10323,Daily,16.67,2026-01-19 08:38:20
10323,Night Out,16.67,2026-01-19 08:38:20
10323,Business,16.67,2026-01-19 08:38:20
10323,Evening,16.67,2026-01-19 08:38:20
10324,Evening,35.67,2026-01-19 08:38:20
10324,Night Out,33.87,2026-01-19 08:38:20
10324,Leisure,18.84,2026-01-19 08:38:20
10325,Leisure,31.88,2026-01-19 08:38:20
10325,Daily,28.99,2026-01-19 08:38:20
10325,Business,15.94,2026-01-19 08:38:20
10327,Daily,28.57,2026-01-19 08:38:20
10327,Leisure,28.57,2026-01-19 08:38:20
10328,Evening,24.22,2026-01-19 08:38:20
10328,Night Out,23.85,2026-01-19 08:38:20
10328,Leisure,20.18,2026-01-19 08:38:20
10328,Daily,19.08,2026-01-19 08:38:20
10329,Daily,33.33,2026-01-19 08:38:20
10329,Leisure,26.09,2026-01-19 08:38:20
10329,Business,15.94,2026-01-19 08:38:20
10330,Leisure,100.0,2026-01-19 08:38:20
10331,Daily,20.0,2026-01-19 08:38:20
10331,Leisure,20.0,2026-01-19 08:38:20
10331,Night Out,20.0,2026-01-19 08:38:20
10331,Business,20.0,2026-01-19 08:38:20
10331,Evening,20.0,2026-01-19 08:38:20
10332,Daily,29.03,2026-01-19 08:38:20
10332,Leisure,24.47,2026-01-19 08:38:20
10332,Business,23.71,2026-01-19 08:38:20
10333,Daily,28.92,2026-01-19 08:38:20
10333,Leisure,28.92,2026-01-19 08:38:20
10333,Business,22.89,2026-01-19 08:38:20
10335,Leisure,100.0,2026-01-19 08:38:20
10336,Evening,27.72,2026-01-19 08:38:20
10336,Night Out,25.37,2026-01-19 08:38:20
10336,Leisure,17.7,2026-01-19 08:38:20
10337,Daily,28.0,2026-01-19 08:38:20
10337,Leisure,25.33,2026-01-19 08:38:20
10337,Business,17.33,2026-01-19 08:38:20
10340,Leisure,21.89,2026-01-19 08:38:20
10340,Daily,20.22,2026-01-19 08:38:20
10340,Night Out,20.04,2026-01-19 08:38:20
10340,Business,19.29,2026-01-19 08:38:20
10340,Evening,18.55,2026-01-19 08:38:20
10341,Daily,31.48,2026-01-19 08:38:20
10341,Leisure,29.63,2026-01-19 08:38:20
10341,Business,25.93,2026-01-19 08:38:20
10344,Evening,32.79,2026-01-19 08:38:20
10344,Night Out,30.25,2026-01-19 08:38:20
10344,Leisure,15.47,2026-01-19 08:38:20
10345,Daily,35.71,2026-01-19 08:38:20
10345,Leisure,33.33,2026-01-19 08:38:20
10345,Business,21.43,2026-01-19 08:38:20
10347,Daily,20.0,2026-01-19 08:38:20
10347,Leisure,20.0,2026-01-19 08:38:20
10347,Night Out,20.0,2026-01-19 08:38:20
10347,Business,20.0,2026-01-19 08:38:20
10347,Evening,20.0,2026-01-19 08:38:20
10348,Leisure,24.63,2026-01-19 08:38:20
10348,Daily,22.91,2026-01-19 08:38:20
10348,Night Out,19.7,2026-01-19 08:38:20
10348,Evening,17.24,2026-01-19 08:38:20
10348,Business,15.52,2026-01-19 08:38:20
10349,Daily,23.33,2026-01-19 08:38:20
10349,Leisure,23.33,2026-01-19 08:38:20
10349,Business,20.0,2026-01-19 08:38:20
10349,Evening,16.67,2026-01-19 08:38:20
10351,Sport,100.0,2026-01-19 08:38:20
10352,Daily,27.83,2026-01-19 08:38:20
10352,Leisure,25.79,2026-01-19 08:38:20
10352,Business,21.49,2026-01-19 08:38:20
10356,Night Out,24.76,2026-01-19 08:38:20
10356,Evening,23.81,2026-01-19 08:38:20
10356,Leisure,21.27,2026-01-19 08:38:20
10356,Daily,15.87,2026-01-19 08:38:20
10357,Daily,33.33,2026-01-19 08:38:20
10357,Leisure,22.22,2026-01-19 08:38:20
10357,Night Out,22.22,2026-01-19 08:38:20
10357,Evening,22.22,2026-01-19 08:38:20
10358,Daily,100.0,2026-01-19 08:38:20
10360,Leisure,25.85,2026-01-19 08:38:20
10360,Daily,25.07,2026-01-19 08:38:20
10360,Business,19.84,2026-01-19 08:38:20
10360,Evening,15.14,2026-01-19 08:38:20
10362,Daily,25.0,2026-01-19 08:38:20
10362,Night Out,25.0,2026-01-19 08:38:20
10362,Evening,25.0,2026-01-19 08:38:20
10362,Leisure,16.67,2026-01-19 08:38:20
10363,Daily,33.33,2026-01-19 08:38:20
10363,Leisure,33.33,2026-01-19 08:38:20
10363,Night Out,33.33,2026-01-19 08:38:20
10364,Leisure,25.16,2026-01-19 08:38:20
10364,Daily,24.74,2026-01-19 08:38:20
10364,Business,22.83,2026-01-19 08:38:20
10365,Daily,36.36,2026-01-19 08:38:20
10365,Leisure,27.27,2026-01-19 08:38:20
10365,Business,18.18,2026-01-19 08:38:20
10368,Leisure,22.25,2026-01-19 08:38:20
10368,Daily,20.56,2026-01-19 08:38:20
10368,Business,20.56,2026-01-19 08:38:20
10368,Evening,18.59,2026-01-19 08:38:20
10368,Night Out,18.03,2026-01-19 08:38:20
10369,Daily,30.77,2026-01-19 08:38:20
10369,Leisure,30.77,2026-01-19 08:38:20
10369,Business,15.38,2026-01-19 08:38:20
10372,Daily,21.43,2026-01-19 08:38:20
10372,Night Out,21.43,2026-01-19 08:38:20
10372,Business,21.43,2026-01-19 08:38:20
10373,Leisure,24.76,2026-01-19 08:38:20
10373,Daily,21.54,2026-01-19 08:38:20
10373,Night Out,18.97,2026-01-19 08:38:20
10373,Evening,18.97,2026-01-19 08:38:20
10373,Business,15.76,2026-01-19 08:38:20
10376,Leisure,29.46,2026-01-19 08:38:20
10376,Daily,21.71,2026-01-19 08:38:20
10376,Night Out,17.05,2026-01-19 08:38:20
10376,Evening,16.28,2026-01-19 08:38:20
10376,Business,15.5,2026-01-19 08:38:20
10377,Leisure,37.5,2026-01-19 08:38:20
10377,Evening,25.0,2026-01-19 08:38:20
10381,Daily,40.0,2026-01-19 08:38:20
10381,Leisure,40.0,2026-01-19 08:38:20
10381,Business,20.0,2026-01-19 08:38:20
10384,Leisure,26.1,2026-01-19 08:38:20
10384,Daily,24.75,2026-01-19 08:38:20
10384,Business,23.05,2026-01-19 08:38:20
10385,Daily,42.86,2026-01-19 08:38:20
10385,Leisure,42.86,2026-01-19 08:38:20
10387,Leisure,28.57,2026-01-19 08:38:20
10387,Business,28.57,2026-01-19 08:38:20
10388,Evening,25.64,2026-01-19 08:38:20
10388,Leisure,22.71,2026-01-19 08:38:20
10388,Night Out,21.61,2026-01-19 08:38:20
10388,Daily,15.75,2026-01-19 08:38:20
10392,Daily,40.0,2026-01-19 08:38:20
10392,Leisure,40.0,2026-01-19 08:38:20
10392,Business,20.0,2026-01-19 08:38:20
10399,Leisure,27.12,2026-01-19 08:38:20
10399,Evening,23.73,2026-01-19 08:38:20
10399,Night Out,20.34,2026-01-19 08:38:20
10399,Daily,15.25,2026-01-19 08:38:20
10400,Leisure,26.39,2026-01-19 08:38:20
10400,Business,23.05,2026-01-19 08:38:20
10400,Daily,22.68,2026-01-19 08:38:20
10402,Night Out,33.33,2026-01-19 08:38:20
10402,Evening,33.33,2026-01-19 08:38:20
10403,Leisure,25.49,2026-01-19 08:38:20
10403,Evening,25.49,2026-01-19 08:38:20
10403,Daily,21.57,2026-01-19 08:38:20
10403,Business,15.69,2026-01-19 08:38:20
10404,Leisure,25.31,2026-01-19 08:38:20
10404,Daily,20.82,2026-01-19 08:38:20
10404,Night Out,20.0,2026-01-19 08:38:20
10404,Business,17.55,2026-01-19 08:38:20
10404,Evening,16.33,2026-01-19 08:38:20
10407,Leisure,28.95,2026-01-19 08:38:20
10407,Business,18.42,2026-01-19 08:38:20
10407,Daily,15.79,2026-01-19 08:38:20
10407,Sport,15.79,2026-01-19 08:38:20
10409,Daily,25.0,2026-01-19 08:38:20
10409,Leisure,25.0,2026-01-19 08:38:20
10409,Business,25.0,2026-01-19 08:38:20
10409,Evening,25.0,2026-01-19 08:38:20
10410,Leisure,25.0,2026-01-19 08:38:20
10410,Daily,23.44,2026-01-19 08:38:20
10410,Evening,18.23,2026-01-19 08:38:20
10410,Night Out,16.67,2026-01-19 08:38:20
10410,Business,16.67,2026-01-19 08:38:20
10411,Leisure,30.0,2026-01-19 08:38:20
10411,Evening,23.33,2026-01-19 08:38:20
10411,Daily,16.67,2026-01-19 08:38:20
10411,Night Out,16.67,2026-01-19 08:38:20
10414,Night Out,24.37,2026-01-19 08:38:20
10414,Evening,23.11,2026-01-19 08:38:20
10414,Leisure,20.59,2026-01-19 08:38:20
10414,Daily,16.81,2026-01-19 08:38:20
10414,Business,15.13,2026-01-19 08:38:20
10418,Evening,27.92,2026-01-19 08:38:20
10418,Night Out,24.58,2026-01-19 08:38:20
10418,Daily,17.92,2026-01-19 08:38:20
10418,Business,15.0,2026-01-19 08:38:20
10422,Evening,34.43,2026-01-19 08:38:20
10422,Night Out,33.33,2026-01-19 08:38:20
10422,Leisure,15.3,2026-01-19 08:38:20
10423,Daily,29.63,2026-01-19 08:38:20
10423,Leisure,29.63,2026-01-19 08:38:20
10424,Daily,50.0,2026-01-19 08:38:20
10424,Leisure,50.0,2026-01-19 08:38:20
10425,Leisure,33.33,2026-01-19 08:38:20
10425,Daily,28.57,2026-01-19 08:38:20
10425,Business,19.05,2026-01-19 08:38:20
10430,Leisure,23.53,2026-01-19 08:38:20
10430,Business,23.53,2026-01-19 08:38:20
10430,Daily,20.59,2026-01-19 08:38:20
10430,Night Out,17.65,2026-01-19 08:38:20
10431,Daily,28.1,2026-01-19 08:38:20
10431,Leisure,26.28,2026-01-19 08:38:20
10431,Business,24.45,2026-01-19 08:38:20
10434,Evening,26.44,2026-01-19 08:38:20
10434,Night Out,25.96,2026-01-19 08:38:20
10434,Leisure,21.63,2026-01-19 08:38:20
10435,Leisure,26.32,2026-01-19 08:38:20
10435,Business,26.32,2026-01-19 08:38:20
10435,Daily,21.05,2026-01-19 08:38:20
10435,Evening,15.79,2026-01-19 08:38:20
10438,Evening,30.15,2026-01-19 08:38:20
10438,Night Out,29.15,2026-01-19 08:38:20
10438,Leisure,21.61,2026-01-19 08:38:20
10442,Evening,33.07,2026-01-19 08:38:20
10442,Night Out,29.13,2026-01-19 08:38:20
10442,Leisure,18.9,2026-01-19 08:38:20
10446,Leisure,26.32,2026-01-19 08:38:20
10446,Daily,22.22,2026-01-19 08:38:20
10446,Business,18.13,2026-01-19 08:38:20
10446,Night Out,16.96,2026-01-19 08:38:20
10446,Evening,16.37,2026-01-19 08:38:20
10447,Leisure,31.25,2026-01-19 08:38:20
10447,Business,31.25,2026-01-19 08:38:20
10447,Daily,25.0,2026-01-19 08:38:20
10450,Evening,25.0,2026-01-19 08:38:20
10450,Night Out,23.12,2026-01-19 08:38:20
10450,Daily,18.75,2026-01-19 08:38:20
10450,Leisure,18.75,2026-01-19 08:38:20
10451,Daily,28.57,2026-01-19 08:38:20
10451,Leisure,21.43,2026-01-19 08:38:20
10451,Business,17.86,2026-01-19 08:38:20
10451,Evening,17.86,2026-01-19 08:38:20
10455,Daily,28.57,2026-01-19 08:38:20
10455,Leisure,28.57,2026-01-19 08:38:20
10455,Business,28.57,2026-01-19 08:38:20
10458,Leisure,23.76,2026-01-19 08:38:20
10458,Daily,22.65,2026-01-19 08:38:20
10458,Night Out,18.78,2026-01-19 08:38:20
10458,Business,18.23,2026-01-19 08:38:20
10458,Evening,16.57,2026-01-19 08:38:20
10459,Daily,21.05,2026-01-19 08:38:20
10459,Evening,21.05,2026-01-19 08:38:20
10459,Leisure,15.79,2026-01-19 08:38:20
10459,Night Out,15.79,2026-01-19 08:38:20
10459,Business,15.79,2026-01-19 08:38:20
10462,Evening,28.72,2026-01-19 08:38:20
10462,Night Out,24.47,2026-01-19 08:38:20
10462,Leisure,22.34,2026-01-19 08:38:20
10463,Daily,33.33,2026-01-19 08:38:20
10463,Leisure,22.22,2026-01-19 08:38:20
10463,Business,22.22,2026-01-19 08:38:20
10463,Evening,22.22,2026-01-19 08:38:20
10464,Daily,27.48,2026-01-19 08:38:20
10464,Leisure,27.48,2026-01-19 08:38:20
10464,Business,20.14,2026-01-19 08:38:20
10466,Evening,28.95,2026-01-19 08:38:20
10466,Night Out,25.66,2026-01-19 08:38:20
10466,Leisure,23.03,2026-01-19 08:38:20
10467,Daily,37.5,2026-01-19 08:38:20
10467,Evening,37.5,2026-01-19 08:38:20
10469,Evening,30.48,2026-01-19 08:38:20
10469,Night Out,27.9,2026-01-19 08:38:20
10469,Leisure,20.81,2026-01-19 08:38:20
10470,Daily,24.32,2026-01-19 08:38:20
10470,Leisure,24.32,2026-01-19 08:38:20
10470,Business,18.92,2026-01-19 08:38:20
10470,Night Out,16.22,2026-01-19 08:38:20
10470,Evening,16.22,2026-01-19 08:38:20
10471,Daily,27.78,2026-01-19 08:38:20
10471,Business,22.22,2026-01-19 08:38:20
10471,Leisure,16.67,2026-01-19 08:38:20
10473,Night Out,33.64,2026-01-19 08:38:20
10473,Evening,33.64,2026-01-19 08:38:20
10473,Leisure,15.45,2026-01-19 08:38:20
10474,Daily,26.39,2026-01-19 08:38:20
10474,Leisure,25.51,2026-01-19 08:38:20
10474,Business,22.58,2026-01-19 08:38:20
10474,Sport,15.98,2026-01-19 08:38:20
10476,Evening,31.14,2026-01-19 08:38:20
10476,Night Out,29.62,2026-01-19 08:38:20
10476,Leisure,16.62,2026-01-19 08:38:20
10477,Evening,33.33,2026-01-19 08:38:20
10477,Night Out,29.63,2026-01-19 08:38:20
10477,Leisure,17.78,2026-01-19 08:38:20
10478,Evening,25.7,2026-01-19 08:38:20
10478,Night Out,23.43,2026-01-19 08:38:20
10478,Leisure,20.98,2026-01-19 08:38:20
10478,Daily,15.73,2026-01-19 08:38:20
10480,Leisure,25.39,2026-01-19 08:38:20
10480,Daily,23.16,2026-01-19 08:38:20
10480,Business,17.41,2026-01-19 08:38:20
10481,Evening,34.69,2026-01-19 08:38:20
10481,Night Out,34.01,2026-01-19 08:38:20
10481,Leisure,19.73,2026-01-19 08:38:20
10482,Evening,25.0,2026-01-19 08:38:20
10482,Leisure,23.11,2026-01-19 08:38:20
10482,Night Out,18.63,2026-01-19 08:38:20
10482,Daily,17.69,2026-01-19 08:38:20
10482,Business,15.57,2026-01-19 08:38:20
10484,Daily,21.66,2026-01-19 08:38:20
10484,Leisure,21.24,2026-01-19 08:38:20
10484,Business,19.17,2026-01-19 08:38:20
10485,Leisure,23.16,2026-01-19 08:38:20
10485,Night Out,21.47,2026-01-19 08:38:20
10485,Daily,19.77,2026-01-19 08:38:20
10485,Evening,19.77,2026-01-19 08:38:20
10485,Business,15.82,2026-01-19 08:38:20
10486,Daily,26.57,2026-01-19 08:38:20
10486,Leisure,25.39,2026-01-19 08:38:20
10486,Business,22.44,2026-01-19 08:38:20
10487,Daily,20.0,2026-01-19 08:38:20
10487,Leisure,20.0,2026-01-19 08:38:20
10487,Night Out,20.0,2026-01-19 08:38:20
10487,Business,20.0,2026-01-19 08:38:20
10487,Evening,20.0,2026-01-19 08:38:20
10488,Daily,27.96,2026-01-19 08:38:20
10488,Business,25.07,2026-01-19 08:38:20
10488,Leisure,23.88,2026-01-19 08:38:20
10489,Daily,26.51,2026-01-19 08:38:20
10489,Leisure,25.3,2026-01-19 08:38:20
10489,Business,22.29,2026-01-19 08:38:20
10490,Daily,31.17,2026-01-19 08:38:20
10490,Leisure,29.37,2026-01-19 08:38:20
10490,Business,21.75,2026-01-19 08:38:20
10492,Leisure,24.84,2026-01-19 08:38:20
10492,Business,20.92,2026-01-19 08:38:20
10492,Daily,19.61,2026-01-19 08:38:20
10492,Evening,15.69,2026-01-19 08:38:20
10493,Daily,25.7,2026-01-19 08:38:20
10493,Leisure,23.88,2026-01-19 08:38:20
10493,Business,19.07,2026-01-19 08:38:20
10493,Sport,16.09,2026-01-19 08:38:20
10494,Leisure,27.03,2026-01-19 08:38:20
10494,Daily,24.32,2026-01-19 08:38:20
10494,Business,18.67,2026-01-19 08:38:20
10496,Leisure,25.45,2026-01-19 08:38:20
10496,Daily,24.33,2026-01-19 08:38:20
10496,Business,23.21,2026-01-19 08:38:20
10497,Leisure,27.56,2026-01-19 08:38:20
10497,Evening,25.72,2026-01-19 08:38:20
10497,Night Out,18.37,2026-01-19 08:38:20
10497,Daily,16.01,2026-01-19 08:38:20
10498,Daily,22.41,2026-01-19 08:38:20
10498,Leisure,20.11,2026-01-19 08:38:20
10498,Business,20.11,2026-01-19 08:38:20
10498,Evening,18.97,2026-01-19 08:38:20
10498,Night Out,18.39,2026-01-19 08:38:20
10499,Daily,20.0,2026-01-19 08:38:20
10499,Leisure,20.0,2026-01-19 08:38:20
10499,Night Out,20.0,2026-01-19 08:38:20
10499,Business,20.0,2026-01-19 08:38:20
10499,Evening,20.0,2026-01-19 08:38:20
10500,Evening,23.89,2026-01-19 08:38:20
10500,Night Out,22.9,2026-01-19 08:38:20
10500,Leisure,21.09,2026-01-19 08:38:20
10500,Daily,17.13,2026-01-19 08:38:20
10501,Evening,29.21,2026-01-19 08:38:20
10501,Night Out,26.12,2026-01-19 08:38:20
10501,Leisure,20.79,2026-01-19 08:38:20
10502,Night Out,32.26,2026-01-19 08:38:20
10502,Evening,32.26,2026-01-19 08:38:20
10502,Leisure,18.55,2026-01-19 08:38:20
10503,Leisure,33.33,2026-01-19 08:38:20
10503,Night Out,33.33,2026-01-19 08:38:20
10503,Evening,33.33,2026-01-19 08:38:20
10504,Leisure,26.17,2026-01-19 08:38:20
10504,Daily,22.43,2026-01-19 08:38:20
10504,Night Out,19.63,2026-01-19 08:38:20
10504,Evening,18.69,2026-01-19 08:38:20
10505,Leisure,26.32,2026-01-19 08:38:20
10505,Daily,26.05,2026-01-19 08:38:20
10505,Business,19.74,2026-01-19 08:38:20
10506,Evening,32.01,2026-01-19 08:38:20
10506,Night Out,30.02,2026-01-19 08:38:20
10508,Night Out,23.02,2026-01-19 08:38:20
10508,Daily,21.58,2026-01-19 08:38:20
10508,Evening,21.58,2026-01-19 08:38:20
10508,Leisure,17.27,2026-01-19 08:38:20
10508,Business,16.55,2026-01-19 08:38:20
10509,Leisure,23.24,2026-01-19 08:38:20
10509,Daily,22.16,2026-01-19 08:38:20
10509,Evening,20.27,2026-01-19 08:38:20
10509,Business,17.3,2026-01-19 08:38:20
10509,Night Out,17.03,2026-01-19 08:38:20
10510,Daily,25.43,2026-01-19 08:38:20
10510,Leisure,24.28,2026-01-19 08:38:20
10510,Sport,20.46,2026-01-19 08:38:20
10510,Business,16.44,2026-01-19 08:38:20
10512,Evening,29.59,2026-01-19 08:38:20
10512,Night Out,28.57,2026-01-19 08:38:20
10512,Leisure,15.31,2026-01-19 08:38:20
10514,Leisure,26.83,2026-01-19 08:38:20
10514,Daily,25.61,2026-01-19 08:38:20
10514,Business,23.9,2026-01-19 08:38:20
10515,Daily,21.24,2026-01-19 08:38:20
10515,Leisure,21.24,2026-01-19 08:38:20
10515,Evening,20.16,2026-01-19 08:38:20
10515,Business,19.35,2026-01-19 08:38:20
10515,Night Out,18.01,2026-01-19 08:38:20
10517,Evening,30.97,2026-01-19 08:38:20
10517,Night Out,29.2,2026-01-19 08:38:20
10517,Leisure,23.89,2026-01-19 08:38:20
10518,Daily,20.0,2026-01-19 08:38:20
10518,Leisure,20.0,2026-01-19 08:38:20
10518,Night Out,20.0,2026-01-19 08:38:20
10518,Business,20.0,2026-01-19 08:38:20
10518,Evening,20.0,2026-01-19 08:38:20
10519,Leisure,26.54,2026-01-19 08:38:20
10519,Daily,24.69,2026-01-19 08:38:20
10519,Sport,20.06,2026-01-19 08:38:20
10519,Business,15.74,2026-01-19 08:38:20
10520,Daily,25.52,2026-01-19 08:38:20
10520,Leisure,24.83,2026-01-19 08:38:20
10520,Sport,20.0,2026-01-19 08:38:20
10520,Business,20.0,2026-01-19 08:38:20
10521,Daily,28.46,2026-01-19 08:38:20
10521,Leisure,28.46,2026-01-19 08:38:20
10521,Business,21.82,2026-01-19 08:38:20
10522,Evening,25.95,2026-01-19 08:38:20
10522,Night Out,24.43,2026-01-19 08:38:20
10522,Leisure,20.23,2026-01-19 08:38:20
10522,Daily,16.41,2026-01-19 08:38:20
10525,Daily,26.68,2026-01-19 08:38:20
10525,Business,24.51,2026-01-19 08:38:20
10525,Leisure,24.11,2026-01-19 08:38:20
10526,Daily,22.18,2026-01-19 08:38:20
10526,Leisure,21.83,2026-01-19 08:38:20
10526,Evening,19.72,2026-01-19 08:38:20
10526,Night Out,18.31,2026-01-19 08:38:20
10526,Business,17.96,2026-01-19 08:38:20
10527,Daily,20.0,2026-01-19 08:38:20
10527,Leisure,20.0,2026-01-19 08:38:20
10527,Night Out,20.0,2026-01-19 08:38:20
10527,Business,20.0,2026-01-19 08:38:20
10527,Evening,20.0,2026-01-19 08:38:20
10528,Daily,29.22,2026-01-19 08:38:20
10528,Leisure,27.79,2026-01-19 08:38:20
10528,Business,23.99,2026-01-19 08:38:20
10529,Evening,32.38,2026-01-19 08:38:20
10529,Night Out,28.57,2026-01-19 08:38:20
10529,Leisure,17.14,2026-01-19 08:38:20
10530,Evening,26.86,2026-01-19 08:38:20
10530,Leisure,22.97,2026-01-19 08:38:20
10530,Night Out,22.61,2026-01-19 08:38:20
10530,Daily,16.25,2026-01-19 08:38:20
10532,Daily,24.07,2026-01-19 08:38:20
10532,Leisure,22.82,2026-01-19 08:38:20
10532,Business,21.16,2026-01-19 08:38:20
10532,Evening,18.26,2026-01-19 08:38:20
10533,Business,26.45,2026-01-19 08:38:20
10533,Daily,25.34,2026-01-19 08:38:20
10533,Leisure,21.49,2026-01-19 08:38:20
10535,Evening,34.25,2026-01-19 08:38:20
10535,Night Out,31.51,2026-01-19 08:38:20
10536,Daily,24.02,2026-01-19 08:38:20
10536,Business,24.02,2026-01-19 08:38:20
10536,Leisure,22.72,2026-01-19 08:38:20
10537,Leisure,24.33,2026-01-19 08:38:20
10537,Daily,23.67,2026-01-19 08:38:20
10537,Business,18.67,2026-01-19 08:38:20
10537,Evening,15.0,2026-01-19 08:38:20
10539,Night Out,28.43,2026-01-19 08:38:20
10539,Evening,28.43,2026-01-19 08:38:20
10539,Leisure,18.63,2026-01-19 08:38:20
10540,Leisure,28.95,2026-01-19 08:38:20
10540,Daily,28.47,2026-01-19 08:38:20
10540,Business,20.1,2026-01-19 08:38:20
10542,Daily,28.09,2026-01-19 08:38:20
10542,Leisure,28.09,2026-01-19 08:38:20
10542,Business,22.22,2026-01-19 08:38:20
10543,Leisure,25.88,2026-01-19 08:38:20
10543,Night Out,21.18,2026-01-19 08:38:20
10543,Daily,20.0,2026-01-19 08:38:20
10543,Business,18.82,2026-01-19 08:38:20
10544,Leisure,25.52,2026-01-19 08:38:20
10544,Evening,22.41,2026-01-19 08:38:20
10544,Daily,19.31,2026-01-19 08:38:20
10544,Night Out,16.9,2026-01-19 08:38:20
10544,Business,15.86,2026-01-19 08:38:20
10547,Leisure,25.27,2026-01-19 08:38:20
10547,Daily,23.08,2026-01-19 08:38:20
10547,Business,20.88,2026-01-19 08:38:20
10547,Night Out,19.78,2026-01-19 08:38:20
10549,Daily,26.58,2026-01-19 08:38:20
10549,Leisure,25.71,2026-01-19 08:38:20
10549,Business,24.84,2026-01-19 08:38:20
10551,Night Out,22.02,2026-01-19 08:38:20
10551,Evening,21.1,2026-01-19 08:38:20
10551,Daily,20.18,2026-01-19 08:38:20
10551,Leisure,20.18,2026-01-19 08:38:20
10551,Business,16.51,2026-01-19 08:38:20
10554,Daily,24.72,2026-01-19 08:38:20
10554,Business,21.16,2026-01-19 08:38:20
10554,Leisure,20.49,2026-01-19 08:38:20
10554,Night Out,17.15,2026-01-19 08:38:20
10554,Evening,16.48,2026-01-19 08:38:20
10555,Daily,25.93,2026-01-19 08:38:20
10555,Leisure,22.22,2026-01-19 08:38:20
10555,Night Out,18.52,2026-01-19 08:38:20
10555,Evening,17.28,2026-01-19 08:38:20
10555,Business,16.05,2026-01-19 08:38:20
10558,Daily,22.99,2026-01-19 08:38:20
10558,Business,20.38,2026-01-19 08:38:20
10558,Evening,19.43,2026-01-19 08:38:20
10558,Night Out,18.72,2026-01-19 08:38:20
10558,Leisure,18.48,2026-01-19 08:38:20
10559,Leisure,24.0,2026-01-19 08:38:20
10559,Business,22.0,2026-01-19 08:38:20
10559,Daily,19.0,2026-01-19 08:38:20
10559,Night Out,18.0,2026-01-19 08:38:20
10559,Evening,17.0,2026-01-19 08:38:20
10562,Daily,26.55,2026-01-19 08:38:20
10562,Business,23.16,2026-01-19 08:38:20
10562,Leisure,22.03,2026-01-19 08:38:20
10563,Leisure,25.95,2026-01-19 08:38:20
10563,Business,22.9,2026-01-19 08:38:20
10563,Daily,22.14,2026-01-19 08:38:20
10563,Evening,16.03,2026-01-19 08:38:20
10566,Daily,21.91,2026-01-19 08:38:20
10566,Evening,21.66,2026-01-19 08:38:20
10566,Night Out,19.9,2026-01-19 08:38:20
10566,Leisure,18.64,2026-01-19 08:38:20
10566,Business,17.88,2026-01-19 08:38:20
10567,Leisure,29.91,2026-01-19 08:38:20
10567,Daily,27.1,2026-01-19 08:38:20
10567,Business,22.43,2026-01-19 08:38:20
10570,Daily,25.09,2026-01-19 08:38:20
10570,Leisure,23.02,2026-01-19 08:38:20
10570,Business,21.99,2026-01-19 08:38:20
10572,Daily,25.0,2026-01-19 08:38:20
10572,Leisure,25.0,2026-01-19 08:38:20
10572,Night Out,25.0,2026-01-19 08:38:20
10572,Evening,25.0,2026-01-19 08:38:20
10574,Evening,30.36,2026-01-19 08:38:20
10574,Night Out,26.19,2026-01-19 08:38:20
10574,Leisure,21.43,2026-01-19 08:38:20
10575,Night Out,21.43,2026-01-19 08:38:20
10575,Evening,21.43,2026-01-19 08:38:20
10575,Daily,20.24,2026-01-19 08:38:20
10575,Leisure,19.05,2026-01-19 08:38:20
10575,Business,17.86,2026-01-19 08:38:20
10578,Leisure,27.62,2026-01-19 08:38:20
10578,Daily,26.98,2026-01-19 08:38:20
10578,Business,25.08,2026-01-19 08:38:20
10579,Leisure,25.93,2026-01-19 08:38:20
10579,Daily,25.0,2026-01-19 08:38:20
10579,Business,25.0,2026-01-19 08:38:20
10582,Daily,27.37,2026-01-19 08:38:20
10582,Leisure,26.29,2026-01-19 08:38:20
10582,Business,24.66,2026-01-19 08:38:20
10583,Night Out,22.73,2026-01-19 08:38:20
10583,Evening,22.73,2026-01-19 08:38:20
10583,Daily,18.18,2026-01-19 08:38:20
10583,Leisure,18.18,2026-01-19 08:38:20
10583,Business,18.18,2026-01-19 08:38:20
10586,Daily,26.63,2026-01-19 08:38:20
10586,Leisure,26.63,2026-01-19 08:38:20
10586,Business,26.63,2026-01-19 08:38:20
10586,Sport,15.76,2026-01-19 08:38:20
10587,Daily,29.89,2026-01-19 08:38:20
10587,Leisure,26.44,2026-01-19 08:38:20
10587,Business,26.44,2026-01-19 08:38:20
10591,Leisure,22.78,2026-01-19 08:38:20
10591,Daily,21.0,2026-01-19 08:38:20
10591,Night Out,19.57,2026-01-19 08:38:20
10591,Evening,19.57,2026-01-19 08:38:20
10591,Business,17.08,2026-01-19 08:38:20
10593,Leisure,27.71,2026-01-19 08:38:20
10593,Daily,26.51,2026-01-19 08:38:20
10593,Business,16.87,2026-01-19 08:38:20
10594,Daily,23.05,2026-01-19 08:38:20
10594,Business,21.36,2026-01-19 08:38:20
10594,Leisure,19.66,2026-01-19 08:38:20
10594,Night Out,17.97,2026-01-19 08:38:20
10594,Evening,17.97,2026-01-19 08:38:20
10598,Evening,25.93,2026-01-19 08:38:20
10598,Leisure,22.22,2026-01-19 08:38:20
10598,Night Out,20.99,2026-01-19 08:38:20
10598,Daily,19.75,2026-01-19 08:38:20
10599,Night Out,50.0,2026-01-19 08:38:20
10599,Evening,50.0,2026-01-19 08:38:20
10601,Daily,29.22,2026-01-19 08:38:20
10601,Leisure,26.03,2026-01-19 08:38:20
10601,Business,25.57,2026-01-19 08:38:20
10602,Leisure,27.94,2026-01-19 08:38:20
10602,Daily,23.53,2026-01-19 08:38:20
10602,Business,17.65,2026-01-19 08:38:20
10605,Leisure,25.0,2026-01-19 08:38:20
10605,Business,23.91,2026-01-19 08:38:20
10605,Daily,21.74,2026-01-19 08:38:20
10605,Evening,15.22,2026-01-19 08:38:20
10607,Evening,31.79,2026-01-19 08:38:20
10607,Night Out,31.21,2026-01-19 08:38:20
10607,Leisure,15.61,2026-01-19 08:38:20
10611,Daily,27.84,2026-01-19 08:38:20
10611,Leisure,24.18,2026-01-19 08:38:20
10611,Business,22.71,2026-01-19 08:38:20
10613,Daily,25.0,2026-01-19 08:38:20
10613,Leisure,25.0,2026-01-19 08:38:20
10613,Business,23.86,2026-01-19 08:38:20
10614,Daily,100.0,2026-01-19 08:38:20
10615,Leisure,26.07,2026-01-19 08:38:20
10615,Daily,23.5,2026-01-19 08:38:20
10615,Business,20.09,2026-01-19 08:38:20
10618,Leisure,26.21,2026-01-19 08:38:20
10618,Daily,23.3,2026-01-19 08:38:20
10618,Business,18.45,2026-01-19 08:38:20
10619,Evening,27.32,2026-01-19 08:38:20
10619,Night Out,24.04,2026-01-19 08:38:20
10619,Leisure,20.22,2026-01-19 08:38:20
10619,Business,15.3,2026-01-19 08:38:20
10622,Evening,36.21,2026-01-19 08:38:20
10622,Night Out,32.76,2026-01-19 08:38:20
10623,Daily,28.25,2026-01-19 08:38:20
10623,Business,24.16,2026-01-19 08:38:20
10623,Leisure,21.93,2026-01-19 08:38:20
10625,Daily,25.72,2026-01-19 08:38:20
10625,Leisure,23.15,2026-01-19 08:38:20
10625,Business,22.19,2026-01-19 08:38:20
10626,Daily,31.15,2026-01-19 08:38:20
10626,Business,22.95,2026-01-19 08:38:20
10626,Leisure,19.67,2026-01-19 08:38:20
10626,Night Out,16.39,2026-01-19 08:38:20
10627,Leisure,28.76,2026-01-19 08:38:20
10627,Daily,26.14,2026-01-19 08:38:20
10627,Business,23.53,2026-01-19 08:38:20
10627,Sport,16.99,2026-01-19 08:38:20
10629,Evening,31.37,2026-01-19 08:38:20
10629,Night Out,27.45,2026-01-19 08:38:20
10629,Daily,17.65,2026-01-19 08:38:20
10630,Leisure,25.32,2026-01-19 08:38:20
10630,Daily,25.0,2026-01-19 08:38:20
10630,Business,23.05,2026-01-19 08:38:20
10631,Daily,27.96,2026-01-19 08:38:20
10631,Leisure,25.12,2026-01-19 08:38:20
10631,Business,21.8,2026-01-19 08:38:20
10633,Daily,27.14,2026-01-19 08:38:20
10633,Business,25.71,2026-01-19 08:38:20
10633,Leisure,21.43,2026-01-19 08:38:20
10634,Daily,30.23,2026-01-19 08:38:20
10634,Leisure,27.52,2026-01-19 08:38:20
10634,Business,21.71,2026-01-19 08:38:20
10635,Evening,28.37,2026-01-19 08:38:20
10635,Night Out,25.48,2026-01-19 08:38:20
10635,Leisure,20.67,2026-01-19 08:38:20
10636,Daily,26.67,2026-01-19 08:38:20
10636,Leisure,26.67,2026-01-19 08:38:20
10636,Business,26.67,2026-01-19 08:38:20
10637,Evening,29.51,2026-01-19 08:38:20
10637,Night Out,22.95,2026-01-19 08:38:20
10637,Leisure,21.31,2026-01-19 08:38:20
10638,Leisure,26.74,2026-01-19 08:38:20
10638,Daily,26.01,2026-01-19 08:38:20
10638,Business,22.71,2026-01-19 08:38:20
10639,Evening,27.23,2026-01-19 08:38:20
10639,Night Out,26.7,2026-01-19 08:38:20
10639,Leisure,19.37,2026-01-19 08:38:20
10642,Daily,30.61,2026-01-19 08:38:20
10642,Leisure,26.12,2026-01-19 08:38:20
10642,Business,21.63,2026-01-19 08:38:20
10643,Leisure,29.08,2026-01-19 08:38:20
10643,Daily,26.29,2026-01-19 08:38:20
10643,Business,22.31,2026-01-19 08:38:20
10644,Daily,26.67,2026-01-19 08:38:20
10644,Evening,26.67,2026-01-19 08:38:20
10644,Night Out,20.0,2026-01-19 08:38:20
10645,Leisure,31.15,2026-01-19 08:38:20
10645,Daily,22.95,2026-01-19 08:38:20
10645,Business,16.39,2026-01-19 08:38:20
10646,Daily,27.89,2026-01-19 08:38:20
10646,Leisure,26.69,2026-01-19 08:38:20
10646,Business,23.9,2026-01-19 08:38:20
10647,Evening,30.87,2026-01-19 08:38:20
10647,Night Out,30.2,2026-01-19 08:38:20
10647,Leisure,21.48,2026-01-19 08:38:20
10649,Leisure,28.57,2026-01-19 08:38:20
10649,Daily,26.98,2026-01-19 08:38:20
10649,Sport,23.81,2026-01-19 08:38:20
10649,Business,20.63,2026-01-19 08:38:20
10650,Leisure,26.67,2026-01-19 08:38:20
10650,Daily,24.44,2026-01-19 08:38:20
10650,Business,22.67,2026-01-19 08:38:20
10651,Evening,31.21,2026-01-19 08:38:20
10651,Night Out,29.79,2026-01-19 08:38:20
10651,Leisure,19.86,2026-01-19 08:38:20
10652,Leisure,25.0,2026-01-19 08:38:20
10652,Evening,25.0,2026-01-19 08:38:20
10652,Daily,18.75,2026-01-19 08:38:20
10652,Night Out,18.75,2026-01-19 08:38:20
10653,Leisure,26.67,2026-01-19 08:38:20
10653,Daily,24.44,2026-01-19 08:38:20
10653,Business,20.0,2026-01-19 08:38:20
10654,Leisure,28.5,2026-01-19 08:38:20
10654,Daily,27.1,2026-01-19 08:38:20
10654,Business,23.36,2026-01-19 08:38:20
10655,Daily,25.27,2026-01-19 08:38:20
10655,Business,22.53,2026-01-19 08:38:20
10655,Leisure,21.43,2026-01-19 08:38:20
10657,Daily,25.0,2026-01-19 08:38:20
10657,Leisure,23.61,2026-01-19 08:38:20
10657,Business,22.22,2026-01-19 08:38:20
10658,Leisure,26.67,2026-01-19 08:38:20
10658,Daily,22.86,2026-01-19 08:38:20
10658,Business,20.48,2026-01-19 08:38:20
10658,Evening,16.67,2026-01-19 08:38:20
10659,Daily,23.25,2026-01-19 08:38:20
10659,Business,23.25,2026-01-19 08:38:20
10659,Leisure,21.05,2026-01-19 08:38:20
10659,Evening,15.79,2026-01-19 08:38:20
10661,Leisure,28.57,2026-01-19 08:38:20
10661,Sport,26.53,2026-01-19 08:38:20
10661,Daily,22.45,2026-01-19 08:38:20
10661,Business,16.33,2026-01-19 08:38:20
10663,Evening,31.28,2026-01-19 08:38:20
10663,Night Out,29.74,2026-01-19 08:38:20
10663,Leisure,19.49,2026-01-19 08:38:20
10664,Daily,26.67,2026-01-19 08:38:20
10664,Leisure,20.0,2026-01-19 08:38:20
10664,Business,20.0,2026-01-19 08:38:20
10665,Daily,26.09,2026-01-19 08:38:20
10665,Leisure,23.91,2026-01-19 08:38:20
10665,Business,23.91,2026-01-19 08:38:20
10666,Daily,29.34,2026-01-19 08:38:20
10666,Leisure,26.35,2026-01-19 08:38:20
10666,Business,19.16,2026-01-19 08:38:20
10668,Daily,27.27,2026-01-19 08:38:20
10668,Leisure,27.27,2026-01-19 08:38:20
10668,Business,27.27,2026-01-19 08:38:20
10669,Daily,26.42,2026-01-19 08:38:20
10669,Leisure,24.53,2026-01-19 08:38:20
10669,Business,20.75,2026-01-19 08:38:20
10669,Night Out,15.09,2026-01-19 08:38:20
10670,Night Out,22.5,2026-01-19 08:38:20
10670,Leisure,21.25,2026-01-19 08:38:20
10670,Evening,21.25,2026-01-19 08:38:20
10670,Daily,20.62,2026-01-19 08:38:20
10671,Daily,24.04,2026-01-19 08:38:20
10671,Leisure,24.04,2026-01-19 08:38:20
10671,Business,22.95,2026-01-19 08:38:20
10673,Daily,35.29,2026-01-19 08:38:20
10673,Leisure,32.35,2026-01-19 08:38:20
10674,Leisure,27.23,2026-01-19 08:38:20
10674,Daily,26.29,2026-01-19 08:38:20
10674,Business,24.41,2026-01-19 08:38:20
10675,Evening,29.19,2026-01-19 08:38:20
10675,Night Out,25.41,2026-01-19 08:38:20
10675,Leisure,18.92,2026-01-19 08:38:20
10675,Daily,15.14,2026-01-19 08:38:20
10676,Daily,33.33,2026-01-19 08:38:20
10676,Leisure,33.33,2026-01-19 08:38:20
10676,Evening,33.33,2026-01-19 08:38:20
10677,Daily,25.0,2026-01-19 08:38:20
10677,Business,22.06,2026-01-19 08:38:20
10677,Evening,20.59,2026-01-19 08:38:20
10677,Leisure,17.65,2026-01-19 08:38:20
10678,Evening,27.75,2026-01-19 08:38:20
10678,Night Out,26.59,2026-01-19 08:38:20
10678,Leisure,20.81,2026-01-19 08:38:20
10682,Daily,26.84,2026-01-19 08:38:20
10682,Leisure,23.68,2026-01-19 08:38:20
10682,Business,22.63,2026-01-19 08:38:20
10683,Daily,25.0,2026-01-19 08:38:20
10683,Business,25.0,2026-01-19 08:38:20
10683,Evening,25.0,2026-01-19 08:38:20
10684,Leisure,25.23,2026-01-19 08:38:20
10684,Business,20.27,2026-01-19 08:38:20
10684,Daily,18.92,2026-01-19 08:38:20
10684,Evening,18.47,2026-01-19 08:38:20
10684,Night Out,17.12,2026-01-19 08:38:20
10685,Evening,25.0,2026-01-19 08:38:20
10685,Daily,21.88,2026-01-19 08:38:20
10685,Leisure,21.88,2026-01-19 08:38:20
10686,Evening,28.0,2026-01-19 08:38:20
10686,Night Out,27.2,2026-01-19 08:38:20
10686,Leisure,17.6,2026-01-19 08:38:20
10686,Daily,16.0,2026-01-19 08:38:20
10688,Daily,24.05,2026-01-19 08:38:20
10688,Leisure,24.05,2026-01-19 08:38:20
10688,Business,23.42,2026-01-19 08:38:20
10688,Evening,17.09,2026-01-19 08:38:20
10689,Evening,25.0,2026-01-19 08:38:20
10689,Leisure,21.43,2026-01-19 08:38:20
10689,Night Out,21.43,2026-01-19 08:38:20
10689,Daily,17.86,2026-01-19 08:38:20
10690,Leisure,27.46,2026-01-19 08:38:20
10690,Daily,26.42,2026-01-19 08:38:20
10690,Business,23.83,2026-01-19 08:38:20
10692,Leisure,27.15,2026-01-19 08:38:20
10692,Daily,26.7,2026-01-19 08:38:20
10692,Business,25.34,2026-01-19 08:38:20
10695,Daily,25.53,2026-01-19 08:38:20
10695,Leisure,21.28,2026-01-19 08:38:20
10695,Business,19.86,2026-01-19 08:38:20
10695,Night Out,17.02,2026-01-19 08:38:20
10695,Evening,16.31,2026-01-19 08:38:20
10696,Business,22.83,2026-01-19 08:38:20
10696,Leisure,21.92,2026-01-19 08:38:20
10696,Daily,21.46,2026-01-19 08:38:20
10696,Evening,17.81,2026-01-19 08:38:20
10696,Night Out,15.98,2026-01-19 08:38:20
10697,Leisure,26.09,2026-01-19 08:38:20
10697,Daily,21.74,2026-01-19 08:38:20
10697,Night Out,21.74,2026-01-19 08:38:20
10697,Evening,21.74,2026-01-19 08:38:20
10699,Leisure,28.21,2026-01-19 08:38:20
10699,Daily,26.92,2026-01-19 08:38:20
10699,Business,21.79,2026-01-19 08:38:20
10700,Night Out,23.53,2026-01-19 08:38:20
10700,Evening,22.94,2026-01-19 08:38:20
10700,Leisure,20.59,2026-01-19 08:38:20
10700,Business,17.65,2026-01-19 08:38:20
10700,Daily,15.29,2026-01-19 08:38:20
10701,Daily,22.22,2026-01-19 08:38:20
10701,Leisure,22.22,2026-01-19 08:38:20
10701,Business,19.44,2026-01-19 08:38:20
10701,Evening,19.44,2026-01-19 08:38:20
10701,Night Out,16.67,2026-01-19 08:38:20
10703,Daily,22.83,2026-01-19 08:38:20
10703,Evening,22.05,2026-01-19 08:38:20
10703,Leisure,18.9,2026-01-19 08:38:20
10703,Night Out,18.11,2026-01-19 08:38:20
10703,Business,18.11,2026-01-19 08:38:20
10704,Daily,28.17,2026-01-19 08:38:20
10704,Leisure,26.76,2026-01-19 08:38:20
10704,Business,21.83,2026-01-19 08:38:20
10705,Night Out,32.0,2026-01-19 08:38:20
10705,Evening,32.0,2026-01-19 08:38:20
10705,Daily,16.0,2026-01-19 08:38:20
10708,Leisure,21.53,2026-01-19 08:38:20
10708,Daily,21.05,2026-01-19 08:38:20
10708,Business,21.05,2026-01-19 08:38:20
10708,Evening,19.14,2026-01-19 08:38:20
10708,Night Out,17.22,2026-01-19 08:38:20
10709,Daily,27.59,2026-01-19 08:38:20
10709,Leisure,27.59,2026-01-19 08:38:20
10709,Business,24.14,2026-01-19 08:38:20
10712,Evening,27.04,2026-01-19 08:38:20
10712,Leisure,21.43,2026-01-19 08:38:20
10712,Night Out,20.92,2026-01-19 08:38:20
10712,Daily,15.82,2026-01-19 08:38:20
10713,Daily,28.21,2026-01-19 08:38:20
10713,Leisure,28.21,2026-01-19 08:38:20
10713,Business,23.08,2026-01-19 08:38:20
10716,Daily,21.58,2026-01-19 08:38:20
10716,Evening,21.05,2026-01-19 08:38:20
10716,Leisure,20.53,2026-01-19 08:38:20
10716,Night Out,19.47,2026-01-19 08:38:20
10716,Business,17.37,2026-01-19 08:38:20
10717,Business,27.59,2026-01-19 08:38:20
10717,Daily,24.14,2026-01-19 08:38:20
10717,Leisure,24.14,2026-01-19 08:38:20
10720,Business,22.38,2026-01-19 08:38:20
10720,Leisure,21.9,2026-01-19 08:38:20
10720,Daily,19.52,2026-01-19 08:38:20
10720,Night Out,18.1,2026-01-19 08:38:20
10720,Evening,18.1,2026-01-19 08:38:20
10721,Evening,25.58,2026-01-19 08:38:20
10721,Night Out,23.26,2026-01-19 08:38:20
10721,Leisure,20.93,2026-01-19 08:38:20
10721,Business,16.28,2026-01-19 08:38:20
10723,Daily,20.0,2026-01-19 08:38:20
10723,Leisure,20.0,2026-01-19 08:38:20
10723,Night Out,20.0,2026-01-19 08:38:20
10723,Business,20.0,2026-01-19 08:38:20
10723,Evening,20.0,2026-01-19 08:38:20
10724,Leisure,30.34,2026-01-19 08:38:20
10724,Daily,29.66,2026-01-19 08:38:20
10724,Business,24.14,2026-01-19 08:38:20
10725,Daily,23.53,2026-01-19 08:38:20
10725,Leisure,20.59,2026-01-19 08:38:20
10725,Business,20.59,2026-01-19 08:38:20
10725,Night Out,17.65,2026-01-19 08:38:20
10725,Evening,17.65,2026-01-19 08:38:20
10728,Night Out,37.97,2026-01-19 08:38:20
10728,Evening,34.18,2026-01-19 08:38:20
10728,Leisure,20.25,2026-01-19 08:38:20
10729,Leisure,25.0,2026-01-19 08:38:20
10729,Daily,21.43,2026-01-19 08:38:20
10729,Business,21.43,2026-01-19 08:38:20
10729,Evening,17.86,2026-01-19 08:38:20
10731,Daily,20.0,2026-01-19 08:38:20
10731,Leisure,20.0,2026-01-19 08:38:20
10731,Night Out,20.0,2026-01-19 08:38:20
10731,Business,20.0,2026-01-19 08:38:20
10731,Evening,20.0,2026-01-19 08:38:20
10732,Evening,32.37,2026-01-19 08:38:20
10732,Night Out,29.5,2026-01-19 08:38:20
10732,Leisure,20.14,2026-01-19 08:38:20
10733,Leisure,25.93,2026-01-19 08:38:20
10733,Evening,22.22,2026-01-19 08:38:20
10733,Night Out,18.52,2026-01-19 08:38:20
10733,Business,18.52,2026-01-19 08:38:20
10735,Daily,20.0,2026-01-19 08:38:20
10735,Leisure,20.0,2026-01-19 08:38:20
10735,Night Out,20.0,2026-01-19 08:38:20
10735,Business,20.0,2026-01-19 08:38:20
10735,Evening,20.0,2026-01-19 08:38:20
10736,Daily,25.47,2026-01-19 08:38:20
10736,Leisure,24.53,2026-01-19 08:38:20
10736,Business,24.06,2026-01-19 08:38:20
10737,Daily,20.59,2026-01-19 08:38:20
10737,Leisure,20.59,2026-01-19 08:38:20
10737,Night Out,20.59,2026-01-19 08:38:20
10737,Business,20.59,2026-01-19 08:38:20
10737,Evening,17.65,2026-01-19 08:38:20
10740,Evening,31.94,2026-01-19 08:38:20
10740,Night Out,29.17,2026-01-19 08:38:20
10740,Leisure,15.28,2026-01-19 08:38:20
10741,Evening,30.0,2026-01-19 08:38:20
10741,Leisure,20.0,2026-01-19 08:38:20
10741,Night Out,20.0,2026-01-19 08:38:20
10741,Daily,15.0,2026-01-19 08:38:20
10741,Business,15.0,2026-01-19 08:38:20
10743,Daily,20.0,2026-01-19 08:38:20
10743,Leisure,20.0,2026-01-19 08:38:20
10743,Night Out,20.0,2026-01-19 08:38:20
10743,Business,20.0,2026-01-19 08:38:20
10743,Evening,20.0,2026-01-19 08:38:20
10744,Night Out,23.26,2026-01-19 08:38:20
10744,Evening,23.26,2026-01-19 08:38:20
10744,Leisure,22.48,2026-01-19 08:38:20
10744,Business,17.83,2026-01-19 08:38:20
10745,Evening,25.81,2026-01-19 08:38:20
10745,Daily,22.58,2026-01-19 08:38:20
10745,Night Out,22.58,2026-01-19 08:38:20
10745,Business,16.13,2026-01-19 08:38:20
10748,Daily,29.93,2026-01-19 08:38:20
10748,Leisure,27.21,2026-01-19 08:38:20
10748,Business,22.45,2026-01-19 08:38:20
10749,Leisure,21.74,2026-01-19 08:38:20
10749,Night Out,21.74,2026-01-19 08:38:20
10749,Evening,21.74,2026-01-19 08:38:20
10749,Daily,17.39,2026-01-19 08:38:20
10749,Business,17.39,2026-01-19 08:38:20
10752,Evening,23.57,2026-01-19 08:38:20
10752,Night Out,22.86,2026-01-19 08:38:20
10752,Leisure,20.0,2026-01-19 08:38:20
10752,Business,17.14,2026-01-19 08:38:20
10752,Daily,16.43,2026-01-19 08:38:20
10753,Daily,33.33,2026-01-19 08:38:20
10753,Leisure,33.33,2026-01-19 08:38:20
10753,Business,20.83,2026-01-19 08:38:20
10756,Daily,28.68,2026-01-19 08:38:20
10756,Leisure,27.91,2026-01-19 08:38:20
10756,Business,25.58,2026-01-19 08:38:20
10758,Daily,30.0,2026-01-19 08:38:20
10758,Evening,25.0,2026-01-19 08:38:20
10758,Leisure,15.0,2026-01-19 08:38:20
10758,Night Out,15.0,2026-01-19 08:38:20
10758,Business,15.0,2026-01-19 08:38:20
10760,Night Out,25.32,2026-01-19 08:38:20
10760,Evening,25.32,2026-01-19 08:38:20
10760,Leisure,22.78,2026-01-19 08:38:20
10762,Daily,21.74,2026-01-19 08:38:20
10762,Leisure,21.74,2026-01-19 08:38:20
10762,Business,21.74,2026-01-19 08:38:20
10762,Night Out,17.39,2026-01-19 08:38:20
10762,Evening,17.39,2026-01-19 08:38:20
10765,Leisure,26.36,2026-01-19 08:38:20
10765,Daily,20.91,2026-01-19 08:38:20
10765,Business,20.91,2026-01-19 08:38:20
10765,Evening,16.36,2026-01-19 08:38:20
10765,Night Out,15.45,2026-01-19 08:38:20
10766,Daily,31.03,2026-01-19 08:38:20
10766,Business,27.59,2026-01-19 08:38:20
10766,Leisure,24.14,2026-01-19 08:38:20
10766,Sport,17.24,2026-01-19 08:38:20
10768,Evening,22.95,2026-01-19 08:38:20
10768,Leisure,21.31,2026-01-19 08:38:20
10768,Night Out,20.49,2026-01-19 08:38:20
10768,Daily,19.67,2026-01-19 08:38:20
10768,Business,15.57,2026-01-19 08:38:20
10772,Night Out,24.21,2026-01-19 08:38:20
10772,Evening,24.21,2026-01-19 08:38:20
10772,Leisure,23.16,2026-01-19 08:38:20
10773,Daily,22.22,2026-01-19 08:38:20
10773,Leisure,22.22,2026-01-19 08:38:20
10773,Night Out,22.22,2026-01-19 08:38:20
10773,Evening,22.22,2026-01-19 08:38:20
10776,Leisure,26.51,2026-01-19 08:38:20
10776,Evening,26.51,2026-01-19 08:38:20
10776,Night Out,21.69,2026-01-19 08:38:20
10776,Daily,15.66,2026-01-19 08:38:20
10781,Evening,37.5,2026-01-19 08:38:20
10781,Night Out,31.25,2026-01-19 08:38:20
10785,Leisure,45.45,2026-01-19 08:38:20
10785,Daily,36.36,2026-01-19 08:38:20
10786,Daily,27.18,2026-01-19 08:38:20
10786,Leisure,22.33,2026-01-19 08:38:20
10786,Evening,20.39,2026-01-19 08:38:20
10786,Night Out,17.48,2026-01-19 08:38:20
10788,Evening,25.56,2026-01-19 08:38:20
10788,Leisure,21.11,2026-01-19 08:38:20
10788,Night Out,21.11,2026-01-19 08:38:20
10788,Daily,16.67,2026-01-19 08:38:20
10788,Business,15.56,2026-01-19 08:38:20
10789,Night Out,26.67,2026-01-19 08:38:20
10789,Evening,26.67,2026-01-19 08:38:20
10789,Daily,20.0,2026-01-19 08:38:20
10789,Leisure,20.0,2026-01-19 08:38:20
10790,Leisure,29.17,2026-01-19 08:38:20
10790,Daily,28.33,2026-01-19 08:38:20
10790,Business,22.5,2026-01-19 08:38:20
10792,Daily,28.57,2026-01-19 08:38:20
10792,Leisure,25.0,2026-01-19 08:38:20
10792,Business,23.81,2026-01-19 08:38:20
10793,Leisure,35.29,2026-01-19 08:38:20
10793,Night Out,29.41,2026-01-19 08:38:20
10793,Evening,23.53,2026-01-19 08:38:20
10794,Daily,27.78,2026-01-19 08:38:20
10794,Leisure,25.56,2026-01-19 08:38:20
10794,Business,22.22,2026-01-19 08:38:20
10796,Daily,24.35,2026-01-19 08:38:20
10796,Leisure,23.48,2026-01-19 08:38:20
10796,Business,21.74,2026-01-19 08:38:20
10796,Night Out,15.65,2026-01-19 08:38:20
10797,Evening,30.48,2026-01-19 08:38:20
10797,Night Out,27.62,2026-01-19 08:38:20
10797,Leisure,21.9,2026-01-19 08:38:20
10798,Daily,33.33,2026-01-19 08:38:20
10798,Business,22.22,2026-01-19 08:38:20
10798,Evening,22.22,2026-01-19 08:38:20
10800,Evening,28.43,2026-01-19 08:38:20
10800,Night Out,25.49,2026-01-19 08:38:20
10800,Leisure,18.63,2026-01-19 08:38:20
10801,Daily,27.12,2026-01-19 08:38:20
10801,Leisure,27.12,2026-01-19 08:38:20
10801,Business,23.73,2026-01-19 08:38:20
10803,Daily,20.0,2026-01-19 08:38:20
10803,Leisure,20.0,2026-01-19 08:38:20
10803,Night Out,20.0,2026-01-19 08:38:20
10803,Business,20.0,2026-01-19 08:38:20
10803,Evening,20.0,2026-01-19 08:38:20
10805,Daily,30.0,2026-01-19 08:38:20
10805,Business,30.0,2026-01-19 08:38:20
10805,Leisure,25.0,2026-01-19 08:38:20
10806,Evening,26.32,2026-01-19 08:38:20
10806,Night Out,25.0,2026-01-19 08:38:20
10806,Leisure,19.74,2026-01-19 08:38:20
10806,Business,15.79,2026-01-19 08:38:20
10807,Daily,29.52,2026-01-19 08:38:20
10807,Leisure,29.52,2026-01-19 08:38:20
10807,Business,20.95,2026-01-19 08:38:20
10808,Daily,35.71,2026-01-19 08:38:20
10808,Leisure,35.71,2026-01-19 08:38:20
10810,Daily,29.07,2026-01-19 08:38:20
10810,Leisure,25.58,2026-01-19 08:38:20
10810,Business,24.42,2026-01-19 08:38:20
10810,Sport,15.12,2026-01-19 08:38:20
10812,Daily,33.33,2026-01-19 08:38:20
10812,Leisure,29.63,2026-01-19 08:38:20
10812,Business,22.22,2026-01-19 08:38:20
10814,Evening,31.91,2026-01-19 08:38:20
10814,Night Out,29.79,2026-01-19 08:38:20
10814,Leisure,19.15,2026-01-19 08:38:20
10815,Daily,20.73,2026-01-19 08:38:20
10815,Leisure,20.73,2026-01-19 08:38:20
10815,Evening,20.73,2026-01-19 08:38:20
10815,Night Out,19.51,2026-01-19 08:38:20
10815,Business,18.29,2026-01-19 08:38:20
10816,Evening,33.33,2026-01-19 08:38:20
10816,Night Out,30.56,2026-01-19 08:38:20
10816,Leisure,22.22,2026-01-19 08:38:20
10817,Night Out,28.0,2026-01-19 08:38:20
10817,Evening,28.0,2026-01-19 08:38:20
10817,Leisure,20.0,2026-01-19 08:38:20
10817,Daily,16.0,2026-01-19 08:38:20
10819,Leisure,24.24,2026-01-19 08:38:20
10819,Daily,20.2,2026-01-19 08:38:20
10819,Night Out,19.19,2026-01-19 08:38:20
10819,Business,19.19,2026-01-19 08:38:20
10819,Evening,17.17,2026-01-19 08:38:20
10822,Leisure,24.32,2026-01-19 08:38:20
10822,Daily,21.62,2026-01-19 08:38:20
10822,Business,21.62,2026-01-19 08:38:20
10823,Daily,26.92,2026-01-19 08:38:20
10823,Leisure,24.04,2026-01-19 08:38:20
10823,Business,24.04,2026-01-19 08:38:20
10824,Leisure,33.33,2026-01-19 08:38:20
10824,Evening,33.33,2026-01-19 08:38:20
10824,Night Out,22.22,2026-01-19 08:38:20
10826,Night Out,32.79,2026-01-19 08:38:20
10826,Evening,31.15,2026-01-19 08:38:20
10827,Evening,25.33,2026-01-19 08:38:20
10827,Night Out,24.0,2026-01-19 08:38:20
10827,Leisure,21.33,2026-01-19 08:38:20
10828,Daily,24.19,2026-01-19 08:38:20
10828,Leisure,24.19,2026-01-19 08:38:20
10828,Business,20.97,2026-01-19 08:38:20
10830,Evening,33.33,2026-01-19 08:38:20
10830,Daily,16.67,2026-01-19 08:38:20
10830,Sport,16.67,2026-01-19 08:38:20
10830,Leisure,16.67,2026-01-19 08:38:20
10830,Night Out,16.67,2026-01-19 08:38:20
10831,Daily,31.82,2026-01-19 08:38:20
10831,Leisure,28.41,2026-01-19 08:38:20
10831,Business,26.14,2026-01-19 08:38:20
10832,Evening,36.36,2026-01-19 08:38:20
10832,Night Out,31.82,2026-01-19 08:38:20
10834,Night Out,37.5,2026-01-19 08:38:20
10834,Evening,37.5,2026-01-19 08:38:20
10834,Leisure,25.0,2026-01-19 08:38:20
10835,Leisure,28.57,2026-01-19 08:38:20
10835,Daily,25.27,2026-01-19 08:38:20
10835,Business,23.08,2026-01-19 08:38:20
10838,Daily,25.0,2026-01-19 08:38:20
10838,Leisure,16.67,2026-01-19 08:38:20
10838,Night Out,16.67,2026-01-19 08:38:20
10838,Business,16.67,2026-01-19 08:38:20
10838,Evening,16.67,2026-01-19 08:38:20
10841,Daily,29.51,2026-01-19 08:38:20
10841,Leisure,24.59,2026-01-19 08:38:20
10841,Business,24.59,2026-01-19 08:38:20
10842,Daily,30.0,2026-01-19 08:38:20
10842,Leisure,30.0,2026-01-19 08:38:20
10842,Business,20.0,2026-01-19 08:38:20
10843,Daily,30.0,2026-01-19 08:38:20
10843,Leisure,28.33,2026-01-19 08:38:20
10843,Business,25.0,2026-01-19 08:38:20
10845,Daily,25.0,2026-01-19 08:38:20
10845,Leisure,23.08,2026-01-19 08:38:20
10845,Business,21.15,2026-01-19 08:38:20
10846,Daily,23.53,2026-01-19 08:38:20
10846,Leisure,23.53,2026-01-19 08:38:20
10846,Business,17.65,2026-01-19 08:38:20
10847,Daily,27.16,2026-01-19 08:38:20
10847,Leisure,27.16,2026-01-19 08:38:20
10847,Business,23.46,2026-01-19 08:38:20
10849,Leisure,28.33,2026-01-19 08:38:20
10849,Business,25.0,2026-01-19 08:38:20
10849,Daily,23.33,2026-01-19 08:38:20
10849,Evening,15.0,2026-01-19 08:38:20
10850,Night Out,30.77,2026-01-19 08:38:20
10850,Evening,30.77,2026-01-19 08:38:20
10850,Leisure,23.08,2026-01-19 08:38:20
10851,Leisure,27.14,2026-01-19 08:38:20
10851,Daily,22.86,2026-01-19 08:38:20
10851,Business,20.0,2026-01-19 08:38:20
10853,Evening,26.79,2026-01-19 08:38:20
10853,Night Out,25.0,2026-01-19 08:38:20
10853,Leisure,17.86,2026-01-19 08:38:20
10853,Business,16.07,2026-01-19 08:38:20
10854,Night Out,25.0,2026-01-19 08:38:20
10854,Business,25.0,2026-01-19 08:38:20
10854,Evening,25.0,2026-01-19 08:38:20
10854,Daily,16.67,2026-01-19 08:38:20
10855,Night Out,28.12,2026-01-19 08:38:20
10855,Evening,28.12,2026-01-19 08:38:20
10855,Leisure,21.88,2026-01-19 08:38:20
10857,Daily,27.5,2026-01-19 08:38:20
10857,Leisure,22.5,2026-01-19 08:38:20
10857,Business,22.5,2026-01-19 08:38:20
10858,Evening,33.33,2026-01-19 08:38:20
10858,Leisure,27.78,2026-01-19 08:38:20
10858,Night Out,27.78,2026-01-19 08:38:20
10861,Daily,23.08,2026-01-19 08:38:20
10861,Night Out,23.08,2026-01-19 08:38:20
10861,Evening,21.15,2026-01-19 08:38:20
10861,Business,17.31,2026-01-19 08:38:20
10861,Leisure,15.38,2026-01-19 08:38:20
10862,Daily,35.71,2026-01-19 08:38:20
10862,Business,28.57,2026-01-19 08:38:20
10862,Sport,21.43,2026-01-19 08:38:20
10863,Leisure,31.71,2026-01-19 08:38:20
10863,Evening,26.83,2026-01-19 08:38:20
10863,Night Out,21.95,2026-01-19 08:38:20
10865,Leisure,22.73,2026-01-19 08:38:20
10865,Night Out,22.73,2026-01-19 08:38:20
10865,Evening,22.73,2026-01-19 08:38:20
10865,Daily,15.91,2026-01-19 08:38:20
10865,Business,15.91,2026-01-19 08:38:20
10866,Daily,55.56,2026-01-19 08:38:20
10866,Business,33.33,2026-01-19 08:38:20
10869,Evening,29.27,2026-01-19 08:38:20
10869,Leisure,19.51,2026-01-19 08:38:20
10869,Night Out,19.51,2026-01-19 08:38:20
10869,Business,17.07,2026-01-19 08:38:20
10873,Leisure,28.57,2026-01-19 08:38:20
10873,Business,28.57,2026-01-19 08:38:20
10873,Daily,21.43,2026-01-19 08:38:20
10874,Daily,27.66,2026-01-19 08:38:20
10874,Leisure,23.4,2026-01-19 08:38:20
10874,Sport,19.15,2026-01-19 08:38:20
10874,Business,19.15,2026-01-19 08:38:20
10877,Daily,33.33,2026-01-19 08:38:20
10877,Night Out,33.33,2026-01-19 08:38:20
10877,Evening,33.33,2026-01-19 08:38:20
10879,Daily,30.3,2026-01-19 08:38:20
10879,Leisure,21.21,2026-01-19 08:38:20
10879,Business,21.21,2026-01-19 08:38:20
10881,Night Out,25.0,2026-01-19 08:38:20
10881,Evening,25.0,2026-01-19 08:38:20
10881,Daily,16.67,2026-01-19 08:38:20
10881,Leisure,16.67,2026-01-19 08:38:20
10881,Business,16.67,2026-01-19 08:38:20
10882,Daily,27.06,2026-01-19 08:38:20
10882,Leisure,23.88,2026-01-19 08:38:20
10882,Business,23.13,2026-01-19 08:38:20
10885,Daily,30.77,2026-01-19 08:38:20
10885,Leisure,30.77,2026-01-19 08:38:20
10885,Night Out,15.38,2026-01-19 08:38:20
10885,Business,15.38,2026-01-19 08:38:20
10886,Daily,25.67,2026-01-19 08:38:20
10886,Leisure,23.6,2026-01-19 08:38:20
10886,Business,22.44,2026-01-19 08:38:20
10890,Daily,22.56,2026-01-19 08:38:20
10890,Evening,19.95,2026-01-19 08:38:20
10890,Business,19.3,2026-01-19 08:38:20
10890,Leisure,19.17,2026-01-19 08:38:20
10890,Night Out,19.04,2026-01-19 08:38:20
10893,Daily,23.68,2026-01-19 08:38:20
10893,Business,21.05,2026-01-19 08:38:20
10893,Evening,21.05,2026-01-19 08:38:20
10893,Leisure,15.79,2026-01-19 08:38:20
10894,Leisure,33.33,2026-01-19 08:38:20
10894,Night Out,33.33,2026-01-19 08:38:20
10894,Evening,33.33,2026-01-19 08:38:20
10895,Leisure,25.76,2026-01-19 08:38:20
10895,Daily,23.66,2026-01-19 08:38:20
10895,Business,20.23,2026-01-19 08:38:20
10895,Evening,15.84,2026-01-19 08:38:20
10899,Daily,29.37,2026-01-19 08:38:20
10899,Business,25.49,2026-01-19 08:38:20
10899,Leisure,25.0,2026-01-19 08:38:20
10902,Daily,25.0,2026-01-19 08:38:20
10902,Business,25.0,2026-01-19 08:38:20
10902,Leisure,20.0,2026-01-19 08:38:20
10903,Daily,27.4,2026-01-19 08:38:20
10903,Leisure,24.32,2026-01-19 08:38:20
10903,Business,24.32,2026-01-19 08:38:20
10905,Evening,27.91,2026-01-19 08:38:20
10905,Leisure,23.26,2026-01-19 08:38:20
10905,Night Out,20.93,2026-01-19 08:38:20
10905,Daily,18.6,2026-01-19 08:38:20
10907,Daily,28.57,2026-01-19 08:38:20
10907,Leisure,28.57,2026-01-19 08:38:20
10907,Business,28.57,2026-01-19 08:38:20
10909,Daily,38.46,2026-01-19 08:38:20
10909,Leisure,34.62,2026-01-19 08:38:20
10909,Business,26.92,2026-01-19 08:38:20
10910,Night Out,50.0,2026-01-19 08:38:20
10910,Evening,50.0,2026-01-19 08:38:20
10911,Daily,27.4,2026-01-19 08:38:20
10911,Leisure,25.48,2026-01-19 08:38:20
10911,Business,23.29,2026-01-19 08:38:20
10913,Business,23.33,2026-01-19 08:38:20
10913,Daily,20.0,2026-01-19 08:38:20
10913,Leisure,20.0,2026-01-19 08:38:20
10914,Evening,25.81,2026-01-19 08:38:20
10914,Night Out,24.19,2026-01-19 08:38:20
10914,Daily,19.59,2026-01-19 08:38:20
10914,Leisure,17.51,2026-01-19 08:38:20
10915,Night Out,35.71,2026-01-19 08:38:20
10915,Evening,35.71,2026-01-19 08:38:20
10917,Evening,26.85,2026-01-19 08:38:20
10917,Night Out,25.48,2026-01-19 08:38:20
10917,Daily,17.53,2026-01-19 08:38:20
10917,Leisure,16.44,2026-01-19 08:38:20
10918,Daily,30.77,2026-01-19 08:38:20
10918,Leisure,30.77,2026-01-19 08:38:20
10918,Night Out,15.38,2026-01-19 08:38:20
10918,Business,15.38,2026-01-19 08:38:20
10919,Daily,22.5,2026-01-19 08:38:20
10919,Evening,22.5,2026-01-19 08:38:20
10919,Leisure,20.0,2026-01-19 08:38:20
10919,Night Out,17.5,2026-01-19 08:38:20
10919,Business,17.5,2026-01-19 08:38:20
10921,Night Out,23.32,2026-01-19 08:38:20
10921,Leisure,22.36,2026-01-19 08:38:20
10921,Evening,22.36,2026-01-19 08:38:20
10921,Daily,19.49,2026-01-19 08:38:20
10925,Daily,31.25,2026-01-19 08:38:20
10925,Leisure,31.25,2026-01-19 08:38:20
10925,Business,25.0,2026-01-19 08:38:20
10927,Daily,25.57,2026-01-19 08:38:20
10927,Leisure,24.05,2026-01-19 08:38:20
10927,Business,21.76,2026-01-19 08:38:20
10929,Night Out,36.36,2026-01-19 08:38:20
10929,Evening,36.36,2026-01-19 08:38:20
10930,Leisure,22.26,2026-01-19 08:38:20
10930,Daily,20.93,2026-01-19 08:38:20
10930,Evening,20.93,2026-01-19 08:38:20
10930,Night Out,19.93,2026-01-19 08:38:20
10930,Business,15.95,2026-01-19 08:38:20
10931,Daily,25.0,2026-01-19 08:38:20
10931,Leisure,25.0,2026-01-19 08:38:20
10931,Night Out,25.0,2026-01-19 08:38:20
10931,Evening,25.0,2026-01-19 08:38:20
10933,Daily,28.57,2026-01-19 08:38:20
10933,Leisure,28.57,2026-01-19 08:38:20
10933,Sport,21.43,2026-01-19 08:38:20
10933,Business,21.43,2026-01-19 08:38:20
10934,Daily,26.47,2026-01-19 08:38:20
10934,Leisure,26.47,2026-01-19 08:38:20
10934,Business,26.47,2026-01-19 08:38:20
10935,Daily,29.52,2026-01-19 08:38:20
10935,Leisure,26.94,2026-01-19 08:38:20
10935,Business,21.77,2026-01-19 08:38:20
10937,Daily,37.5,2026-01-19 08:38:20
10937,Business,37.5,2026-01-19 08:38:20
10938,Daily,25.26,2026-01-19 08:38:20
10938,Leisure,25.26,2026-01-19 08:38:20
10938,Business,21.4,2026-01-19 08:38:20
10939,Daily,22.22,2026-01-19 08:38:20
10939,Leisure,22.22,2026-01-19 08:38:20
10939,Business,22.22,2026-01-19 08:38:20
10942,Daily,26.53,2026-01-19 08:38:20
10942,Business,22.86,2026-01-19 08:38:20
10942,Leisure,22.04,2026-01-19 08:38:20
10943,Daily,100.0,2026-01-19 08:38:20
10945,Daily,28.57,2026-01-19 08:38:20
10945,Leisure,28.57,2026-01-19 08:38:20
10945,Business,28.57,2026-01-19 08:38:20
10946,Leisure,26.92,2026-01-19 08:38:20
10946,Business,25.96,2026-01-19 08:38:20
10946,Daily,25.48,2026-01-19 08:38:20
10947,Evening,27.27,2026-01-19 08:38:20
10947,Leisure,18.18,2026-01-19 08:38:20
10947,Night Out,18.18,2026-01-19 08:38:20
10947,Business,18.18,2026-01-19 08:38:20
10950,Daily,18.75,2026-01-19 08:38:20
10950,Leisure,18.75,2026-01-19 08:38:20
10950,Night Out,18.75,2026-01-19 08:38:20
10950,Business,18.75,2026-01-19 08:38:20
10950,Evening,18.75,2026-01-19 08:38:20
10951,Leisure,25.0,2026-01-19 08:38:20
10951,Daily,21.97,2026-01-19 08:38:20
10951,Business,18.94,2026-01-19 08:38:20
10951,Evening,18.18,2026-01-19 08:38:20
10951,Night Out,15.91,2026-01-19 08:38:20
10953,Leisure,25.0,2026-01-19 08:38:20
10953,Night Out,25.0,2026-01-19 08:38:20
10953,Evening,25.0,2026-01-19 08:38:20
10954,Daily,32.24,2026-01-19 08:38:20
10954,Leisure,26.32,2026-01-19 08:38:20
10954,Business,21.05,2026-01-19 08:38:20
10955,Night Out,33.33,2026-01-19 08:38:20
10955,Business,33.33,2026-01-19 08:38:20
10955,Evening,33.33,2026-01-19 08:38:20
10957,Leisure,25.0,2026-01-19 08:38:20
10957,Night Out,25.0,2026-01-19 08:38:20
10957,Evening,25.0,2026-01-19 08:38:20
10958,Daily,26.89,2026-01-19 08:38:20
10958,Leisure,26.47,2026-01-19 08:38:20
10958,Business,24.37,2026-01-19 08:38:20
10966,Daily,20.0,2026-01-19 08:38:20
10966,Business,20.0,2026-01-19 08:38:20
10966,Evening,20.0,2026-01-19 08:38:20
10966,Leisure,17.78,2026-01-19 08:38:20
10966,Night Out,17.78,2026-01-19 08:38:20
10970,Leisure,31.03,2026-01-19 08:38:20
10970,Daily,24.14,2026-01-19 08:38:20
10970,Business,24.14,2026-01-19 08:38:20
10972,Daily,22.22,2026-01-19 08:38:20
10972,Leisure,22.22,2026-01-19 08:38:20
10972,Business,22.22,2026-01-19 08:38:20
10974,Daily,35.48,2026-01-19 08:38:20
10974,Leisure,25.81,2026-01-19 08:38:20
10974,Business,25.81,2026-01-19 08:38:20
10977,Daily,40.0,2026-01-19 08:38:20
10977,Evening,40.0,2026-01-19 08:38:20
10977,Night Out,20.0,2026-01-19 08:38:20
10978,Leisure,27.5,2026-01-19 08:38:20
10978,Business,25.0,2026-01-19 08:38:20
10978,Daily,20.0,2026-01-19 08:38:20
10978,Night Out,15.0,2026-01-19 08:38:20
10982,Daily,30.23,2026-01-19 08:38:20
10982,Leisure,27.91,2026-01-19 08:38:20
10982,Business,25.58,2026-01-19 08:38:20
10987,Daily,29.17,2026-01-19 08:38:20
10987,Leisure,25.0,2026-01-19 08:38:20
10987,Business,22.92,2026-01-19 08:38:20
10991,Daily,27.91,2026-01-19 08:38:20
10991,Leisure,20.93,2026-01-19 08:38:20
10991,Evening,18.6,2026-01-19 08:38:20
10991,Night Out,16.28,2026-01-19 08:38:20
10993,Daily,27.27,2026-01-19 08:38:20
10993,Leisure,27.27,2026-01-19 08:38:20
10993,Evening,27.27,2026-01-19 08:38:20
10995,Leisure,37.5,2026-01-19 08:38:20
10995,Daily,25.0,2026-01-19 08:38:20
10999,Leisure,28.0,2026-01-19 08:38:20
10999,Daily,24.0,2026-01-19 08:38:20
10999,Business,24.0,2026-01-19 08:38:20
11000,Leisure,33.33,2026-01-19 08:38:20
11000,Night Out,33.33,2026-01-19 08:38:20
11000,Evening,33.33,2026-01-19 08:38:20
11003,Daily,28.0,2026-01-19 08:38:20
11003,Leisure,28.0,2026-01-19 08:38:20
11003,Business,24.0,2026-01-19 08:38:20
11003,Sport,20.0,2026-01-19 08:38:20
11007,Business,28.57,2026-01-19 08:38:20
11007,Daily,25.0,2026-01-19 08:38:20
11007,Leisure,21.43,2026-01-19 08:38:20
11011,Leisure,29.03,2026-01-19 08:38:20
11011,Daily,25.81,2026-01-19 08:38:20
11011,Business,22.58,2026-01-19 08:38:20
11013,Daily,25.0,2026-01-19 08:38:20
11013,Night Out,25.0,2026-01-19 08:38:20
11013,Business,25.0,2026-01-19 08:38:20
11013,Evening,25.0,2026-01-19 08:38:20
11016,Leisure,25.81,2026-01-19 08:38:20
11016,Daily,19.35,2026-01-19 08:38:20
11016,Business,19.35,2026-01-19 08:38:20
11016,Evening,19.35,2026-01-19 08:38:20
11016,Night Out,16.13,2026-01-19 08:38:20
11020,Daily,22.73,2026-01-19 08:38:20
11020,Leisure,22.73,2026-01-19 08:38:20
11020,Business,22.73,2026-01-19 08:38:20
11028,Business,27.78,2026-01-19 08:38:20
11028,Daily,22.22,2026-01-19 08:38:20
11028,Leisure,22.22,2026-01-19 08:38:20
11032,Daily,20.0,2026-01-19 08:38:20
11032,Leisure,20.0,2026-01-19 08:38:20
11032,Night Out,20.0,2026-01-19 08:38:20
11032,Business,20.0,2026-01-19 08:38:20
11032,Evening,20.0,2026-01-19 08:38:20
11036,Leisure,40.0,2026-01-19 08:38:20
11036,Daily,20.0,2026-01-19 08:38:20
11036,Night Out,20.0,2026-01-19 08:38:20
11036,Business,20.0,2026-01-19 08:38:20
11039,Leisure,26.32,2026-01-19 08:38:20
11039,Daily,21.05,2026-01-19 08:38:20
11039,Business,21.05,2026-01-19 08:38:20
11045,Evening,30.0,2026-01-19 08:38:20
11045,Daily,20.0,2026-01-19 08:38:20
11045,Leisure,20.0,2026-01-19 08:38:20
11045,Night Out,20.0,2026-01-19 08:38:20
11048,Leisure,31.25,2026-01-19 08:38:20
11048,Daily,18.75,2026-01-19 08:38:20
11048,Business,18.75,2026-01-19 08:38:20
11060,Daily,23.53,2026-01-19 08:38:20
11060,Leisure,23.53,2026-01-19 08:38:20
11060,Business,17.65,2026-01-19 08:38:20
11079,Daily,40.0,2026-01-19 08:38:20
11079,Business,40.0,2026-01-19 08:38:20
11079,Leisure,20.0,2026-01-19 08:38:20
11084,Daily,20.0,2026-01-19 08:38:20
11084,Leisure,20.0,2026-01-19 08:38:20
11084,Night Out,20.0,2026-01-19 08:38:20
11084,Business,20.0,2026-01-19 08:38:20
11084,Evening,20.0,2026-01-19 08:38:20
11087,Daily,16.67,2026-01-19 08:38:20
11087,Sport,16.67,2026-01-19 08:38:20
11087,Leisure,16.67,2026-01-19 08:38:20
11087,Night Out,16.67,2026-01-19 08:38:20
11087,Business,16.67,2026-01-19 08:38:20
11087,Evening,16.67,2026-01-19 08:38:20
11103,Daily,40.0,2026-01-19 08:38:20
11103,Sport,20.0,2026-01-19 08:38:20
11103,Leisure,20.0,2026-01-19 08:38:20
11103,Business,20.0,2026-01-19 08:38:20
11106,Daily,30.1,2026-01-19 08:38:20
11106,Leisure,26.21,2026-01-19 08:38:20
11106,Business,23.3,2026-01-19 08:38:20
11106,Sport,20.39,2026-01-19 08:38:20
11108,Leisure,50.0,2026-01-19 08:38:20
11108,Evening,50.0,2026-01-19 08:38:20
11110,Evening,21.59,2026-01-19 08:38:20
11110,Daily,20.45,2026-01-19 08:38:20
11110,Leisure,20.45,2026-01-19 08:38:20
11110,Business,19.32,2026-01-19 08:38:20
11110,Night Out,18.18,2026-01-19 08:38:20
11122,Daily,28.0,2026-01-19 08:38:20
11122,Leisure,20.0,2026-01-19 08:38:20
11122,Business,16.0,2026-01-19 08:38:20
11122,Evening,16.0,2026-01-19 08:38:20
11125,Daily,23.79,2026-01-19 08:38:20
11125,Leisure,22.98,2026-01-19 08:38:20
11125,Business,22.58,2026-01-19 08:38:20
11126,Daily,39.13,2026-01-19 08:38:20
11126,Leisure,34.78,2026-01-19 08:38:20
11128,Leisure,50.0,2026-01-19 08:38:20
11128,Night Out,50.0,2026-01-19 08:38:20
11129,Daily,24.14,2026-01-19 08:38:20
11129,Leisure,24.14,2026-01-19 08:38:20
11129,Evening,19.21,2026-01-19 08:38:20
11129,Night Out,16.75,2026-01-19 08:38:20
11129,Business,15.76,2026-01-19 08:38:20
11133,Evening,26.14,2026-01-19 08:38:20
11133,Night Out,23.86,2026-01-19 08:38:20
11133,Daily,18.75,2026-01-19 08:38:20
11133,Leisure,16.48,2026-01-19 08:38:20
11137,Daily,26.4,2026-01-19 08:38:20
11137,Leisure,24.72,2026-01-19 08:38:20
11137,Business,21.35,2026-01-19 08:38:20
11138,Evening,31.58,2026-01-19 08:38:20
11138,Leisure,26.32,2026-01-19 08:38:20
11138,Night Out,21.05,2026-01-19 08:38:20
11138,Daily,15.79,2026-01-19 08:38:20
11145,Daily,27.71,2026-01-19 08:38:20
11145,Leisure,27.71,2026-01-19 08:38:20
11145,Business,25.3,2026-01-19 08:38:20
11149,Daily,22.86,2026-01-19 08:38:20
11149,Leisure,20.0,2026-01-19 08:38:20
11149,Evening,20.0,2026-01-19 08:38:20
11149,Night Out,18.57,2026-01-19 08:38:20
11149,Business,18.57,2026-01-19 08:38:20
11150,Leisure,25.0,2026-01-19 08:38:20
11150,Daily,20.0,2026-01-19 08:38:20
11150,Business,20.0,2026-01-19 08:38:20
11150,Night Out,17.5,2026-01-19 08:38:20
11150,Evening,17.5,2026-01-19 08:38:20
11153,Leisure,26.36,2026-01-19 08:38:20
11153,Daily,23.64,2026-01-19 08:38:20
11153,Business,21.82,2026-01-19 08:38:20
11153,Evening,17.27,2026-01-19 08:38:20
11154,Daily,38.89,2026-01-19 08:38:20
11154,Leisure,33.33,2026-01-19 08:38:20
11157,Daily,29.6,2026-01-19 08:38:20
11157,Leisure,24.8,2026-01-19 08:38:20
11157,Business,24.0,2026-01-19 08:38:20
11162,Evening,26.67,2026-01-19 08:38:20
11162,Daily,20.0,2026-01-19 08:38:20
11162,Leisure,20.0,2026-01-19 08:38:20
11165,Daily,27.2,2026-01-19 08:38:20
11165,Leisure,26.4,2026-01-19 08:38:20
11165,Business,24.8,2026-01-19 08:38:20
11166,Daily,32.0,2026-01-19 08:38:20
11166,Sport,24.0,2026-01-19 08:38:20
11166,Leisure,24.0,2026-01-19 08:38:20
11166,Business,20.0,2026-01-19 08:38:20
11169,Daily,27.67,2026-01-19 08:38:20
11169,Leisure,25.16,2026-01-19 08:38:20
11169,Business,22.01,2026-01-19 08:38:20
11170,Leisure,33.33,2026-01-19 08:38:20
11170,Daily,22.22,2026-01-19 08:38:20
11170,Night Out,22.22,2026-01-19 08:38:20
11173,Daily,27.35,2026-01-19 08:38:20
11173,Leisure,25.64,2026-01-19 08:38:20
11173,Business,24.79,2026-01-19 08:38:20
11177,Leisure,27.87,2026-01-19 08:38:20
11177,Daily,22.95,2026-01-19 08:38:20
11177,Business,21.31,2026-01-19 08:38:20
11178,Leisure,40.0,2026-01-19 08:38:20
11178,Daily,30.0,2026-01-19 08:38:20
11181,Daily,28.23,2026-01-19 08:38:20
11181,Business,25.0,2026-01-19 08:38:20
11181,Leisure,23.39,2026-01-19 08:38:20
11185,Daily,27.27,2026-01-19 08:38:20
11185,Leisure,26.14,2026-01-19 08:38:20
11185,Business,20.45,2026-01-19 08:38:20
11186,Daily,33.33,2026-01-19 08:38:20
11186,Sport,16.67,2026-01-19 08:38:20
11186,Leisure,16.67,2026-01-19 08:38:20
11186,Business,16.67,2026-01-19 08:38:20
11186,Evening,16.67,2026-01-19 08:38:20
11190,Daily,29.41,2026-01-19 08:38:20
11190,Leisure,23.53,2026-01-19 08:38:20
11190,Night Out,23.53,2026-01-19 08:38:20
11190,Evening,17.65,2026-01-19 08:38:20
11193,Night Out,40.0,2026-01-19 08:38:20
11193,Evening,40.0,2026-01-19 08:38:20
11193,Daily,20.0,2026-01-19 08:38:20
11194,Daily,26.58,2026-01-19 08:38:20
11194,Leisure,26.58,2026-01-19 08:38:20
11194,Business,25.32,2026-01-19 08:38:20
11197,Leisure,33.33,2026-01-19 08:38:20
11197,Daily,16.67,2026-01-19 08:38:20
11197,Night Out,16.67,2026-01-19 08:38:20
11197,Business,16.67,2026-01-19 08:38:20
11198,Leisure,26.6,2026-01-19 08:38:20
11198,Daily,24.47,2026-01-19 08:38:20
11198,Business,22.34,2026-01-19 08:38:20
11202,Leisure,26.25,2026-01-19 08:38:20
11202,Daily,25.0,2026-01-19 08:38:20
11202,Business,20.0,2026-01-19 08:38:20
11205,Daily,37.5,2026-01-19 08:38:20
11205,Leisure,25.0,2026-01-19 08:38:20
11206,Daily,16.67,2026-01-19 08:38:20
11206,Sport,16.67,2026-01-19 08:38:20
11206,Leisure,16.67,2026-01-19 08:38:20
11206,Night Out,16.67,2026-01-19 08:38:20
11206,Business,16.67,2026-01-19 08:38:20
11206,Evening,16.67,2026-01-19 08:38:20
11209,Daily,22.22,2026-01-19 08:38:20
11209,Leisure,22.22,2026-01-19 08:38:20
11209,Night Out,22.22,2026-01-19 08:38:20
11209,Evening,22.22,2026-01-19 08:38:20
11217,Leisure,50.0,2026-01-19 08:38:20
11217,Evening,50.0,2026-01-19 08:38:20
11221,Daily,30.0,2026-01-19 08:38:20
11221,Leisure,20.0,2026-01-19 08:38:20
11221,Business,20.0,2026-01-19 08:38:20
11231,Daily,27.27,2026-01-19 08:38:20
11231,Leisure,27.27,2026-01-19 08:38:20
11231,Business,27.27,2026-01-19 08:38:20
11231,Sport,18.18,2026-01-19 08:38:20
11243,Leisure,30.0,2026-01-19 08:38:20
11243,Daily,20.0,2026-01-19 08:38:20
11243,Business,20.0,2026-01-19 08:38:20
11243,Evening,20.0,2026-01-19 08:38:20
11247,Daily,33.33,2026-01-19 08:38:20
11247,Leisure,16.67,2026-01-19 08:38:20
11247,Night Out,16.67,2026-01-19 08:38:20
11247,Business,16.67,2026-01-19 08:38:20
11247,Evening,16.67,2026-01-19 08:38:20
11252,Daily,36.36,2026-01-19 08:38:20
11252,Leisure,27.27,2026-01-19 08:38:20
11252,Business,27.27,2026-01-19 08:38:20
11263,Daily,27.27,2026-01-19 08:38:20
11263,Leisure,27.27,2026-01-19 08:38:20
11263,Business,27.27,2026-01-19 08:38:20
11267,Daily,28.57,2026-01-19 08:38:20
11267,Leisure,28.57,2026-01-19 08:38:20
11267,Business,21.43,2026-01-19 08:38:20
11272,Leisure,25.0,2026-01-19 08:38:20
11272,Night Out,25.0,2026-01-19 08:38:20
11272,Business,25.0,2026-01-19 08:38:20
11272,Evening,25.0,2026-01-19 08:38:20
11280,Leisure,66.67,2026-01-19 08:38:20
11280,Daily,33.33,2026-01-19 08:38:20
11286,Daily,50.0,2026-01-19 08:38:20
11286,Leisure,25.0,2026-01-19 08:38:20
11286,Business,25.0,2026-01-19 08:38:20
11287,Daily,28.57,2026-01-19 08:38:20
11287,Business,26.53,2026-01-19 08:38:20
11287,Leisure,24.49,2026-01-19 08:38:20
11288,Night Out,22.21,2026-01-19 08:38:20
11288,Evening,21.22,2026-01-19 08:38:20
11288,Leisure,21.17,2026-01-19 08:38:20
11288,Daily,18.27,2026-01-19 08:38:20
11290,Evening,66.67,2026-01-19 08:38:20
11290,Night Out,33.33,2026-01-19 08:38:20
11291,Daily,23.21,2026-01-19 08:38:20
11291,Evening,23.21,2026-01-19 08:38:20
11291,Leisure,19.64,2026-01-19 08:38:20
11291,Night Out,19.64,2026-01-19 08:38:20
11292,Night Out,36.37,2026-01-19 08:38:20
11292,Evening,32.26,2026-01-19 08:38:20
11292,Leisure,19.24,2026-01-19 08:38:20
11294,Night Out,29.76,2026-01-19 08:38:20
11294,Evening,27.38,2026-01-19 08:38:20
11294,Leisure,17.86,2026-01-19 08:38:20
11296,Night Out,33.97,2026-01-19 08:38:20
11296,Evening,33.52,2026-01-19 08:38:20
11296,Leisure,18.76,2026-01-19 08:38:20
11299,Leisure,31.94,2026-01-19 08:38:20
11299,Daily,29.17,2026-01-19 08:38:20
11299,Business,22.22,2026-01-19 08:38:20
11300,Leisure,25.44,2026-01-19 08:38:20
11300,Night Out,23.04,2026-01-19 08:38:20
11300,Evening,21.84,2026-01-19 08:38:20
11300,Daily,19.26,2026-01-19 08:38:20
11303,Daily,30.14,2026-01-19 08:38:20
11303,Leisure,30.14,2026-01-19 08:38:20
11303,Business,26.03,2026-01-19 08:38:20
11304,Leisure,31.26,2026-01-19 08:38:20
11304,Daily,25.37,2026-01-19 08:38:20
11306,Daily,27.27,2026-01-19 08:38:20
11306,Leisure,18.18,2026-01-19 08:38:20
11306,Night Out,18.18,2026-01-19 08:38:20
11306,Evening,18.18,2026-01-19 08:38:20
11307,Evening,32.0,2026-01-19 08:38:20
11307,Night Out,28.0,2026-01-19 08:38:20
11307,Leisure,18.0,2026-01-19 08:38:20
11308,Leisure,28.92,2026-01-19 08:38:20
11308,Daily,20.97,2026-01-19 08:38:20
11308,Night Out,18.01,2026-01-19 08:38:20
11310,Leisure,28.24,2026-01-19 08:38:20
11310,Sport,24.12,2026-01-19 08:38:20
11310,Daily,21.18,2026-01-19 08:38:20
11310,Business,15.29,2026-01-19 08:38:20
11311,Leisure,26.76,2026-01-19 08:38:20
11311,Daily,23.94,2026-01-19 08:38:20
11311,Business,22.54,2026-01-19 08:38:20
11312,Night Out,27.89,2026-01-19 08:38:20
11312,Evening,26.72,2026-01-19 08:38:20
11312,Leisure,20.35,2026-01-19 08:38:20
11312,Daily,15.66,2026-01-19 08:38:20
11314,Leisure,28.67,2026-01-19 08:38:20
11314,Daily,24.48,2026-01-19 08:38:20
11314,Business,17.48,2026-01-19 08:38:20
11315,Daily,29.85,2026-01-19 08:38:20
11315,Business,26.87,2026-01-19 08:38:20
11315,Leisure,25.37,2026-01-19 08:38:20
11316,Evening,31.22,2026-01-19 08:38:20
11316,Night Out,31.12,2026-01-19 08:38:20
11316,Leisure,16.88,2026-01-19 08:38:20
11320,Night Out,30.24,2026-01-19 08:38:20
11320,Evening,27.4,2026-01-19 08:38:20
11320,Leisure,22.9,2026-01-19 08:38:20
11322,Leisure,26.8,2026-01-19 08:38:20
11322,Daily,24.74,2026-01-19 08:38:20
11322,Sport,19.59,2026-01-19 08:38:20
11322,Business,16.49,2026-01-19 08:38:20
11323,Leisure,29.85,2026-01-19 08:38:20
11323,Daily,28.36,2026-01-19 08:38:20
11323,Business,20.9,2026-01-19 08:38:20
11324,Night Out,28.2,2026-01-19 08:38:20
11324,Evening,27.36,2026-01-19 08:38:20
11324,Leisure,18.01,2026-01-19 08:38:20
11324,Daily,16.33,2026-01-19 08:38:20
11326,Daily,23.68,2026-01-19 08:38:20
11326,Leisure,22.37,2026-01-19 08:38:20
11326,Business,17.76,2026-01-19 08:38:20
11326,Sport,16.45,2026-01-19 08:38:20
11327,Daily,26.76,2026-01-19 08:38:20
11327,Leisure,25.35,2026-01-19 08:38:20
11327,Business,25.35,2026-01-19 08:38:20
11328,Night Out,32.96,2026-01-19 08:38:20
11328,Evening,32.96,2026-01-19 08:38:20
11328,Leisure,17.04,2026-01-19 08:38:20
11330,Daily,28.0,2026-01-19 08:38:20
11330,Leisure,24.8,2026-01-19 08:38:20
11330,Business,22.4,2026-01-19 08:38:20
11331,Leisure,29.63,2026-01-19 08:38:20
11331,Daily,27.78,2026-01-19 08:38:20
11331,Business,24.07,2026-01-19 08:38:20
11332,Evening,29.0,2026-01-19 08:38:20
11332,Night Out,28.5,2026-01-19 08:38:20
11332,Leisure,21.69,2026-01-19 08:38:20
11335,Leisure,30.0,2026-01-19 08:38:20
11335,Daily,26.0,2026-01-19 08:38:20
11335,Business,24.0,2026-01-19 08:38:20
11336,Evening,31.52,2026-01-19 08:38:20
11336,Night Out,30.98,2026-01-19 08:38:20
11336,Leisure,19.57,2026-01-19 08:38:20
11338,Leisure,30.77,2026-01-19 08:38:20
11338,Daily,28.21,2026-01-19 08:38:20
11338,Business,25.64,2026-01-19 08:38:20
11338,Sport,15.38,2026-01-19 08:38:20
11339,Evening,28.8,2026-01-19 08:38:20
11339,Night Out,25.6,2026-01-19 08:38:20
11339,Daily,17.6,2026-01-19 08:38:20
11339,Leisure,16.8,2026-01-19 08:38:20
11340,Night Out,27.91,2026-01-19 08:38:20
11340,Evening,27.51,2026-01-19 08:38:20
11340,Leisure,20.88,2026-01-19 08:38:20
11342,Leisure,28.12,2026-01-19 08:38:20
11342,Daily,21.88,2026-01-19 08:38:20
11342,Night Out,21.88,2026-01-19 08:38:20
11342,Evening,15.62,2026-01-19 08:38:20
11343,Leisure,27.5,2026-01-19 08:38:20
11343,Business,25.0,2026-01-19 08:38:20
11343,Daily,20.0,2026-01-19 08:38:20
11344,Night Out,25.09,2026-01-19 08:38:20
11344,Evening,24.91,2026-01-19 08:38:20
11344,Leisure,21.63,2026-01-19 08:38:20
11344,Daily,15.4,2026-01-19 08:38:20
11346,Leisure,30.77,2026-01-19 08:38:20
11346,Business,21.15,2026-01-19 08:38:20
11346,Daily,17.31,2026-01-19 08:38:20
11346,Night Out,15.38,2026-01-19 08:38:20
11346,Evening,15.38,2026-01-19 08:38:20
11347,Leisure,27.03,2026-01-19 08:38:20
11347,Daily,24.32,2026-01-19 08:38:20
11347,Business,21.62,2026-01-19 08:38:20
11348,Night Out,32.92,2026-01-19 08:38:20
11348,Evening,32.0,2026-01-19 08:38:20
11348,Leisure,16.62,2026-01-19 08:38:20
11351,Daily,25.58,2026-01-19 08:38:20
11351,Leisure,24.03,2026-01-19 08:38:20
11351,Business,21.71,2026-01-19 08:38:20
11352,Leisure,24.04,2026-01-19 08:38:20
11352,Night Out,21.21,2026-01-19 08:38:20
11352,Evening,20.2,2026-01-19 08:38:20
11352,Daily,20.0,2026-01-19 08:38:20
11354,Leisure,29.63,2026-01-19 08:38:20
11354,Daily,25.93,2026-01-19 08:38:20
11354,Business,22.22,2026-01-19 08:38:20
11355,Evening,42.5,2026-01-19 08:38:20
11355,Night Out,40.0,2026-01-19 08:38:20
11356,Night Out,25.85,2026-01-19 08:38:20
11356,Leisure,25.25,2026-01-19 08:38:20
11356,Evening,21.24,2026-01-19 08:38:20
11356,Daily,18.04,2026-01-19 08:38:20
11358,Leisure,29.79,2026-01-19 08:38:20
11358,Business,29.79,2026-01-19 08:38:20
11358,Daily,27.66,2026-01-19 08:38:20
11359,Leisure,25.0,2026-01-19 08:38:20
11359,Daily,23.48,2026-01-19 08:38:20
11359,Business,23.48,2026-01-19 08:38:20
11360,Leisure,26.81,2026-01-19 08:38:20
11360,Daily,25.17,2026-01-19 08:38:20
11360,Business,19.11,2026-01-19 08:38:20
11362,Night Out,32.14,2026-01-19 08:38:20
11362,Evening,32.14,2026-01-19 08:38:20
11363,Daily,24.14,2026-01-19 08:38:20
11363,Leisure,24.14,2026-01-19 08:38:20
11363,Business,21.55,2026-01-19 08:38:20
11363,Night Out,17.24,2026-01-19 08:38:20
11364,Evening,34.43,2026-01-19 08:38:20
11364,Night Out,32.63,2026-01-19 08:38:20
11364,Leisure,16.17,2026-01-19 08:38:20
11367,Leisure,22.81,2026-01-19 08:38:20
11367,Business,22.81,2026-01-19 08:38:20
11367,Daily,21.05,2026-01-19 08:38:20
11367,Evening,17.54,2026-01-19 08:38:20
11367,Night Out,15.79,2026-01-19 08:38:20
11368,Night Out,29.04,2026-01-19 08:38:20
11368,Evening,28.77,2026-01-19 08:38:20
11368,Leisure,19.45,2026-01-19 08:38:20
11371,Leisure,30.0,2026-01-19 08:38:20
11371,Daily,26.67,2026-01-19 08:38:20
11371,Business,21.67,2026-01-19 08:38:20
11372,Night Out,26.96,2026-01-19 08:38:20
11372,Evening,25.65,2026-01-19 08:38:20
11372,Leisure,19.9,2026-01-19 08:38:20
11375,Night Out,29.17,2026-01-19 08:38:20
11375,Evening,29.17,2026-01-19 08:38:20
11375,Leisure,18.06,2026-01-19 08:38:20
11375,Business,15.28,2026-01-19 08:38:20
11376,Evening,31.72,2026-01-19 08:38:20
11376,Night Out,30.51,2026-01-19 08:38:20
11376,Leisure,15.25,2026-01-19 08:38:20
11379,Leisure,22.4,2026-01-19 08:38:20
11379,Daily,20.8,2026-01-19 08:38:20
11379,Evening,20.8,2026-01-19 08:38:20
11379,Night Out,18.4,2026-01-19 08:38:20
11379,Business,17.6,2026-01-19 08:38:20
11383,Leisure,26.0,2026-01-19 08:38:20
11383,Daily,25.0,2026-01-19 08:38:20
11383,Business,22.0,2026-01-19 08:38:20
11384,Leisure,29.11,2026-01-19 08:38:20
11384,Daily,23.45,2026-01-19 08:38:20
11384,Night Out,15.36,2026-01-19 08:38:20
11387,Leisure,25.58,2026-01-19 08:38:20
11387,Daily,23.26,2026-01-19 08:38:20
11387,Business,22.09,2026-01-19 08:38:20
11387,Sport,15.12,2026-01-19 08:38:20
11388,Leisure,27.31,2026-01-19 08:38:20
11388,Daily,21.4,2026-01-19 08:38:20
11391,Daily,25.0,2026-01-19 08:38:20
11391,Leisure,21.88,2026-01-19 08:38:20
11391,Business,21.88,2026-01-19 08:38:20
11392,Evening,36.65,2026-01-19 08:38:20
11392,Night Out,36.25,2026-01-19 08:38:20
11392,Leisure,18.33,2026-01-19 08:38:20
11394,Night Out,24.24,2026-01-19 08:38:20
11394,Evening,24.24,2026-01-19 08:38:20
11394,Leisure,21.21,2026-01-19 08:38:20
11394,Daily,18.18,2026-01-19 08:38:20
11395,Night Out,30.67,2026-01-19 08:38:20
11395,Evening,29.33,2026-01-19 08:38:20
11395,Leisure,20.0,2026-01-19 08:38:20
11398,Leisure,25.0,2026-01-19 08:38:20
11398,Night Out,25.0,2026-01-19 08:38:20
11398,Evening,25.0,2026-01-19 08:38:20
11399,Leisure,27.03,2026-01-19 08:38:20
11399,Daily,26.13,2026-01-19 08:38:20
11399,Business,24.32,2026-01-19 08:38:20
11400,Leisure,26.28,2026-01-19 08:38:20
11400,Night Out,21.79,2026-01-19 08:38:20
11400,Evening,20.83,2026-01-19 08:38:20
11400,Daily,20.19,2026-01-19 08:38:20
11404,Leisure,24.43,2026-01-19 08:38:20
11404,Night Out,23.98,2026-01-19 08:38:20
11404,Evening,22.62,2026-01-19 08:38:20
11404,Daily,18.55,2026-01-19 08:38:20
11407,Leisure,28.3,2026-01-19 08:38:20
11407,Daily,26.42,2026-01-19 08:38:20
11407,Business,22.64,2026-01-19 08:38:20
11408,Leisure,29.02,2026-01-19 08:38:20
11408,Daily,25.49,2026-01-19 08:38:20
11408,Business,20.0,2026-01-19 08:38:20
11410,Daily,33.33,2026-01-19 08:38:20
11410,Leisure,33.33,2026-01-19 08:38:20
11410,Business,26.67,2026-01-19 08:38:20
11411,Evening,25.0,2026-01-19 08:38:20
11411,Leisure,22.22,2026-01-19 08:38:20
11411,Night Out,22.22,2026-01-19 08:38:20
11411,Daily,19.44,2026-01-19 08:38:20
11414,Night Out,40.0,2026-01-19 08:38:20
11414,Evening,40.0,2026-01-19 08:38:20
11414,Leisure,20.0,2026-01-19 08:38:20
11415,Leisure,25.3,2026-01-19 08:38:20
11415,Daily,22.89,2026-01-19 08:38:20
11415,Business,20.48,2026-01-19 08:38:20
11415,Night Out,16.87,2026-01-19 08:38:20
11417,Leisure,25.71,2026-01-19 08:38:20
11417,Daily,20.95,2026-01-19 08:38:20
11417,Night Out,17.14,2026-01-19 08:38:20
11418,Daily,20.0,2026-01-19 08:38:20
11418,Leisure,20.0,2026-01-19 08:38:20
11418,Night Out,20.0,2026-01-19 08:38:20
11418,Evening,20.0,2026-01-19 08:38:20
11419,Night Out,22.58,2026-01-19 08:38:20
11419,Leisure,21.51,2026-01-19 08:38:20
11419,Evening,19.35,2026-01-19 08:38:20
11419,Daily,18.28,2026-01-19 08:38:20
11419,Business,18.28,2026-01-19 08:38:20
11421,Night Out,31.15,2026-01-19 08:38:20
11421,Evening,30.6,2026-01-19 08:38:20
11421,Leisure,20.77,2026-01-19 08:38:20
11422,Night Out,33.33,2026-01-19 08:38:20
11422,Evening,33.33,2026-01-19 08:38:20
11422,Daily,16.67,2026-01-19 08:38:20
11422,Leisure,16.67,2026-01-19 08:38:20
11423,Leisure,25.4,2026-01-19 08:38:20
11423,Business,22.22,2026-01-19 08:38:20
11423,Daily,19.05,2026-01-19 08:38:20
11423,Night Out,17.46,2026-01-19 08:38:20
11423,Evening,15.87,2026-01-19 08:38:20
11425,Night Out,33.1,2026-01-19 08:38:20
11425,Evening,31.72,2026-01-19 08:38:20
11425,Leisure,15.17,2026-01-19 08:38:20
11428,Daily,26.23,2026-01-19 08:38:20
11428,Leisure,26.23,2026-01-19 08:38:20
11428,Business,24.59,2026-01-19 08:38:20
11428,Sport,18.03,2026-01-19 08:38:20
11429,Night Out,24.31,2026-01-19 08:38:20
11429,Evening,23.61,2026-01-19 08:38:20
11429,Leisure,22.22,2026-01-19 08:38:20
11429,Daily,15.97,2026-01-19 08:38:20
11432,Daily,27.14,2026-01-19 08:38:20
11432,Leisure,22.86,2026-01-19 08:38:20
11432,Business,22.86,2026-01-19 08:38:20
11433,Night Out,22.81,2026-01-19 08:38:20
11433,Evening,21.64,2026-01-19 08:38:20
11433,Leisure,20.47,2026-01-19 08:38:20
11433,Daily,18.13,2026-01-19 08:38:20
11433,Business,16.96,2026-01-19 08:38:20
11436,Daily,27.69,2026-01-19 08:38:20
11436,Leisure,26.15,2026-01-19 08:38:20
11436,Business,23.08,2026-01-19 08:38:20
11437,Evening,26.8,2026-01-19 08:38:20
11437,Night Out,25.49,2026-01-19 08:38:20
11437,Leisure,20.92,2026-01-19 08:38:20
11437,Daily,16.99,2026-01-19 08:38:20
11440,Leisure,37.5,2026-01-19 08:38:20
11440,Daily,25.0,2026-01-19 08:38:20
11440,Business,21.88,2026-01-19 08:38:20
11441,Leisure,25.37,2026-01-19 08:38:20
11441,Business,24.63,2026-01-19 08:38:20
11441,Daily,22.39,2026-01-19 08:38:20
11445,Night Out,27.78,2026-01-19 08:38:20
11445,Leisure,23.81,2026-01-19 08:38:20
11445,Evening,23.81,2026-01-19 08:38:20
11448,Business,23.61,2026-01-19 08:38:20
11448,Night Out,22.22,2026-01-19 08:38:20
11448,Leisure,19.44,2026-01-19 08:38:20
11448,Evening,18.06,2026-01-19 08:38:20
11448,Daily,16.67,2026-01-19 08:38:20
11449,Evening,25.44,2026-01-19 08:38:20
11449,Night Out,23.68,2026-01-19 08:38:20
11449,Leisure,21.93,2026-01-19 08:38:20
11449,Daily,16.67,2026-01-19 08:38:20
11451,Leisure,26.56,2026-01-19 08:38:20
11451,Business,21.88,2026-01-19 08:38:20
11451,Daily,20.31,2026-01-19 08:38:20
11451,Sport,18.75,2026-01-19 08:38:20
11453,Leisure,23.91,2026-01-19 08:38:20
11453,Night Out,22.83,2026-01-19 08:38:20
11453,Evening,21.74,2026-01-19 08:38:20
11453,Daily,17.39,2026-01-19 08:38:20
11454,Daily,26.52,2026-01-19 08:38:20
11454,Leisure,25.42,2026-01-19 08:38:20
11454,Business,20.88,2026-01-19 08:38:20
11455,Leisure,29.69,2026-01-19 08:38:20
11455,Business,25.0,2026-01-19 08:38:20
11455,Daily,23.44,2026-01-19 08:38:20
11455,Sport,21.88,2026-01-19 08:38:20
11457,Night Out,22.48,2026-01-19 08:38:20
11457,Evening,22.48,2026-01-19 08:38:20
11457,Daily,21.71,2026-01-19 08:38:20
11457,Leisure,20.16,2026-01-19 08:38:20
11458,Daily,25.76,2026-01-19 08:38:20
11458,Leisure,25.35,2026-01-19 08:38:20
11458,Business,22.29,2026-01-19 08:38:20
11459,Business,21.43,2026-01-19 08:38:20
11459,Sport,17.86,2026-01-19 08:38:20
11459,Leisure,17.86,2026-01-19 08:38:20
11459,Night Out,17.86,2026-01-19 08:38:20
11461,Business,25.0,2026-01-19 08:38:20
11461,Leisure,23.75,2026-01-19 08:38:20
11461,Daily,17.5,2026-01-19 08:38:20
11461,Night Out,15.0,2026-01-19 08:38:20
11462,Daily,21.43,2026-01-19 08:38:20
11462,Leisure,19.05,2026-01-19 08:38:20
11462,Night Out,19.05,2026-01-19 08:38:20
11462,Business,19.05,2026-01-19 08:38:20
11462,Evening,16.67,2026-01-19 08:38:20
11464,Daily,27.61,2026-01-19 08:38:20
11464,Leisure,26.5,2026-01-19 08:38:20
11464,Business,23.33,2026-01-19 08:38:20
11465,Evening,29.59,2026-01-19 08:38:20
11465,Night Out,22.45,2026-01-19 08:38:20
11465,Leisure,21.43,2026-01-19 08:38:20
11465,Daily,15.31,2026-01-19 08:38:20
11467,Leisure,30.19,2026-01-19 08:38:20
11467,Daily,28.3,2026-01-19 08:38:20
11467,Business,20.75,2026-01-19 08:38:20
11468,Daily,26.98,2026-01-19 08:38:20
11468,Leisure,25.14,2026-01-19 08:38:20
11468,Business,23.3,2026-01-19 08:38:20
11469,Evening,22.73,2026-01-19 08:38:20
11469,Night Out,21.21,2026-01-19 08:38:20
11469,Daily,19.7,2026-01-19 08:38:20
11469,Business,18.94,2026-01-19 08:38:20
11469,Leisure,17.42,2026-01-19 08:38:20
11471,Leisure,30.19,2026-01-19 08:38:20
11471,Daily,26.42,2026-01-19 08:38:20
11471,Business,26.42,2026-01-19 08:38:20
11472,Leisure,23.96,2026-01-19 08:38:20
11472,Evening,23.23,2026-01-19 08:38:20
11472,Night Out,19.6,2026-01-19 08:38:20
11472,Daily,18.69,2026-01-19 08:38:20
11473,Leisure,26.32,2026-01-19 08:38:20
11473,Daily,23.16,2026-01-19 08:38:20
11473,Night Out,17.89,2026-01-19 08:38:20
11473,Business,17.89,2026-01-19 08:38:20
11475,Night Out,23.08,2026-01-19 08:38:20
11475,Leisure,21.54,2026-01-19 08:38:20
11475,Evening,20.0,2026-01-19 08:38:20
11475,Business,18.46,2026-01-19 08:38:20
11475,Daily,16.92,2026-01-19 08:38:20
11476,Leisure,23.23,2026-01-19 08:38:20
11476,Night Out,22.76,2026-01-19 08:38:20
11476,Evening,21.98,2026-01-19 08:38:20
11476,Daily,16.8,2026-01-19 08:38:20
11476,Business,15.23,2026-01-19 08:38:20
11479,Leisure,23.21,2026-01-19 08:38:20
11479,Business,19.64,2026-01-19 08:38:20
11479,Daily,17.86,2026-01-19 08:38:20
11479,Sport,16.07,2026-01-19 08:38:20
11480,Leisure,27.34,2026-01-19 08:38:20
11480,Daily,27.09,2026-01-19 08:38:20
11480,Business,23.88,2026-01-19 08:38:20
11481,Leisure,25.77,2026-01-19 08:38:20
11481,Evening,24.74,2026-01-19 08:38:20
11481,Night Out,22.68,2026-01-19 08:38:20
11481,Daily,19.59,2026-01-19 08:38:20
11483,Daily,26.23,2026-01-19 08:38:20
11483,Leisure,26.23,2026-01-19 08:38:20
11483,Business,26.23,2026-01-19 08:38:20
11484,Leisure,23.32,2026-01-19 08:38:20
11484,Daily,21.13,2026-01-19 08:38:20
11484,Business,19.41,2026-01-19 08:38:20
11484,Evening,18.47,2026-01-19 08:38:20
11484,Night Out,17.68,2026-01-19 08:38:20
11485,Daily,22.47,2026-01-19 08:38:20
11485,Night Out,22.47,2026-01-19 08:38:20
11485,Evening,20.22,2026-01-19 08:38:20
11485,Leisure,17.98,2026-01-19 08:38:20
11485,Business,16.85,2026-01-19 08:38:20
11488,Leisure,29.35,2026-01-19 08:38:20
11488,Daily,22.61,2026-01-19 08:38:20
11488,Business,15.22,2026-01-19 08:38:20
11489,Leisure,26.15,2026-01-19 08:38:20
11489,Daily,23.08,2026-01-19 08:38:20
11489,Business,18.46,2026-01-19 08:38:20
11491,Leisure,26.53,2026-01-19 08:38:20
11491,Business,26.53,2026-01-19 08:38:20
11491,Daily,20.41,2026-01-19 08:38:20
11492,Evening,29.63,2026-01-19 08:38:20
11492,Night Out,24.69,2026-01-19 08:38:20
11492,Leisure,23.46,2026-01-19 08:38:20
11493,Leisure,27.27,2026-01-19 08:38:20
11493,Daily,21.21,2026-01-19 08:38:20
11493,Business,18.18,2026-01-19 08:38:20
11493,Evening,18.18,2026-01-19 08:38:20
11493,Night Out,15.15,2026-01-19 08:38:20
11496,Night Out,25.14,2026-01-19 08:38:20
11496,Evening,24.86,2026-01-19 08:38:20
11496,Leisure,21.04,2026-01-19 08:38:20
11497,Leisure,25.86,2026-01-19 08:38:20
11497,Daily,18.97,2026-01-19 08:38:20
11497,Business,18.97,2026-01-19 08:38:20
11497,Sport,15.52,2026-01-19 08:38:20
11499,Leisure,26.09,2026-01-19 08:38:20
11499,Night Out,26.09,2026-01-19 08:38:20
11499,Evening,26.09,2026-01-19 08:38:20
11500,Leisure,30.55,2026-01-19 08:38:20
11500,Daily,24.12,2026-01-19 08:38:20
11500,Business,18.97,2026-01-19 08:38:20
11501,Leisure,30.3,2026-01-19 08:38:20
11501,Business,22.73,2026-01-19 08:38:20
11501,Daily,18.18,2026-01-19 08:38:20
11503,Leisure,33.33,2026-01-19 08:38:20
11503,Evening,30.0,2026-01-19 08:38:20
11503,Night Out,26.67,2026-01-19 08:38:20
11504,Leisure,29.67,2026-01-19 08:38:20
11504,Daily,25.58,2026-01-19 08:38:20
11504,Business,18.41,2026-01-19 08:38:20
11507,Leisure,25.81,2026-01-19 08:38:20
11507,Night Out,25.81,2026-01-19 08:38:20
11507,Business,19.35,2026-01-19 08:38:20
11507,Evening,16.13,2026-01-19 08:38:20
11508,Leisure,22.31,2026-01-19 08:38:20
11508,Night Out,20.7,2026-01-19 08:38:20
11508,Evening,20.7,2026-01-19 08:38:20
11508,Daily,19.35,2026-01-19 08:38:20
11508,Business,16.94,2026-01-19 08:38:20
11510,Daily,22.41,2026-01-19 08:38:20
11510,Leisure,22.41,2026-01-19 08:38:20
11510,Business,22.41,2026-01-19 08:38:20
11512,Night Out,24.01,2026-01-19 08:38:20
11512,Evening,23.76,2026-01-19 08:38:20
11512,Leisure,22.03,2026-01-19 08:38:20
11512,Business,16.09,2026-01-19 08:38:20
11513,Leisure,29.17,2026-01-19 08:38:20
11513,Daily,25.0,2026-01-19 08:38:20
11513,Business,20.83,2026-01-19 08:38:20
11513,Sport,18.06,2026-01-19 08:38:20
11515,Daily,23.53,2026-01-19 08:38:20
11515,Leisure,23.53,2026-01-19 08:38:20
11515,Business,23.53,2026-01-19 08:38:20
11516,Leisure,28.72,2026-01-19 08:38:20
11516,Daily,25.61,2026-01-19 08:38:20
11516,Business,16.61,2026-01-19 08:38:20
11517,Night Out,26.92,2026-01-19 08:38:20
11517,Evening,26.92,2026-01-19 08:38:20
11517,Leisure,17.31,2026-01-19 08:38:20
11517,Daily,15.38,2026-01-19 08:38:20
11518,Leisure,29.17,2026-01-19 08:38:20
11518,Daily,25.0,2026-01-19 08:38:20
11518,Business,20.83,2026-01-19 08:38:20
11520,Leisure,26.16,2026-01-19 08:38:20
11520,Evening,21.22,2026-01-19 08:38:20
11520,Daily,18.6,2026-01-19 08:38:20
11520,Night Out,17.44,2026-01-19 08:38:20
11520,Business,16.57,2026-01-19 08:38:20
11521,Leisure,26.98,2026-01-19 08:38:20
11521,Daily,23.81,2026-01-19 08:38:20
11521,Business,22.22,2026-01-19 08:38:20
11523,Leisure,21.43,2026-01-19 08:38:20
11523,Business,21.43,2026-01-19 08:38:20
11523,Daily,19.05,2026-01-19 08:38:20
11523,Night Out,16.67,2026-01-19 08:38:20
11523,Evening,16.67,2026-01-19 08:38:20
11524,Leisure,26.2,2026-01-19 08:38:20
11524,Daily,23.96,2026-01-19 08:38:20
11524,Business,22.36,2026-01-19 08:38:20
11525,Night Out,32.56,2026-01-19 08:38:20
11525,Evening,30.23,2026-01-19 08:38:20
11525,Leisure,16.28,2026-01-19 08:38:20
11527,Leisure,31.58,2026-01-19 08:38:20
11527,Daily,26.32,2026-01-19 08:38:20
11527,Business,23.68,2026-01-19 08:38:20
11528,Daily,27.44,2026-01-19 08:38:20
11528,Leisure,26.51,2026-01-19 08:38:20
11528,Business,22.33,2026-01-19 08:38:20
11529,Leisure,33.33,2026-01-19 08:38:20
11529,Daily,29.17,2026-01-19 08:38:20
11529,Night Out,16.67,2026-01-19 08:38:20
11531,Leisure,32.56,2026-01-19 08:38:20
11531,Business,25.58,2026-01-19 08:38:20
11531,Daily,23.26,2026-01-19 08:38:20
11532,Evening,26.27,2026-01-19 08:38:20
11532,Night Out,23.73,2026-01-19 08:38:20
11532,Leisure,22.88,2026-01-19 08:38:20
11533,Leisure,31.43,2026-01-19 08:38:20
11533,Daily,20.0,2026-01-19 08:38:20
11535,Night Out,25.0,2026-01-19 08:38:20
11535,Evening,25.0,2026-01-19 08:38:20
11535,Leisure,19.44,2026-01-19 08:38:20
11535,Business,16.67,2026-01-19 08:38:20
11536,Night Out,30.45,2026-01-19 08:38:20
11536,Evening,30.0,2026-01-19 08:38:20
11536,Leisure,20.0,2026-01-19 08:38:20
11537,Leisure,31.43,2026-01-19 08:38:20
11537,Daily,28.57,2026-01-19 08:38:20
11537,Business,22.86,2026-01-19 08:38:20
11539,Night Out,31.25,2026-01-19 08:38:20
11539,Leisure,25.0,2026-01-19 08:38:20
11539,Evening,25.0,2026-01-19 08:38:20
11540,Leisure,24.84,2026-01-19 08:38:20
11540,Night Out,21.02,2026-01-19 08:38:20
11540,Evening,20.38,2026-01-19 08:38:20
11540,Business,17.2,2026-01-19 08:38:20
11540,Daily,16.56,2026-01-19 08:38:20
11541,Leisure,33.33,2026-01-19 08:38:20
11541,Daily,29.63,2026-01-19 08:38:20
11543,Evening,29.03,2026-01-19 08:38:20
11543,Business,22.58,2026-01-19 08:38:20
11543,Night Out,19.35,2026-01-19 08:38:20
11543,Leisure,16.13,2026-01-19 08:38:20
11544,Evening,26.46,2026-01-19 08:38:20
11544,Night Out,24.31,2026-01-19 08:38:20
11544,Leisure,20.31,2026-01-19 08:38:20
11545,Leisure,32.14,2026-01-19 08:38:20
11545,Daily,25.0,2026-01-19 08:38:20
11545,Business,21.43,2026-01-19 08:38:20
11548,Evening,35.2,2026-01-19 08:38:20
11548,Night Out,34.69,2026-01-19 08:38:20
11548,Leisure,17.35,2026-01-19 08:38:20
11549,Evening,33.33,2026-01-19 08:38:20
11549,Night Out,30.3,2026-01-19 08:38:20
11549,Leisure,18.18,2026-01-19 08:38:20
11552,Leisure,25.95,2026-01-19 08:38:20
11552,Daily,25.57,2026-01-19 08:38:20
11552,Business,24.43,2026-01-19 08:38:20
11553,Daily,28.95,2026-01-19 08:38:20
11553,Leisure,23.68,2026-01-19 08:38:20
11553,Business,23.68,2026-01-19 08:38:20
11553,Night Out,15.79,2026-01-19 08:38:20
11555,Leisure,30.43,2026-01-19 08:38:20
11555,Night Out,21.74,2026-01-19 08:38:20
11555,Evening,21.74,2026-01-19 08:38:20
11555,Business,17.39,2026-01-19 08:38:20
11556,Leisure,23.02,2026-01-19 08:38:20
11556,Daily,19.93,2026-01-19 08:38:20
11556,Evening,19.93,2026-01-19 08:38:20
11556,Business,19.24,2026-01-19 08:38:20
11556,Night Out,17.87,2026-01-19 08:38:20
11557,Leisure,24.14,2026-01-19 08:38:20
11557,Daily,17.24,2026-01-19 08:38:20
11557,Night Out,17.24,2026-01-19 08:38:20
11557,Evening,17.24,2026-01-19 08:38:20
11559,Daily,29.27,2026-01-19 08:38:20
11559,Leisure,26.83,2026-01-19 08:38:20
11559,Business,24.39,2026-01-19 08:38:20
11560,Leisure,25.34,2026-01-19 08:38:20
11560,Daily,24.66,2026-01-19 08:38:20
11560,Business,23.31,2026-01-19 08:38:20
11563,Daily,27.27,2026-01-19 08:38:20
11563,Leisure,25.0,2026-01-19 08:38:20
11563,Business,22.73,2026-01-19 08:38:20
11564,Leisure,24.7,2026-01-19 08:38:20
11564,Evening,22.71,2026-01-19 08:38:20
11564,Night Out,19.12,2026-01-19 08:38:20
11564,Daily,18.33,2026-01-19 08:38:20
11564,Business,15.14,2026-01-19 08:38:20
11567,Leisure,33.33,2026-01-19 08:38:20
11567,Business,33.33,2026-01-19 08:38:20
11568,Evening,27.98,2026-01-19 08:38:20
11568,Night Out,26.15,2026-01-19 08:38:20
11568,Leisure,21.1,2026-01-19 08:38:20
11571,Leisure,25.0,2026-01-19 08:38:20
11571,Evening,25.0,2026-01-19 08:38:20
11571,Night Out,22.22,2026-01-19 08:38:20
11571,Daily,16.67,2026-01-19 08:38:20
11572,Leisure,21.72,2026-01-19 08:38:20
11572,Night Out,19.19,2026-01-19 08:38:20
11572,Daily,18.18,2026-01-19 08:38:20
11572,Evening,18.18,2026-01-19 08:38:20
11572,Business,16.67,2026-01-19 08:38:20
11575,Leisure,35.29,2026-01-19 08:38:20
11575,Evening,29.41,2026-01-19 08:38:20
11575,Night Out,23.53,2026-01-19 08:38:20
11576,Evening,24.46,2026-01-19 08:38:20
11576,Night Out,23.91,2026-01-19 08:38:20
11576,Leisure,23.37,2026-01-19 08:38:20
11576,Daily,15.22,2026-01-19 08:38:20
11579,Night Out,26.92,2026-01-19 08:38:20
11579,Daily,23.08,2026-01-19 08:38:20
11579,Evening,19.23,2026-01-19 08:38:20
11579,Leisure,15.38,2026-01-19 08:38:20
11579,Business,15.38,2026-01-19 08:38:20
11583,Leisure,41.67,2026-01-19 08:38:20
11583,Daily,25.0,2026-01-19 08:38:20
11583,Business,25.0,2026-01-19 08:38:20
11584,Evening,31.72,2026-01-19 08:38:20
11584,Night Out,31.03,2026-01-19 08:38:20
11584,Leisure,22.07,2026-01-19 08:38:20
11587,Leisure,25.0,2026-01-19 08:38:20
11587,Evening,21.88,2026-01-19 08:38:20
11587,Night Out,18.75,2026-01-19 08:38:20
11587,Business,15.62,2026-01-19 08:38:20
11588,Leisure,27.57,2026-01-19 08:38:20
11588,Daily,22.9,2026-01-19 08:38:20
11588,Business,17.29,2026-01-19 08:38:20
11588,Evening,15.42,2026-01-19 08:38:20
11589,Evening,23.95,2026-01-19 08:38:20
11589,Leisure,22.36,2026-01-19 08:38:20
11589,Daily,19.26,2026-01-19 08:38:20
11589,Night Out,18.06,2026-01-19 08:38:20
11589,Business,16.37,2026-01-19 08:38:20
11591,Leisure,29.63,2026-01-19 08:38:20
11591,Business,25.93,2026-01-19 08:38:20
11591,Night Out,18.52,2026-01-19 08:38:20
11592,Evening,36.09,2026-01-19 08:38:20
11592,Night Out,33.83,2026-01-19 08:38:20
11592,Leisure,18.8,2026-01-19 08:38:20
11593,Daily,23.68,2026-01-19 08:38:20
11593,Leisure,23.68,2026-01-19 08:38:20
11593,Business,20.0,2026-01-19 08:38:20
11593,Evening,15.79,2026-01-19 08:38:20
11595,Leisure,28.57,2026-01-19 08:38:20
11595,Daily,23.81,2026-01-19 08:38:20
11596,Evening,26.12,2026-01-19 08:38:20
11596,Night Out,24.63,2026-01-19 08:38:20
11596,Leisure,21.64,2026-01-19 08:38:20
11596,Business,15.67,2026-01-19 08:38:20
11597,Evening,27.16,2026-01-19 08:38:20
11597,Night Out,22.39,2026-01-19 08:38:20
11597,Leisure,20.9,2026-01-19 08:38:20
11597,Daily,16.72,2026-01-19 08:38:20
11599,Daily,26.34,2026-01-19 08:38:20
11599,Leisure,26.34,2026-01-19 08:38:20
11599,Business,21.95,2026-01-19 08:38:20
11600,Leisure,30.77,2026-01-19 08:38:20
11600,Night Out,23.08,2026-01-19 08:38:20
11600,Evening,23.08,2026-01-19 08:38:20
11600,Daily,15.38,2026-01-19 08:38:20
11601,Leisure,29.2,2026-01-19 08:38:20
11601,Daily,26.45,2026-01-19 08:38:20
11601,Business,21.21,2026-01-19 08:38:20
11601,Sport,18.73,2026-01-19 08:38:20
11603,Leisure,32.08,2026-01-19 08:38:20
11603,Daily,25.47,2026-01-19 08:38:20
11603,Business,16.98,2026-01-19 08:38:20
11605,Leisure,30.58,2026-01-19 08:38:20
11605,Daily,30.17,2026-01-19 08:38:20
11605,Business,23.14,2026-01-19 08:38:20
11607,Leisure,30.63,2026-01-19 08:38:20
11607,Daily,18.12,2026-01-19 08:38:20
11607,Evening,17.5,2026-01-19 08:38:20
11607,Night Out,16.88,2026-01-19 08:38:20
11607,Business,16.88,2026-01-19 08:38:20
11608,Leisure,30.0,2026-01-19 08:38:20
11608,Night Out,20.0,2026-01-19 08:38:20
11608,Business,20.0,2026-01-19 08:38:20
11609,Leisure,29.82,2026-01-19 08:38:20
11609,Daily,27.63,2026-01-19 08:38:20
11609,Business,24.12,2026-01-19 08:38:20
11609,Sport,18.42,2026-01-19 08:38:20
11611,Leisure,26.09,2026-01-19 08:38:20
11611,Daily,21.12,2026-01-19 08:38:20
11611,Business,19.88,2026-01-19 08:38:20
11611,Evening,18.01,2026-01-19 08:38:20
11612,Leisure,27.27,2026-01-19 08:38:20
11612,Evening,27.27,2026-01-19 08:38:20
11612,Night Out,18.18,2026-01-19 08:38:20
11612,Business,18.18,2026-01-19 08:38:20
11613,Leisure,26.92,2026-01-19 08:38:20
11613,Daily,24.73,2026-01-19 08:38:20
11613,Business,21.43,2026-01-19 08:38:20
11615,Evening,26.92,2026-01-19 08:38:20
11615,Leisure,23.72,2026-01-19 08:38:20
11615,Night Out,23.08,2026-01-19 08:38:20
11618,Leisure,24.86,2026-01-19 08:38:20
11618,Daily,21.08,2026-01-19 08:38:20
11618,Evening,20.0,2026-01-19 08:38:20
11618,Business,18.92,2026-01-19 08:38:20
11618,Night Out,15.14,2026-01-19 08:38:20
11620,Night Out,30.0,2026-01-19 08:38:20
11620,Evening,30.0,2026-01-19 08:38:20
11620,Leisure,20.0,2026-01-19 08:38:20
11622,Daily,28.42,2026-01-19 08:38:20
11622,Leisure,26.84,2026-01-19 08:38:20
11622,Business,23.16,2026-01-19 08:38:20
11623,Daily,26.28,2026-01-19 08:38:20
11623,Leisure,25.55,2026-01-19 08:38:20
11623,Business,21.17,2026-01-19 08:38:20
11624,Daily,33.33,2026-01-19 08:38:20
11624,Sport,16.67,2026-01-19 08:38:20
11624,Leisure,16.67,2026-01-19 08:38:20
11624,Night Out,16.67,2026-01-19 08:38:20
11624,Business,16.67,2026-01-19 08:38:20
11625,Daily,33.33,2026-01-19 08:38:20
11625,Leisure,33.33,2026-01-19 08:38:20
11625,Evening,33.33,2026-01-19 08:38:20
11627,Evening,27.93,2026-01-19 08:38:20
11627,Night Out,22.91,2026-01-19 08:38:20
11627,Leisure,20.67,2026-01-19 08:38:20
11627,Daily,16.76,2026-01-19 08:38:20
11628,Leisure,50.0,2026-01-19 08:38:20
11628,Night Out,25.0,2026-01-19 08:38:20
11628,Business,25.0,2026-01-19 08:38:20
11629,Leisure,28.57,2026-01-19 08:38:20
11629,Evening,28.57,2026-01-19 08:38:20
11630,Evening,23.71,2026-01-19 08:38:20
11630,Leisure,22.16,2026-01-19 08:38:20
11630,Night Out,21.65,2026-01-19 08:38:20
11630,Daily,17.01,2026-01-19 08:38:20
11630,Business,15.46,2026-01-19 08:38:20
11631,Leisure,33.33,2026-01-19 08:38:20
11631,Business,33.33,2026-01-19 08:38:20
11631,Night Out,16.67,2026-01-19 08:38:20
11631,Evening,16.67,2026-01-19 08:38:20
11632,Leisure,29.56,2026-01-19 08:38:20
11632,Daily,26.42,2026-01-19 08:38:20
11632,Business,19.5,2026-01-19 08:38:20
11633,Leisure,33.33,2026-01-19 08:38:20
11633,Night Out,33.33,2026-01-19 08:38:20
11633,Evening,33.33,2026-01-19 08:38:20
11634,Leisure,31.84,2026-01-19 08:38:20
11634,Daily,29.85,2026-01-19 08:38:20
11634,Business,24.88,2026-01-19 08:38:20
11635,Leisure,33.33,2026-01-19 08:38:20
11635,Night Out,33.33,2026-01-19 08:38:20
11635,Business,33.33,2026-01-19 08:38:20
11636,Leisure,32.0,2026-01-19 08:38:20
11636,Evening,25.0,2026-01-19 08:38:20
11636,Night Out,23.0,2026-01-19 08:38:20
11638,Leisure,25.53,2026-01-19 08:38:20
11638,Evening,24.82,2026-01-19 08:38:20
11638,Night Out,18.44,2026-01-19 08:38:20
11638,Daily,17.73,2026-01-19 08:38:20
11639,Sport,23.53,2026-01-19 08:38:20
11639,Leisure,23.53,2026-01-19 08:38:20
11639,Daily,17.65,2026-01-19 08:38:20
11639,Business,17.65,2026-01-19 08:38:20
11640,Leisure,24.76,2026-01-19 08:38:20
11640,Daily,21.9,2026-01-19 08:38:20
11640,Business,21.9,2026-01-19 08:38:20
11641,Leisure,100.0,2026-01-19 08:38:20
11643,Leisure,26.06,2026-01-19 08:38:20
11643,Daily,24.65,2026-01-19 08:38:20
11643,Business,23.94,2026-01-19 08:38:20
11644,Daily,31.48,2026-01-19 08:38:20
11644,Leisure,29.63,2026-01-19 08:38:20
11644,Business,27.78,2026-01-19 08:38:20
11646,Leisure,28.57,2026-01-19 08:38:20
11646,Night Out,28.57,2026-01-19 08:38:20
11647,Leisure,29.37,2026-01-19 08:38:20
11647,Daily,27.78,2026-01-19 08:38:20
11647,Business,20.63,2026-01-19 08:38:20
11647,Sport,17.46,2026-01-19 08:38:20
11648,Leisure,30.61,2026-01-19 08:38:20
11648,Daily,26.53,2026-01-19 08:38:20
11648,Business,21.43,2026-01-19 08:38:20
11648,Sport,16.33,2026-01-19 08:38:20
11650,Leisure,24.39,2026-01-19 08:38:20
11650,Daily,19.51,2026-01-19 08:38:20
11650,Evening,19.51,2026-01-19 08:38:20
11650,Business,18.7,2026-01-19 08:38:20
11650,Night Out,17.89,2026-01-19 08:38:20
11651,Night Out,29.41,2026-01-19 08:38:20
11651,Evening,29.41,2026-01-19 08:38:20
11651,Leisure,17.65,2026-01-19 08:38:20
11651,Business,17.65,2026-01-19 08:38:20
11658,Daily,22.55,2026-01-19 08:38:20
11658,Leisure,20.59,2026-01-19 08:38:20
11658,Evening,20.59,2026-01-19 08:38:20
11658,Business,19.61,2026-01-19 08:38:20
11658,Night Out,16.67,2026-01-19 08:38:20
11659,Evening,29.76,2026-01-19 08:38:20
11659,Night Out,29.17,2026-01-19 08:38:20
11659,Leisure,20.24,2026-01-19 08:38:20
11661,Daily,50.0,2026-01-19 08:38:20
11661,Sport,25.0,2026-01-19 08:38:20
11661,Leisure,25.0,2026-01-19 08:38:20
11662,Leisure,27.27,2026-01-19 08:38:20
11662,Daily,26.26,2026-01-19 08:38:20
11662,Business,26.26,2026-01-19 08:38:20
11663,Evening,39.3,2026-01-19 08:38:20
11663,Night Out,37.99,2026-01-19 08:38:20
11663,Leisure,18.34,2026-01-19 08:38:20
11665,Daily,40.0,2026-01-19 08:38:20
11665,Sport,20.0,2026-01-19 08:38:20
11665,Leisure,20.0,2026-01-19 08:38:20
11665,Night Out,20.0,2026-01-19 08:38:20
11666,Daily,26.47,2026-01-19 08:38:20
11666,Business,25.74,2026-01-19 08:38:20
11666,Leisure,25.0,2026-01-19 08:38:20
11666,Sport,17.65,2026-01-19 08:38:20
11668,Daily,20.0,2026-01-19 08:38:20
11668,Leisure,20.0,2026-01-19 08:38:20
11668,Night Out,20.0,2026-01-19 08:38:20
11668,Business,20.0,2026-01-19 08:38:20
11668,Evening,20.0,2026-01-19 08:38:20
11669,Evening,50.0,2026-01-19 08:38:20
11669,Daily,25.0,2026-01-19 08:38:20
11669,Night Out,25.0,2026-01-19 08:38:20
11670,Daily,28.26,2026-01-19 08:38:20
11670,Leisure,26.09,2026-01-19 08:38:20
11670,Business,22.83,2026-01-19 08:38:20
11670,Sport,18.48,2026-01-19 08:38:20
11671,Night Out,22.56,2026-01-19 08:38:20
11671,Leisure,22.01,2026-01-19 08:38:20
11671,Evening,21.45,2026-01-19 08:38:20
11671,Daily,18.66,2026-01-19 08:38:20
11671,Business,15.32,2026-01-19 08:38:20
11672,Daily,33.33,2026-01-19 08:38:20
11672,Leisure,33.33,2026-01-19 08:38:20
11672,Business,33.33,2026-01-19 08:38:20
11673,Daily,20.0,2026-01-19 08:38:20
11673,Leisure,20.0,2026-01-19 08:38:20
11673,Night Out,20.0,2026-01-19 08:38:20
11673,Business,20.0,2026-01-19 08:38:20
11673,Evening,20.0,2026-01-19 08:38:20
11674,Evening,28.87,2026-01-19 08:38:20
11674,Night Out,26.8,2026-01-19 08:38:20
11674,Leisure,23.71,2026-01-19 08:38:20
11675,Leisure,23.51,2026-01-19 08:38:20
11675,Daily,20.86,2026-01-19 08:38:20
11675,Business,16.89,2026-01-19 08:38:20
11675,Evening,15.56,2026-01-19 08:38:20
11675,Night Out,15.23,2026-01-19 08:38:20
11677,Leisure,50.0,2026-01-19 08:38:20
11677,Daily,25.0,2026-01-19 08:38:20
11677,Sport,25.0,2026-01-19 08:38:20
11678,Leisure,28.7,2026-01-19 08:38:20
11678,Daily,27.78,2026-01-19 08:38:20
11678,Business,24.07,2026-01-19 08:38:20
11678,Sport,19.44,2026-01-19 08:38:20
11679,Leisure,22.51,2026-01-19 08:38:20
11679,Night Out,22.51,2026-01-19 08:38:20
11679,Evening,22.51,2026-01-19 08:38:20
11679,Daily,16.97,2026-01-19 08:38:20
11679,Business,15.5,2026-01-19 08:38:20
11681,Leisure,50.0,2026-01-19 08:38:20
11681,Business,50.0,2026-01-19 08:38:20
11685,Daily,40.0,2026-01-19 08:38:20
11685,Sport,20.0,2026-01-19 08:38:20
11685,Leisure,20.0,2026-01-19 08:38:20
11685,Evening,20.0,2026-01-19 08:38:20
11686,Leisure,30.86,2026-01-19 08:38:20
11686,Daily,22.22,2026-01-19 08:38:20
11686,Evening,19.75,2026-01-19 08:38:20
11687,Night Out,33.33,2026-01-19 08:38:20
11687,Evening,33.33,2026-01-19 08:38:20
11687,Leisure,16.67,2026-01-19 08:38:20
11688,Evening,24.04,2026-01-19 08:38:20
11688,Leisure,22.12,2026-01-19 08:38:20
11688,Night Out,22.12,2026-01-19 08:38:20
11688,Business,16.35,2026-01-19 08:38:20
11688,Daily,15.38,2026-01-19 08:38:20
11689,Daily,50.0,2026-01-19 08:38:20
11689,Leisure,50.0,2026-01-19 08:38:20
11690,Evening,34.36,2026-01-19 08:38:20
11690,Night Out,32.52,2026-01-19 08:38:20
11690,Leisure,18.4,2026-01-19 08:38:20
11692,Leisure,27.54,2026-01-19 08:38:20
11692,Daily,24.64,2026-01-19 08:38:20
11692,Business,18.84,2026-01-19 08:38:20
11693,Daily,20.0,2026-01-19 08:38:20
11693,Leisure,20.0,2026-01-19 08:38:20
11693,Night Out,20.0,2026-01-19 08:38:20
11693,Business,20.0,2026-01-19 08:38:20
11693,Evening,20.0,2026-01-19 08:38:20
11694,Evening,31.7,2026-01-19 08:38:20
11694,Night Out,27.68,2026-01-19 08:38:20
11694,Leisure,25.0,2026-01-19 08:38:20
11696,Leisure,26.23,2026-01-19 08:38:20
11696,Daily,24.59,2026-01-19 08:38:20
11696,Business,22.13,2026-01-19 08:38:20
11698,Leisure,22.79,2026-01-19 08:38:20
11698,Night Out,21.32,2026-01-19 08:38:20
11698,Evening,20.22,2026-01-19 08:38:20
11698,Daily,18.38,2026-01-19 08:38:20
11698,Business,17.28,2026-01-19 08:38:20
11699,Daily,25.0,2026-01-19 08:38:20
11699,Leisure,25.0,2026-01-19 08:38:20
11699,Business,25.0,2026-01-19 08:38:20
11699,Evening,25.0,2026-01-19 08:38:20
11700,Leisure,28.41,2026-01-19 08:38:20
11700,Daily,26.14,2026-01-19 08:38:20
11700,Business,22.73,2026-01-19 08:38:20
11701,Leisure,25.0,2026-01-19 08:38:20
11701,Night Out,25.0,2026-01-19 08:38:20
11701,Evening,25.0,2026-01-19 08:38:20
11702,Daily,25.1,2026-01-19 08:38:20
11702,Leisure,25.1,2026-01-19 08:38:20
11702,Business,20.65,2026-01-19 08:38:20
11704,Daily,28.87,2026-01-19 08:38:20
11704,Leisure,26.8,2026-01-19 08:38:20
11704,Business,20.62,2026-01-19 08:38:20
11705,Daily,20.0,2026-01-19 08:38:20
11705,Leisure,20.0,2026-01-19 08:38:20
11705,Night Out,20.0,2026-01-19 08:38:20
11705,Business,20.0,2026-01-19 08:38:20
11705,Evening,20.0,2026-01-19 08:38:20
11706,Evening,32.89,2026-01-19 08:38:20
11706,Leisure,28.29,2026-01-19 08:38:20
11706,Night Out,26.97,2026-01-19 08:38:20
11707,Daily,23.08,2026-01-19 08:38:20
11707,Leisure,23.08,2026-01-19 08:38:20
11707,Business,23.08,2026-01-19 08:38:20
11707,Sport,15.38,2026-01-19 08:38:20
11708,Leisure,26.32,2026-01-19 08:38:20
11708,Daily,24.21,2026-01-19 08:38:20
11708,Business,18.95,2026-01-19 08:38:20
11709,Daily,25.0,2026-01-19 08:38:20
11709,Leisure,25.0,2026-01-19 08:38:20
11709,Evening,25.0,2026-01-19 08:38:20
11710,Evening,30.77,2026-01-19 08:38:20
11710,Night Out,26.92,2026-01-19 08:38:20
11710,Leisure,21.15,2026-01-19 08:38:20
11712,Evening,26.88,2026-01-19 08:38:20
11712,Leisure,24.73,2026-01-19 08:38:20
11712,Night Out,24.73,2026-01-19 08:38:20
11713,Daily,20.0,2026-01-19 08:38:20
11713,Leisure,20.0,2026-01-19 08:38:20
11713,Night Out,20.0,2026-01-19 08:38:20
11713,Business,20.0,2026-01-19 08:38:20
11713,Evening,20.0,2026-01-19 08:38:20
11714,Leisure,25.12,2026-01-19 08:38:20
11714,Night Out,23.65,2026-01-19 08:38:20
11714,Evening,23.65,2026-01-19 08:38:20
11714,Daily,17.24,2026-01-19 08:38:20
11715,Evening,100.0,2026-01-19 08:38:20
11716,Daily,26.5,2026-01-19 08:38:20
11716,Leisure,24.79,2026-01-19 08:38:20
11716,Business,22.22,2026-01-19 08:38:20
11717,Leisure,27.27,2026-01-19 08:38:20
11717,Daily,18.18,2026-01-19 08:38:20
11717,Night Out,18.18,2026-01-19 08:38:20
11717,Business,18.18,2026-01-19 08:38:20
11717,Evening,18.18,2026-01-19 08:38:20
11718,Night Out,24.84,2026-01-19 08:38:20
11718,Evening,24.84,2026-01-19 08:38:20
11718,Leisure,21.74,2026-01-19 08:38:20
11720,Daily,27.78,2026-01-19 08:38:20
11720,Leisure,26.67,2026-01-19 08:38:20
11720,Business,24.44,2026-01-19 08:38:20
11721,Daily,33.33,2026-01-19 08:38:20
11721,Sport,33.33,2026-01-19 08:38:20
11721,Leisure,33.33,2026-01-19 08:38:20
11723,Evening,30.86,2026-01-19 08:38:20
11723,Night Out,29.14,2026-01-19 08:38:20
11723,Leisure,22.29,2026-01-19 08:38:20
11726,Daily,33.33,2026-01-19 08:38:20
11726,Leisure,33.33,2026-01-19 08:38:20
11726,Sport,16.67,2026-01-19 08:38:20
11726,Business,16.67,2026-01-19 08:38:20
11727,Leisure,28.25,2026-01-19 08:38:20
11727,Daily,19.77,2026-01-19 08:38:20
11727,Evening,19.77,2026-01-19 08:38:20
11727,Night Out,18.64,2026-01-19 08:38:20
11728,Leisure,23.08,2026-01-19 08:38:20
11728,Evening,23.08,2026-01-19 08:38:20
11728,Daily,20.51,2026-01-19 08:38:20
11728,Night Out,20.51,2026-01-19 08:38:20
11729,Daily,33.33,2026-01-19 08:38:20
11729,Night Out,33.33,2026-01-19 08:38:20
11729,Leisure,16.67,2026-01-19 08:38:20
11729,Evening,16.67,2026-01-19 08:38:20
11731,Evening,28.57,2026-01-19 08:38:20
11731,Night Out,26.43,2026-01-19 08:38:20
11731,Leisure,21.43,2026-01-19 08:38:20
11732,Leisure,30.49,2026-01-19 08:38:20
11732,Daily,21.95,2026-01-19 08:38:20
11732,Business,17.07,2026-01-19 08:38:20
11733,Daily,42.86,2026-01-19 08:38:20
11733,Leisure,28.57,2026-01-19 08:38:20
11736,Evening,26.39,2026-01-19 08:38:20
11736,Night Out,25.0,2026-01-19 08:38:20
11736,Leisure,22.22,2026-01-19 08:38:20
11736,Daily,15.28,2026-01-19 08:38:20
11737,Daily,25.0,2026-01-19 08:38:20
11737,Leisure,25.0,2026-01-19 08:38:20
11737,Evening,25.0,2026-01-19 08:38:20
11739,Night Out,27.07,2026-01-19 08:38:20
11739,Evening,24.81,2026-01-19 08:38:20
11739,Leisure,23.31,2026-01-19 08:38:20
11740,Daily,33.33,2026-01-19 08:38:20
11740,Sport,33.33,2026-01-19 08:38:20
11740,Leisure,33.33,2026-01-19 08:38:20
11741,Leisure,29.23,2026-01-19 08:38:20
11741,Business,27.69,2026-01-19 08:38:20
11741,Daily,23.08,2026-01-19 08:38:20
11743,Evening,30.09,2026-01-19 08:38:20
11743,Leisure,29.2,2026-01-19 08:38:20
11743,Night Out,25.66,2026-01-19 08:38:20
11746,Evening,27.69,2026-01-19 08:38:20
11746,Leisure,24.62,2026-01-19 08:38:20
11746,Night Out,20.0,2026-01-19 08:38:20
11746,Daily,15.38,2026-01-19 08:38:20
11747,Daily,25.36,2026-01-19 08:38:20
11747,Leisure,25.36,2026-01-19 08:38:20
11747,Business,18.84,2026-01-19 08:38:20
11748,Leisure,33.33,2026-01-19 08:38:20
11748,Night Out,33.33,2026-01-19 08:38:20
11748,Evening,33.33,2026-01-19 08:38:20
11750,Business,26.25,2026-01-19 08:38:20
11750,Daily,23.75,2026-01-19 08:38:20
11750,Leisure,21.25,2026-01-19 08:38:20
11750,Evening,16.25,2026-01-19 08:38:20
11751,Daily,25.96,2026-01-19 08:38:20
11751,Leisure,25.0,2026-01-19 08:38:20
11751,Business,20.19,2026-01-19 08:38:20
11752,Daily,50.0,2026-01-19 08:38:20
11752,Leisure,50.0,2026-01-19 08:38:20
11753,Daily,20.0,2026-01-19 08:38:20
11753,Sport,20.0,2026-01-19 08:38:20
11753,Leisure,20.0,2026-01-19 08:38:20
11753,Business,20.0,2026-01-19 08:38:20
11753,Evening,20.0,2026-01-19 08:38:20
11754,Leisure,31.82,2026-01-19 08:38:20
11754,Daily,20.45,2026-01-19 08:38:20
11754,Business,20.45,2026-01-19 08:38:20
11754,Evening,15.91,2026-01-19 08:38:20
11755,Night Out,25.37,2026-01-19 08:38:20
11755,Evening,25.37,2026-01-19 08:38:20
11755,Leisure,22.39,2026-01-19 08:38:20
11756,Daily,20.0,2026-01-19 08:38:20
11756,Leisure,20.0,2026-01-19 08:38:20
11756,Business,20.0,2026-01-19 08:38:20
11756,Evening,20.0,2026-01-19 08:38:20
11758,Daily,29.69,2026-01-19 08:38:20
11758,Leisure,26.56,2026-01-19 08:38:20
11758,Business,23.44,2026-01-19 08:38:20
11759,Leisure,27.59,2026-01-19 08:38:20
11759,Night Out,27.59,2026-01-19 08:38:20
11759,Evening,27.59,2026-01-19 08:38:20
11762,Leisure,25.0,2026-01-19 08:38:20
11762,Daily,23.68,2026-01-19 08:38:20
11762,Business,22.37,2026-01-19 08:38:20
11764,Daily,26.67,2026-01-19 08:38:20
11764,Leisure,26.67,2026-01-19 08:38:20
11764,Business,20.0,2026-01-19 08:38:20
11765,Leisure,29.27,2026-01-19 08:38:20
11765,Evening,26.83,2026-01-19 08:38:20
11765,Night Out,21.95,2026-01-19 08:38:20
11768,Leisure,23.08,2026-01-19 08:38:20
11768,Night Out,23.08,2026-01-19 08:38:20
11768,Daily,15.38,2026-01-19 08:38:20
11768,Sport,15.38,2026-01-19 08:38:20
11768,Business,15.38,2026-01-19 08:38:20
11769,Leisure,25.68,2026-01-19 08:38:20
11769,Daily,22.97,2026-01-19 08:38:20
11769,Evening,20.27,2026-01-19 08:38:20
11769,Business,16.22,2026-01-19 08:38:20
11771,Leisure,100.0,2026-01-19 08:38:20
11773,Leisure,30.19,2026-01-19 08:38:20
11773,Evening,26.42,2026-01-19 08:38:20
11773,Daily,16.98,2026-01-19 08:38:20
11773,Night Out,15.09,2026-01-19 08:38:20
11775,Daily,33.33,2026-01-19 08:38:20
11775,Leisure,33.33,2026-01-19 08:38:20
11776,Daily,25.0,2026-01-19 08:38:20
11776,Sport,25.0,2026-01-19 08:38:20
11776,Leisure,25.0,2026-01-19 08:38:20
11776,Business,25.0,2026-01-19 08:38:20
11777,Leisure,24.59,2026-01-19 08:38:20
11777,Evening,22.95,2026-01-19 08:38:20
11777,Daily,19.67,2026-01-19 08:38:20
11777,Night Out,18.03,2026-01-19 08:38:20
11780,Daily,20.0,2026-01-19 08:38:20
11780,Sport,20.0,2026-01-19 08:38:20
11780,Leisure,20.0,2026-01-19 08:38:20
11780,Night Out,20.0,2026-01-19 08:38:20
11780,Business,20.0,2026-01-19 08:38:20
11781,Leisure,30.0,2026-01-19 08:38:20
11781,Daily,28.0,2026-01-19 08:38:20
11781,Business,24.0,2026-01-19 08:38:20
11784,Daily,33.33,2026-01-19 08:38:20
11784,Leisure,33.33,2026-01-19 08:38:20
11784,Business,33.33,2026-01-19 08:38:20
11785,Daily,23.73,2026-01-19 08:38:20
11785,Leisure,23.73,2026-01-19 08:38:20
11785,Business,22.03,2026-01-19 08:38:20
11787,Evening,42.86,2026-01-19 08:38:20
11787,Leisure,28.57,2026-01-19 08:38:20
11789,Night Out,29.63,2026-01-19 08:38:20
11789,Leisure,25.93,2026-01-19 08:38:20
11789,Evening,25.93,2026-01-19 08:38:20
11791,Daily,33.33,2026-01-19 08:38:20
11791,Leisure,33.33,2026-01-19 08:38:20
11791,Business,33.33,2026-01-19 08:38:20
11792,Daily,33.33,2026-01-19 08:38:20
11792,Sport,33.33,2026-01-19 08:38:20
11792,Business,33.33,2026-01-19 08:38:20
11793,Leisure,24.24,2026-01-19 08:38:20
11793,Evening,21.21,2026-01-19 08:38:20
11793,Daily,18.18,2026-01-19 08:38:20
11793,Night Out,18.18,2026-01-19 08:38:20
11793,Business,18.18,2026-01-19 08:38:20
11796,Daily,28.57,2026-01-19 08:38:20
11796,Leisure,28.57,2026-01-19 08:38:20
11796,Business,23.81,2026-01-19 08:38:20
11800,Evening,26.83,2026-01-19 08:38:20
11800,Leisure,24.39,2026-01-19 08:38:20
11800,Night Out,19.51,2026-01-19 08:38:20
11802,Daily,50.0,2026-01-19 08:38:20
11802,Leisure,50.0,2026-01-19 08:38:20
11803,Daily,40.0,2026-01-19 08:38:20
11803,Leisure,40.0,2026-01-19 08:38:20
11803,Evening,20.0,2026-01-19 08:38:20
11804,Leisure,26.47,2026-01-19 08:38:20
11804,Evening,23.53,2026-01-19 08:38:20
11804,Night Out,20.59,2026-01-19 08:38:20
11804,Daily,17.65,2026-01-19 08:38:20
11806,Daily,25.0,2026-01-19 08:38:20
11806,Leisure,25.0,2026-01-19 08:38:20
11806,Night Out,25.0,2026-01-19 08:38:20
11806,Evening,25.0,2026-01-19 08:38:20
11808,Night Out,25.93,2026-01-19 08:38:20
11808,Evening,25.93,2026-01-19 08:38:20
11808,Daily,18.52,2026-01-19 08:38:20
11808,Leisure,18.52,2026-01-19 08:38:20
11810,Daily,23.08,2026-01-19 08:38:20
11810,Leisure,23.08,2026-01-19 08:38:20
11810,Business,23.08,2026-01-19 08:38:20
11810,Night Out,15.38,2026-01-19 08:38:20
11811,Daily,25.0,2026-01-19 08:38:20
11811,Sport,25.0,2026-01-19 08:38:20
11811,Leisure,25.0,2026-01-19 08:38:20
11811,Business,25.0,2026-01-19 08:38:20
11812,Evening,23.53,2026-01-19 08:38:20
11812,Leisure,21.57,2026-01-19 08:38:20
11812,Night Out,21.57,2026-01-19 08:38:20
11812,Business,17.65,2026-01-19 08:38:20
11812,Daily,15.69,2026-01-19 08:38:20
11816,Daily,33.33,2026-01-19 08:38:20
11816,Leisure,25.0,2026-01-19 08:38:20
11816,Business,16.67,2026-01-19 08:38:20
11818,Daily,33.33,2026-01-19 08:38:20
11818,Leisure,33.33,2026-01-19 08:38:20
11818,Evening,33.33,2026-01-19 08:38:20
11819,Daily,25.0,2026-01-19 08:38:20
11819,Leisure,25.0,2026-01-19 08:38:20
11819,Night Out,25.0,2026-01-19 08:38:20
11819,Evening,25.0,2026-01-19 08:38:20
11820,Night Out,30.0,2026-01-19 08:38:20
11820,Evening,30.0,2026-01-19 08:38:20
11820,Daily,20.0,2026-01-19 08:38:20
11820,Leisure,20.0,2026-01-19 08:38:20
11822,Daily,21.05,2026-01-19 08:38:20
11822,Leisure,21.05,2026-01-19 08:38:20
11822,Business,21.05,2026-01-19 08:38:20
11822,Evening,15.79,2026-01-19 08:38:20
11823,Daily,25.0,2026-01-19 08:38:20
11823,Leisure,25.0,2026-01-19 08:38:20
11823,Night Out,25.0,2026-01-19 08:38:20
11823,Evening,25.0,2026-01-19 08:38:20
11826,Evening,33.33,2026-01-19 08:38:20
11826,Daily,16.67,2026-01-19 08:38:20
11826,Leisure,16.67,2026-01-19 08:38:20
11826,Night Out,16.67,2026-01-19 08:38:20
11826,Business,16.67,2026-01-19 08:38:20
11830,Daily,20.0,2026-01-19 08:38:20
11830,Leisure,20.0,2026-01-19 08:38:20
11830,Night Out,20.0,2026-01-19 08:38:20
11830,Business,20.0,2026-01-19 08:38:20
11830,Evening,20.0,2026-01-19 08:38:20
11831,Daily,25.0,2026-01-19 08:38:20
11831,Sport,25.0,2026-01-19 08:38:20
11831,Leisure,25.0,2026-01-19 08:38:20
11831,Business,25.0,2026-01-19 08:38:20
11834,Daily,25.0,2026-01-19 08:38:20
11834,Sport,25.0,2026-01-19 08:38:20
11834,Leisure,18.75,2026-01-19 08:38:20
11834,Business,18.75,2026-01-19 08:38:20
11838,Daily,33.33,2026-01-19 08:38:20
11838,Leisure,33.33,2026-01-19 08:38:20
11838,Business,33.33,2026-01-19 08:38:20
11842,Leisure,66.67,2026-01-19 08:38:20
11842,Daily,33.33,2026-01-19 08:38:20
11844,Daily,16.67,2026-01-19 08:38:20
11844,Sport,16.67,2026-01-19 08:38:20
11844,Leisure,16.67,2026-01-19 08:38:20
11844,Night Out,16.67,2026-01-19 08:38:20
11844,Business,16.67,2026-01-19 08:38:20
11844,Evening,16.67,2026-01-19 08:38:20
11846,Leisure,50.0,2026-01-19 08:38:20
11846,Daily,33.33,2026-01-19 08:38:20
11846,Evening,16.67,2026-01-19 08:38:20
11850,Sport,33.33,2026-01-19 08:38:20
11850,Leisure,33.33,2026-01-19 08:38:20
11850,Night Out,33.33,2026-01-19 08:38:20
11853,Leisure,30.23,2026-01-19 08:38:20
11853,Daily,20.93,2026-01-19 08:38:20
11853,Night Out,18.6,2026-01-19 08:38:20
11853,Evening,18.6,2026-01-19 08:38:20
11854,Sport,50.0,2026-01-19 08:38:20
11854,Leisure,50.0,2026-01-19 08:38:20
11856,Daily,40.0,2026-01-19 08:38:20
11856,Leisure,40.0,2026-01-19 08:38:20
11856,Sport,20.0,2026-01-19 08:38:20
11857,Leisure,27.27,2026-01-19 08:38:20
11857,Evening,27.27,2026-01-19 08:38:20
11857,Night Out,22.73,2026-01-19 08:38:20
11857,Daily,15.91,2026-01-19 08:38:20
11860,Daily,33.33,2026-01-19 08:38:20
11860,Business,33.33,2026-01-19 08:38:20
11860,Evening,33.33,2026-01-19 08:38:20
11861,Leisure,29.51,2026-01-19 08:38:20
11861,Business,27.87,2026-01-19 08:38:20
11861,Daily,21.31,2026-01-19 08:38:20
11862,Daily,50.0,2026-01-19 08:38:20
11862,Sport,25.0,2026-01-19 08:38:20
11862,Leisure,25.0,2026-01-19 08:38:20
11865,Evening,26.09,2026-01-19 08:38:20
11865,Night Out,21.74,2026-01-19 08:38:20
11865,Leisure,17.39,2026-01-19 08:38:20
11865,Business,17.39,2026-01-19 08:38:20
11869,Daily,27.27,2026-01-19 08:38:20
11869,Business,27.27,2026-01-19 08:38:20
11869,Leisure,25.0,2026-01-19 08:38:20
11870,Daily,100.0,2026-01-19 08:38:20
11872,Leisure,36.36,2026-01-19 08:38:20
11872,Business,27.27,2026-01-19 08:38:20
11872,Daily,22.73,2026-01-19 08:38:20
11877,Leisure,29.17,2026-01-19 08:38:20
11877,Daily,25.0,2026-01-19 08:38:20
11877,Business,25.0,2026-01-19 08:38:20
11878,Daily,37.5,2026-01-19 08:38:20
11878,Sport,25.0,2026-01-19 08:38:20
11878,Evening,25.0,2026-01-19 08:38:20
11879,Leisure,33.33,2026-01-19 08:38:20
11879,Night Out,33.33,2026-01-19 08:38:20
11879,Evening,33.33,2026-01-19 08:38:20
11881,Leisure,27.78,2026-01-19 08:38:20
11881,Daily,22.22,2026-01-19 08:38:20
11881,Evening,22.22,2026-01-19 08:38:20
11881,Business,16.67,2026-01-19 08:38:20
11882,Daily,28.57,2026-01-19 08:38:20
11882,Sport,28.57,2026-01-19 08:38:20
11882,Leisure,28.57,2026-01-19 08:38:20
11883,Evening,27.91,2026-01-19 08:38:20
11883,Night Out,25.59,2026-01-19 08:38:20
11883,Leisure,16.16,2026-01-19 08:38:20
11883,Daily,15.45,2026-01-19 08:38:20
11885,Daily,24.24,2026-01-19 08:38:20
11885,Evening,24.24,2026-01-19 08:38:20
11885,Leisure,21.21,2026-01-19 08:38:20
11885,Night Out,21.21,2026-01-19 08:38:20
11886,Daily,50.0,2026-01-19 08:38:20
11886,Leisure,50.0,2026-01-19 08:38:20
11887,Evening,35.6,2026-01-19 08:38:20
11887,Night Out,34.03,2026-01-19 08:38:20
11887,Leisure,15.73,2026-01-19 08:38:20
11889,Leisure,25.45,2026-01-19 08:38:20
11889,Daily,23.64,2026-01-19 08:38:20
11889,Business,23.64,2026-01-19 08:38:20
11890,Daily,28.57,2026-01-19 08:38:20
11890,Leisure,28.57,2026-01-19 08:38:20
11890,Business,28.57,2026-01-19 08:38:20
11891,Evening,34.4,2026-01-19 08:38:20
11891,Night Out,33.38,2026-01-19 08:38:20
11891,Leisure,15.58,2026-01-19 08:38:20
11893,Leisure,30.43,2026-01-19 08:38:20
11893,Evening,30.43,2026-01-19 08:38:20
11894,Daily,25.0,2026-01-19 08:38:20
11894,Sport,25.0,2026-01-19 08:38:20
11894,Leisure,25.0,2026-01-19 08:38:20
11894,Business,25.0,2026-01-19 08:38:20
11895,Night Out,29.62,2026-01-19 08:38:20
11895,Evening,28.94,2026-01-19 08:38:20
11895,Leisure,20.7,2026-01-19 08:38:20
11897,Daily,26.09,2026-01-19 08:38:20
11897,Business,26.09,2026-01-19 08:38:20
11897,Leisure,23.91,2026-01-19 08:38:20
11898,Daily,20.0,2026-01-19 08:38:20
11898,Leisure,20.0,2026-01-19 08:38:20
11898,Night Out,20.0,2026-01-19 08:38:20
11898,Business,20.0,2026-01-19 08:38:20
11898,Evening,20.0,2026-01-19 08:38:20
11900,Leisure,28.0,2026-01-19 08:38:20
11900,Evening,24.0,2026-01-19 08:38:20
11900,Night Out,20.0,2026-01-19 08:38:20
11900,Business,16.0,2026-01-19 08:38:20
11901,Daily,20.0,2026-01-19 08:38:20
11901,Sport,20.0,2026-01-19 08:38:20
11901,Leisure,20.0,2026-01-19 08:38:20
11901,Business,20.0,2026-01-19 08:38:20
11902,Evening,29.35,2026-01-19 08:38:20
11902,Night Out,29.05,2026-01-19 08:38:20
11902,Leisure,18.15,2026-01-19 08:38:20
11904,Leisure,23.33,2026-01-19 08:38:20
11904,Daily,20.0,2026-01-19 08:38:20
11904,Night Out,20.0,2026-01-19 08:38:20
11904,Evening,20.0,2026-01-19 08:38:20
11904,Business,16.67,2026-01-19 08:38:20
11906,Night Out,27.85,2026-01-19 08:38:20
11906,Evening,27.72,2026-01-19 08:38:20
11906,Leisure,19.15,2026-01-19 08:38:20
11907,Night Out,26.32,2026-01-19 08:38:20
11907,Evening,26.32,2026-01-19 08:38:20
11907,Leisure,21.05,2026-01-19 08:38:20
11907,Daily,15.79,2026-01-19 08:38:20
11908,Leisure,33.33,2026-01-19 08:38:20
11908,Daily,22.22,2026-01-19 08:38:20
11908,Business,22.22,2026-01-19 08:38:20
11909,Sport,100.0,2026-01-19 08:38:20
11910,Evening,37.37,2026-01-19 08:38:20
11910,Night Out,35.82,2026-01-19 08:38:20
11914,Evening,32.25,2026-01-19 08:38:20
11914,Night Out,31.43,2026-01-19 08:38:20
11914,Leisure,17.86,2026-01-19 08:38:20
11915,Evening,26.09,2026-01-19 08:38:20
11915,Daily,21.74,2026-01-19 08:38:20
11915,Leisure,21.74,2026-01-19 08:38:20
11915,Night Out,17.39,2026-01-19 08:38:20
11917,Evening,100.0,2026-01-19 08:38:20
11918,Leisure,27.74,2026-01-19 08:38:20
11918,Daily,24.59,2026-01-19 08:38:20
11920,Night Out,28.57,2026-01-19 08:38:20
11920,Evening,28.57,2026-01-19 08:38:20
11920,Daily,23.81,2026-01-19 08:38:20
11922,Daily,25.47,2026-01-19 08:38:20
11922,Business,23.59,2026-01-19 08:38:20
11922,Leisure,22.98,2026-01-19 08:38:20
11924,Night Out,30.43,2026-01-19 08:38:20
11924,Evening,26.09,2026-01-19 08:38:20
11924,Daily,21.74,2026-01-19 08:38:20
11925,Daily,33.33,2026-01-19 08:38:20
11925,Evening,33.33,2026-01-19 08:38:20
11925,Leisure,16.67,2026-01-19 08:38:20
11925,Business,16.67,2026-01-19 08:38:20
11926,Evening,35.87,2026-01-19 08:38:20
11926,Night Out,35.05,2026-01-19 08:38:20
11928,Leisure,29.41,2026-01-19 08:38:20
11928,Night Out,23.53,2026-01-19 08:38:20
11928,Evening,23.53,2026-01-19 08:38:20
11931,Leisure,26.06,2026-01-19 08:38:20
11931,Daily,25.1,2026-01-19 08:38:20
11931,Business,17.85,2026-01-19 08:38:20
11932,Leisure,31.25,2026-01-19 08:38:20
11932,Night Out,25.0,2026-01-19 08:38:20
11932,Evening,25.0,2026-01-19 08:38:20
11932,Daily,18.75,2026-01-19 08:38:20
11933,Daily,27.27,2026-01-19 08:38:20
11933,Leisure,27.27,2026-01-19 08:38:20
11933,Business,27.27,2026-01-19 08:38:20
11933,Evening,18.18,2026-01-19 08:38:20
11935,Daily,37.5,2026-01-19 08:38:20
11935,Leisure,31.25,2026-01-19 08:38:20
11935,Business,18.75,2026-01-19 08:38:20
11936,Leisure,33.33,2026-01-19 08:38:20
11936,Night Out,33.33,2026-01-19 08:38:20
11936,Evening,33.33,2026-01-19 08:38:20
11937,Leisure,29.23,2026-01-19 08:38:20
11937,Daily,25.59,2026-01-19 08:38:20
11937,Business,15.47,2026-01-19 08:38:20
11939,Leisure,30.77,2026-01-19 08:38:20
11939,Daily,19.23,2026-01-19 08:38:20
11939,Night Out,15.38,2026-01-19 08:38:20
11939,Business,15.38,2026-01-19 08:38:20
11940,Daily,66.67,2026-01-19 08:38:20
11940,Leisure,33.33,2026-01-19 08:38:20
11941,Business,24.65,2026-01-19 08:38:20
11941,Daily,24.51,2026-01-19 08:38:20
11941,Leisure,21.08,2026-01-19 08:38:20
11943,Leisure,25.0,2026-01-19 08:38:20
11943,Daily,20.0,2026-01-19 08:38:20
11943,Business,20.0,2026-01-19 08:38:20
11943,Evening,20.0,2026-01-19 08:38:20
11943,Night Out,15.0,2026-01-19 08:38:20
11945,Leisure,26.15,2026-01-19 08:38:20
11945,Daily,24.62,2026-01-19 08:38:20
11945,Business,17.47,2026-01-19 08:38:20
11945,Sport,16.24,2026-01-19 08:38:20
11948,Daily,26.32,2026-01-19 08:38:20
11948,Leisure,21.05,2026-01-19 08:38:20
11948,Business,21.05,2026-01-19 08:38:20
11948,Evening,21.05,2026-01-19 08:38:20
11949,Leisure,27.4,2026-01-19 08:38:20
11949,Night Out,21.54,2026-01-19 08:38:20
11949,Daily,20.8,2026-01-19 08:38:20
11949,Evening,19.18,2026-01-19 08:38:20
11952,Daily,33.33,2026-01-19 08:38:20
11952,Leisure,16.67,2026-01-19 08:38:20
11952,Night Out,16.67,2026-01-19 08:38:20
11952,Business,16.67,2026-01-19 08:38:20
11952,Evening,16.67,2026-01-19 08:38:20
11953,Evening,34.81,2026-01-19 08:38:20
11953,Night Out,31.52,2026-01-19 08:38:20
11953,Leisure,17.47,2026-01-19 08:38:20
11954,Leisure,75.0,2026-01-19 08:38:20
11954,Night Out,25.0,2026-01-19 08:38:20
11955,Daily,25.0,2026-01-19 08:38:20
11955,Leisure,25.0,2026-01-19 08:38:20
11955,Business,25.0,2026-01-19 08:38:20
11955,Evening,25.0,2026-01-19 08:38:20
11956,Evening,23.29,2026-01-19 08:38:20
11956,Leisure,20.65,2026-01-19 08:38:20
11956,Night Out,20.35,2026-01-19 08:38:20
11956,Business,17.94,2026-01-19 08:38:20
11956,Daily,17.78,2026-01-19 08:38:20
11957,Leisure,23.72,2026-01-19 08:38:20
11957,Daily,20.23,2026-01-19 08:38:20
11957,Business,17.3,2026-01-19 08:38:20
11957,Evening,16.26,2026-01-19 08:38:20
11957,Night Out,15.31,2026-01-19 08:38:20
11958,Daily,28.57,2026-01-19 08:38:20
11958,Sport,28.57,2026-01-19 08:38:20
11958,Leisure,28.57,2026-01-19 08:38:20
11959,Daily,30.43,2026-01-19 08:38:20
11959,Leisure,21.74,2026-01-19 08:38:20
11959,Business,21.74,2026-01-19 08:38:20
11959,Sport,17.39,2026-01-19 08:38:20
11960,Evening,26.92,2026-01-19 08:38:20
11960,Night Out,25.19,2026-01-19 08:38:20
11960,Leisure,20.29,2026-01-19 08:38:20
11965,Business,22.97,2026-01-19 08:38:20
11965,Daily,22.61,2026-01-19 08:38:20
11965,Leisure,19.35,2026-01-19 08:38:20
11965,Evening,18.98,2026-01-19 08:38:20
11965,Night Out,16.08,2026-01-19 08:38:20
11967,Daily,37.5,2026-01-19 08:38:20
11967,Leisure,25.0,2026-01-19 08:38:20
11968,Daily,24.37,2026-01-19 08:38:20
11968,Leisure,23.91,2026-01-19 08:38:20
11968,Business,18.85,2026-01-19 08:38:20
11969,Evening,27.06,2026-01-19 08:38:20
11969,Night Out,26.22,2026-01-19 08:38:20
11969,Leisure,20.34,2026-01-19 08:38:20
11970,Daily,66.67,2026-01-19 08:38:20
11970,Leisure,33.33,2026-01-19 08:38:20
11971,Daily,22.22,2026-01-19 08:38:20
11971,Leisure,22.22,2026-01-19 08:38:20
11971,Night Out,16.67,2026-01-19 08:38:20
11971,Business,16.67,2026-01-19 08:38:20
11971,Evening,16.67,2026-01-19 08:38:20
11972,Leisure,33.33,2026-01-19 08:38:20
11972,Daily,16.67,2026-01-19 08:38:20
11972,Night Out,16.67,2026-01-19 08:38:20
11972,Business,16.67,2026-01-19 08:38:20
11972,Evening,16.67,2026-01-19 08:38:20
11973,Evening,32.97,2026-01-19 08:38:20
11973,Night Out,32.5,2026-01-19 08:38:20
11973,Leisure,17.42,2026-01-19 08:38:20
11974,Evening,25.29,2026-01-19 08:38:20
11974,Leisure,22.61,2026-01-19 08:38:20
11974,Night Out,21.11,2026-01-19 08:38:20
11974,Daily,17.42,2026-01-19 08:38:20
11975,Daily,33.33,2026-01-19 08:38:20
11975,Leisure,33.33,2026-01-19 08:38:20
11975,Business,16.67,2026-01-19 08:38:20
11975,Evening,16.67,2026-01-19 08:38:20
11976,Leisure,42.86,2026-01-19 08:38:20
11976,Daily,28.57,2026-01-19 08:38:20
11977,Evening,31.24,2026-01-19 08:38:20
11977,Night Out,30.04,2026-01-19 08:38:20
11977,Leisure,17.49,2026-01-19 08:38:20
11978,Daily,26.02,2026-01-19 08:38:20
11978,Leisure,24.57,2026-01-19 08:38:20
11978,Business,22.08,2026-01-19 08:38:20
11981,Night Out,27.89,2026-01-19 08:38:20
11981,Evening,26.76,2026-01-19 08:38:20
11981,Leisure,20.56,2026-01-19 08:38:20
11981,Daily,16.34,2026-01-19 08:38:20
11982,Daily,25.48,2026-01-19 08:38:20
11982,Leisure,24.04,2026-01-19 08:38:20
11982,Business,23.56,2026-01-19 08:38:20
11984,Evening,30.69,2026-01-19 08:38:20
11984,Night Out,29.04,2026-01-19 08:38:20
11984,Leisure,18.71,2026-01-19 08:38:20
11986,Daily,28.13,2026-01-19 08:38:20
11986,Leisure,25.69,2026-01-19 08:38:20
11986,Business,24.07,2026-01-19 08:38:20
11989,Evening,30.09,2026-01-19 08:38:20
11989,Night Out,25.76,2026-01-19 08:38:20
11989,Leisure,19.26,2026-01-19 08:38:20
11990,Night Out,50.0,2026-01-19 08:38:20
11990,Evening,50.0,2026-01-19 08:38:20
11991,Leisure,25.49,2026-01-19 08:38:20
11991,Daily,24.42,2026-01-19 08:38:20
11991,Business,22.28,2026-01-19 08:38:20
11993,Evening,40.0,2026-01-19 08:38:20
11993,Daily,20.0,2026-01-19 08:38:20
11993,Leisure,20.0,2026-01-19 08:38:20
11993,Night Out,20.0,2026-01-19 08:38:20
11995,Daily,23.83,2026-01-19 08:38:20
11995,Leisure,23.59,2026-01-19 08:38:20
11995,Business,23.1,2026-01-19 08:38:20
11995,Evening,17.44,2026-01-19 08:38:20
11996,Daily,33.33,2026-01-19 08:38:20
11996,Leisure,33.33,2026-01-19 08:38:20
11996,Sport,16.67,2026-01-19 08:38:20
11996,Business,16.67,2026-01-19 08:38:20
11997,Evening,29.77,2026-01-19 08:38:20
11997,Night Out,27.67,2026-01-19 08:38:20
11997,Leisure,17.56,2026-01-19 08:38:20
11999,Evening,31.2,2026-01-19 08:38:20
11999,Night Out,30.0,2026-01-19 08:38:20
11999,Leisure,19.4,2026-01-19 08:38:20
12000,Evening,32.52,2026-01-19 08:38:20
12000,Night Out,30.47,2026-01-19 08:38:20
12000,Leisure,17.79,2026-01-19 08:38:20
12002,Daily,20.0,2026-01-19 08:38:20
12002,Leisure,20.0,2026-01-19 08:38:20
12002,Night Out,20.0,2026-01-19 08:38:20
12002,Business,20.0,2026-01-19 08:38:20
12002,Evening,20.0,2026-01-19 08:38:20
12003,Leisure,22.22,2026-01-19 08:38:20
12003,Daily,21.79,2026-01-19 08:38:20
12003,Evening,19.66,2026-01-19 08:38:20
12003,Night Out,18.16,2026-01-19 08:38:20
12003,Business,18.16,2026-01-19 08:38:20
12006,Daily,26.98,2026-01-19 08:38:20
12006,Leisure,26.19,2026-01-19 08:38:20
12006,Business,21.03,2026-01-19 08:38:20
12007,Evening,23.13,2026-01-19 08:38:20
12007,Leisure,22.14,2026-01-19 08:38:20
12007,Night Out,21.64,2026-01-19 08:38:20
12007,Daily,16.67,2026-01-19 08:38:20
12007,Business,16.42,2026-01-19 08:38:20
12010,Evening,30.77,2026-01-19 08:38:20
12010,Night Out,30.2,2026-01-19 08:38:20
12010,Leisure,19.94,2026-01-19 08:38:20
12011,Daily,26.55,2026-01-19 08:38:20
12011,Leisure,22.18,2026-01-19 08:38:20
12011,Business,21.45,2026-01-19 08:38:20
12011,Evening,15.64,2026-01-19 08:38:20
12012,Daily,33.33,2026-01-19 08:38:20
12012,Leisure,33.33,2026-01-19 08:38:20
12012,Evening,33.33,2026-01-19 08:38:20
12014,Leisure,24.28,2026-01-19 08:38:20
12014,Night Out,20.08,2026-01-19 08:38:20
12014,Daily,19.89,2026-01-19 08:38:20
12014,Evening,18.36,2026-01-19 08:38:20
12014,Business,17.4,2026-01-19 08:38:20
12015,Leisure,25.58,2026-01-19 08:38:20
12015,Daily,22.74,2026-01-19 08:38:20
12015,Business,21.19,2026-01-19 08:38:20
12015,Evening,15.5,2026-01-19 08:38:20
12016,Daily,50.0,2026-01-19 08:38:20
12016,Leisure,50.0,2026-01-19 08:38:20
12018,Evening,34.23,2026-01-19 08:38:20
12018,Night Out,33.74,2026-01-19 08:38:20
12018,Leisure,18.83,2026-01-19 08:38:20
12019,Evening,26.72,2026-01-19 08:38:20
12019,Night Out,24.43,2026-01-19 08:38:20
12019,Leisure,20.99,2026-01-19 08:38:20
12020,Daily,33.33,2026-01-19 08:38:20
12020,Leisure,33.33,2026-01-19 08:38:20
12020,Business,33.33,2026-01-19 08:38:20
12022,Night Out,28.95,2026-01-19 08:38:20
12022,Evening,28.07,2026-01-19 08:38:20
12022,Leisure,19.3,2026-01-19 08:38:20
12023,Evening,28.18,2026-01-19 08:38:20
12023,Night Out,27.49,2026-01-19 08:38:20
12023,Leisure,21.65,2026-01-19 08:38:20
12027,Evening,25.93,2026-01-19 08:38:20
12027,Leisure,22.84,2026-01-19 08:38:20
12027,Night Out,21.6,2026-01-19 08:38:20
12027,Business,15.12,2026-01-19 08:38:20
12030,Leisure,24.77,2026-01-19 08:38:20
12030,Daily,24.55,2026-01-19 08:38:20
12030,Business,20.72,2026-01-19 08:38:20
12033,Evening,23.87,2026-01-19 08:38:20
12033,Night Out,20.78,2026-01-19 08:38:20
12033,Leisure,19.34,2026-01-19 08:38:20
12033,Daily,18.72,2026-01-19 08:38:20
12033,Business,17.28,2026-01-19 08:38:20
12035,Evening,100.0,2026-01-19 08:38:20
12036,Leisure,25.91,2026-01-19 08:38:20
12036,Daily,22.26,2026-01-19 08:38:20
12036,Business,22.26,2026-01-19 08:38:20
12038,Leisure,21.95,2026-01-19 08:38:20
12038,Night Out,21.71,2026-01-19 08:38:20
12038,Evening,21.46,2026-01-19 08:38:20
12038,Daily,19.27,2026-01-19 08:38:20
12038,Business,15.61,2026-01-19 08:38:20
12041,Daily,27.51,2026-01-19 08:38:20
12041,Leisure,24.07,2026-01-19 08:38:20
12041,Business,24.07,2026-01-19 08:38:20
12042,Daily,22.81,2026-01-19 08:38:20
12042,Business,21.96,2026-01-19 08:38:20
12042,Evening,19.4,2026-01-19 08:38:20
12042,Leisure,18.98,2026-01-19 08:38:20
12042,Night Out,16.84,2026-01-19 08:38:20
12043,Daily,22.22,2026-01-19 08:38:20
12043,Leisure,22.22,2026-01-19 08:38:20
12043,Business,22.22,2026-01-19 08:38:20
12043,Evening,22.22,2026-01-19 08:38:20
12045,Evening,34.48,2026-01-19 08:38:20
12045,Night Out,29.12,2026-01-19 08:38:20
12045,Leisure,19.16,2026-01-19 08:38:20
12046,Leisure,24.89,2026-01-19 08:38:20
12046,Evening,24.89,2026-01-19 08:38:20
12046,Night Out,21.24,2026-01-19 08:38:20
12046,Daily,15.02,2026-01-19 08:38:20
12047,Daily,40.0,2026-01-19 08:38:20
12047,Sport,20.0,2026-01-19 08:38:20
12047,Night Out,20.0,2026-01-19 08:38:20
12047,Evening,20.0,2026-01-19 08:38:20
12049,Evening,30.84,2026-01-19 08:38:20
12049,Night Out,28.5,2026-01-19 08:38:20
12049,Leisure,23.36,2026-01-19 08:38:20
12050,Evening,24.9,2026-01-19 08:38:20
12050,Night Out,22.61,2026-01-19 08:38:20
12050,Leisure,19.5,2026-01-19 08:38:20
12050,Business,18.67,2026-01-19 08:38:20
12051,Daily,50.0,2026-01-19 08:38:20
12051,Sport,50.0,2026-01-19 08:38:20
12053,Evening,31.11,2026-01-19 08:38:20
12053,Night Out,27.3,2026-01-19 08:38:20
12053,Leisure,20.95,2026-01-19 08:38:20
12054,Night Out,29.07,2026-01-19 08:38:20
12054,Evening,29.07,2026-01-19 08:38:20
12054,Leisure,19.38,2026-01-19 08:38:20
12057,Leisure,23.97,2026-01-19 08:38:20
12057,Daily,20.04,2026-01-19 08:38:20
12057,Business,18.08,2026-01-19 08:38:20
12057,Evening,15.03,2026-01-19 08:38:20
12058,Leisure,100.0,2026-01-19 08:38:20
12060,Evening,24.44,2026-01-19 08:38:20
12060,Night Out,21.97,2026-01-19 08:38:20
12060,Leisure,18.83,2026-01-19 08:38:20
12060,Daily,18.16,2026-01-19 08:38:20
12060,Business,16.59,2026-01-19 08:38:20
12061,Daily,27.13,2026-01-19 08:38:20
12061,Business,26.83,2026-01-19 08:38:20
12061,Leisure,23.48,2026-01-19 08:38:20
12064,Night Out,23.24,2026-01-19 08:38:20
12064,Evening,22.54,2026-01-19 08:38:20
12064,Leisure,20.07,2026-01-19 08:38:20
12064,Daily,18.66,2026-01-19 08:38:20
12064,Business,15.49,2026-01-19 08:38:20
12065,Leisure,27.24,2026-01-19 08:38:20
12065,Daily,23.13,2026-01-19 08:38:20
12065,Night Out,17.54,2026-01-19 08:38:20
12065,Business,15.67,2026-01-19 08:38:20
12066,Daily,30.0,2026-01-19 08:38:20
12066,Leisure,30.0,2026-01-19 08:38:20
12068,Daily,21.71,2026-01-19 08:38:20
12068,Business,21.43,2026-01-19 08:38:20
12068,Evening,20.0,2026-01-19 08:38:20
12068,Leisure,18.86,2026-01-19 08:38:20
12068,Night Out,18.0,2026-01-19 08:38:20
12069,Daily,25.0,2026-01-19 08:38:20
12069,Business,22.65,2026-01-19 08:38:20
12069,Leisure,22.35,2026-01-19 08:38:20
12069,Evening,17.35,2026-01-19 08:38:20
12070,Daily,33.33,2026-01-19 08:38:20
12070,Leisure,33.33,2026-01-19 08:38:20
12070,Evening,33.33,2026-01-19 08:38:20
12071,Evening,24.98,2026-01-19 08:38:20
12071,Leisure,20.54,2026-01-19 08:38:20
12071,Night Out,19.7,2026-01-19 08:38:20
12071,Daily,18.65,2026-01-19 08:38:20
12071,Business,16.13,2026-01-19 08:38:20
12072,Leisure,24.48,2026-01-19 08:38:20
12072,Evening,21.49,2026-01-19 08:38:20
12072,Daily,19.1,2026-01-19 08:38:20
12072,Night Out,18.81,2026-01-19 08:38:20
12072,Business,16.12,2026-01-19 08:38:20
12073,Leisure,24.51,2026-01-19 08:38:20
12073,Daily,22.56,2026-01-19 08:38:20
12073,Business,21.73,2026-01-19 08:38:20
12073,Night Out,15.88,2026-01-19 08:38:20
12073,Evening,15.32,2026-01-19 08:38:20
12074,Daily,50.0,2026-01-19 08:38:20
12074,Leisure,50.0,2026-01-19 08:38:20
12075,Evening,28.05,2026-01-19 08:38:20
12075,Night Out,20.85,2026-01-19 08:38:20
12075,Leisure,20.17,2026-01-19 08:38:20
12075,Business,16.43,2026-01-19 08:38:20
12076,Evening,27.37,2026-01-19 08:38:20
12076,Night Out,22.11,2026-01-19 08:38:20
12076,Leisure,21.75,2026-01-19 08:38:20
12076,Daily,15.09,2026-01-19 08:38:20
12077,Daily,28.26,2026-01-19 08:38:20
12077,Leisure,25.78,2026-01-19 08:38:20
12077,Business,23.29,2026-01-19 08:38:20
12078,Daily,40.0,2026-01-19 08:38:20
12078,Leisure,20.0,2026-01-19 08:38:20
12078,Night Out,20.0,2026-01-19 08:38:20
12078,Evening,20.0,2026-01-19 08:38:20
12079,Leisure,20.64,2026-01-19 08:38:20
12079,Night Out,20.28,2026-01-19 08:38:20
12079,Business,20.28,2026-01-19 08:38:20
12079,Evening,19.93,2026-01-19 08:38:20
12079,Daily,18.86,2026-01-19 08:38:20
12080,Daily,24.11,2026-01-19 08:38:20
12080,Leisure,23.71,2026-01-19 08:38:20
12080,Business,20.53,2026-01-19 08:38:20
12082,Leisure,50.0,2026-01-19 08:38:20
12082,Daily,25.0,2026-01-19 08:38:20
12082,Evening,25.0,2026-01-19 08:38:20
12083,Evening,23.13,2026-01-19 08:38:20
12083,Night Out,21.2,2026-01-19 08:38:20
12083,Daily,20.48,2026-01-19 08:38:20
12083,Leisure,19.04,2026-01-19 08:38:20
12083,Business,16.14,2026-01-19 08:38:20
12084,Evening,24.23,2026-01-19 08:38:20
12084,Night Out,21.97,2026-01-19 08:38:20
12084,Daily,19.71,2026-01-19 08:38:20
12084,Leisure,18.81,2026-01-19 08:38:20
12084,Business,15.28,2026-01-19 08:38:20
12087,Business,24.27,2026-01-19 08:38:20
12087,Daily,23.2,2026-01-19 08:38:20
12087,Leisure,21.33,2026-01-19 08:38:20
12088,Daily,26.16,2026-01-19 08:38:20
12088,Business,23.6,2026-01-19 08:38:20
12088,Leisure,23.01,2026-01-19 08:38:20
12089,Leisure,29.22,2026-01-19 08:38:20
12089,Daily,25.1,2026-01-19 08:38:20
12089,Business,21.81,2026-01-19 08:38:20
12091,Evening,35.63,2026-01-19 08:38:20
12091,Night Out,32.39,2026-01-19 08:38:20
12091,Leisure,16.19,2026-01-19 08:38:20
12092,Daily,23.42,2026-01-19 08:38:20
12092,Leisure,21.13,2026-01-19 08:38:20
12092,Business,21.13,2026-01-19 08:38:20
12092,Evening,15.58,2026-01-19 08:38:20
12093,Leisure,25.3,2026-01-19 08:38:20
12093,Daily,20.48,2026-01-19 08:38:20
12093,Night Out,20.48,2026-01-19 08:38:20
12093,Evening,17.27,2026-01-19 08:38:20
12093,Business,16.47,2026-01-19 08:38:20
12095,Evening,33.33,2026-01-19 08:38:20
12095,Night Out,31.08,2026-01-19 08:38:20
12095,Leisure,21.17,2026-01-19 08:38:20
12096,Daily,66.67,2026-01-19 08:38:20
12096,Leisure,33.33,2026-01-19 08:38:20
12097,Evening,27.24,2026-01-19 08:38:20
12097,Night Out,24.9,2026-01-19 08:38:20
12097,Leisure,19.07,2026-01-19 08:38:20
12097,Daily,15.95,2026-01-19 08:38:20
12098,Daily,27.57,2026-01-19 08:38:20
12098,Leisure,24.7,2026-01-19 08:38:20
12098,Business,20.93,2026-01-19 08:38:20
12099,Evening,34.43,2026-01-19 08:38:20
12099,Night Out,32.04,2026-01-19 08:38:20
12099,Leisure,18.26,2026-01-19 08:38:20
12100,Daily,50.0,2026-01-19 08:38:20
12100,Leisure,50.0,2026-01-19 08:38:20
12101,Leisure,26.74,2026-01-19 08:38:20
12101,Daily,25.58,2026-01-19 08:38:20
12101,Business,18.99,2026-01-19 08:38:20
12102,Leisure,22.65,2026-01-19 08:38:20
12102,Daily,21.94,2026-01-19 08:38:20
12102,Evening,19.09,2026-01-19 08:38:20
12102,Business,18.52,2026-01-19 08:38:20
12102,Night Out,17.81,2026-01-19 08:38:20
12103,Leisure,21.52,2026-01-19 08:38:20
12103,Evening,21.19,2026-01-19 08:38:20
12103,Night Out,19.54,2026-01-19 08:38:20
12103,Daily,18.87,2026-01-19 08:38:20
12103,Business,18.87,2026-01-19 08:38:20
12105,Leisure,22.71,2026-01-19 08:38:20
12105,Business,20.29,2026-01-19 08:38:20
12105,Daily,19.81,2026-01-19 08:38:20
12105,Evening,18.84,2026-01-19 08:38:20
12105,Night Out,18.36,2026-01-19 08:38:20
12106,Daily,23.9,2026-01-19 08:38:20
12106,Business,23.51,2026-01-19 08:38:20
12106,Leisure,22.51,2026-01-19 08:38:20
12106,Evening,16.33,2026-01-19 08:38:20
12107,Evening,25.55,2026-01-19 08:38:20
12107,Night Out,24.45,2026-01-19 08:38:20
12107,Leisure,18.61,2026-01-19 08:38:20
12107,Daily,18.25,2026-01-19 08:38:20
12108,Daily,25.0,2026-01-19 08:38:20
12108,Sport,25.0,2026-01-19 08:38:20
12108,Leisure,25.0,2026-01-19 08:38:20
12108,Night Out,25.0,2026-01-19 08:38:20
12109,Leisure,22.55,2026-01-19 08:38:20
12109,Business,20.43,2026-01-19 08:38:20
12109,Evening,20.0,2026-01-19 08:38:20
12109,Daily,19.15,2026-01-19 08:38:20
12110,Business,23.7,2026-01-19 08:38:20
12110,Daily,23.26,2026-01-19 08:38:20
12110,Leisure,20.0,2026-01-19 08:38:20
12110,Evening,18.04,2026-01-19 08:38:20
12110,Night Out,15.0,2026-01-19 08:38:20
12111,Evening,26.61,2026-01-19 08:38:20
12111,Leisure,25.69,2026-01-19 08:38:20
12111,Night Out,25.69,2026-01-19 08:38:20
12112,Daily,50.0,2026-01-19 08:38:20
12112,Sport,25.0,2026-01-19 08:38:20
12112,Leisure,25.0,2026-01-19 08:38:20
12113,Night Out,29.41,2026-01-19 08:38:20
12113,Evening,29.41,2026-01-19 08:38:20
12113,Leisure,19.85,2026-01-19 08:38:20
12115,Leisure,26.02,2026-01-19 08:38:20
12115,Daily,22.96,2026-01-19 08:38:20
12115,Night Out,19.39,2026-01-19 08:38:20
12115,Evening,17.35,2026-01-19 08:38:20
12116,Daily,33.33,2026-01-19 08:38:20
12116,Sport,33.33,2026-01-19 08:38:20
12116,Leisure,33.33,2026-01-19 08:38:20
12117,Evening,29.15,2026-01-19 08:38:20
12117,Night Out,24.62,2026-01-19 08:38:20
12117,Leisure,21.11,2026-01-19 08:38:20
12118,Leisure,24.91,2026-01-19 08:38:20
12118,Business,24.57,2026-01-19 08:38:20
12118,Daily,23.55,2026-01-19 08:38:20
12119,Night Out,33.18,2026-01-19 08:38:20
12119,Evening,32.7,2026-01-19 08:38:20
12119,Leisure,19.43,2026-01-19 08:38:20
12120,Leisure,50.0,2026-01-19 08:38:20
12120,Business,50.0,2026-01-19 08:38:20
12121,Leisure,27.49,2026-01-19 08:38:20
12121,Evening,26.32,2026-01-19 08:38:20
12121,Night Out,25.15,2026-01-19 08:38:20
12123,Evening,28.67,2026-01-19 08:38:20
12123,Night Out,27.6,2026-01-19 08:38:20
12123,Leisure,19.0,2026-01-19 08:38:20
12124,Daily,25.25,2026-01-19 08:38:20
12124,Leisure,22.55,2026-01-19 08:38:20
12124,Business,22.06,2026-01-19 08:38:20
12124,Night Out,15.2,2026-01-19 08:38:20
12125,Evening,28.48,2026-01-19 08:38:20
12125,Night Out,25.83,2026-01-19 08:38:20
12125,Leisure,21.85,2026-01-19 08:38:20
12126,Daily,50.0,2026-01-19 08:38:20
12126,Leisure,50.0,2026-01-19 08:38:20
12127,Evening,32.35,2026-01-19 08:38:20
12127,Night Out,29.41,2026-01-19 08:38:20
12128,Daily,23.62,2026-01-19 08:38:20
12128,Leisure,23.31,2026-01-19 08:38:20
12128,Business,19.94,2026-01-19 08:38:20
12128,Evening,19.33,2026-01-19 08:38:20
12129,Leisure,26.46,2026-01-19 08:38:20
12129,Daily,20.63,2026-01-19 08:38:20
12129,Business,20.63,2026-01-19 08:38:20
12129,Evening,19.28,2026-01-19 08:38:20
12131,Night Out,27.54,2026-01-19 08:38:20
12131,Evening,27.54,2026-01-19 08:38:20
12131,Leisure,19.49,2026-01-19 08:38:20
12132,Leisure,28.24,2026-01-19 08:38:20
12132,Daily,24.92,2026-01-19 08:38:20
12132,Business,21.59,2026-01-19 08:38:20
12133,Daily,26.56,2026-01-19 08:38:20
12133,Leisure,25.39,2026-01-19 08:38:20
12133,Business,21.09,2026-01-19 08:38:20
12134,Daily,25.0,2026-01-19 08:38:20
12134,Sport,25.0,2026-01-19 08:38:20
12134,Leisure,25.0,2026-01-19 08:38:20
12134,Evening,25.0,2026-01-19 08:38:20
12135,Evening,33.93,2026-01-19 08:38:20
12135,Night Out,30.95,2026-01-19 08:38:20
12135,Leisure,17.86,2026-01-19 08:38:20
12136,Daily,21.5,2026-01-19 08:38:20
12136,Evening,20.87,2026-01-19 08:38:20
12136,Leisure,19.94,2026-01-19 08:38:20
12136,Business,19.31,2026-01-19 08:38:20
12136,Night Out,18.38,2026-01-19 08:38:20
12137,Evening,29.57,2026-01-19 08:38:20
12137,Night Out,25.27,2026-01-19 08:38:20
12137,Leisure,20.97,2026-01-19 08:38:20
12138,Daily,66.67,2026-01-19 08:38:20
12138,Leisure,33.33,2026-01-19 08:38:20
12139,Daily,24.44,2026-01-19 08:38:20
12139,Leisure,23.31,2026-01-19 08:38:20
12139,Business,22.93,2026-01-19 08:38:20
12139,Evening,16.92,2026-01-19 08:38:20
12141,Leisure,24.23,2026-01-19 08:38:20
12141,Daily,22.91,2026-01-19 08:38:20
12141,Business,20.26,2026-01-19 08:38:20
12141,Night Out,16.3,2026-01-19 08:38:20
12141,Evening,16.3,2026-01-19 08:38:20
12144,Night Out,23.27,2026-01-19 08:38:20
12144,Evening,23.27,2026-01-19 08:38:20
12144,Leisure,20.79,2026-01-19 08:38:20
12144,Daily,18.32,2026-01-19 08:38:20
12145,Leisure,27.75,2026-01-19 08:38:20
12145,Daily,25.36,2026-01-19 08:38:20
12145,Business,23.92,2026-01-19 08:38:20
12146,Daily,66.67,2026-01-19 08:38:20
12146,Leisure,33.33,2026-01-19 08:38:20
12147,Evening,31.56,2026-01-19 08:38:20
12147,Night Out,28.0,2026-01-19 08:38:20
12147,Leisure,20.0,2026-01-19 08:38:20
12148,Evening,32.91,2026-01-19 08:38:20
12148,Night Out,28.48,2026-01-19 08:38:20
12148,Leisure,19.62,2026-01-19 08:38:20
12149,Leisure,24.85,2026-01-19 08:38:20
12149,Daily,23.64,2026-01-19 08:38:20
12149,Business,21.82,2026-01-19 08:38:20
12150,Night Out,50.0,2026-01-19 08:38:20
12150,Evening,50.0,2026-01-19 08:38:20
12151,Daily,24.57,2026-01-19 08:38:20
12151,Leisure,24.57,2026-01-19 08:38:20
12151,Business,21.55,2026-01-19 08:38:20
12151,Evening,15.52,2026-01-19 08:38:20
12152,Leisure,22.22,2026-01-19 08:38:20
12152,Business,21.3,2026-01-19 08:38:20
12152,Daily,20.37,2026-01-19 08:38:20
12152,Evening,16.67,2026-01-19 08:38:20
12153,Leisure,24.6,2026-01-19 08:38:20
12153,Night Out,21.39,2026-01-19 08:38:20
12153,Evening,19.79,2026-01-19 08:38:20
12153,Daily,17.11,2026-01-19 08:38:20
12153,Business,17.11,2026-01-19 08:38:20
12154,Daily,33.33,2026-01-19 08:38:20
12154,Leisure,33.33,2026-01-19 08:38:20
12154,Business,33.33,2026-01-19 08:38:20
12155,Daily,21.12,2026-01-19 08:38:20
12155,Evening,21.12,2026-01-19 08:38:20
12155,Business,20.5,2026-01-19 08:38:20
12155,Leisure,19.88,2026-01-19 08:38:20
12155,Night Out,17.39,2026-01-19 08:38:20
12156,Daily,22.71,2026-01-19 08:38:20
12156,Leisure,22.22,2026-01-19 08:38:20
12156,Business,21.74,2026-01-19 08:38:20
12157,Leisure,23.94,2026-01-19 08:38:20
12157,Night Out,19.01,2026-01-19 08:38:20
12157,Daily,18.31,2026-01-19 08:38:20
12157,Evening,17.61,2026-01-19 08:38:20
12157,Business,16.9,2026-01-19 08:38:20
12158,Daily,20.0,2026-01-19 08:38:20
12158,Leisure,20.0,2026-01-19 08:38:20
12158,Night Out,20.0,2026-01-19 08:38:20
12158,Business,20.0,2026-01-19 08:38:20
12158,Evening,20.0,2026-01-19 08:38:20
12159,Evening,27.13,2026-01-19 08:38:20
12159,Night Out,23.94,2026-01-19 08:38:20
12159,Leisure,18.62,2026-01-19 08:38:20
12159,Daily,15.96,2026-01-19 08:38:20
12160,Night Out,26.97,2026-01-19 08:38:20
12160,Evening,26.97,2026-01-19 08:38:20
12160,Leisure,19.08,2026-01-19 08:38:20
12161,Leisure,24.59,2026-01-19 08:38:20
12161,Daily,24.04,2026-01-19 08:38:20
12161,Evening,18.58,2026-01-19 08:38:20
12161,Business,18.03,2026-01-19 08:38:20
12163,Leisure,27.61,2026-01-19 08:38:20
12163,Daily,25.15,2026-01-19 08:38:20
12163,Business,16.56,2026-01-19 08:38:20
12165,Evening,23.77,2026-01-19 08:38:20
12165,Night Out,21.97,2026-01-19 08:38:20
12165,Daily,20.63,2026-01-19 08:38:20
12165,Business,17.04,2026-01-19 08:38:20
12165,Leisure,16.59,2026-01-19 08:38:20
12166,Night Out,28.57,2026-01-19 08:38:20
12166,Evening,28.57,2026-01-19 08:38:20
12167,Leisure,23.9,2026-01-19 08:38:20
12167,Daily,22.44,2026-01-19 08:38:20
12167,Business,18.05,2026-01-19 08:38:20
12168,Evening,22.96,2026-01-19 08:38:20
12168,Leisure,22.45,2026-01-19 08:38:20
12168,Night Out,18.88,2026-01-19 08:38:20
12168,Business,18.37,2026-01-19 08:38:20
12168,Daily,17.35,2026-01-19 08:38:20
12169,Evening,29.73,2026-01-19 08:38:20
12169,Night Out,26.13,2026-01-19 08:38:20
12169,Leisure,20.72,2026-01-19 08:38:20
12170,Daily,16.67,2026-01-19 08:38:20
12170,Sport,16.67,2026-01-19 08:38:20
12170,Leisure,16.67,2026-01-19 08:38:20
12170,Night Out,16.67,2026-01-19 08:38:20
12170,Business,16.67,2026-01-19 08:38:20
12170,Evening,16.67,2026-01-19 08:38:20
12171,Evening,26.06,2026-01-19 08:38:20
12171,Night Out,25.35,2026-01-19 08:38:20
12171,Leisure,18.31,2026-01-19 08:38:20
12171,Business,16.2,2026-01-19 08:38:20
12172,Evening,25.93,2026-01-19 08:38:20
12172,Leisure,20.37,2026-01-19 08:38:20
12172,Night Out,20.37,2026-01-19 08:38:20
12172,Business,17.59,2026-01-19 08:38:20
12172,Daily,15.74,2026-01-19 08:38:20
12175,Leisure,28.09,2026-01-19 08:38:20
12175,Daily,26.97,2026-01-19 08:38:20
12175,Business,18.54,2026-01-19 08:38:20
12176,Daily,22.15,2026-01-19 08:38:20
12176,Leisure,21.52,2026-01-19 08:38:20
12176,Business,21.52,2026-01-19 08:38:20
12177,Night Out,25.9,2026-01-19 08:38:20
12177,Evening,25.9,2026-01-19 08:38:20
12177,Leisure,19.28,2026-01-19 08:38:20
12178,Daily,20.0,2026-01-19 08:38:20
12178,Leisure,20.0,2026-01-19 08:38:20
12178,Night Out,20.0,2026-01-19 08:38:20
12178,Business,20.0,2026-01-19 08:38:20
12178,Evening,20.0,2026-01-19 08:38:20
12179,Leisure,24.42,2026-01-19 08:38:20
12179,Business,21.51,2026-01-19 08:38:20
12179,Daily,18.6,2026-01-19 08:38:20
12179,Evening,15.7,2026-01-19 08:38:20
12179,Night Out,15.12,2026-01-19 08:38:20
12180,Daily,24.83,2026-01-19 08:38:20
12180,Leisure,23.49,2026-01-19 08:38:20
12180,Business,22.82,2026-01-19 08:38:20
12180,Evening,16.11,2026-01-19 08:38:20
12182,Night Out,28.45,2026-01-19 08:38:20
12182,Evening,27.62,2026-01-19 08:38:20
12182,Leisure,21.76,2026-01-19 08:38:20
12183,Evening,25.0,2026-01-19 08:38:20
12183,Leisure,23.65,2026-01-19 08:38:20
12183,Night Out,22.3,2026-01-19 08:38:20
12184,Leisure,27.71,2026-01-19 08:38:20
12184,Daily,25.3,2026-01-19 08:38:20
12184,Business,25.3,2026-01-19 08:38:20
12186,Evening,34.01,2026-01-19 08:38:20
12186,Night Out,33.5,2026-01-19 08:38:20
12188,Evening,29.55,2026-01-19 08:38:20
12188,Night Out,25.0,2026-01-19 08:38:20
12188,Leisure,22.73,2026-01-19 08:38:20
12190,Night Out,25.0,2026-01-19 08:38:20
12190,Evening,24.39,2026-01-19 08:38:20
12190,Leisure,21.95,2026-01-19 08:38:20
12190,Daily,16.46,2026-01-19 08:38:20
12191,Evening,26.8,2026-01-19 08:38:20
12191,Night Out,25.49,2026-01-19 08:38:20
12191,Leisure,24.84,2026-01-19 08:38:20
12192,Daily,26.44,2026-01-19 08:38:20
12192,Leisure,26.44,2026-01-19 08:38:20
12192,Business,25.29,2026-01-19 08:38:20
12192,Sport,16.09,2026-01-19 08:38:20
12193,Daily,50.0,2026-01-19 08:38:20
12193,Leisure,50.0,2026-01-19 08:38:20
12194,Daily,24.86,2026-01-19 08:38:20
12194,Leisure,22.6,2026-01-19 08:38:20
12194,Business,22.03,2026-01-19 08:38:20
12194,Sport,15.82,2026-01-19 08:38:20
12195,Leisure,24.03,2026-01-19 08:38:20
12195,Evening,20.93,2026-01-19 08:38:20
12195,Daily,20.16,2026-01-19 08:38:20
12195,Night Out,19.38,2026-01-19 08:38:20
12195,Business,15.5,2026-01-19 08:38:20
12196,Daily,28.79,2026-01-19 08:38:20
12196,Leisure,25.76,2026-01-19 08:38:20
12196,Business,22.73,2026-01-19 08:38:20
12197,Daily,25.0,2026-01-19 08:38:20
12197,Sport,25.0,2026-01-19 08:38:20
12197,Leisure,25.0,2026-01-19 08:38:20
12197,Night Out,25.0,2026-01-19 08:38:20
12198,Evening,21.66,2026-01-19 08:38:20
12198,Leisure,21.2,2026-01-19 08:38:20
12198,Daily,19.82,2026-01-19 08:38:20
12198,Business,19.35,2026-01-19 08:38:20
12198,Night Out,17.97,2026-01-19 08:38:20
12199,Leisure,27.61,2026-01-19 08:38:20
12199,Daily,26.87,2026-01-19 08:38:20
12199,Business,20.9,2026-01-19 08:38:20
12200,Leisure,28.57,2026-01-19 08:38:20
12200,Daily,19.05,2026-01-19 08:38:20
12200,Evening,19.05,2026-01-19 08:38:20
12200,Business,17.46,2026-01-19 08:38:20
12200,Night Out,15.87,2026-01-19 08:38:20
12202,Evening,28.98,2026-01-19 08:38:20
12202,Night Out,27.84,2026-01-19 08:38:20
12202,Leisure,17.05,2026-01-19 08:38:20
12203,Evening,24.06,2026-01-19 08:38:20
12203,Night Out,20.3,2026-01-19 08:38:20
12203,Daily,19.55,2026-01-19 08:38:20
12203,Leisure,18.8,2026-01-19 08:38:20
12203,Business,17.29,2026-01-19 08:38:20
12204,Daily,33.33,2026-01-19 08:38:20
12204,Leisure,33.33,2026-01-19 08:38:20
12204,Business,33.33,2026-01-19 08:38:20
12205,Daily,24.14,2026-01-19 08:38:20
12205,Leisure,24.14,2026-01-19 08:38:20
12205,Business,24.14,2026-01-19 08:38:20
12206,Daily,22.91,2026-01-19 08:38:20
12206,Leisure,22.91,2026-01-19 08:38:20
12206,Business,21.79,2026-01-19 08:38:20
12206,Night Out,16.2,2026-01-19 08:38:20
12206,Evening,16.2,2026-01-19 08:38:20
12207,Daily,26.42,2026-01-19 08:38:20
12207,Leisure,23.58,2026-01-19 08:38:20
12207,Business,21.7,2026-01-19 08:38:20
12209,Leisure,24.83,2026-01-19 08:38:20
12209,Daily,23.49,2026-01-19 08:38:20
12209,Business,20.81,2026-01-19 08:38:20
12209,Evening,16.11,2026-01-19 08:38:20
12210,Daily,24.24,2026-01-19 08:38:20
12210,Leisure,24.24,2026-01-19 08:38:20
12210,Business,24.24,2026-01-19 08:38:20
12211,Daily,30.53,2026-01-19 08:38:20
12211,Leisure,27.48,2026-01-19 08:38:20
12211,Business,25.95,2026-01-19 08:38:20
12213,Leisure,23.5,2026-01-19 08:38:20
12213,Daily,22.4,2026-01-19 08:38:20
12213,Business,19.13,2026-01-19 08:38:20
12214,Leisure,28.57,2026-01-19 08:38:20
12214,Daily,25.71,2026-01-19 08:38:20
12214,Business,25.71,2026-01-19 08:38:20
12215,Evening,22.32,2026-01-19 08:38:20
12215,Night Out,21.43,2026-01-19 08:38:20
12215,Daily,19.64,2026-01-19 08:38:20
12215,Leisure,18.75,2026-01-19 08:38:20
12215,Business,17.86,2026-01-19 08:38:20
12216,Daily,22.22,2026-01-19 08:38:20
12216,Leisure,22.22,2026-01-19 08:38:20
12216,Business,22.22,2026-01-19 08:38:20
12216,Evening,22.22,2026-01-19 08:38:20
12217,Evening,30.18,2026-01-19 08:38:20
12217,Night Out,28.99,2026-01-19 08:38:20
12217,Leisure,19.53,2026-01-19 08:38:20
12218,Leisure,25.0,2026-01-19 08:38:20
12218,Business,23.33,2026-01-19 08:38:20
12218,Evening,21.67,2026-01-19 08:38:20
12218,Daily,18.33,2026-01-19 08:38:20
12219,Daily,20.0,2026-01-19 08:38:20
12219,Leisure,20.0,2026-01-19 08:38:20
12219,Night Out,20.0,2026-01-19 08:38:20
12219,Business,20.0,2026-01-19 08:38:20
12219,Evening,20.0,2026-01-19 08:38:20
12220,Leisure,22.9,2026-01-19 08:38:20
12220,Evening,21.37,2026-01-19 08:38:20
12220,Daily,19.85,2026-01-19 08:38:20
12220,Night Out,18.32,2026-01-19 08:38:20
12220,Business,17.56,2026-01-19 08:38:20
12221,Night Out,27.2,2026-01-19 08:38:20
12221,Leisure,25.6,2026-01-19 08:38:20
12221,Evening,19.2,2026-01-19 08:38:20
12221,Daily,16.0,2026-01-19 08:38:20
12223,Leisure,39.29,2026-01-19 08:38:20
12223,Daily,21.43,2026-01-19 08:38:20
12224,Leisure,27.18,2026-01-19 08:38:20
12224,Daily,21.36,2026-01-19 08:38:20
12224,Business,20.39,2026-01-19 08:38:20
12224,Evening,16.5,2026-01-19 08:38:20
12225,Daily,25.19,2026-01-19 08:38:20
12225,Leisure,25.19,2026-01-19 08:38:20
12225,Business,16.3,2026-01-19 08:38:20
12225,Sport,15.56,2026-01-19 08:38:20
12228,Leisure,24.74,2026-01-19 08:38:20
12228,Daily,20.62,2026-01-19 08:38:20
12228,Business,18.56,2026-01-19 08:38:20
12228,Evening,18.56,2026-01-19 08:38:20
12228,Night Out,17.53,2026-01-19 08:38:20
12229,Night Out,30.95,2026-01-19 08:38:20
12229,Evening,27.38,2026-01-19 08:38:20
12229,Leisure,21.43,2026-01-19 08:38:20
12231,Daily,25.0,2026-01-19 08:38:20
12231,Leisure,25.0,2026-01-19 08:38:20
12231,Business,20.0,2026-01-19 08:38:20
12232,Leisure,23.4,2026-01-19 08:38:20
12232,Daily,22.34,2026-01-19 08:38:20
12232,Business,21.28,2026-01-19 08:38:20
12232,Evening,17.02,2026-01-19 08:38:20
12232,Night Out,15.96,2026-01-19 08:38:20
12233,Night Out,29.31,2026-01-19 08:38:20
12233,Evening,28.16,2026-01-19 08:38:20
12233,Leisure,17.82,2026-01-19 08:38:20
12236,Daily,32.5,2026-01-19 08:38:20
12236,Leisure,28.75,2026-01-19 08:38:20
12236,Business,22.5,2026-01-19 08:38:20
12237,Leisure,24.84,2026-01-19 08:38:20
12237,Daily,24.22,2026-01-19 08:38:20
12237,Business,19.25,2026-01-19 08:38:20
12237,Evening,17.39,2026-01-19 08:38:20
12238,Daily,30.77,2026-01-19 08:38:20
12238,Leisure,30.77,2026-01-19 08:38:20
12238,Business,15.38,2026-01-19 08:38:20
12238,Evening,15.38,2026-01-19 08:38:20
12241,Night Out,32.81,2026-01-19 08:38:20
12241,Evening,32.81,2026-01-19 08:38:20
12241,Leisure,18.75,2026-01-19 08:38:20
12242,Daily,29.41,2026-01-19 08:38:20
12242,Leisure,29.41,2026-01-19 08:38:20
12243,Daily,26.23,2026-01-19 08:38:20
12243,Leisure,24.59,2026-01-19 08:38:20
12243,Business,22.95,2026-01-19 08:38:20
12245,Evening,28.48,2026-01-19 08:38:20
12245,Night Out,23.84,2026-01-19 08:38:20
12245,Daily,16.56,2026-01-19 08:38:20
12245,Business,15.89,2026-01-19 08:38:20
12245,Leisure,15.23,2026-01-19 08:38:20
12247,Daily,22.78,2026-01-19 08:38:20
12247,Leisure,21.52,2026-01-19 08:38:20
12247,Evening,21.52,2026-01-19 08:38:20
12247,Night Out,20.25,2026-01-19 08:38:20
12248,Daily,100.0,2026-01-19 08:38:20
12249,Leisure,26.24,2026-01-19 08:38:20
12249,Daily,19.15,2026-01-19 08:38:20
12249,Business,19.15,2026-01-19 08:38:20
12249,Night Out,18.44,2026-01-19 08:38:20
12249,Evening,17.02,2026-01-19 08:38:20
12251,Daily,26.74,2026-01-19 08:38:20
12251,Leisure,23.26,2026-01-19 08:38:20
12251,Business,23.26,2026-01-19 08:38:20
12251,Evening,16.28,2026-01-19 08:38:20
12253,Evening,34.44,2026-01-19 08:38:20
12253,Night Out,28.89,2026-01-19 08:38:20
12253,Leisure,15.56,2026-01-19 08:38:20
12257,Evening,31.3,2026-01-19 08:38:20
12257,Night Out,29.77,2026-01-19 08:38:20
12257,Leisure,15.27,2026-01-19 08:38:20
12261,Business,24.51,2026-01-19 08:38:20
12261,Daily,21.57,2026-01-19 08:38:20
12261,Leisure,20.59,2026-01-19 08:38:20
12261,Evening,18.63,2026-01-19 08:38:20
12264,Daily,30.51,2026-01-19 08:38:20
12264,Leisure,27.12,2026-01-19 08:38:20
12264,Business,18.64,2026-01-19 08:38:20
12265,Night Out,30.0,2026-01-19 08:38:20
12265,Evening,28.33,2026-01-19 08:38:20
12265,Leisure,23.33,2026-01-19 08:38:20
12267,Daily,100.0,2026-01-19 08:38:20
12268,Evening,26.47,2026-01-19 08:38:20
12268,Night Out,22.06,2026-01-19 08:38:20
12268,Leisure,20.59,2026-01-19 08:38:20
12268,Business,16.18,2026-01-19 08:38:20
12269,Night Out,30.43,2026-01-19 08:38:20
12269,Evening,30.43,2026-01-19 08:38:20
12269,Leisure,18.84,2026-01-19 08:38:20
12271,Leisure,50.0,2026-01-19 08:38:20
12271,Daily,25.0,2026-01-19 08:38:20
12271,Evening,25.0,2026-01-19 08:38:20
12274,Daily,23.39,2026-01-19 08:38:20
12274,Leisure,22.58,2026-01-19 08:38:20
12274,Business,20.16,2026-01-19 08:38:20
12274,Night Out,16.94,2026-01-19 08:38:20
12274,Evening,16.94,2026-01-19 08:38:20
12276,Evening,32.08,2026-01-19 08:38:20
12276,Night Out,30.19,2026-01-19 08:38:20
12276,Leisure,20.75,2026-01-19 08:38:20
12278,Daily,25.0,2026-01-19 08:38:20
12278,Evening,22.5,2026-01-19 08:38:20
12278,Leisure,18.75,2026-01-19 08:38:20
12278,Night Out,18.75,2026-01-19 08:38:20
12278,Business,15.0,2026-01-19 08:38:20
12280,Leisure,27.59,2026-01-19 08:38:20
12280,Daily,24.14,2026-01-19 08:38:20
12280,Business,20.69,2026-01-19 08:38:20
12282,Leisure,21.67,2026-01-19 08:38:20
12282,Daily,20.0,2026-01-19 08:38:20
12282,Evening,19.17,2026-01-19 08:38:20
12282,Business,17.5,2026-01-19 08:38:20
12282,Night Out,16.67,2026-01-19 08:38:20
12284,Daily,26.83,2026-01-19 08:38:20
12284,Night Out,21.95,2026-01-19 08:38:20
12284,Leisure,19.51,2026-01-19 08:38:20
12284,Business,17.07,2026-01-19 08:38:20
12286,Night Out,22.22,2026-01-19 08:38:20
12286,Daily,21.21,2026-01-19 08:38:20
12286,Leisure,21.21,2026-01-19 08:38:20
12286,Business,18.18,2026-01-19 08:38:20
12286,Evening,17.17,2026-01-19 08:38:20
12287,Daily,25.0,2026-01-19 08:38:20
12287,Leisure,25.0,2026-01-19 08:38:20
12287,Business,25.0,2026-01-19 08:38:20
12288,Leisure,23.68,2026-01-19 08:38:20
12288,Night Out,21.05,2026-01-19 08:38:20
12288,Evening,21.05,2026-01-19 08:38:20
12288,Business,18.42,2026-01-19 08:38:20
12288,Daily,15.79,2026-01-19 08:38:20
12290,Night Out,34.02,2026-01-19 08:38:20
12290,Evening,32.99,2026-01-19 08:38:20
12292,Evening,25.58,2026-01-19 08:38:20
12292,Night Out,23.26,2026-01-19 08:38:20
12292,Leisure,18.6,2026-01-19 08:38:20
12292,Daily,16.28,2026-01-19 08:38:20
12292,Business,16.28,2026-01-19 08:38:20
12295,Daily,33.33,2026-01-19 08:38:20
12295,Leisure,33.33,2026-01-19 08:38:20
12295,Evening,33.33,2026-01-19 08:38:20
12296,Leisure,24.56,2026-01-19 08:38:20
12296,Daily,22.81,2026-01-19 08:38:20
12296,Business,21.05,2026-01-19 08:38:20
12296,Night Out,15.79,2026-01-19 08:38:20
12296,Evening,15.79,2026-01-19 08:38:20
12298,Leisure,30.36,2026-01-19 08:38:20
12298,Daily,23.21,2026-01-19 08:38:20
12298,Business,16.07,2026-01-19 08:38:20
12300,Leisure,29.63,2026-01-19 08:38:20
12300,Daily,25.93,2026-01-19 08:38:20
12302,Evening,27.63,2026-01-19 08:38:20
12302,Night Out,25.0,2026-01-19 08:38:20
12302,Leisure,19.74,2026-01-19 08:38:20
12302,Daily,15.79,2026-01-19 08:38:20
12303,Daily,25.0,2026-01-19 08:38:20
12303,Leisure,25.0,2026-01-19 08:38:20
12303,Business,25.0,2026-01-19 08:38:20
12304,Evening,23.26,2026-01-19 08:38:20
12304,Leisure,20.93,2026-01-19 08:38:20
12304,Night Out,20.93,2026-01-19 08:38:20
12304,Daily,18.6,2026-01-19 08:38:20
12304,Business,16.28,2026-01-19 08:38:20
12306,Leisure,24.71,2026-01-19 08:38:20
12306,Daily,23.53,2026-01-19 08:38:20
12306,Business,23.53,2026-01-19 08:38:20
12308,Leisure,26.53,2026-01-19 08:38:20
12308,Business,24.49,2026-01-19 08:38:20
12308,Daily,22.45,2026-01-19 08:38:20
12309,Evening,25.86,2026-01-19 08:38:20
12309,Night Out,22.41,2026-01-19 08:38:20
12309,Daily,20.69,2026-01-19 08:38:20
12309,Leisure,15.52,2026-01-19 08:38:20
12309,Business,15.52,2026-01-19 08:38:20
12310,Daily,25.7,2026-01-19 08:38:20
12310,Business,25.43,2026-01-19 08:38:20
12310,Leisure,21.01,2026-01-19 08:38:20
12311,Daily,33.33,2026-01-19 08:38:20
12311,Leisure,33.33,2026-01-19 08:38:20
12311,Business,33.33,2026-01-19 08:38:20
12312,Evening,31.25,2026-01-19 08:38:20
12312,Night Out,28.12,2026-01-19 08:38:20
12312,Leisure,18.75,2026-01-19 08:38:20
12315,Evening,23.77,2026-01-19 08:38:20
12315,Night Out,22.58,2026-01-19 08:38:20
12315,Leisure,19.09,2026-01-19 08:38:20
12315,Daily,18.24,2026-01-19 08:38:20
12315,Business,16.32,2026-01-19 08:38:20
12316,Leisure,23.33,2026-01-19 08:38:20
12316,Daily,20.0,2026-01-19 08:38:20
12316,Sport,20.0,2026-01-19 08:38:20
12316,Business,20.0,2026-01-19 08:38:20
12316,Evening,16.67,2026-01-19 08:38:20
12317,Evening,31.03,2026-01-19 08:38:20
12317,Leisure,25.86,2026-01-19 08:38:20
12317,Night Out,25.86,2026-01-19 08:38:20
12317,Daily,17.24,2026-01-19 08:38:20
12318,Daily,33.33,2026-01-19 08:38:20
12318,Night Out,33.33,2026-01-19 08:38:20
12318,Business,33.33,2026-01-19 08:38:20
12319,Evening,24.56,2026-01-19 08:38:20
12319,Night Out,23.15,2026-01-19 08:38:20
12319,Leisure,17.99,2026-01-19 08:38:20
12319,Business,17.36,2026-01-19 08:38:20
12319,Daily,16.94,2026-01-19 08:38:20
12320,Leisure,25.0,2026-01-19 08:38:20
12320,Night Out,25.0,2026-01-19 08:38:20
12320,Evening,21.88,2026-01-19 08:38:20
12320,Daily,15.62,2026-01-19 08:38:20
12321,Daily,23.44,2026-01-19 08:38:20
12321,Leisure,21.88,2026-01-19 08:38:20
12321,Business,21.88,2026-01-19 08:38:20
12321,Night Out,17.19,2026-01-19 08:38:20
12321,Evening,15.62,2026-01-19 08:38:20
12323,Daily,23.11,2026-01-19 08:38:20
12323,Leisure,21.38,2026-01-19 08:38:20
12323,Business,19.91,2026-01-19 08:38:20
12324,Daily,22.58,2026-01-19 08:38:20
12324,Leisure,19.35,2026-01-19 08:38:20
12324,Business,19.35,2026-01-19 08:38:20
12324,Sport,16.13,2026-01-19 08:38:20
12325,Night Out,37.5,2026-01-19 08:38:20
12325,Evening,37.5,2026-01-19 08:38:20
12326,Leisure,50.0,2026-01-19 08:38:20
12326,Daily,25.0,2026-01-19 08:38:20
12326,Sport,25.0,2026-01-19 08:38:20
12327,Leisure,23.5,2026-01-19 08:38:20
12327,Daily,22.91,2026-01-19 08:38:20
12327,Night Out,20.75,2026-01-19 08:38:20
12327,Evening,17.11,2026-01-19 08:38:20
12327,Business,15.73,2026-01-19 08:38:20
12328,Leisure,33.33,2026-01-19 08:38:20
12328,Evening,23.33,2026-01-19 08:38:20
12328,Daily,20.0,2026-01-19 08:38:20
12328,Night Out,16.67,2026-01-19 08:38:20
12329,Evening,30.77,2026-01-19 08:38:20
12329,Night Out,28.21,2026-01-19 08:38:20
12329,Leisure,20.51,2026-01-19 08:38:20
12330,Daily,33.33,2026-01-19 08:38:20
12330,Sport,33.33,2026-01-19 08:38:20
12330,Leisure,33.33,2026-01-19 08:38:20
12331,Daily,22.6,2026-01-19 08:38:20
12331,Business,21.81,2026-01-19 08:38:20
12331,Leisure,20.56,2026-01-19 08:38:20
12331,Evening,15.87,2026-01-19 08:38:20
12332,Daily,30.0,2026-01-19 08:38:20
12332,Business,26.67,2026-01-19 08:38:20
12332,Leisure,20.0,2026-01-19 08:38:20
12332,Night Out,16.67,2026-01-19 08:38:20
12334,Leisure,24.39,2026-01-19 08:38:20
12334,Daily,21.95,2026-01-19 08:38:20
12334,Evening,21.95,2026-01-19 08:38:20
12334,Night Out,17.07,2026-01-19 08:38:20
12335,Business,28.0,2026-01-19 08:38:20
12335,Leisure,20.0,2026-01-19 08:38:20
12335,Night Out,20.0,2026-01-19 08:38:20
12335,Daily,16.0,2026-01-19 08:38:20
12335,Evening,16.0,2026-01-19 08:38:20
12336,Daily,24.09,2026-01-19 08:38:20
12336,Leisure,23.19,2026-01-19 08:38:20
12336,Business,18.75,2026-01-19 08:38:20
12336,Sport,18.04,2026-01-19 08:38:20
12338,Daily,23.08,2026-01-19 08:38:20
12338,Business,23.08,2026-01-19 08:38:20
12338,Leisure,21.15,2026-01-19 08:38:20
12339,Evening,22.72,2026-01-19 08:38:20
12339,Leisure,21.94,2026-01-19 08:38:20
12339,Night Out,21.34,2026-01-19 08:38:20
12339,Daily,20.73,2026-01-19 08:38:20
12340,Night Out,27.78,2026-01-19 08:38:20
12340,Evening,27.78,2026-01-19 08:38:20
12340,Leisure,22.22,2026-01-19 08:38:20
12342,Daily,20.0,2026-01-19 08:38:20
12342,Leisure,20.0,2026-01-19 08:38:20
12342,Night Out,20.0,2026-01-19 08:38:20
12342,Evening,20.0,2026-01-19 08:38:20
12343,Leisure,38.46,2026-01-19 08:38:20
12343,Daily,15.38,2026-01-19 08:38:20
12343,Night Out,15.38,2026-01-19 08:38:20
12343,Business,15.38,2026-01-19 08:38:20
12343,Evening,15.38,2026-01-19 08:38:20
12344,Daily,25.49,2026-01-19 08:38:20
12344,Business,24.07,2026-01-19 08:38:20
12344,Leisure,23.3,2026-01-19 08:38:20
12346,Night Out,25.0,2026-01-19 08:38:20
12346,Evening,25.0,2026-01-19 08:38:20
12346,Daily,17.86,2026-01-19 08:38:20
12346,Leisure,17.86,2026-01-19 08:38:20
12347,Daily,25.85,2026-01-19 08:38:20
12347,Business,23.36,2026-01-19 08:38:20
12347,Leisure,22.3,2026-01-19 08:38:20
12348,Evening,30.0,2026-01-19 08:38:20
12348,Daily,22.0,2026-01-19 08:38:20
12348,Night Out,22.0,2026-01-19 08:38:20
12350,Leisure,20.0,2026-01-19 08:38:20
12350,Evening,20.0,2026-01-19 08:38:20
12350,Daily,17.78,2026-01-19 08:38:20
12350,Night Out,17.78,2026-01-19 08:38:20
12350,Business,17.78,2026-01-19 08:38:20
12352,Leisure,24.48,2026-01-19 08:38:20
12352,Daily,24.05,2026-01-19 08:38:20
12352,Business,21.98,2026-01-19 08:38:20
12353,Daily,33.33,2026-01-19 08:38:20
12353,Leisure,33.33,2026-01-19 08:38:20
12353,Business,16.67,2026-01-19 08:38:20
12353,Evening,16.67,2026-01-19 08:38:20
12354,Evening,43.33,2026-01-19 08:38:20
12354,Night Out,36.67,2026-01-19 08:38:20
12355,Daily,30.0,2026-01-19 08:38:20
12355,Leisure,30.0,2026-01-19 08:38:20
12355,Business,20.0,2026-01-19 08:38:20
12356,Leisure,23.48,2026-01-19 08:38:20
12356,Daily,22.3,2026-01-19 08:38:20
12356,Business,17.94,2026-01-19 08:38:20
12358,Night Out,22.22,2026-01-19 08:38:20
12358,Business,22.22,2026-01-19 08:38:20
12358,Daily,16.67,2026-01-19 08:38:20
12358,Leisure,16.67,2026-01-19 08:38:20
12358,Evening,16.67,2026-01-19 08:38:20
12359,Night Out,27.5,2026-01-19 08:38:20
12359,Evening,27.5,2026-01-19 08:38:20
12359,Daily,17.5,2026-01-19 08:38:20
12359,Business,15.0,2026-01-19 08:38:20
12360,Leisure,22.78,2026-01-19 08:38:20
12360,Daily,22.15,2026-01-19 08:38:20
12360,Business,18.04,2026-01-19 08:38:20
12361,Daily,25.0,2026-01-19 08:38:20
12361,Leisure,25.0,2026-01-19 08:38:20
12361,Night Out,25.0,2026-01-19 08:38:20
12361,Evening,25.0,2026-01-19 08:38:20
12362,Daily,25.0,2026-01-19 08:38:20
12362,Leisure,25.0,2026-01-19 08:38:20
12362,Night Out,25.0,2026-01-19 08:38:20
12362,Evening,25.0,2026-01-19 08:38:20
12363,Evening,28.57,2026-01-19 08:38:20
12363,Night Out,25.71,2026-01-19 08:38:20
12363,Leisure,20.0,2026-01-19 08:38:20
12364,Daily,24.44,2026-01-19 08:38:20
12364,Leisure,23.13,2026-01-19 08:38:20
12364,Business,22.89,2026-01-19 08:38:20
12365,Daily,20.0,2026-01-19 08:38:20
12365,Leisure,20.0,2026-01-19 08:38:20
12365,Night Out,20.0,2026-01-19 08:38:20
12365,Business,20.0,2026-01-19 08:38:20
12365,Evening,20.0,2026-01-19 08:38:20
12366,Evening,28.57,2026-01-19 08:38:20
12366,Leisure,25.0,2026-01-19 08:38:20
12366,Night Out,21.43,2026-01-19 08:38:20
12368,Daily,25.38,2026-01-19 08:38:20
12368,Business,22.87,2026-01-19 08:38:20
12368,Leisure,22.04,2026-01-19 08:38:20
12368,Evening,15.06,2026-01-19 08:38:20
12369,Daily,22.22,2026-01-19 08:38:20
12369,Leisure,22.22,2026-01-19 08:38:20
12369,Night Out,22.22,2026-01-19 08:38:20
12369,Evening,22.22,2026-01-19 08:38:20
12370,Daily,25.0,2026-01-19 08:38:20
12370,Night Out,25.0,2026-01-19 08:38:20
12370,Evening,25.0,2026-01-19 08:38:20
12372,Daily,26.13,2026-01-19 08:38:20
12372,Business,25.49,2026-01-19 08:38:20
12372,Leisure,24.84,2026-01-19 08:38:20
12373,Daily,24.24,2026-01-19 08:38:20
12373,Business,24.24,2026-01-19 08:38:20
12373,Leisure,21.21,2026-01-19 08:38:20
12373,Sport,15.15,2026-01-19 08:38:20
12375,Night Out,50.0,2026-01-19 08:38:20
12375,Evening,50.0,2026-01-19 08:38:20
12376,Daily,24.61,2026-01-19 08:38:20
12376,Leisure,23.99,2026-01-19 08:38:20
12376,Business,23.99,2026-01-19 08:38:20
12378,Daily,23.08,2026-01-19 08:38:20
12378,Leisure,23.08,2026-01-19 08:38:20
12378,Night Out,15.38,2026-01-19 08:38:20
12378,Business,15.38,2026-01-19 08:38:20
12378,Evening,15.38,2026-01-19 08:38:20
12379,Night Out,40.0,2026-01-19 08:38:20
12379,Daily,20.0,2026-01-19 08:38:20
12379,Business,20.0,2026-01-19 08:38:20
12379,Evening,20.0,2026-01-19 08:38:20
12380,Leisure,22.26,2026-01-19 08:38:20
12380,Daily,21.19,2026-01-19 08:38:20
12380,Business,21.04,2026-01-19 08:38:20
12380,Evening,15.85,2026-01-19 08:38:20
12380,Night Out,15.4,2026-01-19 08:38:20
12381,Daily,33.33,2026-01-19 08:38:20
12381,Leisure,33.33,2026-01-19 08:38:20
12381,Business,33.33,2026-01-19 08:38:20
12382,Leisure,23.08,2026-01-19 08:38:20
12382,Night Out,23.08,2026-01-19 08:38:20
12382,Daily,15.38,2026-01-19 08:38:20
12382,Business,15.38,2026-01-19 08:38:20
12382,Evening,15.38,2026-01-19 08:38:20
12383,Sport,66.67,2026-01-19 08:38:20
12383,Leisure,33.33,2026-01-19 08:38:20
12384,Daily,26.62,2026-01-19 08:38:20
12384,Leisure,25.11,2026-01-19 08:38:20
12384,Business,24.51,2026-01-19 08:38:20
12386,Leisure,25.0,2026-01-19 08:38:20
12386,Daily,18.75,2026-01-19 08:38:20
12386,Night Out,18.75,2026-01-19 08:38:20
12386,Evening,18.75,2026-01-19 08:38:20
12388,Evening,28.21,2026-01-19 08:38:20
12388,Night Out,26.92,2026-01-19 08:38:20
12388,Daily,15.75,2026-01-19 08:38:20
12388,Leisure,15.57,2026-01-19 08:38:20
12390,Leisure,25.0,2026-01-19 08:38:20
12390,Night Out,21.43,2026-01-19 08:38:20
12390,Evening,21.43,2026-01-19 08:38:20
12392,Leisure,23.95,2026-01-19 08:38:20
12392,Daily,22.65,2026-01-19 08:38:20
12392,Business,19.09,2026-01-19 08:38:20
12394,Night Out,28.57,2026-01-19 08:38:20
12396,Night Out,27.69,2026-01-19 08:38:20
12396,Evening,24.1,2026-01-19 08:38:20
12396,Leisure,21.17,2026-01-19 08:38:20
12396,Daily,16.61,2026-01-19 08:38:20
12398,Night Out,35.71,2026-01-19 08:38:20
12398,Evening,35.71,2026-01-19 08:38:20
12398,Leisure,21.43,2026-01-19 08:38:20
12399,Night Out,50.0,2026-01-19 08:38:20
12399,Business,50.0,2026-01-19 08:38:20
12400,Night Out,24.47,2026-01-19 08:38:20
12400,Evening,24.2,2026-01-19 08:38:20
12400,Leisure,19.41,2026-01-19 08:38:20
12400,Business,17.55,2026-01-19 08:38:20
12402,Leisure,50.0,2026-01-19 08:38:20
12402,Evening,50.0,2026-01-19 08:38:20
12404,Leisure,22.65,2026-01-19 08:38:20
12404,Business,20.06,2026-01-19 08:38:20
12404,Daily,18.45,2026-01-19 08:38:20
12404,Evening,17.15,2026-01-19 08:38:20
12404,Night Out,16.18,2026-01-19 08:38:20
12406,Daily,23.53,2026-01-19 08:38:20
12406,Business,23.53,2026-01-19 08:38:20
12406,Leisure,17.65,2026-01-19 08:38:20
12406,Night Out,17.65,2026-01-19 08:38:20
12406,Evening,17.65,2026-01-19 08:38:20
12407,Daily,25.0,2026-01-19 08:38:20
12407,Sport,25.0,2026-01-19 08:38:20
12407,Leisure,25.0,2026-01-19 08:38:20
12407,Business,25.0,2026-01-19 08:38:20
12408,Daily,26.35,2026-01-19 08:38:20
12408,Leisure,25.73,2026-01-19 08:38:20
12408,Business,22.2,2026-01-19 08:38:20
12412,Daily,23.05,2026-01-19 08:38:20
12412,Business,22.04,2026-01-19 08:38:20
12412,Leisure,21.44,2026-01-19 08:38:20
12412,Evening,17.23,2026-01-19 08:38:20
12412,Night Out,16.23,2026-01-19 08:38:20
12415,Daily,16.67,2026-01-19 08:38:20
12415,Sport,16.67,2026-01-19 08:38:20
12415,Leisure,16.67,2026-01-19 08:38:20
12415,Night Out,16.67,2026-01-19 08:38:20
12415,Business,16.67,2026-01-19 08:38:20
12415,Evening,16.67,2026-01-19 08:38:20
12416,Evening,28.16,2026-01-19 08:38:20
12416,Night Out,26.71,2026-01-19 08:38:20
12416,Daily,15.16,2026-01-19 08:38:20
12416,Business,15.16,2026-01-19 08:38:20
12418,Night Out,27.27,2026-01-19 08:38:20
12418,Evening,27.27,2026-01-19 08:38:20
12418,Leisure,18.18,2026-01-19 08:38:20
12418,Business,18.18,2026-01-19 08:38:20
12420,Evening,23.62,2026-01-19 08:38:20
12420,Daily,20.87,2026-01-19 08:38:20
12420,Night Out,20.87,2026-01-19 08:38:20
12420,Business,18.12,2026-01-19 08:38:20
12420,Leisure,16.51,2026-01-19 08:38:20
12423,Night Out,50.0,2026-01-19 08:38:20
12423,Evening,50.0,2026-01-19 08:38:20
12424,Leisure,25.88,2026-01-19 08:38:20
12424,Business,23.92,2026-01-19 08:38:20
12424,Daily,22.75,2026-01-19 08:38:20
12426,Daily,20.0,2026-01-19 08:38:20
12426,Sport,20.0,2026-01-19 08:38:20
12426,Leisure,20.0,2026-01-19 08:38:20
12426,Business,20.0,2026-01-19 08:38:20
12426,Evening,20.0,2026-01-19 08:38:20
12429,Daily,25.75,2026-01-19 08:38:20
12429,Business,24.93,2026-01-19 08:38:20
12429,Leisure,23.29,2026-01-19 08:38:20
12431,Daily,100.0,2026-01-19 08:38:20
12433,Daily,28.42,2026-01-19 08:38:20
12433,Leisure,28.06,2026-01-19 08:38:20
12433,Business,22.66,2026-01-19 08:38:20
12434,Daily,33.33,2026-01-19 08:38:20
12434,Night Out,33.33,2026-01-19 08:38:20
12434,Evening,33.33,2026-01-19 08:38:20
12436,Leisure,25.4,2026-01-19 08:38:20
12436,Daily,24.6,2026-01-19 08:38:20
12436,Business,20.24,2026-01-19 08:38:20
12442,Daily,50.0,2026-01-19 08:38:20
12442,Leisure,50.0,2026-01-19 08:38:20
12445,Daily,25.9,2026-01-19 08:38:20
12445,Leisure,24.4,2026-01-19 08:38:20
12445,Business,24.4,2026-01-19 08:38:20
12446,Daily,25.0,2026-01-19 08:38:20
12446,Leisure,25.0,2026-01-19 08:38:20
12446,Night Out,25.0,2026-01-19 08:38:20
12446,Evening,25.0,2026-01-19 08:38:20
12450,Leisure,28.88,2026-01-19 08:38:20
12450,Daily,28.02,2026-01-19 08:38:20
12450,Business,19.83,2026-01-19 08:38:20
12454,Daily,24.46,2026-01-19 08:38:20
12454,Leisure,24.15,2026-01-19 08:38:20
12454,Business,19.81,2026-01-19 08:38:20
12454,Evening,16.72,2026-01-19 08:38:20
12458,Leisure,31.49,2026-01-19 08:38:20
12458,Daily,25.96,2026-01-19 08:38:20
12458,Business,17.45,2026-01-19 08:38:20
12461,Daily,33.33,2026-01-19 08:38:20
12461,Sport,33.33,2026-01-19 08:38:20
12461,Leisure,33.33,2026-01-19 08:38:20
12462,Evening,24.62,2026-01-19 08:38:20
12462,Night Out,21.97,2026-01-19 08:38:20
12462,Leisure,20.08,2026-01-19 08:38:20
12462,Daily,17.42,2026-01-19 08:38:20
12462,Business,15.91,2026-01-19 08:38:20
12466,Daily,25.61,2026-01-19 08:38:20
12466,Leisure,24.56,2026-01-19 08:38:20
12466,Business,22.46,2026-01-19 08:38:20
12470,Daily,24.28,2026-01-19 08:38:20
12470,Business,23.91,2026-01-19 08:38:20
12470,Leisure,22.83,2026-01-19 08:38:20
12470,Evening,16.3,2026-01-19 08:38:20
12471,Night Out,25.0,2026-01-19 08:38:20
12471,Evening,25.0,2026-01-19 08:38:20
12474,Leisure,25.54,2026-01-19 08:38:20
12474,Daily,25.18,2026-01-19 08:38:20
12474,Business,23.02,2026-01-19 08:38:20
12477,Daily,33.33,2026-01-19 08:38:20
12477,Leisure,33.33,2026-01-19 08:38:20
12477,Evening,33.33,2026-01-19 08:38:20
12478,Daily,24.91,2026-01-19 08:38:20
12478,Leisure,24.91,2026-01-19 08:38:20
12478,Business,21.93,2026-01-19 08:38:20
12482,Leisure,27.17,2026-01-19 08:38:20
12482,Daily,25.0,2026-01-19 08:38:20
12482,Business,24.46,2026-01-19 08:38:20
12483,Leisure,26.12,2026-01-19 08:38:20
12483,Night Out,26.12,2026-01-19 08:38:20
12483,Evening,21.84,2026-01-19 08:38:20
12483,Daily,17.52,2026-01-19 08:38:20
12486,Leisure,24.59,2026-01-19 08:38:20
12486,Night Out,20.09,2026-01-19 08:38:20
12486,Daily,19.21,2026-01-19 08:38:20
12486,Evening,16.36,2026-01-19 08:38:20
12487,Daily,25.93,2026-01-19 08:38:20
12487,Leisure,24.34,2026-01-19 08:38:20
12487,Business,21.69,2026-01-19 08:38:20
12490,Leisure,21.76,2026-01-19 08:38:20
12490,Daily,20.21,2026-01-19 08:38:20
12490,Business,17.62,2026-01-19 08:38:20
12490,Evening,16.97,2026-01-19 08:38:20
12490,Night Out,16.71,2026-01-19 08:38:20
12491,Daily,26.06,2026-01-19 08:38:20
12491,Leisure,25.53,2026-01-19 08:38:20
12491,Business,22.34,2026-01-19 08:38:20
12493,Daily,33.33,2026-01-19 08:38:20
12493,Leisure,33.33,2026-01-19 08:38:20
12493,Evening,33.33,2026-01-19 08:38:20
12494,Evening,32.39,2026-01-19 08:38:20
12494,Night Out,30.02,2026-01-19 08:38:20
12494,Leisure,19.86,2026-01-19 08:38:20
12495,Evening,27.33,2026-01-19 08:38:20
12495,Night Out,25.47,2026-01-19 08:38:20
12495,Daily,17.39,2026-01-19 08:38:20
12495,Leisure,17.39,2026-01-19 08:38:20
12498,Leisure,24.58,2026-01-19 08:38:20
12498,Daily,21.66,2026-01-19 08:38:20
12498,Night Out,18.89,2026-01-19 08:38:20
12498,Business,18.13,2026-01-19 08:38:20
12498,Evening,16.74,2026-01-19 08:38:20
12499,Evening,26.16,2026-01-19 08:38:20
12499,Night Out,25.0,2026-01-19 08:38:20
12499,Leisure,21.51,2026-01-19 08:38:20
12502,Evening,33.04,2026-01-19 08:38:20
12502,Night Out,31.07,2026-01-19 08:38:20
12502,Leisure,21.88,2026-01-19 08:38:20
12503,Daily,25.33,2026-01-19 08:38:20
12503,Business,24.0,2026-01-19 08:38:20
12503,Leisure,19.33,2026-01-19 08:38:20
12503,Night Out,16.0,2026-01-19 08:38:20
12503,Evening,15.33,2026-01-19 08:38:20
12506,Evening,27.94,2026-01-19 08:38:20
12506,Night Out,24.08,2026-01-19 08:38:20
12506,Leisure,22.35,2026-01-19 08:38:20
12507,Daily,25.9,2026-01-19 08:38:20
12507,Business,24.7,2026-01-19 08:38:20
12507,Leisure,24.1,2026-01-19 08:38:20
12510,Evening,29.65,2026-01-19 08:38:20
12510,Night Out,27.44,2026-01-19 08:38:20
12510,Leisure,21.14,2026-01-19 08:38:20
12514,Leisure,24.72,2026-01-19 08:38:20
12514,Daily,23.03,2026-01-19 08:38:20
12514,Business,19.38,2026-01-19 08:38:20
12515,Daily,27.38,2026-01-19 08:38:20
12515,Leisure,25.6,2026-01-19 08:38:20
12515,Business,24.4,2026-01-19 08:38:20
12518,Evening,30.98,2026-01-19 08:38:20
12518,Night Out,30.37,2026-01-19 08:38:20
12518,Leisure,20.86,2026-01-19 08:38:20
12519,Leisure,25.64,2026-01-19 08:38:20
12519,Night Out,24.36,2026-01-19 08:38:20
12519,Evening,20.51,2026-01-19 08:38:20
12519,Daily,15.38,2026-01-19 08:38:20
12522,Evening,30.1,2026-01-19 08:38:20
12522,Night Out,29.13,2026-01-19 08:38:20
12522,Leisure,20.87,2026-01-19 08:38:20
12523,Leisure,28.19,2026-01-19 08:38:20
12523,Daily,25.5,2026-01-19 08:38:20
12523,Business,24.16,2026-01-19 08:38:20
12526,Leisure,27.14,2026-01-19 08:38:20
12526,Night Out,22.86,2026-01-19 08:38:20
12526,Evening,19.64,2026-01-19 08:38:20
12526,Daily,17.14,2026-01-19 08:38:20
12527,Leisure,24.22,2026-01-19 08:38:20
12527,Daily,21.74,2026-01-19 08:38:20
12527,Business,21.12,2026-01-19 08:38:20
12527,Evening,19.25,2026-01-19 08:38:20
12530,Evening,32.72,2026-01-19 08:38:20
12530,Night Out,31.99,2026-01-19 08:38:20
12530,Leisure,19.12,2026-01-19 08:38:20
12531,Daily,26.7,2026-01-19 08:38:20
12531,Leisure,26.7,2026-01-19 08:38:20
12531,Business,25.13,2026-01-19 08:38:20
12534,Leisure,21.97,2026-01-19 08:38:20
12534,Daily,20.45,2026-01-19 08:38:20
12534,Night Out,18.56,2026-01-19 08:38:20
12534,Business,17.8,2026-01-19 08:38:20
12534,Evening,15.91,2026-01-19 08:38:20
12535,Daily,24.3,2026-01-19 08:38:20
12535,Sport,24.3,2026-01-19 08:38:20
12535,Leisure,24.3,2026-01-19 08:38:20
12535,Business,21.5,2026-01-19 08:38:20
12537,Daily,25.0,2026-01-19 08:38:20
12537,Leisure,25.0,2026-01-19 08:38:20
12537,Business,25.0,2026-01-19 08:38:20
12537,Evening,25.0,2026-01-19 08:38:20
12538,Evening,31.43,2026-01-19 08:38:20
12538,Night Out,29.52,2026-01-19 08:38:20
12538,Leisure,22.86,2026-01-19 08:38:20
12539,Night Out,21.82,2026-01-19 08:38:20
12539,Leisure,21.21,2026-01-19 08:38:20
12539,Evening,21.21,2026-01-19 08:38:20
12539,Daily,18.18,2026-01-19 08:38:20
12539,Business,17.58,2026-01-19 08:38:20
12542,Evening,33.9,2026-01-19 08:38:20
12542,Night Out,30.51,2026-01-19 08:38:20
12542,Leisure,18.64,2026-01-19 08:38:20
12544,Leisure,28.68,2026-01-19 08:38:20
12544,Night Out,19.38,2026-01-19 08:38:20
12544,Business,19.38,2026-01-19 08:38:20
12544,Daily,17.83,2026-01-19 08:38:20
12545,Daily,50.0,2026-01-19 08:38:20
12545,Leisure,50.0,2026-01-19 08:38:20
12547,Night Out,24.76,2026-01-19 08:38:20
12547,Leisure,24.29,2026-01-19 08:38:20
12547,Evening,22.86,2026-01-19 08:38:20
12547,Daily,18.1,2026-01-19 08:38:20
12548,Daily,20.29,2026-01-19 08:38:20
12548,Evening,20.29,2026-01-19 08:38:20
12548,Leisure,18.84,2026-01-19 08:38:20
12548,Night Out,18.84,2026-01-19 08:38:20
12548,Business,17.39,2026-01-19 08:38:20
12549,Daily,50.0,2026-01-19 08:38:20
12549,Sport,25.0,2026-01-19 08:38:20
12549,Leisure,25.0,2026-01-19 08:38:20
12551,Daily,25.09,2026-01-19 08:38:20
12551,Leisure,23.37,2026-01-19 08:38:20
12551,Business,22.34,2026-01-19 08:38:20
12552,Evening,27.07,2026-01-19 08:38:20
12552,Night Out,25.56,2026-01-19 08:38:20
12552,Leisure,21.05,2026-01-19 08:38:20
12553,Daily,28.57,2026-01-19 08:38:20
12553,Leisure,28.57,2026-01-19 08:38:20
12555,Daily,23.42,2026-01-19 08:38:20
12555,Leisure,23.42,2026-01-19 08:38:20
12555,Night Out,16.22,2026-01-19 08:38:20
12555,Business,16.22,2026-01-19 08:38:20
12556,Daily,20.0,2026-01-19 08:38:20
12556,Sport,20.0,2026-01-19 08:38:20
12556,Leisure,20.0,2026-01-19 08:38:20
12556,Business,20.0,2026-01-19 08:38:20
12556,Evening,20.0,2026-01-19 08:38:20
12557,Daily,36.47,2026-01-19 08:38:20
12557,Leisure,31.76,2026-01-19 08:38:20
12557,Business,22.35,2026-01-19 08:38:20
12558,Night Out,32.8,2026-01-19 08:38:20
12558,Evening,32.8,2026-01-19 08:38:20
12558,Leisure,19.58,2026-01-19 08:38:20
12561,Leisure,29.46,2026-01-19 08:38:20
12561,Daily,26.79,2026-01-19 08:38:20
12561,Business,21.43,2026-01-19 08:38:20
12562,Leisure,24.23,2026-01-19 08:38:20
12562,Night Out,20.26,2026-01-19 08:38:20
12562,Evening,20.26,2026-01-19 08:38:20
12562,Daily,18.06,2026-01-19 08:38:20
12562,Business,17.18,2026-01-19 08:38:20
12565,Night Out,33.01,2026-01-19 08:38:20
12565,Evening,31.07,2026-01-19 08:38:20
12565,Leisure,19.42,2026-01-19 08:38:20
12566,Night Out,29.61,2026-01-19 08:38:20
12566,Evening,29.13,2026-01-19 08:38:20
12566,Leisure,19.9,2026-01-19 08:38:20
12569,Leisure,22.86,2026-01-19 08:38:20
12569,Night Out,21.9,2026-01-19 08:38:20
12569,Evening,20.95,2026-01-19 08:38:20
12569,Daily,19.05,2026-01-19 08:38:20
12569,Business,15.24,2026-01-19 08:38:20
12570,Evening,28.87,2026-01-19 08:38:20
12570,Leisure,25.77,2026-01-19 08:38:20
12570,Night Out,22.68,2026-01-19 08:38:20
12573,Daily,26.72,2026-01-19 08:38:20
12573,Leisure,24.14,2026-01-19 08:38:20
12573,Business,23.28,2026-01-19 08:38:20
12574,Leisure,24.89,2026-01-19 08:38:20
12574,Business,23.61,2026-01-19 08:38:20
12574,Daily,23.18,2026-01-19 08:38:20
12576,Daily,25.0,2026-01-19 08:38:20
12576,Sport,25.0,2026-01-19 08:38:20
12576,Leisure,25.0,2026-01-19 08:38:20
12576,Night Out,25.0,2026-01-19 08:38:20
12577,Daily,22.4,2026-01-19 08:38:20
12577,Business,22.4,2026-01-19 08:38:20
12577,Leisure,21.6,2026-01-19 08:38:20
12577,Night Out,16.8,2026-01-19 08:38:20
12577,Evening,16.8,2026-01-19 08:38:20
12578,Evening,25.84,2026-01-19 08:38:20
12578,Night Out,24.16,2026-01-19 08:38:20
12578,Leisure,22.47,2026-01-19 08:38:20
12581,Night Out,27.27,2026-01-19 08:38:20
12581,Evening,25.62,2026-01-19 08:38:20
12581,Leisure,22.31,2026-01-19 08:38:20
12582,Leisure,28.5,2026-01-19 08:38:20
12582,Daily,19.17,2026-01-19 08:38:20
12582,Business,17.62,2026-01-19 08:38:20
12582,Evening,17.62,2026-01-19 08:38:20
12582,Night Out,17.1,2026-01-19 08:38:20
12585,Leisure,25.45,2026-01-19 08:38:20
12585,Daily,21.82,2026-01-19 08:38:20
12585,Business,21.82,2026-01-19 08:38:20
12586,Evening,25.0,2026-01-19 08:38:20
12586,Night Out,22.67,2026-01-19 08:38:20
12586,Leisure,22.09,2026-01-19 08:38:20
12586,Daily,15.7,2026-01-19 08:38:20
12588,Leisure,100.0,2026-01-19 08:38:20
12589,Evening,30.99,2026-01-19 08:38:20
12589,Night Out,25.35,2026-01-19 08:38:20
12589,Leisure,21.13,2026-01-19 08:38:20
12590,Daily,22.52,2026-01-19 08:38:20
12590,Leisure,21.85,2026-01-19 08:38:20
12590,Night Out,19.21,2026-01-19 08:38:20
12590,Business,18.54,2026-01-19 08:38:20
12590,Evening,17.88,2026-01-19 08:38:20
12592,Leisure,100.0,2026-01-19 08:38:20
12593,Daily,28.0,2026-01-19 08:38:20
12593,Leisure,28.0,2026-01-19 08:38:20
12593,Business,26.67,2026-01-19 08:38:20
12594,Leisure,23.23,2026-01-19 08:38:20
12594,Daily,20.65,2026-01-19 08:38:20
12594,Evening,20.0,2026-01-19 08:38:20
12594,Night Out,19.35,2026-01-19 08:38:20
12594,Business,16.77,2026-01-19 08:38:20
12596,Daily,20.0,2026-01-19 08:38:20
12596,Sport,20.0,2026-01-19 08:38:20
12596,Leisure,20.0,2026-01-19 08:38:20
12596,Night Out,20.0,2026-01-19 08:38:20
12596,Business,20.0,2026-01-19 08:38:20
12597,Leisure,22.22,2026-01-19 08:38:20
12597,Evening,21.11,2026-01-19 08:38:20
12597,Business,20.0,2026-01-19 08:38:20
12597,Night Out,18.89,2026-01-19 08:38:20
12597,Daily,17.78,2026-01-19 08:38:20
12598,Leisure,25.47,2026-01-19 08:38:20
12598,Night Out,21.12,2026-01-19 08:38:20
12598,Daily,19.25,2026-01-19 08:38:20
12598,Evening,18.01,2026-01-19 08:38:20
12598,Business,16.15,2026-01-19 08:38:20
12600,Daily,33.33,2026-01-19 08:38:20
12600,Sport,33.33,2026-01-19 08:38:20
12600,Leisure,33.33,2026-01-19 08:38:20
12601,Leisure,21.98,2026-01-19 08:38:20
12601,Evening,20.88,2026-01-19 08:38:20
12601,Daily,19.78,2026-01-19 08:38:20
12601,Night Out,19.78,2026-01-19 08:38:20
12601,Business,17.58,2026-01-19 08:38:20
12602,Evening,29.81,2026-01-19 08:38:20
12602,Night Out,26.92,2026-01-19 08:38:20
12602,Leisure,23.08,2026-01-19 08:38:20
12605,Evening,28.0,2026-01-19 08:38:20
12605,Night Out,26.0,2026-01-19 08:38:20
12605,Leisure,16.0,2026-01-19 08:38:20
12605,Business,16.0,2026-01-19 08:38:20
12606,Night Out,26.19,2026-01-19 08:38:20
12606,Evening,26.19,2026-01-19 08:38:20
12606,Leisure,21.43,2026-01-19 08:38:20
12606,Daily,15.08,2026-01-19 08:38:20
12609,Business,24.14,2026-01-19 08:38:20
12609,Daily,20.69,2026-01-19 08:38:20
12609,Leisure,20.69,2026-01-19 08:38:20
12609,Evening,15.52,2026-01-19 08:38:20
12610,Leisure,24.17,2026-01-19 08:38:20
12610,Night Out,21.67,2026-01-19 08:38:20
12610,Evening,20.83,2026-01-19 08:38:20
12610,Daily,17.5,2026-01-19 08:38:20
12610,Business,15.83,2026-01-19 08:38:20
12613,Daily,29.63,2026-01-19 08:38:20
12613,Leisure,27.78,2026-01-19 08:38:20
12613,Business,25.93,2026-01-19 08:38:20
12616,Leisure,100.0,2026-01-19 08:38:20
12617,Leisure,26.09,2026-01-19 08:38:20
12617,Night Out,23.91,2026-01-19 08:38:20
12617,Evening,23.91,2026-01-19 08:38:20
12617,Business,15.22,2026-01-19 08:38:20
12618,Evening,33.33,2026-01-19 08:38:20
12618,Night Out,29.37,2026-01-19 08:38:20
12618,Leisure,23.81,2026-01-19 08:38:20
12621,Night Out,33.33,2026-01-19 08:38:20
12621,Evening,30.56,2026-01-19 08:38:20
12621,Leisure,19.44,2026-01-19 08:38:20
12622,Evening,29.81,2026-01-19 08:38:20
12622,Night Out,27.88,2026-01-19 08:38:20
12622,Leisure,21.15,2026-01-19 08:38:20
12624,Daily,50.0,2026-01-19 08:38:20
12624,Business,50.0,2026-01-19 08:38:20
12625,Evening,25.33,2026-01-19 08:38:20
12625,Leisure,24.0,2026-01-19 08:38:20
12625,Night Out,22.67,2026-01-19 08:38:20
12629,Evening,25.45,2026-01-19 08:38:20
12629,Leisure,23.64,2026-01-19 08:38:20
12629,Night Out,23.64,2026-01-19 08:38:20
12629,Daily,18.18,2026-01-19 08:38:20
12631,Evening,22.29,2026-01-19 08:38:20
12631,Leisure,21.69,2026-01-19 08:38:20
12631,Night Out,19.88,2026-01-19 08:38:20
12631,Daily,18.07,2026-01-19 08:38:20
12631,Business,18.07,2026-01-19 08:38:20
12633,Leisure,23.21,2026-01-19 08:38:20
12633,Evening,23.21,2026-01-19 08:38:20
12633,Daily,21.43,2026-01-19 08:38:20
12633,Night Out,16.07,2026-01-19 08:38:20
12633,Business,16.07,2026-01-19 08:38:20
12634,Leisure,27.27,2026-01-19 08:38:20
12634,Business,18.88,2026-01-19 08:38:20
12634,Evening,18.88,2026-01-19 08:38:20
12634,Daily,18.18,2026-01-19 08:38:20
12634,Night Out,16.78,2026-01-19 08:38:20
12635,Evening,37.52,2026-01-19 08:38:20
12635,Night Out,36.29,2026-01-19 08:38:20
12635,Leisure,15.0,2026-01-19 08:38:20
12637,Night Out,27.66,2026-01-19 08:38:20
12637,Evening,23.4,2026-01-19 08:38:20
12637,Business,19.15,2026-01-19 08:38:20
12637,Leisure,17.02,2026-01-19 08:38:20
12638,Night Out,28.06,2026-01-19 08:38:20
12638,Evening,26.72,2026-01-19 08:38:20
12638,Leisure,21.04,2026-01-19 08:38:20
12638,Daily,15.3,2026-01-19 08:38:20
12639,Leisure,24.56,2026-01-19 08:38:20
12639,Daily,21.93,2026-01-19 08:38:20
12639,Evening,18.42,2026-01-19 08:38:20
12639,Night Out,17.54,2026-01-19 08:38:20
12639,Business,17.54,2026-01-19 08:38:20
12641,Night Out,22.86,2026-01-19 08:38:20
12641,Business,22.86,2026-01-19 08:38:20
12641,Evening,20.0,2026-01-19 08:38:20
12641,Daily,17.14,2026-01-19 08:38:20
12641,Leisure,17.14,2026-01-19 08:38:20
12642,Leisure,26.09,2026-01-19 08:38:20
12642,Night Out,26.09,2026-01-19 08:38:20
12642,Evening,26.09,2026-01-19 08:38:20
12644,Evening,36.47,2026-01-19 08:38:20
12644,Night Out,35.39,2026-01-19 08:38:20
12644,Leisure,16.85,2026-01-19 08:38:20
12645,Business,23.08,2026-01-19 08:38:20
12645,Evening,23.08,2026-01-19 08:38:20
12645,Daily,19.23,2026-01-19 08:38:20
12645,Leisure,19.23,2026-01-19 08:38:20
12645,Night Out,15.38,2026-01-19 08:38:20
12646,Leisure,24.26,2026-01-19 08:38:20
12646,Daily,19.85,2026-01-19 08:38:20
12646,Evening,19.85,2026-01-19 08:38:20
12646,Night Out,18.38,2026-01-19 08:38:20
12646,Business,17.65,2026-01-19 08:38:20
12647,Night Out,50.0,2026-01-19 08:38:20
12647,Evening,50.0,2026-01-19 08:38:20
12648,Evening,31.28,2026-01-19 08:38:20
12648,Night Out,30.75,2026-01-19 08:38:20
12648,Leisure,18.54,2026-01-19 08:38:20
12649,Night Out,28.0,2026-01-19 08:38:20
12649,Evening,24.0,2026-01-19 08:38:20
12649,Daily,16.0,2026-01-19 08:38:20
12649,Leisure,16.0,2026-01-19 08:38:20
12649,Business,16.0,2026-01-19 08:38:20
12650,Evening,33.78,2026-01-19 08:38:20
12650,Night Out,32.15,2026-01-19 08:38:20
12650,Leisure,18.37,2026-01-19 08:38:20
12652,Leisure,26.25,2026-01-19 08:38:20
12652,Evening,23.75,2026-01-19 08:38:20
12652,Night Out,21.25,2026-01-19 08:38:20
12652,Daily,15.0,2026-01-19 08:38:20
12653,Night Out,28.57,2026-01-19 08:38:20
12653,Evening,28.57,2026-01-19 08:38:20
12653,Leisure,21.43,2026-01-19 08:38:20
12655,Evening,29.82,2026-01-19 08:38:20
12655,Night Out,27.46,2026-01-19 08:38:20
12655,Leisure,19.53,2026-01-19 08:38:20
12656,Evening,28.72,2026-01-19 08:38:20
12656,Leisure,27.66,2026-01-19 08:38:20
12656,Night Out,26.6,2026-01-19 08:38:20
12660,Evening,26.34,2026-01-19 08:38:20
12660,Night Out,24.19,2026-01-19 08:38:20
12660,Leisure,21.68,2026-01-19 08:38:20
12665,Night Out,50.0,2026-01-19 08:38:20
12665,Leisure,25.0,2026-01-19 08:38:20
12665,Business,25.0,2026-01-19 08:38:20
12666,Leisure,28.0,2026-01-19 08:38:20
12666,Daily,25.33,2026-01-19 08:38:20
12666,Business,18.67,2026-01-19 08:38:20
12667,Evening,26.92,2026-01-19 08:38:20
12667,Leisure,23.08,2026-01-19 08:38:20
12667,Daily,19.23,2026-01-19 08:38:20
12667,Night Out,15.38,2026-01-19 08:38:20
12667,Business,15.38,2026-01-19 08:38:20
12671,Daily,22.22,2026-01-19 08:38:20
12671,Leisure,22.22,2026-01-19 08:38:20
12671,Business,22.22,2026-01-19 08:38:20
12674,Night Out,27.66,2026-01-19 08:38:20
12674,Evening,27.66,2026-01-19 08:38:20
12674,Leisure,25.53,2026-01-19 08:38:20
12675,Evening,26.67,2026-01-19 08:38:20
12675,Daily,20.0,2026-01-19 08:38:20
12675,Leisure,20.0,2026-01-19 08:38:20
12675,Business,20.0,2026-01-19 08:38:20
12676,Leisure,23.67,2026-01-19 08:38:20
12676,Daily,23.47,2026-01-19 08:38:20
12676,Evening,20.91,2026-01-19 08:38:20
12676,Night Out,18.15,2026-01-19 08:38:20
12679,Leisure,28.57,2026-01-19 08:38:20
12679,Evening,20.63,2026-01-19 08:38:20
12679,Night Out,19.05,2026-01-19 08:38:20
12679,Daily,17.46,2026-01-19 08:38:20
12680,Night Out,35.65,2026-01-19 08:38:20
12680,Evening,35.33,2026-01-19 08:38:20
12680,Leisure,18.93,2026-01-19 08:38:20
12681,Leisure,50.0,2026-01-19 08:38:20
12681,Evening,50.0,2026-01-19 08:38:20
12683,Evening,34.29,2026-01-19 08:38:20
12683,Night Out,28.57,2026-01-19 08:38:20
12683,Leisure,18.57,2026-01-19 08:38:20
12687,Daily,23.68,2026-01-19 08:38:20
12687,Leisure,21.05,2026-01-19 08:38:20
12687,Night Out,21.05,2026-01-19 08:38:20
12687,Evening,18.42,2026-01-19 08:38:20
12687,Business,15.79,2026-01-19 08:38:20
12688,Evening,26.72,2026-01-19 08:38:20
12688,Night Out,24.01,2026-01-19 08:38:20
12688,Leisure,19.42,2026-01-19 08:38:20
12688,Daily,16.49,2026-01-19 08:38:20
12691,Night Out,34.88,2026-01-19 08:38:20
12691,Evening,34.88,2026-01-19 08:38:20
12691,Leisure,20.93,2026-01-19 08:38:20
12692,Evening,24.56,2026-01-19 08:38:20
12692,Leisure,23.84,2026-01-19 08:38:20
12692,Night Out,23.13,2026-01-19 08:38:20
12692,Daily,16.01,2026-01-19 08:38:20
12696,Evening,34.2,2026-01-19 08:38:20
12696,Night Out,33.77,2026-01-19 08:38:20
12696,Leisure,18.18,2026-01-19 08:38:20
12698,Leisure,23.73,2026-01-19 08:38:20
12698,Night Out,20.34,2026-01-19 08:38:20
12698,Evening,20.34,2026-01-19 08:38:20
12698,Daily,18.64,2026-01-19 08:38:20
12698,Business,16.95,2026-01-19 08:38:20
12700,Leisure,26.04,2026-01-19 08:38:20
12700,Daily,24.1,2026-01-19 08:38:20
12700,Business,20.78,2026-01-19 08:38:20
12704,Leisure,25.59,2026-01-19 08:38:20
12704,Daily,22.9,2026-01-19 08:38:20
12704,Business,19.53,2026-01-19 08:38:20
12707,Leisure,27.59,2026-01-19 08:38:20
12707,Night Out,22.41,2026-01-19 08:38:20
12707,Daily,18.97,2026-01-19 08:38:20
12707,Evening,17.24,2026-01-19 08:38:20
12711,Night Out,33.33,2026-01-19 08:38:20
12711,Leisure,28.21,2026-01-19 08:38:20
12711,Evening,28.21,2026-01-19 08:38:20
12712,Evening,28.36,2026-01-19 08:38:20
12712,Night Out,26.02,2026-01-19 08:38:20
12712,Leisure,19.3,2026-01-19 08:38:20
12719,Evening,34.15,2026-01-19 08:38:20
12719,Night Out,29.27,2026-01-19 08:38:20
12719,Leisure,26.83,2026-01-19 08:38:20
12720,Evening,33.33,2026-01-19 08:38:20
12720,Night Out,30.48,2026-01-19 08:38:20
12720,Leisure,19.52,2026-01-19 08:38:20
12722,Evening,35.48,2026-01-19 08:38:20
12722,Leisure,32.26,2026-01-19 08:38:20
12722,Night Out,25.81,2026-01-19 08:38:20
12724,Evening,25.48,2026-01-19 08:38:20
12724,Night Out,25.1,2026-01-19 08:38:20
12724,Leisure,19.31,2026-01-19 08:38:20
12724,Daily,16.22,2026-01-19 08:38:20
12725,Daily,50.0,2026-01-19 08:38:20
12725,Leisure,50.0,2026-01-19 08:38:20
12728,Daily,26.87,2026-01-19 08:38:20
12728,Leisure,25.85,2026-01-19 08:38:20
12728,Business,23.13,2026-01-19 08:38:20
12730,Leisure,31.82,2026-01-19 08:38:20
12730,Evening,31.82,2026-01-19 08:38:20
12730,Night Out,27.27,2026-01-19 08:38:20
12732,Evening,33.46,2026-01-19 08:38:20
12732,Night Out,31.52,2026-01-19 08:38:20
12732,Leisure,15.95,2026-01-19 08:38:20
12734,Leisure,21.43,2026-01-19 08:38:20
12734,Night Out,21.43,2026-01-19 08:38:20
12734,Daily,16.67,2026-01-19 08:38:20
12734,Business,16.67,2026-01-19 08:38:20
12734,Evening,16.67,2026-01-19 08:38:20
12736,Leisure,24.24,2026-01-19 08:38:20
12736,Daily,21.21,2026-01-19 08:38:20
12736,Business,18.18,2026-01-19 08:38:20
12736,Sport,15.66,2026-01-19 08:38:20
12738,Evening,38.1,2026-01-19 08:38:20
12738,Night Out,33.33,2026-01-19 08:38:20
12738,Leisure,23.81,2026-01-19 08:38:20
12740,Evening,32.09,2026-01-19 08:38:20
12740,Night Out,30.97,2026-01-19 08:38:20
12740,Leisure,15.3,2026-01-19 08:38:20
12744,Evening,30.74,2026-01-19 08:38:20
12744,Night Out,28.98,2026-01-19 08:38:20
12744,Leisure,18.02,2026-01-19 08:38:20
12747,Leisure,29.27,2026-01-19 08:38:20
12747,Daily,24.39,2026-01-19 08:38:20
12747,Business,21.95,2026-01-19 08:38:20
12748,Daily,16.67,2026-01-19 08:38:20
12748,Sport,16.67,2026-01-19 08:38:20
12748,Leisure,16.67,2026-01-19 08:38:20
12748,Night Out,16.67,2026-01-19 08:38:20
12748,Business,16.67,2026-01-19 08:38:20
12748,Evening,16.67,2026-01-19 08:38:20
12749,Evening,30.92,2026-01-19 08:38:20
12749,Night Out,30.43,2026-01-19 08:38:20
12749,Leisure,20.77,2026-01-19 08:38:20
12750,Leisure,24.24,2026-01-19 08:38:20
12750,Daily,21.21,2026-01-19 08:38:20
12750,Business,21.21,2026-01-19 08:38:20
12750,Night Out,18.18,2026-01-19 08:38:20
12750,Evening,15.15,2026-01-19 08:38:20
12752,Daily,23.03,2026-01-19 08:38:20
12752,Leisure,22.26,2026-01-19 08:38:20
12752,Business,19.15,2026-01-19 08:38:20
12753,Evening,25.86,2026-01-19 08:38:20
12753,Night Out,25.52,2026-01-19 08:38:20
12753,Leisure,20.69,2026-01-19 08:38:20
12753,Daily,15.86,2026-01-19 08:38:20
12754,Leisure,27.27,2026-01-19 08:38:20
12754,Evening,20.0,2026-01-19 08:38:20
12754,Daily,18.18,2026-01-19 08:38:20
12754,Business,18.18,2026-01-19 08:38:20
12754,Night Out,16.36,2026-01-19 08:38:20
12756,Leisure,22.73,2026-01-19 08:38:20
12756,Daily,20.22,2026-01-19 08:38:20
12756,Evening,19.95,2026-01-19 08:38:20
12756,Night Out,19.67,2026-01-19 08:38:20
12756,Business,17.44,2026-01-19 08:38:20
12757,Night Out,32.57,2026-01-19 08:38:20
12757,Evening,32.57,2026-01-19 08:38:20
12757,Leisure,18.86,2026-01-19 08:38:20
12758,Leisure,28.57,2026-01-19 08:38:20
12758,Evening,22.86,2026-01-19 08:38:20
12758,Night Out,20.0,2026-01-19 08:38:20
12758,Daily,17.14,2026-01-19 08:38:20
12760,Leisure,25.77,2026-01-19 08:38:20
12760,Daily,20.62,2026-01-19 08:38:20
12760,Business,20.62,2026-01-19 08:38:20
12760,Sport,15.98,2026-01-19 08:38:20
12761,Evening,36.5,2026-01-19 08:38:20
12761,Night Out,35.56,2026-01-19 08:38:20
12762,Daily,33.33,2026-01-19 08:38:20
12762,Business,33.33,2026-01-19 08:38:20
12762,Leisure,16.67,2026-01-19 08:38:20
12762,Evening,16.67,2026-01-19 08:38:20
12764,Leisure,24.4,2026-01-19 08:38:20
12764,Daily,22.8,2026-01-19 08:38:20
12764,Night Out,18.0,2026-01-19 08:38:20
12764,Evening,18.0,2026-01-19 08:38:20
12764,Business,16.8,2026-01-19 08:38:20
12765,Leisure,21.89,2026-01-19 08:38:20
12765,Daily,21.8,2026-01-19 08:38:20
12765,Business,18.94,2026-01-19 08:38:20
12765,Night Out,16.5,2026-01-19 08:38:20
12766,Evening,37.5,2026-01-19 08:38:20
12766,Night Out,31.25,2026-01-19 08:38:20
12766,Leisure,25.0,2026-01-19 08:38:20
12767,Daily,33.33,2026-01-19 08:38:20
12767,Leisure,33.33,2026-01-19 08:38:20
12767,Night Out,33.33,2026-01-19 08:38:20
12768,Evening,28.09,2026-01-19 08:38:20
12768,Night Out,26.4,2026-01-19 08:38:20
12768,Leisure,23.03,2026-01-19 08:38:20
12769,Leisure,21.16,2026-01-19 08:38:20
12769,Daily,20.77,2026-01-19 08:38:20
12769,Business,18.84,2026-01-19 08:38:20
12769,Night Out,16.83,2026-01-19 08:38:20
12769,Evening,15.52,2026-01-19 08:38:20
12770,Leisure,29.17,2026-01-19 08:38:20
12770,Night Out,25.0,2026-01-19 08:38:20
12770,Evening,25.0,2026-01-19 08:38:20
12772,Evening,33.97,2026-01-19 08:38:20
12772,Night Out,31.58,2026-01-19 08:38:20
12772,Leisure,17.7,2026-01-19 08:38:20
12773,Leisure,25.35,2026-01-19 08:38:20
12773,Daily,23.81,2026-01-19 08:38:20
12773,Business,19.11,2026-01-19 08:38:20
12774,Leisure,38.46,2026-01-19 08:38:20
12774,Daily,23.08,2026-01-19 08:38:20
12774,Business,23.08,2026-01-19 08:38:20
12776,Leisure,23.14,2026-01-19 08:38:20
12776,Daily,22.27,2026-01-19 08:38:20
12776,Business,19.65,2026-01-19 08:38:20
12776,Night Out,17.9,2026-01-19 08:38:20
12776,Evening,17.03,2026-01-19 08:38:20
12777,Leisure,23.52,2026-01-19 08:38:20
12777,Daily,21.34,2026-01-19 08:38:20
12777,Business,18.73,2026-01-19 08:38:20
12777,Night Out,15.07,2026-01-19 08:38:20
12778,Daily,25.0,2026-01-19 08:38:20
12778,Leisure,25.0,2026-01-19 08:38:20
12778,Night Out,21.43,2026-01-19 08:38:20
12778,Evening,21.43,2026-01-19 08:38:20
12779,Leisure,100.0,2026-01-19 08:38:20
12780,Leisure,23.43,2026-01-19 08:38:20
12780,Night Out,22.29,2026-01-19 08:38:20
12780,Evening,21.14,2026-01-19 08:38:20
12780,Daily,18.86,2026-01-19 08:38:20
12781,Evening,32.8,2026-01-19 08:38:20
12781,Night Out,32.51,2026-01-19 08:38:20
12781,Leisure,16.91,2026-01-19 08:38:20
12782,Leisure,28.57,2026-01-19 08:38:20
12782,Night Out,23.81,2026-01-19 08:38:20
12782,Evening,23.81,2026-01-19 08:38:20
12784,Evening,32.26,2026-01-19 08:38:20
12784,Night Out,30.32,2026-01-19 08:38:20
12784,Leisure,24.52,2026-01-19 08:38:20
12785,Evening,31.69,2026-01-19 08:38:20
12785,Night Out,30.23,2026-01-19 08:38:20
12785,Leisure,17.58,2026-01-19 08:38:20
12786,Evening,31.25,2026-01-19 08:38:20
12786,Leisure,28.12,2026-01-19 08:38:20
12786,Night Out,28.12,2026-01-19 08:38:20
12789,Night Out,30.64,2026-01-19 08:38:20
12789,Evening,29.57,2026-01-19 08:38:20
12789,Leisure,19.15,2026-01-19 08:38:20
12790,Night Out,21.95,2026-01-19 08:38:20
12790,Evening,21.95,2026-01-19 08:38:20
12790,Leisure,19.51,2026-01-19 08:38:20
12790,Business,17.07,2026-01-19 08:38:20
12792,Leisure,28.21,2026-01-19 08:38:20
12792,Daily,22.44,2026-01-19 08:38:20
12792,Evening,15.38,2026-01-19 08:38:20
12793,Evening,27.29,2026-01-19 08:38:20
12793,Night Out,25.3,2026-01-19 08:38:20
12793,Leisure,19.51,2026-01-19 08:38:20
12794,Leisure,35.71,2026-01-19 08:38:20
12794,Night Out,21.43,2026-01-19 08:38:20
12796,Evening,34.41,2026-01-19 08:38:20
12796,Night Out,33.33,2026-01-19 08:38:20
12796,Leisure,19.78,2026-01-19 08:38:20
12798,Night Out,30.0,2026-01-19 08:38:20
12798,Evening,30.0,2026-01-19 08:38:20
12798,Leisure,20.0,2026-01-19 08:38:20
12798,Daily,15.0,2026-01-19 08:38:20
12799,Daily,23.73,2026-01-19 08:38:20
12799,Leisure,21.93,2026-01-19 08:38:20
12799,Business,21.11,2026-01-19 08:38:20
12800,Leisure,23.45,2026-01-19 08:38:20
12800,Business,20.43,2026-01-19 08:38:20
12800,Daily,20.25,2026-01-19 08:38:20
12800,Evening,15.1,2026-01-19 08:38:20
12802,Evening,29.33,2026-01-19 08:38:20
12802,Night Out,27.71,2026-01-19 08:38:20
12802,Leisure,16.91,2026-01-19 08:38:20
12803,Leisure,22.44,2026-01-19 08:38:20
12803,Daily,22.16,2026-01-19 08:38:20
12803,Business,21.88,2026-01-19 08:38:20
12803,Evening,18.75,2026-01-19 08:38:20
12804,Daily,20.25,2026-01-19 08:38:20
12804,Leisure,19.63,2026-01-19 08:38:20
12804,Business,19.22,2026-01-19 08:38:20
12804,Night Out,19.02,2026-01-19 08:38:20
12804,Evening,16.97,2026-01-19 08:38:20
12806,Daily,23.23,2026-01-19 08:38:20
12806,Leisure,21.64,2026-01-19 08:38:20
12806,Business,18.13,2026-01-19 08:38:20
12807,Daily,25.47,2026-01-19 08:38:20
12807,Leisure,24.4,2026-01-19 08:38:20
12807,Business,24.13,2026-01-19 08:38:20
12808,Leisure,22.95,2026-01-19 08:38:20
12808,Daily,22.5,2026-01-19 08:38:20
12808,Business,20.91,2026-01-19 08:38:20
12810,Evening,24.89,2026-01-19 08:38:20
12810,Night Out,24.18,2026-01-19 08:38:20
12810,Leisure,19.45,2026-01-19 08:38:20
12810,Daily,17.47,2026-01-19 08:38:20
12811,Daily,23.08,2026-01-19 08:38:20
12811,Leisure,21.85,2026-01-19 08:38:20
12811,Business,20.31,2026-01-19 08:38:20
12811,Night Out,15.38,2026-01-19 08:38:20
12811,Evening,15.08,2026-01-19 08:38:20
12812,Evening,34.69,2026-01-19 08:38:20
12812,Night Out,33.33,2026-01-19 08:38:20
12812,Leisure,15.72,2026-01-19 08:38:20
12814,Night Out,31.16,2026-01-19 08:38:20
12814,Evening,30.93,2026-01-19 08:38:20
12814,Leisure,16.12,2026-01-19 08:38:20
12815,Daily,23.77,2026-01-19 08:38:20
12815,Business,22.9,2026-01-19 08:38:20
12815,Leisure,22.32,2026-01-19 08:38:20
12816,Evening,32.5,2026-01-19 08:38:20
12816,Night Out,31.07,2026-01-19 08:38:20
12816,Leisure,18.93,2026-01-19 08:38:20
12818,Daily,26.78,2026-01-19 08:38:20
12818,Leisure,24.69,2026-01-19 08:38:20
12818,Business,21.76,2026-01-19 08:38:20
12819,Evening,21.52,2026-01-19 08:38:20
12819,Night Out,21.25,2026-01-19 08:38:20
12819,Daily,20.49,2026-01-19 08:38:20
12819,Leisure,19.51,2026-01-19 08:38:20
12819,Business,17.23,2026-01-19 08:38:20
12820,Evening,34.8,2026-01-19 08:38:20
12820,Night Out,32.4,2026-01-19 08:38:20
12820,Leisure,19.2,2026-01-19 08:38:20
12822,Leisure,23.01,2026-01-19 08:38:20
12822,Daily,22.18,2026-01-19 08:38:20
12822,Business,21.76,2026-01-19 08:38:20
12823,Evening,35.16,2026-01-19 08:38:20
12823,Night Out,33.14,2026-01-19 08:38:20
12823,Leisure,17.24,2026-01-19 08:38:20
12824,Night Out,25.55,2026-01-19 08:38:20
12824,Evening,23.36,2026-01-19 08:38:20
12824,Leisure,21.41,2026-01-19 08:38:20
12824,Business,15.09,2026-01-19 08:38:20
12826,Daily,22.89,2026-01-19 08:38:20
12826,Leisure,22.49,2026-01-19 08:38:20
12826,Business,20.48,2026-01-19 08:38:20
12826,Evening,17.67,2026-01-19 08:38:20
12826,Night Out,16.47,2026-01-19 08:38:20
12827,Daily,24.73,2026-01-19 08:38:20
12827,Leisure,22.96,2026-01-19 08:38:20
12827,Business,19.28,2026-01-19 08:38:20
12828,Night Out,34.47,2026-01-19 08:38:20
12828,Evening,33.45,2026-01-19 08:38:20
12830,Evening,24.12,2026-01-19 08:38:20
12830,Night Out,21.11,2026-01-19 08:38:20
12830,Leisure,19.1,2026-01-19 08:38:20
12830,Business,18.59,2026-01-19 08:38:20
12830,Daily,17.09,2026-01-19 08:38:20
12831,Daily,25.43,2026-01-19 08:38:20
12831,Leisure,22.71,2026-01-19 08:38:20
12831,Business,22.13,2026-01-19 08:38:20
12832,Night Out,23.12,2026-01-19 08:38:20
12832,Evening,22.54,2026-01-19 08:38:20
12832,Business,19.36,2026-01-19 08:38:20
12832,Leisure,17.63,2026-01-19 08:38:20
12832,Daily,17.34,2026-01-19 08:38:20
12834,Leisure,32.53,2026-01-19 08:38:20
12834,Daily,28.92,2026-01-19 08:38:20
12834,Business,15.06,2026-01-19 08:38:20
12835,Evening,27.01,2026-01-19 08:38:20
12835,Night Out,26.01,2026-01-19 08:38:20
12835,Leisure,16.39,2026-01-19 08:38:20
12835,Business,15.57,2026-01-19 08:38:20
12835,Daily,15.02,2026-01-19 08:38:20
12836,Evening,33.21,2026-01-19 08:38:20
12836,Night Out,30.0,2026-01-19 08:38:20
12836,Leisure,20.36,2026-01-19 08:38:20
12837,Daily,20.0,2026-01-19 08:38:20
12837,Leisure,20.0,2026-01-19 08:38:20
12837,Night Out,20.0,2026-01-19 08:38:20
12837,Business,20.0,2026-01-19 08:38:20
12837,Evening,20.0,2026-01-19 08:38:20
12838,Leisure,28.41,2026-01-19 08:38:20
12838,Daily,26.7,2026-01-19 08:38:20
12838,Business,22.73,2026-01-19 08:38:20
12839,Leisure,25.15,2026-01-19 08:38:20
12839,Evening,24.26,2026-01-19 08:38:20
12839,Night Out,22.89,2026-01-19 08:38:20
12839,Daily,16.8,2026-01-19 08:38:20
12842,Leisure,20.74,2026-01-19 08:38:20
12842,Daily,19.26,2026-01-19 08:38:20
12842,Business,17.78,2026-01-19 08:38:20
12842,Evening,17.78,2026-01-19 08:38:20
12842,Night Out,16.3,2026-01-19 08:38:20
12843,Night Out,29.7,2026-01-19 08:38:20
12843,Evening,29.21,2026-01-19 08:38:20
12843,Leisure,16.26,2026-01-19 08:38:20
12844,Business,23.69,2026-01-19 08:38:20
12844,Leisure,22.15,2026-01-19 08:38:20
12844,Daily,21.54,2026-01-19 08:38:20
12846,Leisure,27.23,2026-01-19 08:38:20
12846,Daily,25.65,2026-01-19 08:38:20
12846,Business,24.61,2026-01-19 08:38:20
12847,Evening,22.14,2026-01-19 08:38:20
12847,Daily,21.47,2026-01-19 08:38:20
12847,Leisure,19.67,2026-01-19 08:38:20
12847,Night Out,19.67,2026-01-19 08:38:20
12847,Business,17.05,2026-01-19 08:38:20
12849,Evening,30.42,2026-01-19 08:38:20
12849,Night Out,29.72,2026-01-19 08:38:20
12849,Leisure,20.28,2026-01-19 08:38:20
12850,Leisure,25.78,2026-01-19 08:38:20
12850,Daily,23.44,2026-01-19 08:38:20
12850,Business,20.31,2026-01-19 08:38:20
12851,Evening,28.99,2026-01-19 08:38:20
12851,Night Out,25.74,2026-01-19 08:38:20
12851,Leisure,18.8,2026-01-19 08:38:20
12852,Sport,50.0,2026-01-19 08:38:20
12852,Leisure,50.0,2026-01-19 08:38:20
12853,Evening,32.4,2026-01-19 08:38:20
12853,Night Out,32.0,2026-01-19 08:38:20
12853,Leisure,19.2,2026-01-19 08:38:20
12854,Leisure,27.21,2026-01-19 08:38:20
12854,Daily,21.77,2026-01-19 08:38:20
12854,Business,19.73,2026-01-19 08:38:20
12854,Night Out,17.69,2026-01-19 08:38:20
12855,Evening,28.75,2026-01-19 08:38:20
12855,Night Out,26.38,2026-01-19 08:38:20
12855,Leisure,17.69,2026-01-19 08:38:20
12857,Night Out,29.23,2026-01-19 08:38:20
12857,Evening,27.46,2026-01-19 08:38:20
12857,Leisure,19.01,2026-01-19 08:38:20
12858,Leisure,22.08,2026-01-19 08:38:20
12858,Evening,21.43,2026-01-19 08:38:20
12858,Daily,19.48,2026-01-19 08:38:20
12858,Night Out,18.83,2026-01-19 08:38:20
12858,Business,18.18,2026-01-19 08:38:20
12859,Evening,28.59,2026-01-19 08:38:20
12859,Night Out,28.2,2026-01-19 08:38:20
12859,Leisure,18.02,2026-01-19 08:38:20
12861,Night Out,24.56,2026-01-19 08:38:20
12861,Evening,24.26,2026-01-19 08:38:20
12861,Leisure,20.71,2026-01-19 08:38:20
12861,Daily,15.98,2026-01-19 08:38:20
12862,Leisure,26.72,2026-01-19 08:38:20
12862,Daily,25.0,2026-01-19 08:38:20
12862,Business,21.55,2026-01-19 08:38:20
12863,Leisure,33.33,2026-01-19 08:38:20
12863,Night Out,33.33,2026-01-19 08:38:20
12863,Evening,33.33,2026-01-19 08:38:20
12864,Leisure,22.5,2026-01-19 08:38:20
12864,Daily,20.36,2026-01-19 08:38:20
12864,Business,17.68,2026-01-19 08:38:20
12864,Evening,16.07,2026-01-19 08:38:20
12864,Night Out,15.0,2026-01-19 08:38:20
12868,Night Out,30.04,2026-01-19 08:38:20
12868,Evening,29.49,2026-01-19 08:38:20
12868,Leisure,17.66,2026-01-19 08:38:20
12869,Evening,29.81,2026-01-19 08:38:20
12869,Night Out,29.43,2026-01-19 08:38:20
12869,Leisure,18.11,2026-01-19 08:38:20
12870,Daily,27.08,2026-01-19 08:38:20
12870,Leisure,25.0,2026-01-19 08:38:20
12870,Business,19.79,2026-01-19 08:38:20
12872,Evening,32.48,2026-01-19 08:38:20
12872,Night Out,31.39,2026-01-19 08:38:20
12872,Leisure,17.34,2026-01-19 08:38:20
12873,Night Out,27.59,2026-01-19 08:38:20
12873,Evening,27.59,2026-01-19 08:38:20
12873,Leisure,20.31,2026-01-19 08:38:20
12874,Leisure,26.47,2026-01-19 08:38:20
12874,Daily,25.49,2026-01-19 08:38:20
12874,Business,22.55,2026-01-19 08:38:20
12876,Night Out,31.48,2026-01-19 08:38:20
12876,Evening,30.64,2026-01-19 08:38:20
12876,Leisure,16.33,2026-01-19 08:38:20
12879,Daily,28.12,2026-01-19 08:38:20
12879,Leisure,26.56,2026-01-19 08:38:20
12879,Night Out,17.19,2026-01-19 08:38:20
12884,Daily,22.01,2026-01-19 08:38:20
12884,Leisure,21.78,2026-01-19 08:38:20
12884,Business,20.14,2026-01-19 08:38:20
12884,Evening,18.74,2026-01-19 08:38:20
12884,Night Out,17.33,2026-01-19 08:38:20
12885,Leisure,27.27,2026-01-19 08:38:20
12885,Daily,22.73,2026-01-19 08:38:20
12885,Night Out,17.73,2026-01-19 08:38:20
12885,Evening,16.36,2026-01-19 08:38:20
12885,Business,15.91,2026-01-19 08:38:20
12886,Evening,26.25,2026-01-19 08:38:20
12886,Night Out,25.62,2026-01-19 08:38:20
12886,Leisure,18.75,2026-01-19 08:38:20
12886,Daily,18.12,2026-01-19 08:38:20
12888,Evening,33.45,2026-01-19 08:38:20
12888,Night Out,32.76,2026-01-19 08:38:20
12888,Leisure,15.08,2026-01-19 08:38:20
12890,Leisure,25.81,2026-01-19 08:38:20
12890,Night Out,24.19,2026-01-19 08:38:20
12890,Evening,22.04,2026-01-19 08:38:20
12890,Daily,17.74,2026-01-19 08:38:20
12892,Evening,30.71,2026-01-19 08:38:20
12892,Night Out,29.05,2026-01-19 08:38:20
12892,Leisure,18.26,2026-01-19 08:38:20
12893,Leisure,22.81,2026-01-19 08:38:20
12893,Daily,18.13,2026-01-19 08:38:20
12893,Night Out,18.13,2026-01-19 08:38:20
12893,Business,17.54,2026-01-19 08:38:20
12893,Evening,17.54,2026-01-19 08:38:20
12894,Evening,32.17,2026-01-19 08:38:20
12894,Night Out,27.83,2026-01-19 08:38:20
12894,Leisure,15.65,2026-01-19 08:38:20
12896,Evening,24.53,2026-01-19 08:38:20
12896,Night Out,22.66,2026-01-19 08:38:20
12896,Daily,19.42,2026-01-19 08:38:20
12896,Leisure,19.08,2026-01-19 08:38:20
12897,Evening,22.34,2026-01-19 08:38:20
12897,Leisure,21.83,2026-01-19 08:38:20
12897,Daily,21.32,2026-01-19 08:38:20
12897,Night Out,19.29,2026-01-19 08:38:20
12897,Business,15.23,2026-01-19 08:38:20
12898,Daily,50.0,2026-01-19 08:38:20
12898,Leisure,50.0,2026-01-19 08:38:20
12899,Leisure,23.08,2026-01-19 08:38:20
12899,Daily,21.03,2026-01-19 08:38:20
12899,Night Out,20.51,2026-01-19 08:38:20
12899,Evening,17.95,2026-01-19 08:38:20
12899,Business,17.44,2026-01-19 08:38:20
12900,Evening,39.83,2026-01-19 08:38:20
12900,Night Out,36.62,2026-01-19 08:38:20
12901,Leisure,23.39,2026-01-19 08:38:20
12901,Business,23.39,2026-01-19 08:38:20
12901,Daily,22.58,2026-01-19 08:38:20
12902,Daily,33.33,2026-01-19 08:38:20
12902,Leisure,33.33,2026-01-19 08:38:20
12902,Evening,33.33,2026-01-19 08:38:20
12903,Leisure,25.56,2026-01-19 08:38:20
12903,Evening,23.31,2026-01-19 08:38:20
12903,Daily,19.55,2026-01-19 08:38:20
12903,Night Out,16.54,2026-01-19 08:38:20
12903,Business,15.04,2026-01-19 08:38:20
12904,Evening,30.12,2026-01-19 08:38:20
12904,Night Out,29.82,2026-01-19 08:38:20
12904,Leisure,17.25,2026-01-19 08:38:20
12905,Evening,35.92,2026-01-19 08:38:20
12905,Night Out,33.98,2026-01-19 08:38:20
12905,Leisure,16.5,2026-01-19 08:38:20
12906,Daily,33.33,2026-01-19 08:38:20
12906,Sport,33.33,2026-01-19 08:38:20
12906,Leisure,33.33,2026-01-19 08:38:20
12907,Daily,26.7,2026-01-19 08:38:20
12907,Business,25.57,2026-01-19 08:38:20
12907,Leisure,25.0,2026-01-19 08:38:20
12908,Leisure,25.7,2026-01-19 08:38:20
12908,Daily,22.91,2026-01-19 08:38:20
12908,Night Out,19.27,2026-01-19 08:38:20
12908,Evening,17.34,2026-01-19 08:38:20
12909,Evening,37.62,2026-01-19 08:38:20
12909,Night Out,34.65,2026-01-19 08:38:20
12911,Evening,33.62,2026-01-19 08:38:20
12911,Night Out,30.17,2026-01-19 08:38:20
12911,Leisure,20.69,2026-01-19 08:38:20
12912,Leisure,25.45,2026-01-19 08:38:20
12912,Daily,25.19,2026-01-19 08:38:20
12912,Business,20.31,2026-01-19 08:38:20
12913,Evening,43.75,2026-01-19 08:38:20
12913,Night Out,40.97,2026-01-19 08:38:20
12913,Leisure,15.28,2026-01-19 08:38:20
12915,Leisure,22.4,2026-01-19 08:38:20
12915,Night Out,21.6,2026-01-19 08:38:20
12915,Daily,20.8,2026-01-19 08:38:20
12915,Evening,20.0,2026-01-19 08:38:20
12915,Business,15.2,2026-01-19 08:38:20
12918,Daily,50.0,2026-01-19 08:38:20
12918,Leisure,50.0,2026-01-19 08:38:20
12920,Evening,25.0,2026-01-19 08:38:20
12920,Night Out,24.04,2026-01-19 08:38:20
12920,Leisure,21.15,2026-01-19 08:38:20
12920,Daily,15.38,2026-01-19 08:38:20
12921,Daily,25.93,2026-01-19 08:38:20
12921,Leisure,25.51,2026-01-19 08:38:20
12921,Business,23.05,2026-01-19 08:38:20
12923,Evening,26.21,2026-01-19 08:38:20
12923,Leisure,24.27,2026-01-19 08:38:20
12923,Night Out,18.45,2026-01-19 08:38:20
12923,Daily,16.5,2026-01-19 08:38:20
12924,Daily,22.54,2026-01-19 08:38:20
12924,Leisure,20.34,2026-01-19 08:38:20
12924,Night Out,20.34,2026-01-19 08:38:20
12924,Business,19.15,2026-01-19 08:38:20
12924,Evening,17.63,2026-01-19 08:38:20
12925,Night Out,26.59,2026-01-19 08:38:20
12925,Evening,26.22,2026-01-19 08:38:20
12925,Leisure,17.6,2026-01-19 08:38:20
12927,Evening,34.29,2026-01-19 08:38:20
12927,Night Out,32.38,2026-01-19 08:38:20
12927,Leisure,20.95,2026-01-19 08:38:20
12928,Evening,29.79,2026-01-19 08:38:20
12928,Night Out,28.5,2026-01-19 08:38:20
12928,Leisure,17.62,2026-01-19 08:38:20
12929,Evening,26.55,2026-01-19 08:38:20
12929,Night Out,26.11,2026-01-19 08:38:20
12929,Leisure,18.58,2026-01-19 08:38:20
12929,Daily,16.81,2026-01-19 08:38:20
12930,Daily,20.0,2026-01-19 08:38:20
12930,Leisure,20.0,2026-01-19 08:38:20
12930,Night Out,20.0,2026-01-19 08:38:20
12930,Business,20.0,2026-01-19 08:38:20
12930,Evening,20.0,2026-01-19 08:38:20
12931,Daily,25.6,2026-01-19 08:38:20
12931,Leisure,25.0,2026-01-19 08:38:20
12931,Business,18.45,2026-01-19 08:38:20
12932,Business,22.5,2026-01-19 08:38:20
12932,Daily,21.59,2026-01-19 08:38:20
12932,Leisure,21.14,2026-01-19 08:38:20
12932,Night Out,17.95,2026-01-19 08:38:20
12932,Evening,16.82,2026-01-19 08:38:20
12933,Night Out,32.04,2026-01-19 08:38:20
12933,Evening,31.49,2026-01-19 08:38:20
12933,Leisure,17.13,2026-01-19 08:38:20
12934,Daily,50.0,2026-01-19 08:38:20
12934,Leisure,50.0,2026-01-19 08:38:20
12935,Daily,28.7,2026-01-19 08:38:20
12935,Leisure,25.0,2026-01-19 08:38:20
12935,Business,23.15,2026-01-19 08:38:20
12936,Leisure,22.71,2026-01-19 08:38:20
12936,Daily,20.68,2026-01-19 08:38:20
12936,Business,20.0,2026-01-19 08:38:20
12936,Evening,16.61,2026-01-19 08:38:20
12936,Night Out,15.59,2026-01-19 08:38:20
12937,Night Out,28.76,2026-01-19 08:38:20
12937,Evening,28.32,2026-01-19 08:38:20
12937,Leisure,20.35,2026-01-19 08:38:20
12939,Leisure,24.71,2026-01-19 08:38:20
12939,Evening,23.53,2026-01-19 08:38:20
12939,Daily,18.82,2026-01-19 08:38:20
12939,Night Out,16.47,2026-01-19 08:38:20
12939,Business,16.47,2026-01-19 08:38:20
12940,Night Out,27.41,2026-01-19 08:38:20
12940,Evening,26.67,2026-01-19 08:38:20
12940,Leisure,15.93,2026-01-19 08:38:20
12940,Business,15.56,2026-01-19 08:38:20
12941,Business,22.86,2026-01-19 08:38:20
12941,Daily,22.45,2026-01-19 08:38:20
12941,Leisure,21.22,2026-01-19 08:38:20
12941,Night Out,15.51,2026-01-19 08:38:20
12942,Daily,33.33,2026-01-19 08:38:20
12942,Leisure,33.33,2026-01-19 08:38:20
12942,Night Out,33.33,2026-01-19 08:38:20
12943,Evening,24.17,2026-01-19 08:38:20
12943,Leisure,23.33,2026-01-19 08:38:20
12943,Night Out,20.0,2026-01-19 08:38:20
12943,Daily,17.5,2026-01-19 08:38:20
12943,Business,15.0,2026-01-19 08:38:20
12944,Evening,23.57,2026-01-19 08:38:20
12944,Night Out,22.83,2026-01-19 08:38:20
12944,Leisure,18.86,2026-01-19 08:38:20
12944,Daily,18.61,2026-01-19 08:38:20
12944,Business,16.13,2026-01-19 08:38:20
12945,Evening,22.87,2026-01-19 08:38:20
12945,Night Out,21.08,2026-01-19 08:38:20
12945,Business,19.28,2026-01-19 08:38:20
12945,Daily,18.83,2026-01-19 08:38:20
12945,Leisure,17.94,2026-01-19 08:38:20
12947,Daily,24.55,2026-01-19 08:38:20
12947,Leisure,23.64,2026-01-19 08:38:20
12947,Business,21.82,2026-01-19 08:38:20
12948,Leisure,24.13,2026-01-19 08:38:20
12948,Daily,23.08,2026-01-19 08:38:20
12948,Business,19.58,2026-01-19 08:38:20
12949,Leisure,20.75,2026-01-19 08:38:20
12949,Daily,19.81,2026-01-19 08:38:20
12949,Business,19.81,2026-01-19 08:38:20
12949,Sport,15.09,2026-01-19 08:38:20
12951,Leisure,27.59,2026-01-19 08:38:20
12951,Daily,21.84,2026-01-19 08:38:20
12951,Business,19.54,2026-01-19 08:38:20
12952,Daily,22.1,2026-01-19 08:38:20
12952,Leisure,20.72,2026-01-19 08:38:20
12952,Business,19.61,2026-01-19 08:38:20
12952,Night Out,18.78,2026-01-19 08:38:20
12952,Evening,18.78,2026-01-19 08:38:20
12953,Night Out,21.32,2026-01-19 08:38:20
12953,Leisure,19.29,2026-01-19 08:38:20
12953,Daily,18.78,2026-01-19 08:38:20
12953,Evening,18.78,2026-01-19 08:38:20
12953,Business,17.77,2026-01-19 08:38:20
12955,Leisure,23.29,2026-01-19 08:38:20
12955,Evening,20.55,2026-01-19 08:38:20
12955,Daily,17.81,2026-01-19 08:38:20
12955,Night Out,17.81,2026-01-19 08:38:20
12955,Business,16.44,2026-01-19 08:38:20
12956,Daily,27.38,2026-01-19 08:38:20
12956,Leisure,24.89,2026-01-19 08:38:20
12956,Business,18.78,2026-01-19 08:38:20
12957,Evening,25.5,2026-01-19 08:38:20
12957,Night Out,22.71,2026-01-19 08:38:20
12957,Daily,17.53,2026-01-19 08:38:20
12957,Leisure,17.13,2026-01-19 08:38:20
12957,Business,17.13,2026-01-19 08:38:20
12958,Daily,50.0,2026-01-19 08:38:20
12958,Leisure,50.0,2026-01-19 08:38:20
12959,Leisure,23.08,2026-01-19 08:38:20
12959,Daily,20.88,2026-01-19 08:38:20
12959,Business,18.68,2026-01-19 08:38:20
12959,Evening,18.68,2026-01-19 08:38:20
12960,Evening,28.13,2026-01-19 08:38:20
12960,Night Out,27.62,2026-01-19 08:38:20
12960,Leisure,17.9,2026-01-19 08:38:20
12962,Night Out,32.0,2026-01-19 08:38:20
12962,Evening,32.0,2026-01-19 08:38:20
12962,Leisure,20.0,2026-01-19 08:38:20
12963,Leisure,27.5,2026-01-19 08:38:20
12963,Daily,24.17,2026-01-19 08:38:20
12963,Business,21.67,2026-01-19 08:38:20
12964,Evening,36.36,2026-01-19 08:38:20
12964,Night Out,27.27,2026-01-19 08:38:20
12964,Leisure,18.18,2026-01-19 08:38:20
12966,Evening,31.88,2026-01-19 08:38:20
12966,Night Out,31.4,2026-01-19 08:38:20
12966,Leisure,19.32,2026-01-19 08:38:20
12967,Leisure,28.26,2026-01-19 08:38:20
12967,Daily,22.83,2026-01-19 08:38:20
12967,Night Out,16.3,2026-01-19 08:38:20
12967,Business,16.3,2026-01-19 08:38:20
12967,Evening,16.3,2026-01-19 08:38:20
12968,Leisure,24.14,2026-01-19 08:38:20
12968,Daily,20.69,2026-01-19 08:38:20
12968,Evening,20.69,2026-01-19 08:38:20
12968,Night Out,17.24,2026-01-19 08:38:20
12968,Business,17.24,2026-01-19 08:38:20
12970,Evening,27.78,2026-01-19 08:38:20
12970,Night Out,25.31,2026-01-19 08:38:20
12970,Leisure,21.6,2026-01-19 08:38:20
12971,Daily,27.42,2026-01-19 08:38:20
12971,Business,25.0,2026-01-19 08:38:20
12971,Leisure,23.39,2026-01-19 08:38:20
12972,Leisure,29.41,2026-01-19 08:38:20
12972,Night Out,29.41,2026-01-19 08:38:20
12972,Evening,29.41,2026-01-19 08:38:20
12974,Daily,25.52,2026-01-19 08:38:20
12974,Leisure,23.45,2026-01-19 08:38:20
12974,Business,22.76,2026-01-19 08:38:20
12975,Leisure,28.09,2026-01-19 08:38:20
12975,Daily,24.72,2026-01-19 08:38:20
12976,Evening,40.0,2026-01-19 08:38:20
12976,Night Out,33.33,2026-01-19 08:38:20
12976,Leisure,26.67,2026-01-19 08:38:20
12978,Evening,31.78,2026-01-19 08:38:20
12978,Night Out,29.46,2026-01-19 08:38:20
12978,Leisure,23.26,2026-01-19 08:38:20
12979,Leisure,33.33,2026-01-19 08:38:20
12979,Night Out,33.33,2026-01-19 08:38:20
12979,Evening,33.33,2026-01-19 08:38:20
12980,Leisure,27.78,2026-01-19 08:38:20
12980,Business,23.61,2026-01-19 08:38:20
12980,Daily,19.44,2026-01-19 08:38:20
12980,Sport,18.06,2026-01-19 08:38:20
12982,Evening,22.28,2026-01-19 08:38:20
12982,Night Out,21.74,2026-01-19 08:38:20
12982,Leisure,21.2,2026-01-19 08:38:20
12982,Business,17.93,2026-01-19 08:38:20
12982,Daily,16.85,2026-01-19 08:38:20
12983,Night Out,33.33,2026-01-19 08:38:20
12983,Evening,33.33,2026-01-19 08:38:20
12983,Leisure,22.22,2026-01-19 08:38:20
12984,Daily,21.26,2026-01-19 08:38:20
12984,Leisure,19.69,2026-01-19 08:38:20
12984,Business,18.9,2026-01-19 08:38:20
12984,Night Out,18.11,2026-01-19 08:38:20
12984,Evening,15.75,2026-01-19 08:38:20
12986,Night Out,36.89,2026-01-19 08:38:20
12986,Evening,34.95,2026-01-19 08:38:20
12986,Leisure,15.53,2026-01-19 08:38:20
12987,Daily,25.0,2026-01-19 08:38:20
12987,Night Out,25.0,2026-01-19 08:38:20
12987,Evening,25.0,2026-01-19 08:38:20
12987,Leisure,16.67,2026-01-19 08:38:20
12988,Daily,21.88,2026-01-19 08:38:20
12988,Business,21.88,2026-01-19 08:38:20
12988,Leisure,18.75,2026-01-19 08:38:20
12988,Evening,17.71,2026-01-19 08:38:20
12988,Night Out,15.62,2026-01-19 08:38:20
12989,Daily,25.0,2026-01-19 08:38:20
12989,Leisure,25.0,2026-01-19 08:38:20
12989,Night Out,25.0,2026-01-19 08:38:20
12989,Evening,25.0,2026-01-19 08:38:20
12990,Night Out,34.15,2026-01-19 08:38:20
12990,Evening,32.93,2026-01-19 08:38:20
12990,Leisure,17.07,2026-01-19 08:38:20
12991,Leisure,28.57,2026-01-19 08:38:20
12991,Night Out,28.57,2026-01-19 08:38:20
12992,Night Out,22.22,2026-01-19 08:38:20
12992,Leisure,20.83,2026-01-19 08:38:20
12992,Business,20.83,2026-01-19 08:38:20
12992,Evening,19.44,2026-01-19 08:38:20
12992,Daily,16.67,2026-01-19 08:38:20
12994,Leisure,24.14,2026-01-19 08:38:20
12994,Daily,22.41,2026-01-19 08:38:20
12994,Night Out,19.83,2026-01-19 08:38:20
12995,Night Out,38.46,2026-01-19 08:38:20
12995,Evening,38.46,2026-01-19 08:38:20
12995,Business,15.38,2026-01-19 08:38:20
12996,Business,26.09,2026-01-19 08:38:20
12996,Daily,23.19,2026-01-19 08:38:20
12996,Night Out,17.39,2026-01-19 08:38:20
12998,Evening,26.27,2026-01-19 08:38:20
12998,Night Out,24.58,2026-01-19 08:38:20
12998,Leisure,22.03,2026-01-19 08:38:20
12998,Daily,16.1,2026-01-19 08:38:20
13001,Daily,23.96,2026-01-19 08:38:20
13001,Leisure,21.88,2026-01-19 08:38:20
13001,Business,19.79,2026-01-19 08:38:20
13001,Night Out,17.71,2026-01-19 08:38:20
13001,Evening,16.67,2026-01-19 08:38:20
13002,Evening,31.2,2026-01-19 08:38:20
13002,Night Out,27.2,2026-01-19 08:38:20
13002,Leisure,18.4,2026-01-19 08:38:20
13004,Leisure,22.58,2026-01-19 08:38:20
13004,Business,22.58,2026-01-19 08:38:20
13004,Daily,16.13,2026-01-19 08:38:20
13005,Daily,22.73,2026-01-19 08:38:20
13005,Leisure,22.73,2026-01-19 08:38:20
13005,Evening,22.73,2026-01-19 08:38:20
13005,Business,18.18,2026-01-19 08:38:20
13006,Evening,26.58,2026-01-19 08:38:20
13006,Night Out,25.32,2026-01-19 08:38:20
13006,Leisure,17.72,2026-01-19 08:38:20
13006,Business,15.82,2026-01-19 08:38:20
13008,Daily,31.48,2026-01-19 08:38:20
13008,Leisure,27.78,2026-01-19 08:38:20
13008,Business,27.78,2026-01-19 08:38:20
13009,Leisure,40.0,2026-01-19 08:38:20
13009,Evening,40.0,2026-01-19 08:38:20
13009,Night Out,20.0,2026-01-19 08:38:20
13010,Evening,24.18,2026-01-19 08:38:20
13010,Night Out,22.22,2026-01-19 08:38:20
13010,Daily,20.26,2026-01-19 08:38:20
13010,Leisure,17.65,2026-01-19 08:38:20
13010,Business,15.69,2026-01-19 08:38:20
13011,Daily,33.33,2026-01-19 08:38:20
13011,Sport,33.33,2026-01-19 08:38:20
13011,Leisure,33.33,2026-01-19 08:38:20
13012,Night Out,24.19,2026-01-19 08:38:20
13012,Evening,24.19,2026-01-19 08:38:20
13012,Leisure,22.58,2026-01-19 08:38:20
13013,Night Out,44.44,2026-01-19 08:38:20
13013,Evening,33.33,2026-01-19 08:38:20
13013,Business,22.22,2026-01-19 08:38:20
13014,Leisure,22.4,2026-01-19 08:38:20
13014,Night Out,20.77,2026-01-19 08:38:20
13014,Daily,19.67,2026-01-19 08:38:20
13014,Business,18.58,2026-01-19 08:38:20
13014,Evening,18.58,2026-01-19 08:38:20
13016,Night Out,36.36,2026-01-19 08:38:20
13016,Evening,36.36,2026-01-19 08:38:20
13017,Leisure,25.93,2026-01-19 08:38:20
13017,Daily,22.22,2026-01-19 08:38:20
13017,Business,22.22,2026-01-19 08:38:20
13018,Evening,31.48,2026-01-19 08:38:20
13018,Night Out,30.56,2026-01-19 08:38:20
13018,Leisure,22.22,2026-01-19 08:38:20
13020,Night Out,33.33,2026-01-19 08:38:20
13020,Evening,33.33,2026-01-19 08:38:20
13020,Daily,16.67,2026-01-19 08:38:20
13020,Leisure,16.67,2026-01-19 08:38:20
13021,Leisure,34.04,2026-01-19 08:38:20
13021,Night Out,21.28,2026-01-19 08:38:20
13021,Daily,17.02,2026-01-19 08:38:20
13022,Evening,36.62,2026-01-19 08:38:20
13022,Night Out,30.99,2026-01-19 08:38:20
13022,Leisure,19.72,2026-01-19 08:38:20
13024,Evening,24.32,2026-01-19 08:38:20
13024,Daily,18.92,2026-01-19 08:38:20
13024,Night Out,18.92,2026-01-19 08:38:20
13024,Leisure,16.22,2026-01-19 08:38:20
13025,Night Out,50.0,2026-01-19 08:38:20
13025,Evening,50.0,2026-01-19 08:38:20
13026,Night Out,29.32,2026-01-19 08:38:20
13026,Evening,29.32,2026-01-19 08:38:20
13026,Leisure,16.54,2026-01-19 08:38:20
13028,Daily,31.51,2026-01-19 08:38:20
13028,Leisure,27.4,2026-01-19 08:38:20
13028,Business,24.66,2026-01-19 08:38:20
13029,Evening,66.67,2026-01-19 08:38:20
13029,Night Out,33.33,2026-01-19 08:38:20
13030,Leisure,22.22,2026-01-19 08:38:20
13030,Daily,20.51,2026-01-19 08:38:20
13030,Night Out,17.09,2026-01-19 08:38:20
13030,Business,17.09,2026-01-19 08:38:20
13032,Daily,24.62,2026-01-19 08:38:20
13032,Leisure,21.54,2026-01-19 08:38:20
13032,Business,21.54,2026-01-19 08:38:20
13032,Night Out,16.92,2026-01-19 08:38:20
13032,Evening,15.38,2026-01-19 08:38:20
13034,Leisure,21.36,2026-01-19 08:38:20
13034,Night Out,20.39,2026-01-19 08:38:20
13034,Daily,19.42,2026-01-19 08:38:20
13034,Business,19.42,2026-01-19 08:38:20
13034,Evening,19.42,2026-01-19 08:38:20
13036,Night Out,23.73,2026-01-19 08:38:20
13036,Evening,22.03,2026-01-19 08:38:20
13036,Daily,18.64,2026-01-19 08:38:20
13036,Business,18.64,2026-01-19 08:38:20
13036,Leisure,16.95,2026-01-19 08:38:20
13038,Leisure,23.36,2026-01-19 08:38:20
13038,Daily,20.44,2026-01-19 08:38:20
13038,Business,19.71,2026-01-19 08:38:20
13040,Evening,35.59,2026-01-19 08:38:20
13040,Night Out,30.51,2026-01-19 08:38:20
13040,Leisure,15.25,2026-01-19 08:38:20
13042,Leisure,22.54,2026-01-19 08:38:20
13042,Night Out,21.97,2026-01-19 08:38:20
13042,Evening,21.97,2026-01-19 08:38:20
13042,Daily,16.76,2026-01-19 08:38:20
13042,Business,16.76,2026-01-19 08:38:20
13044,Daily,27.27,2026-01-19 08:38:20
13044,Sport,23.64,2026-01-19 08:38:20
13044,Leisure,21.82,2026-01-19 08:38:20
13044,Business,20.0,2026-01-19 08:38:20
13045,Daily,23.14,2026-01-19 08:38:20
13045,Business,22.86,2026-01-19 08:38:20
13045,Leisure,22.57,2026-01-19 08:38:20
13045,Evening,16.57,2026-01-19 08:38:20
13046,Night Out,25.19,2026-01-19 08:38:20
13046,Leisure,19.85,2026-01-19 08:38:20
13046,Business,19.85,2026-01-19 08:38:20
13046,Evening,19.85,2026-01-19 08:38:20
13046,Daily,15.27,2026-01-19 08:38:20
13047,Daily,50.0,2026-01-19 08:38:20
13047,Leisure,50.0,2026-01-19 08:38:20
13048,Evening,25.0,2026-01-19 08:38:20
13048,Night Out,23.21,2026-01-19 08:38:20
13048,Leisure,21.43,2026-01-19 08:38:20
13048,Daily,16.07,2026-01-19 08:38:20
13050,Evening,30.91,2026-01-19 08:38:20
13050,Night Out,29.09,2026-01-19 08:38:20
13050,Leisure,22.73,2026-01-19 08:38:20
13052,Daily,31.25,2026-01-19 08:38:20
13052,Leisure,29.17,2026-01-19 08:38:20
13052,Business,22.92,2026-01-19 08:38:20
13053,Leisure,25.2,2026-01-19 08:38:20
13053,Daily,20.87,2026-01-19 08:38:20
13053,Business,18.9,2026-01-19 08:38:20
13054,Evening,24.22,2026-01-19 08:38:20
13054,Night Out,23.44,2026-01-19 08:38:20
13054,Business,19.53,2026-01-19 08:38:20
13054,Daily,16.41,2026-01-19 08:38:20
13054,Leisure,16.41,2026-01-19 08:38:20
13056,Leisure,28.07,2026-01-19 08:38:20
13056,Business,28.07,2026-01-19 08:38:20
13056,Daily,26.32,2026-01-19 08:38:20
13056,Sport,17.54,2026-01-19 08:38:20
13057,Evening,36.06,2026-01-19 08:38:20
13057,Night Out,34.94,2026-01-19 08:38:20
13058,Leisure,22.4,2026-01-19 08:38:20
13058,Daily,20.77,2026-01-19 08:38:20
13058,Business,20.22,2026-01-19 08:38:20
13058,Evening,18.58,2026-01-19 08:38:20
13058,Night Out,18.03,2026-01-19 08:38:20
13060,Leisure,34.48,2026-01-19 08:38:20
13060,Daily,20.69,2026-01-19 08:38:20
13060,Business,17.24,2026-01-19 08:38:20
13061,Night Out,30.67,2026-01-19 08:38:20
13061,Evening,29.33,2026-01-19 08:38:20
13061,Leisure,19.67,2026-01-19 08:38:20
13062,Evening,24.29,2026-01-19 08:38:20
13062,Night Out,20.71,2026-01-19 08:38:20
13062,Daily,19.29,2026-01-19 08:38:20
13062,Leisure,18.57,2026-01-19 08:38:20
13062,Business,17.14,2026-01-19 08:38:20
13064,Daily,24.32,2026-01-19 08:38:20
13064,Leisure,24.32,2026-01-19 08:38:20
13064,Business,21.62,2026-01-19 08:38:20
13064,Evening,18.92,2026-01-19 08:38:20
13065,Leisure,21.12,2026-01-19 08:38:20
13065,Daily,19.25,2026-01-19 08:38:20
13065,Business,18.63,2026-01-19 08:38:20
13065,Evening,18.63,2026-01-19 08:38:20
13066,Leisure,26.0,2026-01-19 08:38:20
13066,Daily,25.0,2026-01-19 08:38:20
13066,Business,19.0,2026-01-19 08:38:20
13066,Evening,16.0,2026-01-19 08:38:20
13068,Leisure,27.87,2026-01-19 08:38:20
13068,Daily,24.59,2026-01-19 08:38:20
13068,Business,22.95,2026-01-19 08:38:20
13069,Daily,25.71,2026-01-19 08:38:20
13069,Leisure,24.58,2026-01-19 08:38:20
13069,Business,24.01,2026-01-19 08:38:20
13071,Night Out,27.78,2026-01-19 08:38:20
13071,Evening,25.56,2026-01-19 08:38:20
13071,Leisure,17.78,2026-01-19 08:38:20
13071,Daily,15.56,2026-01-19 08:38:20
13072,Daily,35.14,2026-01-19 08:38:20
13072,Business,24.32,2026-01-19 08:38:20
13072,Leisure,21.62,2026-01-19 08:38:20
13073,Evening,26.37,2026-01-19 08:38:20
13073,Night Out,25.0,2026-01-19 08:38:20
13073,Leisure,18.84,2026-01-19 08:38:20
13073,Business,15.41,2026-01-19 08:38:20
13075,Leisure,26.42,2026-01-19 08:38:20
13075,Business,26.42,2026-01-19 08:38:20
13075,Daily,24.53,2026-01-19 08:38:20
13076,Evening,33.33,2026-01-19 08:38:20
13076,Night Out,29.29,2026-01-19 08:38:20
13076,Leisure,17.17,2026-01-19 08:38:20
13077,Night Out,26.56,2026-01-19 08:38:20
13077,Evening,25.57,2026-01-19 08:38:20
13077,Leisure,18.69,2026-01-19 08:38:20
13077,Daily,17.38,2026-01-19 08:38:20
13079,Daily,36.84,2026-01-19 08:38:20
13079,Leisure,31.58,2026-01-19 08:38:20
13079,Sport,15.79,2026-01-19 08:38:20
13079,Business,15.79,2026-01-19 08:38:20
13080,Evening,26.56,2026-01-19 08:38:20
13080,Night Out,24.22,2026-01-19 08:38:20
13080,Leisure,19.53,2026-01-19 08:38:20
13080,Business,15.62,2026-01-19 08:38:20
13081,Evening,25.27,2026-01-19 08:38:20
13081,Night Out,24.55,2026-01-19 08:38:20
13081,Leisure,20.22,2026-01-19 08:38:20
13081,Business,15.88,2026-01-19 08:38:20
13083,Leisure,29.27,2026-01-19 08:38:20
13083,Business,26.83,2026-01-19 08:38:20
13083,Daily,24.39,2026-01-19 08:38:20
13084,Evening,26.53,2026-01-19 08:38:20
13084,Night Out,25.51,2026-01-19 08:38:20
13084,Leisure,23.47,2026-01-19 08:38:20
13086,Evening,23.41,2026-01-19 08:38:20
13086,Leisure,21.95,2026-01-19 08:38:20
13086,Night Out,20.0,2026-01-19 08:38:20
13086,Daily,18.05,2026-01-19 08:38:20
13086,Business,16.59,2026-01-19 08:38:20
13087,Night Out,25.53,2026-01-19 08:38:20
13087,Leisure,23.4,2026-01-19 08:38:20
13087,Daily,19.15,2026-01-19 08:38:20
13087,Evening,19.15,2026-01-19 08:38:20
13088,Evening,25.38,2026-01-19 08:38:20
13088,Night Out,24.62,2026-01-19 08:38:20
13088,Leisure,20.77,2026-01-19 08:38:20
13088,Daily,16.92,2026-01-19 08:38:20
13089,Business,20.92,2026-01-19 08:38:20
13089,Daily,20.59,2026-01-19 08:38:20
13089,Leisure,19.93,2026-01-19 08:38:20
13089,Evening,19.61,2026-01-19 08:38:20
13089,Night Out,18.95,2026-01-19 08:38:20
13090,Daily,33.33,2026-01-19 08:38:20
13090,Sport,33.33,2026-01-19 08:38:20
13090,Leisure,33.33,2026-01-19 08:38:20
13091,Daily,26.15,2026-01-19 08:38:20
13091,Business,26.15,2026-01-19 08:38:20
13091,Leisure,21.54,2026-01-19 08:38:20
13092,Evening,23.38,2026-01-19 08:38:20
13092,Leisure,22.73,2026-01-19 08:38:20
13092,Night Out,22.08,2026-01-19 08:38:20
13092,Business,16.23,2026-01-19 08:38:20
13092,Daily,15.58,2026-01-19 08:38:20
13093,Daily,23.57,2026-01-19 08:38:20
13093,Leisure,21.67,2026-01-19 08:38:20
13093,Business,21.67,2026-01-19 08:38:20
13093,Night Out,17.11,2026-01-19 08:38:20
13093,Evening,15.97,2026-01-19 08:38:20
13095,Evening,32.89,2026-01-19 08:38:20
13095,Night Out,28.95,2026-01-19 08:38:20
13095,Leisure,21.05,2026-01-19 08:38:20
13096,Daily,24.14,2026-01-19 08:38:20
13096,Leisure,24.14,2026-01-19 08:38:20
13096,Sport,17.24,2026-01-19 08:38:20
13096,Business,17.24,2026-01-19 08:38:20
13097,Evening,29.2,2026-01-19 08:38:20
13097,Night Out,28.32,2026-01-19 08:38:20
13097,Leisure,19.47,2026-01-19 08:38:20
13097,Daily,15.04,2026-01-19 08:38:20
13099,Night Out,26.83,2026-01-19 08:38:20
13099,Evening,24.39,2026-01-19 08:38:20
13099,Leisure,19.51,2026-01-19 08:38:20
13099,Daily,17.07,2026-01-19 08:38:20
13100,Leisure,24.71,2026-01-19 08:38:20
13100,Evening,22.35,2026-01-19 08:38:20
13100,Night Out,21.18,2026-01-19 08:38:20
13100,Business,17.65,2026-01-19 08:38:20
13103,Leisure,24.49,2026-01-19 08:38:20
13103,Night Out,24.49,2026-01-19 08:38:20
13103,Evening,20.41,2026-01-19 08:38:20
13103,Daily,16.33,2026-01-19 08:38:20
13104,Evening,30.61,2026-01-19 08:38:20
13104,Night Out,27.55,2026-01-19 08:38:20
13104,Leisure,24.49,2026-01-19 08:38:20
13106,Evening,46.15,2026-01-19 08:38:20
13106,Night Out,38.46,2026-01-19 08:38:20
13106,Leisure,15.38,2026-01-19 08:38:20
13107,Business,22.31,2026-01-19 08:38:20
13107,Daily,21.49,2026-01-19 08:38:20
13107,Leisure,21.49,2026-01-19 08:38:20
13107,Night Out,15.7,2026-01-19 08:38:20
13108,Daily,24.74,2026-01-19 08:38:20
13108,Business,24.05,2026-01-19 08:38:20
13108,Leisure,23.02,2026-01-19 08:38:20
13110,Night Out,24.0,2026-01-19 08:38:20
13110,Evening,23.33,2026-01-19 08:38:20
13110,Daily,18.67,2026-01-19 08:38:20
13110,Business,18.0,2026-01-19 08:38:20
13110,Leisure,16.0,2026-01-19 08:38:20
13111,Daily,27.59,2026-01-19 08:38:20
13111,Leisure,27.59,2026-01-19 08:38:20
13111,Business,20.69,2026-01-19 08:38:20
13111,Sport,17.24,2026-01-19 08:38:20
13115,Evening,31.25,2026-01-19 08:38:20
13115,Night Out,28.12,2026-01-19 08:38:20
13115,Daily,15.62,2026-01-19 08:38:20
13115,Leisure,15.62,2026-01-19 08:38:20
13117,Leisure,24.11,2026-01-19 08:38:20
13117,Evening,18.3,2026-01-19 08:38:20
13117,Daily,16.52,2026-01-19 08:38:20
13117,Night Out,15.62,2026-01-19 08:38:20
13117,Business,15.62,2026-01-19 08:38:20
13118,Night Out,29.52,2026-01-19 08:38:20
13118,Evening,29.52,2026-01-19 08:38:20
13118,Leisure,20.95,2026-01-19 08:38:20
13119,Leisure,27.78,2026-01-19 08:38:20
13119,Business,24.44,2026-01-19 08:38:20
13119,Daily,23.33,2026-01-19 08:38:20
13121,Daily,25.0,2026-01-19 08:38:20
13121,Business,24.53,2026-01-19 08:38:20
13121,Leisure,23.11,2026-01-19 08:38:20
13122,Leisure,26.83,2026-01-19 08:38:20
13122,Daily,19.51,2026-01-19 08:38:20
13122,Night Out,19.51,2026-01-19 08:38:20
13122,Evening,19.51,2026-01-19 08:38:20
13123,Daily,22.64,2026-01-19 08:38:20
13123,Leisure,22.64,2026-01-19 08:38:20
13123,Business,17.92,2026-01-19 08:38:20
13123,Evening,16.04,2026-01-19 08:38:20
13125,Evening,32.63,2026-01-19 08:38:20
13125,Night Out,31.36,2026-01-19 08:38:20
13125,Leisure,17.8,2026-01-19 08:38:20
13126,Evening,27.27,2026-01-19 08:38:20
13126,Night Out,26.36,2026-01-19 08:38:20
13126,Leisure,18.18,2026-01-19 08:38:20
13126,Daily,15.45,2026-01-19 08:38:20
13127,Night Out,30.43,2026-01-19 08:38:20
13127,Evening,30.43,2026-01-19 08:38:20
13127,Leisure,15.22,2026-01-19 08:38:20
13129,Night Out,50.0,2026-01-19 08:38:20
13129,Evening,50.0,2026-01-19 08:38:20
13130,Night Out,30.93,2026-01-19 08:38:20
13130,Evening,25.77,2026-01-19 08:38:20
13130,Leisure,18.56,2026-01-19 08:38:20
13131,Leisure,22.22,2026-01-19 08:38:20
13131,Night Out,21.11,2026-01-19 08:38:20
13131,Evening,20.0,2026-01-19 08:38:20
13131,Business,18.89,2026-01-19 08:38:20
13131,Daily,17.78,2026-01-19 08:38:20
13134,Daily,28.99,2026-01-19 08:38:20
13134,Leisure,27.54,2026-01-19 08:38:20
13134,Business,21.74,2026-01-19 08:38:20
13135,Night Out,24.72,2026-01-19 08:38:20
13135,Evening,23.6,2026-01-19 08:38:20
13135,Daily,17.98,2026-01-19 08:38:20
13135,Leisure,17.98,2026-01-19 08:38:20
13135,Business,15.73,2026-01-19 08:38:20
13136,Daily,20.0,2026-01-19 08:38:20
13136,Leisure,20.0,2026-01-19 08:38:20
13136,Night Out,20.0,2026-01-19 08:38:20
13136,Business,20.0,2026-01-19 08:38:20
13136,Evening,20.0,2026-01-19 08:38:20
13138,Night Out,27.14,2026-01-19 08:38:20
13138,Evening,27.14,2026-01-19 08:38:20
13138,Daily,17.14,2026-01-19 08:38:20
13139,Night Out,26.73,2026-01-19 08:38:20
13139,Evening,26.73,2026-01-19 08:38:20
13139,Leisure,19.8,2026-01-19 08:38:20
13142,Night Out,38.64,2026-01-19 08:38:20
13142,Evening,31.82,2026-01-19 08:38:20
13142,Leisure,15.91,2026-01-19 08:38:20
13143,Night Out,28.36,2026-01-19 08:38:20
13143,Evening,26.87,2026-01-19 08:38:20
13143,Leisure,20.9,2026-01-19 08:38:20
13144,Night Out,50.0,2026-01-19 08:38:20
13144,Evening,50.0,2026-01-19 08:38:20
13146,Evening,38.46,2026-01-19 08:38:20
13146,Night Out,34.62,2026-01-19 08:38:20
13146,Leisure,15.38,2026-01-19 08:38:20
13148,Daily,50.0,2026-01-19 08:38:20
13148,Leisure,50.0,2026-01-19 08:38:20
13150,Leisure,28.57,2026-01-19 08:38:20
13150,Daily,25.71,2026-01-19 08:38:20
13150,Business,20.0,2026-01-19 08:38:20
13151,Night Out,35.62,2026-01-19 08:38:20
13151,Evening,35.62,2026-01-19 08:38:20
13151,Leisure,17.81,2026-01-19 08:38:20
13154,Leisure,30.56,2026-01-19 08:38:20
13154,Business,19.44,2026-01-19 08:38:20
13154,Daily,16.67,2026-01-19 08:38:20
13154,Night Out,16.67,2026-01-19 08:38:20
13154,Evening,16.67,2026-01-19 08:38:20
13155,Evening,29.6,2026-01-19 08:38:20
13155,Night Out,26.4,2026-01-19 08:38:20
13155,Leisure,20.0,2026-01-19 08:38:20
13158,Night Out,27.0,2026-01-19 08:38:20
13158,Evening,27.0,2026-01-19 08:38:20
13158,Leisure,22.0,2026-01-19 08:38:20
13159,Leisure,23.81,2026-01-19 08:38:20
13159,Night Out,22.22,2026-01-19 08:38:20
13159,Evening,20.63,2026-01-19 08:38:20
13159,Daily,19.05,2026-01-19 08:38:20
13161,Leisure,33.33,2026-01-19 08:38:20
13161,Night Out,33.33,2026-01-19 08:38:20
13161,Evening,33.33,2026-01-19 08:38:20
13162,Evening,34.12,2026-01-19 08:38:20
13162,Night Out,29.41,2026-01-19 08:38:20
13162,Leisure,20.0,2026-01-19 08:38:20
13163,Evening,31.91,2026-01-19 08:38:20
13163,Night Out,25.53,2026-01-19 08:38:20
13163,Leisure,19.15,2026-01-19 08:38:20
13166,Evening,37.35,2026-01-19 08:38:20
13166,Night Out,34.94,2026-01-19 08:38:20
13167,Leisure,25.0,2026-01-19 08:38:20
13167,Evening,25.0,2026-01-19 08:38:20
13167,Daily,20.83,2026-01-19 08:38:20
13167,Business,16.67,2026-01-19 08:38:20
13170,Night Out,35.59,2026-01-19 08:38:20
13170,Evening,35.59,2026-01-19 08:38:20
13170,Leisure,23.73,2026-01-19 08:38:20
13172,Leisure,22.86,2026-01-19 08:38:20
13172,Night Out,22.86,2026-01-19 08:38:20
13172,Evening,20.0,2026-01-19 08:38:20
13172,Daily,17.14,2026-01-19 08:38:20
13172,Business,17.14,2026-01-19 08:38:20
13176,Evening,66.67,2026-01-19 08:38:20
13176,Leisure,16.67,2026-01-19 08:38:20
13176,Night Out,16.67,2026-01-19 08:38:20
13178,Night Out,24.74,2026-01-19 08:38:20
13178,Evening,22.68,2026-01-19 08:38:20
13178,Daily,17.53,2026-01-19 08:38:20
13178,Leisure,17.53,2026-01-19 08:38:20
13178,Business,17.53,2026-01-19 08:38:20
13180,Leisure,29.17,2026-01-19 08:38:20
13180,Daily,25.0,2026-01-19 08:38:20
13180,Business,16.67,2026-01-19 08:38:20
13181,Daily,25.0,2026-01-19 08:38:20
13181,Sport,25.0,2026-01-19 08:38:20
13181,Leisure,25.0,2026-01-19 08:38:20
13181,Business,25.0,2026-01-19 08:38:20
13184,Leisure,27.59,2026-01-19 08:38:20
13184,Daily,24.14,2026-01-19 08:38:20
13184,Business,20.69,2026-01-19 08:38:20
13188,Daily,38.89,2026-01-19 08:38:20
13188,Business,27.78,2026-01-19 08:38:20
13191,Night Out,29.33,2026-01-19 08:38:20
13191,Evening,28.0,2026-01-19 08:38:20
13191,Leisure,24.0,2026-01-19 08:38:20
13192,Evening,46.15,2026-01-19 08:38:20
13192,Night Out,38.46,2026-01-19 08:38:20
13192,Leisure,15.38,2026-01-19 08:38:20
13193,Night Out,50.0,2026-01-19 08:38:20
13193,Evening,50.0,2026-01-19 08:38:20
13195,Night Out,24.36,2026-01-19 08:38:20
13195,Leisure,20.51,2026-01-19 08:38:20
13195,Evening,20.51,2026-01-19 08:38:20
13195,Daily,17.95,2026-01-19 08:38:20
13195,Business,16.67,2026-01-19 08:38:20
13196,Leisure,42.86,2026-01-19 08:38:20
13196,Night Out,42.86,2026-01-19 08:38:20
13199,Evening,26.47,2026-01-19 08:38:20
13199,Night Out,22.06,2026-01-19 08:38:20
13199,Leisure,20.59,2026-01-19 08:38:20
13199,Business,17.65,2026-01-19 08:38:20
13200,Daily,25.0,2026-01-19 08:38:20
13200,Leisure,25.0,2026-01-19 08:38:20
13200,Business,25.0,2026-01-19 08:38:20
13203,Leisure,23.53,2026-01-19 08:38:20
13203,Night Out,23.53,2026-01-19 08:38:20
13203,Evening,23.53,2026-01-19 08:38:20
13203,Business,16.18,2026-01-19 08:38:20
13207,Evening,24.3,2026-01-19 08:38:20
13207,Leisure,22.43,2026-01-19 08:38:20
13207,Night Out,22.43,2026-01-19 08:38:20
13207,Business,15.89,2026-01-19 08:38:20
13208,Business,33.33,2026-01-19 08:38:20
13208,Daily,25.0,2026-01-19 08:38:20
13208,Leisure,25.0,2026-01-19 08:38:20
13210,Daily,23.86,2026-01-19 08:38:20
13210,Business,22.73,2026-01-19 08:38:20
13210,Leisure,20.45,2026-01-19 08:38:20
13211,Daily,22.54,2026-01-19 08:38:20
13211,Evening,20.66,2026-01-19 08:38:20
13211,Leisure,19.72,2026-01-19 08:38:20
13211,Night Out,19.72,2026-01-19 08:38:20
13211,Business,17.37,2026-01-19 08:38:20
13212,Daily,23.81,2026-01-19 08:38:20
13212,Leisure,19.05,2026-01-19 08:38:20
13212,Business,19.05,2026-01-19 08:38:20
13214,Evening,33.33,2026-01-19 08:38:20
13214,Night Out,27.27,2026-01-19 08:38:20
13214,Leisure,19.7,2026-01-19 08:38:20
13215,Daily,26.67,2026-01-19 08:38:20
13215,Leisure,26.67,2026-01-19 08:38:20
13215,Sport,20.0,2026-01-19 08:38:20
13216,Daily,23.55,2026-01-19 08:38:20
13216,Business,21.49,2026-01-19 08:38:20
13216,Evening,19.42,2026-01-19 08:38:20
13216,Leisure,17.77,2026-01-19 08:38:20
13216,Night Out,17.77,2026-01-19 08:38:20
13217,Daily,50.0,2026-01-19 08:38:20
13217,Leisure,50.0,2026-01-19 08:38:20
13220,Evening,31.02,2026-01-19 08:38:20
13220,Night Out,30.09,2026-01-19 08:38:20
13220,Leisure,20.37,2026-01-19 08:38:20
13221,Daily,28.57,2026-01-19 08:38:20
13221,Business,28.57,2026-01-19 08:38:20
13222,Evening,23.36,2026-01-19 08:38:20
13222,Night Out,21.5,2026-01-19 08:38:20
13222,Daily,19.63,2026-01-19 08:38:20
13222,Leisure,18.69,2026-01-19 08:38:20
13222,Business,16.82,2026-01-19 08:38:20
13224,Night Out,26.34,2026-01-19 08:38:20
13224,Evening,24.73,2026-01-19 08:38:20
13224,Leisure,23.66,2026-01-19 08:38:20
13224,Daily,15.05,2026-01-19 08:38:20
13227,Leisure,23.16,2026-01-19 08:38:20
13227,Daily,21.05,2026-01-19 08:38:20
13227,Business,20.0,2026-01-19 08:38:20
13227,Night Out,18.95,2026-01-19 08:38:20
13227,Evening,16.84,2026-01-19 08:38:20
13228,Daily,26.64,2026-01-19 08:38:20
13228,Business,25.0,2026-01-19 08:38:20
13228,Leisure,22.54,2026-01-19 08:38:20
13230,Night Out,30.19,2026-01-19 08:38:20
13230,Evening,30.19,2026-01-19 08:38:20
13230,Leisure,15.09,2026-01-19 08:38:20
13230,Business,15.09,2026-01-19 08:38:20
13232,Leisure,23.78,2026-01-19 08:38:20
13232,Evening,21.34,2026-01-19 08:38:20
13232,Daily,20.12,2026-01-19 08:38:20
13232,Night Out,19.51,2026-01-19 08:38:20
13232,Business,15.24,2026-01-19 08:38:20
13236,Evening,29.87,2026-01-19 08:38:20
13236,Night Out,27.27,2026-01-19 08:38:20
13236,Leisure,20.78,2026-01-19 08:38:20
13238,Leisure,22.73,2026-01-19 08:38:20
13238,Evening,22.73,2026-01-19 08:38:20
13238,Night Out,21.21,2026-01-19 08:38:20
13238,Daily,16.67,2026-01-19 08:38:20
13238,Business,16.67,2026-01-19 08:38:20
13239,Night Out,25.41,2026-01-19 08:38:20
13239,Evening,23.78,2026-01-19 08:38:20
13239,Leisure,18.92,2026-01-19 08:38:20
13239,Daily,16.22,2026-01-19 08:38:20
13239,Business,15.68,2026-01-19 08:38:20
13242,Evening,33.33,2026-01-19 08:38:20
13242,Night Out,28.89,2026-01-19 08:38:20
13242,Leisure,20.0,2026-01-19 08:38:20
13243,Daily,24.76,2026-01-19 08:38:20
13243,Leisure,23.3,2026-01-19 08:38:20
13243,Business,19.42,2026-01-19 08:38:20
13243,Sport,15.05,2026-01-19 08:38:20
13246,Night Out,30.51,2026-01-19 08:38:20
13246,Evening,28.81,2026-01-19 08:38:20
13246,Daily,15.25,2026-01-19 08:38:20
13246,Leisure,15.25,2026-01-19 08:38:20
13247,Daily,27.97,2026-01-19 08:38:20
13247,Leisure,27.97,2026-01-19 08:38:20
13247,Sport,21.19,2026-01-19 08:38:20
13247,Business,17.8,2026-01-19 08:38:20
13250,Evening,23.94,2026-01-19 08:38:20
13250,Night Out,21.13,2026-01-19 08:38:20
13250,Business,19.72,2026-01-19 08:38:20
13250,Leisure,18.31,2026-01-19 08:38:20
13250,Daily,16.9,2026-01-19 08:38:20
13251,Evening,26.29,2026-01-19 08:38:20
13251,Night Out,25.82,2026-01-19 08:38:20
13251,Leisure,22.07,2026-01-19 08:38:20
13252,Daily,25.0,2026-01-19 08:38:20
13252,Leisure,25.0,2026-01-19 08:38:20
13252,Night Out,25.0,2026-01-19 08:38:20
13252,Business,25.0,2026-01-19 08:38:20
13254,Evening,32.14,2026-01-19 08:38:20
13254,Leisure,21.43,2026-01-19 08:38:20
13254,Night Out,21.43,2026-01-19 08:38:20
13254,Daily,17.86,2026-01-19 08:38:20
13256,Daily,26.58,2026-01-19 08:38:20
13256,Leisure,22.97,2026-01-19 08:38:20
13256,Business,19.82,2026-01-19 08:38:20
13256,Night Out,15.77,2026-01-19 08:38:20
13257,Evening,38.74,2026-01-19 08:38:20
13257,Night Out,37.78,2026-01-19 08:38:20
13257,Leisure,16.51,2026-01-19 08:38:20
13258,Evening,30.77,2026-01-19 08:38:20
13258,Night Out,26.92,2026-01-19 08:38:20
13258,Leisure,23.08,2026-01-19 08:38:20
13260,Daily,23.3,2026-01-19 08:38:20
13260,Business,23.3,2026-01-19 08:38:20
13260,Leisure,20.87,2026-01-19 08:38:20
13260,Night Out,16.99,2026-01-19 08:38:20
13260,Evening,15.53,2026-01-19 08:38:20
13261,Evening,29.79,2026-01-19 08:38:20
13261,Night Out,25.53,2026-01-19 08:38:20
13261,Leisure,23.4,2026-01-19 08:38:20
13264,Leisure,25.76,2026-01-19 08:38:20
13264,Daily,23.86,2026-01-19 08:38:20
13264,Business,22.35,2026-01-19 08:38:20
13265,Evening,34.21,2026-01-19 08:38:20
13265,Leisure,28.95,2026-01-19 08:38:20
13265,Night Out,26.32,2026-01-19 08:38:20
13266,Evening,29.16,2026-01-19 08:38:20
13266,Leisure,26.86,2026-01-19 08:38:20
13266,Night Out,24.67,2026-01-19 08:38:20
13268,Daily,25.09,2026-01-19 08:38:20
13268,Leisure,23.64,2026-01-19 08:38:20
13268,Business,22.91,2026-01-19 08:38:20
13269,Leisure,26.83,2026-01-19 08:38:20
13269,Daily,21.95,2026-01-19 08:38:20
13269,Night Out,19.51,2026-01-19 08:38:20
13270,Evening,33.03,2026-01-19 08:38:20
13270,Night Out,32.01,2026-01-19 08:38:20
13270,Leisure,18.89,2026-01-19 08:38:20
13271,Leisure,100.0,2026-01-19 08:38:20
13273,Leisure,34.62,2026-01-19 08:38:20
13273,Night Out,26.92,2026-01-19 08:38:20
13273,Daily,19.23,2026-01-19 08:38:20
13274,Evening,35.02,2026-01-19 08:38:20
13274,Night Out,34.21,2026-01-19 08:38:20
13274,Leisure,17.18,2026-01-19 08:38:20
13277,Evening,32.0,2026-01-19 08:38:20
13277,Night Out,28.0,2026-01-19 08:38:20
13277,Leisure,20.0,2026-01-19 08:38:20
13278,Night Out,28.77,2026-01-19 08:38:20
13278,Evening,28.37,2026-01-19 08:38:20
13278,Leisure,21.13,2026-01-19 08:38:20
13280,Evening,28.82,2026-01-19 08:38:20
13280,Night Out,26.47,2026-01-19 08:38:20
13280,Leisure,21.18,2026-01-19 08:38:20
13283,Evening,33.01,2026-01-19 08:38:20
13283,Night Out,30.84,2026-01-19 08:38:20
13283,Leisure,19.28,2026-01-19 08:38:20
13284,Evening,33.55,2026-01-19 08:38:20
13284,Night Out,29.68,2026-01-19 08:38:20
13284,Leisure,18.71,2026-01-19 08:38:20
13285,Leisure,26.47,2026-01-19 08:38:20
13285,Daily,20.59,2026-01-19 08:38:20
13285,Night Out,17.65,2026-01-19 08:38:20
13285,Business,17.65,2026-01-19 08:38:20
13285,Evening,17.65,2026-01-19 08:38:20
13287,Evening,35.79,2026-01-19 08:38:20
13287,Night Out,32.99,2026-01-19 08:38:20
13287,Leisure,18.02,2026-01-19 08:38:20
13288,Daily,25.54,2026-01-19 08:38:20
13288,Leisure,24.24,2026-01-19 08:38:20
13288,Business,15.58,2026-01-19 08:38:20
13288,Night Out,15.15,2026-01-19 08:38:20
13289,Evening,31.58,2026-01-19 08:38:20
13289,Night Out,21.05,2026-01-19 08:38:20
13289,Business,21.05,2026-01-19 08:38:20
13289,Leisure,15.79,2026-01-19 08:38:20
13291,Night Out,33.75,2026-01-19 08:38:20
13291,Evening,32.82,2026-01-19 08:38:20
13291,Leisure,19.81,2026-01-19 08:38:20
13293,Leisure,23.21,2026-01-19 08:38:20
13293,Daily,19.64,2026-01-19 08:38:20
13293,Night Out,19.64,2026-01-19 08:38:20
13293,Evening,19.64,2026-01-19 08:38:20
13293,Business,17.86,2026-01-19 08:38:20
13294,Daily,100.0,2026-01-19 08:38:20
13295,Leisure,23.15,2026-01-19 08:38:20
13295,Night Out,21.48,2026-01-19 08:38:20
13295,Daily,21.3,2026-01-19 08:38:20
13295,Evening,18.89,2026-01-19 08:38:20
13295,Business,15.19,2026-01-19 08:38:20
13298,Daily,25.0,2026-01-19 08:38:20
13298,Leisure,22.73,2026-01-19 08:38:20
13298,Business,15.91,2026-01-19 08:38:20
13298,Evening,15.91,2026-01-19 08:38:20
13299,Evening,30.35,2026-01-19 08:38:20
13299,Leisure,25.65,2026-01-19 08:38:20
13299,Night Out,23.76,2026-01-19 08:38:20
13302,Leisure,28.85,2026-01-19 08:38:20
13302,Daily,25.66,2026-01-19 08:38:20
13302,Business,19.65,2026-01-19 08:38:20
13303,Leisure,27.27,2026-01-19 08:38:20
13303,Daily,22.73,2026-01-19 08:38:20
13303,Night Out,18.18,2026-01-19 08:38:20
13303,Evening,18.18,2026-01-19 08:38:20
13306,Evening,29.89,2026-01-19 08:38:20
13306,Night Out,28.84,2026-01-19 08:38:20
13306,Leisure,19.16,2026-01-19 08:38:20
13307,Night Out,27.59,2026-01-19 08:38:20
13307,Evening,27.59,2026-01-19 08:38:20
13307,Leisure,24.14,2026-01-19 08:38:20
13310,Night Out,27.23,2026-01-19 08:38:20
13310,Evening,25.13,2026-01-19 08:38:20
13310,Leisure,24.61,2026-01-19 08:38:20
13311,Daily,22.22,2026-01-19 08:38:20
13311,Leisure,22.22,2026-01-19 08:38:20
13311,Evening,22.22,2026-01-19 08:38:20
13311,Business,18.52,2026-01-19 08:38:20
13314,Daily,21.48,2026-01-19 08:38:20
13314,Leisure,21.29,2026-01-19 08:38:20
13314,Business,20.34,2026-01-19 08:38:20
13314,Evening,16.35,2026-01-19 08:38:20
13314,Night Out,16.16,2026-01-19 08:38:20
13315,Night Out,35.0,2026-01-19 08:38:20
13315,Evening,30.0,2026-01-19 08:38:20
13315,Leisure,15.0,2026-01-19 08:38:20
13318,Night Out,28.37,2026-01-19 08:38:20
13318,Evening,25.53,2026-01-19 08:38:20
13318,Leisure,21.99,2026-01-19 08:38:20
13322,Evening,29.41,2026-01-19 08:38:20
13322,Night Out,23.53,2026-01-19 08:38:20
13322,Leisure,17.65,2026-01-19 08:38:20
13322,Business,17.65,2026-01-19 08:38:20
13324,Night Out,33.7,2026-01-19 08:38:20
13324,Evening,32.59,2026-01-19 08:38:20
13324,Leisure,18.89,2026-01-19 08:38:20
13326,Leisure,24.0,2026-01-19 08:38:20
13326,Daily,20.0,2026-01-19 08:38:20
13326,Business,16.0,2026-01-19 08:38:20
13326,Evening,16.0,2026-01-19 08:38:20
13332,Leisure,30.7,2026-01-19 08:38:20
13332,Daily,20.62,2026-01-19 08:38:20
13332,Night Out,19.42,2026-01-19 08:38:20
13332,Evening,17.99,2026-01-19 08:38:20
13336,Evening,30.84,2026-01-19 08:38:20
13336,Night Out,28.5,2026-01-19 08:38:20
13336,Leisure,22.2,2026-01-19 08:38:20
13338,Night Out,30.0,2026-01-19 08:38:20
13338,Evening,30.0,2026-01-19 08:38:20
13338,Leisure,20.0,2026-01-19 08:38:20
13338,Business,20.0,2026-01-19 08:38:20
13340,Evening,28.22,2026-01-19 08:38:20
13340,Night Out,25.44,2026-01-19 08:38:20
13340,Leisure,21.25,2026-01-19 08:38:20
13341,Daily,50.0,2026-01-19 08:38:20
13341,Leisure,50.0,2026-01-19 08:38:20
13342,Night Out,27.27,2026-01-19 08:38:20
13342,Evening,27.27,2026-01-19 08:38:20
13342,Leisure,22.73,2026-01-19 08:38:20
13344,Leisure,22.4,2026-01-19 08:38:20
13344,Daily,21.45,2026-01-19 08:38:20
13344,Evening,20.5,2026-01-19 08:38:20
13344,Night Out,18.93,2026-01-19 08:38:20
13344,Business,16.72,2026-01-19 08:38:20
13346,Leisure,26.09,2026-01-19 08:38:20
13346,Daily,21.74,2026-01-19 08:38:20
13346,Evening,21.74,2026-01-19 08:38:20
13346,Night Out,17.39,2026-01-19 08:38:20
13348,Night Out,28.66,2026-01-19 08:38:20
13348,Evening,27.76,2026-01-19 08:38:20
13348,Leisure,21.49,2026-01-19 08:38:20
13350,Daily,24.37,2026-01-19 08:38:20
13350,Leisure,22.27,2026-01-19 08:38:20
13350,Business,21.85,2026-01-19 08:38:20
13350,Night Out,16.39,2026-01-19 08:38:20
13350,Evening,15.13,2026-01-19 08:38:20
13351,Night Out,30.77,2026-01-19 08:38:20
13351,Evening,30.77,2026-01-19 08:38:20
13351,Leisure,19.23,2026-01-19 08:38:20
13352,Leisure,28.69,2026-01-19 08:38:20
13352,Daily,23.36,2026-01-19 08:38:20
13354,Night Out,50.0,2026-01-19 08:38:20
13354,Evening,50.0,2026-01-19 08:38:20
13355,Leisure,26.97,2026-01-19 08:38:20
13355,Evening,25.84,2026-01-19 08:38:20
13355,Night Out,24.72,2026-01-19 08:38:20
13357,Leisure,23.24,2026-01-19 08:38:20
13357,Daily,21.08,2026-01-19 08:38:20
13357,Business,20.27,2026-01-19 08:38:20
13357,Evening,17.84,2026-01-19 08:38:20
13357,Night Out,17.57,2026-01-19 08:38:20
13358,Daily,29.63,2026-01-19 08:38:20
13358,Leisure,27.16,2026-01-19 08:38:20
13359,Night Out,29.17,2026-01-19 08:38:20
13359,Evening,29.17,2026-01-19 08:38:20
13359,Leisure,25.0,2026-01-19 08:38:20
13361,Leisure,25.87,2026-01-19 08:38:20
13361,Business,22.38,2026-01-19 08:38:20
13361,Daily,22.09,2026-01-19 08:38:20
13361,Evening,15.7,2026-01-19 08:38:20
13362,Leisure,22.73,2026-01-19 08:38:20
13362,Night Out,22.73,2026-01-19 08:38:20
13362,Daily,18.18,2026-01-19 08:38:20
13362,Business,18.18,2026-01-19 08:38:20
13362,Evening,18.18,2026-01-19 08:38:20
13363,Night Out,31.93,2026-01-19 08:38:20
13363,Evening,31.93,2026-01-19 08:38:20
13363,Leisure,21.85,2026-01-19 08:38:20
13364,Leisure,100.0,2026-01-19 08:38:20
13365,Night Out,28.95,2026-01-19 08:38:20
13365,Evening,27.19,2026-01-19 08:38:20
13365,Leisure,17.98,2026-01-19 08:38:20
13366,Night Out,31.58,2026-01-19 08:38:20
13366,Evening,26.32,2026-01-19 08:38:20
13366,Leisure,21.05,2026-01-19 08:38:20
13367,Daily,25.0,2026-01-19 08:38:20
13367,Leisure,23.37,2026-01-19 08:38:20
13367,Business,22.28,2026-01-19 08:38:20
13369,Leisure,25.23,2026-01-19 08:38:20
13369,Night Out,23.83,2026-01-19 08:38:20
13369,Evening,20.56,2026-01-19 08:38:20
13369,Daily,16.82,2026-01-19 08:38:20
13371,Evening,41.67,2026-01-19 08:38:20
13371,Night Out,33.33,2026-01-19 08:38:20
13371,Leisure,25.0,2026-01-19 08:38:20
13373,Leisure,26.77,2026-01-19 08:38:20
13373,Night Out,23.74,2026-01-19 08:38:20
13373,Evening,23.74,2026-01-19 08:38:20
13374,Leisure,24.0,2026-01-19 08:38:20
13374,Daily,22.5,2026-01-19 08:38:20
13374,Business,21.0,2026-01-19 08:38:20
13374,Evening,16.5,2026-01-19 08:38:20
13374,Night Out,16.0,2026-01-19 08:38:20
13375,Daily,27.27,2026-01-19 08:38:20
13375,Evening,27.27,2026-01-19 08:38:20
13375,Leisure,18.18,2026-01-19 08:38:20
13375,Night Out,18.18,2026-01-19 08:38:20
13376,Leisure,22.87,2026-01-19 08:38:20
13376,Daily,21.52,2026-01-19 08:38:20
13376,Evening,21.52,2026-01-19 08:38:20
13376,Night Out,17.94,2026-01-19 08:38:20
13376,Business,16.14,2026-01-19 08:38:20
13378,Leisure,28.57,2026-01-19 08:38:20
13378,Daily,27.55,2026-01-19 08:38:20
13378,Sport,24.49,2026-01-19 08:38:20
13379,Leisure,26.67,2026-01-19 08:38:20
13379,Evening,26.67,2026-01-19 08:38:20
13379,Night Out,20.0,2026-01-19 08:38:20
13381,Daily,26.14,2026-01-19 08:38:20
13381,Leisure,23.86,2026-01-19 08:38:20
13381,Business,23.01,2026-01-19 08:38:20
13382,Night Out,21.88,2026-01-19 08:38:20
13382,Daily,18.75,2026-01-19 08:38:20
13382,Leisure,18.75,2026-01-19 08:38:20
13382,Business,18.75,2026-01-19 08:38:20
13382,Evening,15.62,2026-01-19 08:38:20
13383,Evening,29.63,2026-01-19 08:38:20
13383,Night Out,27.78,2026-01-19 08:38:20
13383,Leisure,20.99,2026-01-19 08:38:20
13385,Evening,30.3,2026-01-19 08:38:20
13385,Night Out,26.52,2026-01-19 08:38:20
13385,Leisure,23.11,2026-01-19 08:38:20
13386,Leisure,27.78,2026-01-19 08:38:20
13386,Night Out,27.78,2026-01-19 08:38:20
13386,Evening,27.78,2026-01-19 08:38:20
13388,Evening,31.0,2026-01-19 08:38:20
13388,Night Out,28.38,2026-01-19 08:38:20
13388,Leisure,20.09,2026-01-19 08:38:20
13389,Daily,23.08,2026-01-19 08:38:20
13389,Evening,21.79,2026-01-19 08:38:20
13389,Leisure,18.59,2026-01-19 08:38:20
13389,Business,18.59,2026-01-19 08:38:20
13389,Night Out,17.95,2026-01-19 08:38:20
13390,Daily,24.14,2026-01-19 08:38:20
13390,Leisure,20.69,2026-01-19 08:38:20
13390,Business,20.69,2026-01-19 08:38:20
13390,Night Out,17.24,2026-01-19 08:38:20
13390,Evening,17.24,2026-01-19 08:38:20
13391,Daily,20.0,2026-01-19 08:38:20
13391,Leisure,20.0,2026-01-19 08:38:20
13391,Night Out,20.0,2026-01-19 08:38:20
13391,Business,20.0,2026-01-19 08:38:20
13391,Evening,20.0,2026-01-19 08:38:20
13396,Daily,20.83,2026-01-19 08:38:20
13396,Leisure,20.83,2026-01-19 08:38:20
13396,Night Out,20.83,2026-01-19 08:38:20
13396,Evening,20.83,2026-01-19 08:38:20
13396,Business,16.67,2026-01-19 08:38:20
13397,Leisure,22.67,2026-01-19 08:38:20
13397,Daily,21.51,2026-01-19 08:38:20
13397,Business,20.35,2026-01-19 08:38:20
13397,Evening,16.28,2026-01-19 08:38:20
13398,Daily,25.32,2026-01-19 08:38:20
13398,Leisure,24.89,2026-01-19 08:38:20
13398,Evening,18.45,2026-01-19 08:38:20
13398,Night Out,16.31,2026-01-19 08:38:20
13398,Business,15.02,2026-01-19 08:38:20
13401,Leisure,28.24,2026-01-19 08:38:20
13401,Business,27.48,2026-01-19 08:38:20
13401,Daily,25.95,2026-01-19 08:38:20
13402,Leisure,24.07,2026-01-19 08:38:20
13402,Evening,20.83,2026-01-19 08:38:20
13402,Night Out,20.37,2026-01-19 08:38:20
13402,Daily,18.06,2026-01-19 08:38:20
13402,Business,16.67,2026-01-19 08:38:20
13403,Leisure,100.0,2026-01-19 08:38:20
13405,Evening,29.89,2026-01-19 08:38:20
13405,Night Out,24.14,2026-01-19 08:38:20
13405,Leisure,17.24,2026-01-19 08:38:20
13405,Business,17.24,2026-01-19 08:38:20
13406,Leisure,27.73,2026-01-19 08:38:20
13406,Daily,24.22,2026-01-19 08:38:20
13406,Business,19.92,2026-01-19 08:38:20
13409,Evening,23.29,2026-01-19 08:38:20
13409,Leisure,22.6,2026-01-19 08:38:20
13409,Night Out,21.92,2026-01-19 08:38:20
13409,Daily,17.81,2026-01-19 08:38:20
13410,Leisure,23.57,2026-01-19 08:38:20
13410,Business,20.54,2026-01-19 08:38:20
13410,Daily,20.2,2026-01-19 08:38:20
13412,Night Out,33.33,2026-01-19 08:38:20
13412,Evening,33.33,2026-01-19 08:38:20
13413,Evening,33.82,2026-01-19 08:38:20
13413,Night Out,29.41,2026-01-19 08:38:20
13413,Leisure,19.12,2026-01-19 08:38:20
13414,Night Out,30.77,2026-01-19 08:38:20
13414,Evening,28.57,2026-01-19 08:38:20
13414,Leisure,21.43,2026-01-19 08:38:20
13416,Leisure,33.33,2026-01-19 08:38:20
13416,Daily,16.67,2026-01-19 08:38:20
13416,Night Out,16.67,2026-01-19 08:38:20
13416,Business,16.67,2026-01-19 08:38:20
13416,Evening,16.67,2026-01-19 08:38:20
13418,Evening,30.0,2026-01-19 08:38:20
13418,Night Out,28.5,2026-01-19 08:38:20
13418,Leisure,21.5,2026-01-19 08:38:20
13421,Daily,23.27,2026-01-19 08:38:20
13421,Business,23.27,2026-01-19 08:38:20
13421,Leisure,22.64,2026-01-19 08:38:20
13421,Sport,20.13,2026-01-19 08:38:20
13422,Evening,23.26,2026-01-19 08:38:20
13422,Leisure,23.14,2026-01-19 08:38:20
13422,Night Out,23.14,2026-01-19 08:38:20
13422,Daily,19.06,2026-01-19 08:38:20
13424,Daily,23.08,2026-01-19 08:38:20
13424,Leisure,23.08,2026-01-19 08:38:20
13424,Night Out,23.08,2026-01-19 08:38:20
13424,Evening,23.08,2026-01-19 08:38:20
13425,Evening,32.84,2026-01-19 08:38:20
13425,Night Out,29.85,2026-01-19 08:38:20
13426,Daily,23.82,2026-01-19 08:38:20
13426,Leisure,23.64,2026-01-19 08:38:20
13426,Business,20.36,2026-01-19 08:38:20
13428,Night Out,33.33,2026-01-19 08:38:20
13428,Evening,33.33,2026-01-19 08:38:20
13429,Daily,28.65,2026-01-19 08:38:20
13429,Leisure,24.56,2026-01-19 08:38:20
13429,Business,19.3,2026-01-19 08:38:20
13430,Daily,30.16,2026-01-19 08:38:20
13430,Leisure,28.17,2026-01-19 08:38:20
13430,Business,20.24,2026-01-19 08:38:20
13430,Sport,16.67,2026-01-19 08:38:20
13432,Daily,33.33,2026-01-19 08:38:20
13432,Leisure,33.33,2026-01-19 08:38:20
13432,Evening,33.33,2026-01-19 08:38:20
13433,Night Out,22.02,2026-01-19 08:38:20
13433,Leisure,21.43,2026-01-19 08:38:20
13433,Evening,20.24,2026-01-19 08:38:20
13433,Daily,19.64,2026-01-19 08:38:20
13433,Business,16.67,2026-01-19 08:38:20
13434,Leisure,30.58,2026-01-19 08:38:20
13434,Daily,30.1,2026-01-19 08:38:20
13434,Business,20.39,2026-01-19 08:38:20
13436,Night Out,27.78,2026-01-19 08:38:20
13436,Evening,27.78,2026-01-19 08:38:20
13436,Daily,16.67,2026-01-19 08:38:20
13436,Business,16.67,2026-01-19 08:38:20
13437,Daily,29.57,2026-01-19 08:38:20
13437,Leisure,26.96,2026-01-19 08:38:20
13437,Business,25.22,2026-01-19 08:38:20
13438,Leisure,29.38,2026-01-19 08:38:20
13438,Daily,28.35,2026-01-19 08:38:20
13438,Business,20.62,2026-01-19 08:38:20
13438,Sport,17.01,2026-01-19 08:38:20
13440,Leisure,33.33,2026-01-19 08:38:20
13440,Night Out,33.33,2026-01-19 08:38:20
13440,Evening,33.33,2026-01-19 08:38:20
13441,Evening,29.67,2026-01-19 08:38:20
13441,Night Out,27.11,2026-01-19 08:38:20
13441,Leisure,17.58,2026-01-19 08:38:20
13443,Daily,22.83,2026-01-19 08:38:20
13443,Leisure,22.83,2026-01-19 08:38:20
13443,Night Out,20.47,2026-01-19 08:38:20
13443,Evening,18.9,2026-01-19 08:38:20
13444,Daily,26.32,2026-01-19 08:38:20
13444,Night Out,21.05,2026-01-19 08:38:20
13444,Leisure,15.79,2026-01-19 08:38:20
13444,Business,15.79,2026-01-19 08:38:20
13446,Leisure,32.94,2026-01-19 08:38:20
13446,Daily,28.24,2026-01-19 08:38:20
13447,Daily,24.84,2026-01-19 08:38:20
13447,Business,24.84,2026-01-19 08:38:20
13447,Leisure,23.57,2026-01-19 08:38:20
13449,Daily,28.51,2026-01-19 08:38:20
13449,Leisure,24.89,2026-01-19 08:38:20
13449,Business,21.27,2026-01-19 08:38:20
13451,Daily,27.05,2026-01-19 08:38:20
13451,Leisure,27.05,2026-01-19 08:38:20
13451,Business,27.05,2026-01-19 08:38:20
13452,Leisure,23.08,2026-01-19 08:38:20
13452,Night Out,23.08,2026-01-19 08:38:20
13452,Evening,23.08,2026-01-19 08:38:20
13452,Daily,15.38,2026-01-19 08:38:20
13452,Business,15.38,2026-01-19 08:38:20
13454,Daily,24.85,2026-01-19 08:38:20
13454,Leisure,23.64,2026-01-19 08:38:20
13454,Business,23.64,2026-01-19 08:38:20
13458,Night Out,27.78,2026-01-19 08:38:20
13458,Evening,27.78,2026-01-19 08:38:20
13458,Leisure,18.89,2026-01-19 08:38:20
13458,Daily,15.56,2026-01-19 08:38:20
13460,Leisure,30.15,2026-01-19 08:38:20
13460,Daily,28.68,2026-01-19 08:38:20
13460,Business,18.38,2026-01-19 08:38:20
13460,Sport,16.91,2026-01-19 08:38:20
13462,Evening,29.41,2026-01-19 08:38:20
13462,Night Out,26.89,2026-01-19 08:38:20
13462,Leisure,21.85,2026-01-19 08:38:20
13463,Leisure,25.0,2026-01-19 08:38:20
13463,Night Out,25.0,2026-01-19 08:38:20
13463,Evening,25.0,2026-01-19 08:38:20
13464,Leisure,27.66,2026-01-19 08:38:20
13464,Daily,20.57,2026-01-19 08:38:20
13464,Business,19.15,2026-01-19 08:38:20
13466,Leisure,25.81,2026-01-19 08:38:20
13466,Daily,23.66,2026-01-19 08:38:20
13466,Business,20.43,2026-01-19 08:38:20
13466,Night Out,16.13,2026-01-19 08:38:20
13468,Leisure,28.93,2026-01-19 08:38:20
13468,Daily,24.79,2026-01-19 08:38:20
13468,Business,19.01,2026-01-19 08:38:20
13470,Business,20.78,2026-01-19 08:38:20
13470,Evening,20.78,2026-01-19 08:38:20
13470,Daily,18.83,2026-01-19 08:38:20
13470,Night Out,18.18,2026-01-19 08:38:20
13470,Leisure,16.88,2026-01-19 08:38:20
13471,Night Out,50.0,2026-01-19 08:38:20
13471,Evening,50.0,2026-01-19 08:38:20
13472,Leisure,27.36,2026-01-19 08:38:20
13472,Daily,24.53,2026-01-19 08:38:20
13472,Business,22.64,2026-01-19 08:38:20
13472,Sport,15.09,2026-01-19 08:38:20
13474,Leisure,25.98,2026-01-19 08:38:20
13474,Daily,25.2,2026-01-19 08:38:20
13474,Business,23.62,2026-01-19 08:38:20
13476,Leisure,29.46,2026-01-19 08:38:20
13476,Daily,27.68,2026-01-19 08:38:20
13476,Business,22.32,2026-01-19 08:38:20
13476,Sport,20.54,2026-01-19 08:38:20
13478,Evening,32.0,2026-01-19 08:38:20
13478,Night Out,28.0,2026-01-19 08:38:20
13478,Leisure,17.6,2026-01-19 08:38:20
13480,Daily,25.3,2026-01-19 08:38:20
13480,Business,24.1,2026-01-19 08:38:20
13480,Leisure,20.48,2026-01-19 08:38:20
13480,Evening,18.07,2026-01-19 08:38:20
13483,Leisure,22.32,2026-01-19 08:38:20
13483,Daily,21.43,2026-01-19 08:38:20
13483,Evening,21.43,2026-01-19 08:38:20
13483,Business,18.75,2026-01-19 08:38:20
13483,Night Out,16.07,2026-01-19 08:38:20
13484,Leisure,22.89,2026-01-19 08:38:20
13484,Evening,22.89,2026-01-19 08:38:20
13484,Night Out,21.69,2026-01-19 08:38:20
13484,Daily,18.07,2026-01-19 08:38:20
13487,Evening,32.14,2026-01-19 08:38:20
13487,Night Out,29.76,2026-01-19 08:38:20
13487,Leisure,19.05,2026-01-19 08:38:20
13488,Daily,25.0,2026-01-19 08:38:20
13488,Sport,22.62,2026-01-19 08:38:20
13488,Leisure,22.62,2026-01-19 08:38:20
13488,Business,17.86,2026-01-19 08:38:20
13489,Daily,50.0,2026-01-19 08:38:20
13489,Leisure,50.0,2026-01-19 08:38:20
13491,Evening,29.81,2026-01-19 08:38:20
13491,Night Out,26.92,2026-01-19 08:38:20
13491,Business,16.35,2026-01-19 08:38:20
13492,Daily,33.85,2026-01-19 08:38:20
13492,Leisure,32.31,2026-01-19 08:38:20
13492,Business,16.92,2026-01-19 08:38:20
13495,Daily,22.39,2026-01-19 08:38:20
13495,Leisure,20.9,2026-01-19 08:38:20
13495,Business,19.4,2026-01-19 08:38:20
13495,Evening,16.42,2026-01-19 08:38:20
13496,Leisure,32.76,2026-01-19 08:38:20
13496,Daily,27.59,2026-01-19 08:38:20
13496,Business,17.24,2026-01-19 08:38:20
13499,Evening,30.49,2026-01-19 08:38:20
13499,Night Out,24.39,2026-01-19 08:38:20
13499,Leisure,20.73,2026-01-19 08:38:20
13501,Daily,23.64,2026-01-19 08:38:20
13501,Leisure,21.82,2026-01-19 08:38:20
13501,Night Out,18.18,2026-01-19 08:38:20
13501,Business,18.18,2026-01-19 08:38:20
13501,Evening,18.18,2026-01-19 08:38:20
13503,Business,23.73,2026-01-19 08:38:20
13503,Night Out,22.03,2026-01-19 08:38:20
13503,Daily,20.34,2026-01-19 08:38:20
13503,Evening,17.8,2026-01-19 08:38:20
13503,Leisure,16.1,2026-01-19 08:38:20
13507,Evening,31.65,2026-01-19 08:38:20
13507,Night Out,30.38,2026-01-19 08:38:20
13507,Leisure,22.78,2026-01-19 08:38:20
13510,Leisure,23.6,2026-01-19 08:38:20
13510,Evening,22.1,2026-01-19 08:38:20
13510,Business,18.73,2026-01-19 08:38:20
13510,Daily,17.98,2026-01-19 08:38:20
13510,Night Out,17.6,2026-01-19 08:38:20
13511,Evening,24.35,2026-01-19 08:38:20
13511,Night Out,22.61,2026-01-19 08:38:20
13511,Daily,20.0,2026-01-19 08:38:20
13511,Leisure,16.52,2026-01-19 08:38:20
13511,Business,16.52,2026-01-19 08:38:20
13514,Evening,31.55,2026-01-19 08:38:20
13514,Night Out,28.64,2026-01-19 08:38:20
13514,Leisure,22.33,2026-01-19 08:38:20
13515,Daily,21.95,2026-01-19 08:38:20
13515,Leisure,21.95,2026-01-19 08:38:20
13515,Evening,20.73,2026-01-19 08:38:20
13515,Night Out,19.51,2026-01-19 08:38:20
13515,Business,15.85,2026-01-19 08:38:20
13518,Leisure,29.07,2026-01-19 08:38:20
13518,Daily,27.91,2026-01-19 08:38:20
13518,Business,19.77,2026-01-19 08:38:20
13521,Daily,25.77,2026-01-19 08:38:20
13521,Leisure,24.74,2026-01-19 08:38:20
13521,Business,18.56,2026-01-19 08:38:20
13522,Leisure,29.82,2026-01-19 08:38:20
13522,Daily,27.19,2026-01-19 08:38:20
13522,Business,17.54,2026-01-19 08:38:20
13523,Daily,50.0,2026-01-19 08:38:20
13523,Leisure,50.0,2026-01-19 08:38:20
13525,Night Out,26.5,2026-01-19 08:38:20
13525,Evening,25.64,2026-01-19 08:38:20
13525,Leisure,19.66,2026-01-19 08:38:20
13526,Evening,27.04,2026-01-19 08:38:20
13526,Night Out,25.0,2026-01-19 08:38:20
13526,Leisure,18.37,2026-01-19 08:38:20
13526,Business,15.31,2026-01-19 08:38:20
13528,Leisure,23.26,2026-01-19 08:38:20
13528,Night Out,20.93,2026-01-19 08:38:20
13528,Evening,20.93,2026-01-19 08:38:20
13528,Daily,17.44,2026-01-19 08:38:20
13528,Business,17.44,2026-01-19 08:38:20
13530,Leisure,23.81,2026-01-19 08:38:20
13530,Night Out,21.16,2026-01-19 08:38:20
13530,Evening,20.11,2026-01-19 08:38:20
13530,Daily,18.52,2026-01-19 08:38:20
13530,Business,16.4,2026-01-19 08:38:20
13532,Leisure,26.15,2026-01-19 08:38:20
13532,Daily,23.08,2026-01-19 08:38:20
13532,Sport,18.46,2026-01-19 08:38:20
13532,Business,16.92,2026-01-19 08:38:20
13534,Leisure,27.27,2026-01-19 08:38:20
13534,Daily,24.68,2026-01-19 08:38:20
13534,Business,18.18,2026-01-19 08:38:20
13536,Leisure,23.19,2026-01-19 08:38:20
13536,Daily,21.74,2026-01-19 08:38:20
13536,Night Out,20.29,2026-01-19 08:38:20
13536,Evening,15.94,2026-01-19 08:38:20
13538,Leisure,23.95,2026-01-19 08:38:20
13538,Daily,22.75,2026-01-19 08:38:20
13538,Business,18.56,2026-01-19 08:38:20
13538,Night Out,16.17,2026-01-19 08:38:20
13540,Evening,32.47,2026-01-19 08:38:20
13540,Night Out,29.87,2026-01-19 08:38:20
13540,Leisure,18.18,2026-01-19 08:38:20
13542,Evening,30.84,2026-01-19 08:38:20
13542,Night Out,29.91,2026-01-19 08:38:20
13542,Leisure,24.3,2026-01-19 08:38:20
13544,Evening,30.14,2026-01-19 08:38:20
13544,Night Out,27.4,2026-01-19 08:38:20
13544,Daily,16.44,2026-01-19 08:38:20
13544,Leisure,15.07,2026-01-19 08:38:20
13545,Leisure,25.86,2026-01-19 08:38:20
13545,Daily,20.69,2026-01-19 08:38:20
13545,Night Out,19.83,2026-01-19 08:38:20
13545,Evening,18.1,2026-01-19 08:38:20
13549,Evening,36.8,2026-01-19 08:38:20
13549,Night Out,36.0,2026-01-19 08:38:20
13552,Night Out,23.81,2026-01-19 08:38:20
13552,Evening,23.81,2026-01-19 08:38:20
13552,Leisure,19.05,2026-01-19 08:38:20
13552,Daily,17.46,2026-01-19 08:38:20
13552,Business,15.87,2026-01-19 08:38:20
13553,Evening,30.92,2026-01-19 08:38:20
13553,Night Out,30.26,2026-01-19 08:38:20
13553,Leisure,18.42,2026-01-19 08:38:20
13556,Daily,21.95,2026-01-19 08:38:20
13556,Evening,21.95,2026-01-19 08:38:20
13556,Night Out,20.73,2026-01-19 08:38:20
13556,Leisure,18.29,2026-01-19 08:38:20
13556,Business,17.07,2026-01-19 08:38:20
13557,Leisure,22.03,2026-01-19 08:38:20
13557,Daily,21.19,2026-01-19 08:38:20
13557,Evening,18.64,2026-01-19 08:38:20
13557,Night Out,16.95,2026-01-19 08:38:20
13558,Daily,21.13,2026-01-19 08:38:20
13558,Leisure,20.69,2026-01-19 08:38:20
13558,Business,20.46,2026-01-19 08:38:20
13558,Evening,16.48,2026-01-19 08:38:20
13558,Night Out,15.49,2026-01-19 08:38:20
13561,Business,23.5,2026-01-19 08:38:20
13561,Daily,22.4,2026-01-19 08:38:20
13561,Leisure,21.86,2026-01-19 08:38:20
13563,Night Out,28.75,2026-01-19 08:38:20
13563,Evening,28.75,2026-01-19 08:38:20
13563,Leisure,16.25,2026-01-19 08:38:20
13563,Daily,15.0,2026-01-19 08:38:20
13564,Evening,29.14,2026-01-19 08:38:20
13564,Night Out,27.46,2026-01-19 08:38:20
13564,Leisure,20.96,2026-01-19 08:38:20
13565,Leisure,27.41,2026-01-19 08:38:20
13565,Daily,22.22,2026-01-19 08:38:20
13567,Evening,31.82,2026-01-19 08:38:20
13567,Night Out,30.3,2026-01-19 08:38:20
13567,Leisure,18.18,2026-01-19 08:38:20
13568,Evening,29.66,2026-01-19 08:38:20
13568,Night Out,27.22,2026-01-19 08:38:20
13568,Leisure,19.88,2026-01-19 08:38:20
13569,Evening,27.22,2026-01-19 08:38:20
13569,Night Out,24.05,2026-01-19 08:38:20
13569,Leisure,20.25,2026-01-19 08:38:20
13569,Daily,15.19,2026-01-19 08:38:20
13571,Daily,27.87,2026-01-19 08:38:20
13571,Leisure,27.87,2026-01-19 08:38:20
13571,Business,21.31,2026-01-19 08:38:20
13571,Sport,18.03,2026-01-19 08:38:20
13572,Leisure,25.22,2026-01-19 08:38:20
13572,Daily,21.07,2026-01-19 08:38:20
13572,Night Out,18.1,2026-01-19 08:38:20
13572,Business,18.1,2026-01-19 08:38:20
13572,Evening,17.51,2026-01-19 08:38:20
13573,Evening,21.55,2026-01-19 08:38:20
13573,Leisure,20.99,2026-01-19 08:38:20
13573,Night Out,20.99,2026-01-19 08:38:20
13573,Daily,18.78,2026-01-19 08:38:20
13573,Business,17.68,2026-01-19 08:38:20
13575,Evening,30.56,2026-01-19 08:38:20
13575,Night Out,29.17,2026-01-19 08:38:20
13575,Leisure,16.67,2026-01-19 08:38:20
13577,Night Out,31.16,2026-01-19 08:38:20
13577,Evening,28.99,2026-01-19 08:38:20
13577,Leisure,21.01,2026-01-19 08:38:20
13579,Daily,25.68,2026-01-19 08:38:20
13579,Leisure,25.68,2026-01-19 08:38:20
13579,Business,20.27,2026-01-19 08:38:20
13580,Night Out,25.1,2026-01-19 08:38:20
13580,Evening,24.71,2026-01-19 08:38:20
13580,Leisure,19.69,2026-01-19 08:38:20
13580,Daily,17.37,2026-01-19 08:38:20
13581,Daily,27.56,2026-01-19 08:38:20
13581,Leisure,27.56,2026-01-19 08:38:20
13583,Leisure,30.77,2026-01-19 08:38:20
13583,Daily,26.92,2026-01-19 08:38:20
13583,Business,19.23,2026-01-19 08:38:20
13584,Daily,26.03,2026-01-19 08:38:20
13584,Leisure,23.97,2026-01-19 08:38:20
13584,Business,23.29,2026-01-19 08:38:20
13585,Daily,28.81,2026-01-19 08:38:20
13585,Leisure,28.81,2026-01-19 08:38:20
13585,Business,16.95,2026-01-19 08:38:20
13585,Sport,15.25,2026-01-19 08:38:20
13587,Leisure,26.6,2026-01-19 08:38:20
13587,Daily,21.28,2026-01-19 08:38:20
13587,Business,20.21,2026-01-19 08:38:20
13588,Daily,26.02,2026-01-19 08:38:20
13588,Leisure,25.51,2026-01-19 08:38:20
13588,Business,20.41,2026-01-19 08:38:20
13589,Daily,32.61,2026-01-19 08:38:20
13589,Leisure,32.61,2026-01-19 08:38:20
13589,Business,26.09,2026-01-19 08:38:20
13591,Leisure,30.77,2026-01-19 08:38:20
13591,Daily,25.0,2026-01-19 08:38:20
13591,Business,23.08,2026-01-19 08:38:20
13592,Evening,25.68,2026-01-19 08:38:20
13592,Night Out,25.29,2026-01-19 08:38:20
13592,Leisure,19.84,2026-01-19 08:38:20
13593,Daily,27.5,2026-01-19 08:38:20
13593,Leisure,27.5,2026-01-19 08:38:20
13593,Business,22.5,2026-01-19 08:38:20
13595,Daily,23.33,2026-01-19 08:38:20
13595,Leisure,21.67,2026-01-19 08:38:20
13595,Night Out,18.33,2026-01-19 08:38:20
13595,Business,15.0,2026-01-19 08:38:20
13595,Evening,15.0,2026-01-19 08:38:20
13596,Daily,27.44,2026-01-19 08:38:20
13596,Leisure,24.19,2026-01-19 08:38:20
13596,Business,20.93,2026-01-19 08:38:20
13599,Leisure,25.0,2026-01-19 08:38:20
13599,Daily,20.83,2026-01-19 08:38:20
13599,Night Out,20.83,2026-01-19 08:38:20
13599,Evening,20.83,2026-01-19 08:38:20
13600,Leisure,30.43,2026-01-19 08:38:20
13600,Daily,26.09,2026-01-19 08:38:20
13600,Business,26.09,2026-01-19 08:38:20
13600,Sport,17.39,2026-01-19 08:38:20
13601,Business,24.35,2026-01-19 08:38:20
13601,Daily,23.04,2026-01-19 08:38:20
13601,Leisure,22.61,2026-01-19 08:38:20
13601,Evening,15.22,2026-01-19 08:38:20
13603,Night Out,35.48,2026-01-19 08:38:20
13603,Evening,35.48,2026-01-19 08:38:20
13604,Daily,23.84,2026-01-19 08:38:20
13604,Leisure,23.18,2026-01-19 08:38:20
13604,Business,20.53,2026-01-19 08:38:20
13605,Leisure,23.08,2026-01-19 08:38:20
13605,Evening,23.08,2026-01-19 08:38:20
13605,Night Out,19.23,2026-01-19 08:38:20
13605,Business,19.23,2026-01-19 08:38:20
13605,Daily,15.38,2026-01-19 08:38:20
13607,Night Out,38.64,2026-01-19 08:38:20
13607,Evening,36.36,2026-01-19 08:38:20
13608,Daily,32.79,2026-01-19 08:38:20
13608,Leisure,27.87,2026-01-19 08:38:20
13608,Business,22.13,2026-01-19 08:38:20
13608,Sport,17.21,2026-01-19 08:38:20
13609,Daily,32.26,2026-01-19 08:38:20
13609,Leisure,32.26,2026-01-19 08:38:20
13609,Business,16.13,2026-01-19 08:38:20
13611,Daily,28.57,2026-01-19 08:38:20
13611,Leisure,26.79,2026-01-19 08:38:20
13611,Business,25.0,2026-01-19 08:38:20
13612,Daily,26.09,2026-01-19 08:38:20
13612,Leisure,26.09,2026-01-19 08:38:20
13612,Business,21.74,2026-01-19 08:38:20
13613,Leisure,26.27,2026-01-19 08:38:20
13613,Night Out,23.73,2026-01-19 08:38:20
13613,Daily,19.49,2026-01-19 08:38:20
13613,Evening,19.49,2026-01-19 08:38:20
13615,Daily,28.26,2026-01-19 08:38:20
13615,Business,23.91,2026-01-19 08:38:20
13615,Leisure,19.57,2026-01-19 08:38:20
13616,Daily,33.33,2026-01-19 08:38:20
13616,Leisure,33.33,2026-01-19 08:38:20
13616,Business,19.05,2026-01-19 08:38:20
13619,Daily,28.57,2026-01-19 08:38:20
13619,Leisure,26.19,2026-01-19 08:38:20
13619,Business,23.81,2026-01-19 08:38:20
13619,Sport,16.67,2026-01-19 08:38:20
13622,Daily,24.43,2026-01-19 08:38:20
13622,Leisure,22.9,2026-01-19 08:38:20
13622,Business,21.37,2026-01-19 08:38:20
13622,Sport,18.32,2026-01-19 08:38:20
13623,Daily,25.71,2026-01-19 08:38:20
13623,Business,25.71,2026-01-19 08:38:20
13623,Leisure,22.86,2026-01-19 08:38:20
13626,Daily,30.3,2026-01-19 08:38:20
13626,Leisure,28.79,2026-01-19 08:38:20
13626,Business,22.73,2026-01-19 08:38:20
13628,Daily,27.59,2026-01-19 08:38:20
13628,Leisure,27.59,2026-01-19 08:38:20
13628,Business,17.24,2026-01-19 08:38:20
13630,Evening,29.2,2026-01-19 08:38:20
13630,Night Out,28.32,2026-01-19 08:38:20
13630,Leisure,24.78,2026-01-19 08:38:20
13632,Night Out,26.67,2026-01-19 08:38:20
13632,Evening,26.67,2026-01-19 08:38:20
13632,Leisure,20.0,2026-01-19 08:38:20
13632,Daily,15.56,2026-01-19 08:38:20
13634,Daily,20.37,2026-01-19 08:38:20
13634,Night Out,20.37,2026-01-19 08:38:20
13634,Business,20.37,2026-01-19 08:38:20
13634,Evening,20.37,2026-01-19 08:38:20
13634,Leisure,18.52,2026-01-19 08:38:20
13636,Night Out,26.83,2026-01-19 08:38:20
13636,Evening,24.39,2026-01-19 08:38:20
13636,Leisure,17.07,2026-01-19 08:38:20
13636,Business,17.07,2026-01-19 08:38:20
13638,Daily,27.82,2026-01-19 08:38:20
13638,Business,27.82,2026-01-19 08:38:20
13638,Leisure,24.06,2026-01-19 08:38:20
13640,Leisure,26.79,2026-01-19 08:38:20
13640,Night Out,25.0,2026-01-19 08:38:20
13640,Evening,23.21,2026-01-19 08:38:20
13642,Evening,27.62,2026-01-19 08:38:20
13642,Night Out,23.81,2026-01-19 08:38:20
13642,Leisure,22.86,2026-01-19 08:38:20
13643,Night Out,25.71,2026-01-19 08:38:20
13643,Evening,25.71,2026-01-19 08:38:20
13643,Leisure,19.29,2026-01-19 08:38:20
13643,Daily,17.14,2026-01-19 08:38:20
13644,Night Out,26.67,2026-01-19 08:38:20
13644,Evening,26.67,2026-01-19 08:38:20
13644,Daily,20.0,2026-01-19 08:38:20
13644,Business,20.0,2026-01-19 08:38:20
13646,Daily,28.03,2026-01-19 08:38:20
13646,Leisure,27.27,2026-01-19 08:38:20
13646,Business,21.97,2026-01-19 08:38:20
13647,Night Out,29.93,2026-01-19 08:38:20
13647,Evening,27.74,2026-01-19 08:38:20
13647,Leisure,23.36,2026-01-19 08:38:20
13648,Leisure,25.0,2026-01-19 08:38:20
13648,Night Out,21.88,2026-01-19 08:38:20
13648,Daily,18.75,2026-01-19 08:38:20
13648,Evening,18.75,2026-01-19 08:38:20
13648,Business,15.62,2026-01-19 08:38:20
13650,Daily,25.23,2026-01-19 08:38:20
13650,Leisure,23.36,2026-01-19 08:38:20
13650,Business,22.43,2026-01-19 08:38:20
13650,Evening,15.89,2026-01-19 08:38:20
13651,Leisure,30.53,2026-01-19 08:38:20
13651,Daily,25.26,2026-01-19 08:38:20
13651,Business,16.84,2026-01-19 08:38:20
13652,Night Out,25.93,2026-01-19 08:38:20
13652,Evening,25.93,2026-01-19 08:38:20
13652,Leisure,22.22,2026-01-19 08:38:20
13655,Night Out,25.45,2026-01-19 08:38:20
13655,Business,25.45,2026-01-19 08:38:20
13655,Evening,21.82,2026-01-19 08:38:20
13656,Daily,28.26,2026-01-19 08:38:20
13656,Leisure,26.09,2026-01-19 08:38:20
13656,Business,26.09,2026-01-19 08:38:20
13659,Leisure,24.59,2026-01-19 08:38:20
13659,Daily,21.31,2026-01-19 08:38:20
13659,Night Out,20.49,2026-01-19 08:38:20
13659,Business,18.03,2026-01-19 08:38:20
13659,Evening,15.57,2026-01-19 08:38:20
13660,Daily,27.43,2026-01-19 08:38:20
13660,Business,23.01,2026-01-19 08:38:20
13660,Leisure,22.12,2026-01-19 08:38:20
13661,Daily,30.0,2026-01-19 08:38:20
13661,Leisure,30.0,2026-01-19 08:38:20
13661,Business,20.0,2026-01-19 08:38:20
13663,Daily,26.47,2026-01-19 08:38:20
13663,Business,25.0,2026-01-19 08:38:20
13663,Leisure,20.59,2026-01-19 08:38:20
13663,Evening,16.18,2026-01-19 08:38:20
13664,Evening,27.03,2026-01-19 08:38:20
13664,Leisure,21.62,2026-01-19 08:38:20
13664,Night Out,21.62,2026-01-19 08:38:20
13664,Daily,17.12,2026-01-19 08:38:20
13665,Leisure,23.81,2026-01-19 08:38:20
13665,Night Out,23.81,2026-01-19 08:38:20
13665,Evening,23.81,2026-01-19 08:38:20
13667,Evening,28.86,2026-01-19 08:38:20
13667,Night Out,28.19,2026-01-19 08:38:20
13667,Leisure,21.48,2026-01-19 08:38:20
13668,Daily,28.57,2026-01-19 08:38:20
13668,Leisure,22.86,2026-01-19 08:38:20
13668,Business,22.86,2026-01-19 08:38:20
13669,Leisure,27.72,2026-01-19 08:38:20
13669,Daily,23.76,2026-01-19 08:38:20
13669,Business,23.76,2026-01-19 08:38:20
13671,Leisure,31.13,2026-01-19 08:38:20
13671,Daily,23.58,2026-01-19 08:38:20
13671,Night Out,18.87,2026-01-19 08:38:20
13671,Business,16.04,2026-01-19 08:38:20
13672,Evening,23.68,2026-01-19 08:38:20
13672,Daily,21.05,2026-01-19 08:38:20
13672,Business,21.05,2026-01-19 08:38:20
13672,Leisure,18.42,2026-01-19 08:38:20
13672,Night Out,15.79,2026-01-19 08:38:20
13673,Daily,25.86,2026-01-19 08:38:20
13673,Leisure,25.86,2026-01-19 08:38:20
13673,Business,20.69,2026-01-19 08:38:20
13675,Leisure,24.35,2026-01-19 08:38:20
13675,Night Out,23.48,2026-01-19 08:38:20
13675,Evening,23.48,2026-01-19 08:38:20
13676,Daily,17.65,2026-01-19 08:38:20
13676,Sport,17.65,2026-01-19 08:38:20
13676,Leisure,17.65,2026-01-19 08:38:20
13676,Night Out,17.65,2026-01-19 08:38:20
13676,Evening,17.65,2026-01-19 08:38:20
13677,Daily,28.74,2026-01-19 08:38:20
13677,Leisure,28.74,2026-01-19 08:38:20
13677,Business,17.24,2026-01-19 08:38:20
13679,Daily,28.57,2026-01-19 08:38:20
13679,Leisure,28.57,2026-01-19 08:38:20
13679,Business,23.81,2026-01-19 08:38:20
13680,Leisure,26.8,2026-01-19 08:38:20
13680,Night Out,22.68,2026-01-19 08:38:20
13680,Daily,20.62,2026-01-19 08:38:20
13680,Evening,19.59,2026-01-19 08:38:20
13681,Leisure,26.19,2026-01-19 08:38:20
13681,Daily,23.81,2026-01-19 08:38:20
13681,Business,16.67,2026-01-19 08:38:20
13683,Daily,31.82,2026-01-19 08:38:20
13683,Leisure,22.73,2026-01-19 08:38:20
13683,Business,18.18,2026-01-19 08:38:20
13685,Daily,30.12,2026-01-19 08:38:20
13685,Leisure,25.3,2026-01-19 08:38:20
13685,Business,22.89,2026-01-19 08:38:20
13687,Daily,30.3,2026-01-19 08:38:20
13687,Leisure,27.27,2026-01-19 08:38:20
13687,Business,27.27,2026-01-19 08:38:20
13688,Evening,23.31,2026-01-19 08:38:20
13688,Leisure,21.8,2026-01-19 08:38:20
13688,Night Out,21.05,2026-01-19 08:38:20
13688,Daily,18.8,2026-01-19 08:38:20
13688,Business,15.04,2026-01-19 08:38:20
13689,Business,25.35,2026-01-19 08:38:20
13689,Leisure,23.94,2026-01-19 08:38:20
13689,Daily,21.13,2026-01-19 08:38:20
13689,Night Out,15.49,2026-01-19 08:38:20
13691,Leisure,20.0,2026-01-19 08:38:20
13691,Business,20.0,2026-01-19 08:38:20
13691,Daily,17.5,2026-01-19 08:38:20
13691,Sport,15.0,2026-01-19 08:38:20
13691,Evening,15.0,2026-01-19 08:38:20
13692,Night Out,25.3,2026-01-19 08:38:20
13692,Leisure,22.89,2026-01-19 08:38:20
13692,Evening,19.28,2026-01-19 08:38:20
13692,Daily,18.07,2026-01-19 08:38:20
13695,Leisure,33.33,2026-01-19 08:38:20
13695,Daily,30.0,2026-01-19 08:38:20
13695,Business,23.33,2026-01-19 08:38:20
13696,Leisure,22.96,2026-01-19 08:38:20
13696,Business,22.22,2026-01-19 08:38:20
13696,Daily,21.48,2026-01-19 08:38:20
13697,Daily,29.82,2026-01-19 08:38:20
13697,Leisure,28.07,2026-01-19 08:38:20
13697,Business,26.32,2026-01-19 08:38:20
13699,Evening,33.94,2026-01-19 08:38:20
13699,Night Out,33.03,2026-01-19 08:38:20
13699,Leisure,18.35,2026-01-19 08:38:20
13700,Leisure,29.55,2026-01-19 08:38:20
13700,Daily,18.18,2026-01-19 08:38:20
13701,Daily,33.33,2026-01-19 08:38:20
13701,Leisure,30.77,2026-01-19 08:38:20
13701,Business,25.64,2026-01-19 08:38:20
13703,Evening,29.31,2026-01-19 08:38:20
13703,Night Out,28.45,2026-01-19 08:38:20
13703,Leisure,21.55,2026-01-19 08:38:20
13705,Leisure,30.91,2026-01-19 08:38:20
13705,Daily,21.82,2026-01-19 08:38:20
13705,Business,21.82,2026-01-19 08:38:20
13707,Daily,21.74,2026-01-19 08:38:20
13707,Leisure,21.74,2026-01-19 08:38:20
13707,Night Out,17.39,2026-01-19 08:38:20
13707,Business,16.3,2026-01-19 08:38:20
13707,Evening,16.3,2026-01-19 08:38:20
13708,Daily,24.39,2026-01-19 08:38:20
13708,Leisure,24.39,2026-01-19 08:38:20
13708,Business,17.07,2026-01-19 08:38:20
13709,Leisure,34.0,2026-01-19 08:38:20
13709,Daily,26.0,2026-01-19 08:38:20
13709,Sport,20.0,2026-01-19 08:38:20
13710,Daily,33.33,2026-01-19 08:38:20
13710,Sport,33.33,2026-01-19 08:38:20
13710,Leisure,33.33,2026-01-19 08:38:20
13711,Leisure,30.43,2026-01-19 08:38:20
13711,Daily,21.74,2026-01-19 08:38:20
13711,Evening,21.74,2026-01-19 08:38:20
13712,Night Out,27.69,2026-01-19 08:38:20
13712,Evening,24.62,2026-01-19 08:38:20
13712,Leisure,16.92,2026-01-19 08:38:20
13712,Daily,16.15,2026-01-19 08:38:20
13713,Daily,32.43,2026-01-19 08:38:20
13713,Leisure,32.43,2026-01-19 08:38:20
13715,Leisure,33.33,2026-01-19 08:38:20
13715,Evening,33.33,2026-01-19 08:38:20
13715,Night Out,26.67,2026-01-19 08:38:20
13716,Evening,23.08,2026-01-19 08:38:20
13716,Leisure,22.31,2026-01-19 08:38:20
13716,Night Out,21.54,2026-01-19 08:38:20
13716,Business,16.92,2026-01-19 08:38:20
13716,Daily,16.15,2026-01-19 08:38:20
13720,Leisure,29.63,2026-01-19 08:38:20
13720,Daily,25.93,2026-01-19 08:38:20
13720,Night Out,18.52,2026-01-19 08:38:20
13722,Leisure,31.52,2026-01-19 08:38:20
13722,Daily,26.09,2026-01-19 08:38:20
13722,Business,17.39,2026-01-19 08:38:20
13723,Evening,25.0,2026-01-19 08:38:20
13723,Daily,20.0,2026-01-19 08:38:20
13723,Leisure,20.0,2026-01-19 08:38:20
13723,Night Out,20.0,2026-01-19 08:38:20
13723,Business,15.0,2026-01-19 08:38:20
13724,Leisure,27.78,2026-01-19 08:38:20
13724,Night Out,27.78,2026-01-19 08:38:20
13724,Evening,27.78,2026-01-19 08:38:20
13726,Night Out,30.43,2026-01-19 08:38:20
13726,Evening,30.43,2026-01-19 08:38:20
13726,Leisure,17.39,2026-01-19 08:38:20
13727,Daily,31.25,2026-01-19 08:38:20
13727,Leisure,29.17,2026-01-19 08:38:20
13727,Business,18.75,2026-01-19 08:38:20
13728,Daily,33.33,2026-01-19 08:38:20
13728,Leisure,26.67,2026-01-19 08:38:20
13730,Leisure,24.37,2026-01-19 08:38:20
13730,Daily,22.69,2026-01-19 08:38:20
13730,Business,19.33,2026-01-19 08:38:20
13730,Night Out,16.81,2026-01-19 08:38:20
13730,Evening,16.81,2026-01-19 08:38:20
13731,Evening,29.41,2026-01-19 08:38:20
13731,Leisure,23.53,2026-01-19 08:38:20
13731,Night Out,23.53,2026-01-19 08:38:20
13732,Daily,31.82,2026-01-19 08:38:20
13732,Leisure,31.82,2026-01-19 08:38:20
13732,Business,25.0,2026-01-19 08:38:20
13734,Evening,26.61,2026-01-19 08:38:20
13734,Leisure,24.77,2026-01-19 08:38:20
13734,Night Out,22.02,2026-01-19 08:38:20
13735,Leisure,26.32,2026-01-19 08:38:20
13735,Business,26.32,2026-01-19 08:38:20
13735,Daily,24.56,2026-01-19 08:38:20
13736,Daily,30.77,2026-01-19 08:38:20
13736,Leisure,30.77,2026-01-19 08:38:20
13736,Business,30.77,2026-01-19 08:38:20
13738,Evening,27.94,2026-01-19 08:38:20
13738,Night Out,23.53,2026-01-19 08:38:20
13738,Leisure,22.06,2026-01-19 08:38:20
13739,Leisure,28.81,2026-01-19 08:38:20
13739,Business,23.73,2026-01-19 08:38:20
13739,Daily,22.03,2026-01-19 08:38:20
13740,Night Out,38.46,2026-01-19 08:38:20
13740,Evening,38.46,2026-01-19 08:38:20
13740,Daily,15.38,2026-01-19 08:38:20
13743,Leisure,28.38,2026-01-19 08:38:20
13743,Night Out,18.92,2026-01-19 08:38:20
13743,Daily,17.57,2026-01-19 08:38:20
13743,Business,17.57,2026-01-19 08:38:20
13743,Evening,17.57,2026-01-19 08:38:20
13744,Daily,29.82,2026-01-19 08:38:20
13744,Leisure,24.56,2026-01-19 08:38:20
13744,Business,19.3,2026-01-19 08:38:20
13746,Daily,33.33,2026-01-19 08:38:20
13746,Leisure,33.33,2026-01-19 08:38:20
13749,Evening,28.12,2026-01-19 08:38:20
13749,Night Out,26.56,2026-01-19 08:38:20
13749,Leisure,18.75,2026-01-19 08:38:20
13750,Daily,25.0,2026-01-19 08:38:20
13750,Leisure,25.0,2026-01-19 08:38:20
13750,Business,16.67,2026-01-19 08:38:20
13750,Evening,16.67,2026-01-19 08:38:20
13751,Daily,25.0,2026-01-19 08:38:20
13751,Leisure,25.0,2026-01-19 08:38:20
13751,Evening,20.83,2026-01-19 08:38:20
13751,Night Out,16.67,2026-01-19 08:38:20
13754,Daily,30.77,2026-01-19 08:38:20
13754,Leisure,30.77,2026-01-19 08:38:20
13754,Business,15.38,2026-01-19 08:38:20
13755,Evening,29.17,2026-01-19 08:38:20
13755,Night Out,25.0,2026-01-19 08:38:20
13755,Daily,20.83,2026-01-19 08:38:20
13755,Leisure,16.67,2026-01-19 08:38:20
13757,Leisure,37.31,2026-01-19 08:38:20
13757,Daily,16.42,2026-01-19 08:38:20
13757,Night Out,16.42,2026-01-19 08:38:20
13757,Business,16.42,2026-01-19 08:38:20
13758,Leisure,25.81,2026-01-19 08:38:20
13758,Daily,22.58,2026-01-19 08:38:20
13758,Business,22.58,2026-01-19 08:38:20
13758,Evening,16.13,2026-01-19 08:38:20
13759,Leisure,26.67,2026-01-19 08:38:20
13759,Daily,23.33,2026-01-19 08:38:20
13759,Business,23.33,2026-01-19 08:38:20
13761,Evening,28.57,2026-01-19 08:38:20
13761,Night Out,27.86,2026-01-19 08:38:20
13761,Leisure,17.14,2026-01-19 08:38:20
13762,Leisure,30.43,2026-01-19 08:38:20
13762,Night Out,17.39,2026-01-19 08:38:20
13762,Evening,17.39,2026-01-19 08:38:20
13763,Daily,33.33,2026-01-19 08:38:20
13763,Leisure,33.33,2026-01-19 08:38:20
13763,Business,33.33,2026-01-19 08:38:20
13765,Night Out,25.62,2026-01-19 08:38:20
13765,Leisure,24.79,2026-01-19 08:38:20
13765,Evening,24.79,2026-01-19 08:38:20
13767,Night Out,24.32,2026-01-19 08:38:20
13767,Evening,24.32,2026-01-19 08:38:20
13767,Daily,18.92,2026-01-19 08:38:20
13767,Leisure,18.92,2026-01-19 08:38:20
13769,Night Out,28.09,2026-01-19 08:38:20
13769,Evening,25.84,2026-01-19 08:38:20
13769,Leisure,22.47,2026-01-19 08:38:20
13770,Daily,28.57,2026-01-19 08:38:20
13770,Leisure,28.57,2026-01-19 08:38:20
13771,Leisure,26.67,2026-01-19 08:38:20
13771,Business,23.33,2026-01-19 08:38:20
13771,Daily,20.0,2026-01-19 08:38:20
13773,Leisure,25.0,2026-01-19 08:38:20
13773,Daily,19.44,2026-01-19 08:38:20
13773,Business,16.67,2026-01-19 08:38:20
13773,Evening,16.67,2026-01-19 08:38:20
13779,Daily,34.48,2026-01-19 08:38:20
13779,Leisure,34.48,2026-01-19 08:38:20
13781,Evening,24.0,2026-01-19 08:38:20
13781,Leisure,22.4,2026-01-19 08:38:20
13781,Night Out,20.8,2026-01-19 08:38:20
13781,Business,16.8,2026-01-19 08:38:20
13781,Daily,16.0,2026-01-19 08:38:20
13783,Daily,33.33,2026-01-19 08:38:20
13783,Leisure,25.0,2026-01-19 08:38:20
13783,Business,25.0,2026-01-19 08:38:20
13783,Sport,16.67,2026-01-19 08:38:20
13784,Night Out,28.09,2026-01-19 08:38:20
13784,Evening,26.97,2026-01-19 08:38:20
13784,Leisure,19.1,2026-01-19 08:38:20
13784,Daily,15.73,2026-01-19 08:38:20
13786,Daily,33.33,2026-01-19 08:38:20
13786,Leisure,30.3,2026-01-19 08:38:20
13786,Business,21.21,2026-01-19 08:38:20
13788,Leisure,24.39,2026-01-19 08:38:20
13788,Night Out,23.17,2026-01-19 08:38:20
13788,Evening,21.95,2026-01-19 08:38:20
13788,Daily,17.07,2026-01-19 08:38:20
13790,Leisure,26.47,2026-01-19 08:38:20
13790,Business,26.47,2026-01-19 08:38:20
13790,Daily,23.53,2026-01-19 08:38:20
13792,Night Out,26.5,2026-01-19 08:38:20
13792,Evening,24.79,2026-01-19 08:38:20
13792,Leisure,19.66,2026-01-19 08:38:20
13792,Business,15.38,2026-01-19 08:38:20
13794,Evening,33.33,2026-01-19 08:38:20
13794,Leisure,25.0,2026-01-19 08:38:20
13794,Night Out,25.0,2026-01-19 08:38:20
13794,Business,16.67,2026-01-19 08:38:20
13795,Leisure,25.0,2026-01-19 08:38:20
13795,Night Out,18.75,2026-01-19 08:38:20
13795,Business,18.75,2026-01-19 08:38:20
13795,Evening,18.75,2026-01-19 08:38:20
13796,Night Out,27.27,2026-01-19 08:38:20
13796,Evening,27.27,2026-01-19 08:38:20
13796,Leisure,20.0,2026-01-19 08:38:20
13798,Leisure,21.95,2026-01-19 08:38:20
13798,Business,21.95,2026-01-19 08:38:20
13798,Evening,21.95,2026-01-19 08:38:20
13798,Daily,17.07,2026-01-19 08:38:20
13798,Night Out,17.07,2026-01-19 08:38:20
13799,Daily,23.81,2026-01-19 08:38:20
13799,Sport,19.05,2026-01-19 08:38:20
13799,Leisure,19.05,2026-01-19 08:38:20
13800,Leisure,26.58,2026-01-19 08:38:20
13800,Night Out,21.52,2026-01-19 08:38:20
13800,Daily,18.99,2026-01-19 08:38:20
13800,Business,16.46,2026-01-19 08:38:20
13800,Evening,16.46,2026-01-19 08:38:20
13802,Daily,22.73,2026-01-19 08:38:20
13802,Business,22.73,2026-01-19 08:38:20
13802,Leisure,18.18,2026-01-19 08:38:20
13802,Night Out,18.18,2026-01-19 08:38:20
13802,Evening,18.18,2026-01-19 08:38:20
13803,Night Out,33.33,2026-01-19 08:38:20
13803,Evening,33.33,2026-01-19 08:38:20
13805,Daily,27.27,2026-01-19 08:38:20
13805,Leisure,25.97,2026-01-19 08:38:20
13805,Business,19.48,2026-01-19 08:38:20
13806,Leisure,25.0,2026-01-19 08:38:20
13806,Daily,20.0,2026-01-19 08:38:20
13806,Business,20.0,2026-01-19 08:38:20
13806,Night Out,15.0,2026-01-19 08:38:20
13807,Leisure,29.41,2026-01-19 08:38:20
13807,Business,29.41,2026-01-19 08:38:20
13807,Daily,17.65,2026-01-19 08:38:20
13809,Night Out,26.83,2026-01-19 08:38:20
13809,Leisure,24.39,2026-01-19 08:38:20
13809,Evening,24.39,2026-01-19 08:38:20
13810,Night Out,45.45,2026-01-19 08:38:20
13810,Evening,36.36,2026-01-19 08:38:20
13811,Daily,26.32,2026-01-19 08:38:20
13811,Leisure,26.32,2026-01-19 08:38:20
13811,Night Out,15.79,2026-01-19 08:38:20
13811,Business,15.79,2026-01-19 08:38:20
13811,Evening,15.79,2026-01-19 08:38:20
13813,Night Out,28.57,2026-01-19 08:38:20
13813,Evening,23.81,2026-01-19 08:38:20
13813,Leisure,20.24,2026-01-19 08:38:20
13814,Leisure,32.14,2026-01-19 08:38:20
13814,Daily,28.57,2026-01-19 08:38:20
13815,Daily,33.33,2026-01-19 08:38:20
13815,Leisure,33.33,2026-01-19 08:38:20
13815,Business,16.67,2026-01-19 08:38:20
13817,Leisure,28.57,2026-01-19 08:38:20
13817,Daily,23.81,2026-01-19 08:38:20
13817,Business,21.9,2026-01-19 08:38:20
13818,Daily,37.5,2026-01-19 08:38:20
13818,Leisure,31.25,2026-01-19 08:38:20
13822,Evening,44.44,2026-01-19 08:38:20
13822,Daily,22.22,2026-01-19 08:38:20
13822,Night Out,22.22,2026-01-19 08:38:20
13823,Daily,25.0,2026-01-19 08:38:20
13823,Leisure,25.0,2026-01-19 08:38:20
13823,Business,20.0,2026-01-19 08:38:20
13823,Night Out,15.0,2026-01-19 08:38:20
13823,Evening,15.0,2026-01-19 08:38:20
13825,Evening,28.24,2026-01-19 08:38:20
13825,Night Out,27.06,2026-01-19 08:38:20
13825,Leisure,22.35,2026-01-19 08:38:20
13826,Daily,27.78,2026-01-19 08:38:20
13826,Leisure,22.22,2026-01-19 08:38:20
13826,Night Out,16.67,2026-01-19 08:38:20
13826,Business,16.67,2026-01-19 08:38:20
13826,Evening,16.67,2026-01-19 08:38:20
13827,Daily,25.0,2026-01-19 08:38:20
13827,Leisure,25.0,2026-01-19 08:38:20
13827,Night Out,25.0,2026-01-19 08:38:20
13827,Evening,25.0,2026-01-19 08:38:20
13829,Night Out,28.26,2026-01-19 08:38:20
13829,Evening,26.09,2026-01-19 08:38:20
13829,Leisure,18.48,2026-01-19 08:38:20
13830,Daily,66.67,2026-01-19 08:38:20
13830,Leisure,33.33,2026-01-19 08:38:20
13833,Night Out,26.92,2026-01-19 08:38:20
13833,Evening,21.79,2026-01-19 08:38:20
13833,Leisure,19.23,2026-01-19 08:38:20
13833,Daily,16.67,2026-01-19 08:38:20
13833,Business,15.38,2026-01-19 08:38:20
13834,Leisure,25.0,2026-01-19 08:38:20
13834,Night Out,25.0,2026-01-19 08:38:20
13834,Evening,25.0,2026-01-19 08:38:20
13834,Daily,16.67,2026-01-19 08:38:20
13835,Daily,20.0,2026-01-19 08:38:20
13835,Leisure,20.0,2026-01-19 08:38:20
13835,Night Out,20.0,2026-01-19 08:38:20
13835,Business,20.0,2026-01-19 08:38:20
13835,Evening,20.0,2026-01-19 08:38:20
13837,Night Out,25.93,2026-01-19 08:38:20
13837,Daily,22.22,2026-01-19 08:38:20
13837,Leisure,18.52,2026-01-19 08:38:20
13837,Evening,18.52,2026-01-19 08:38:20
13841,Night Out,32.65,2026-01-19 08:38:20
13841,Evening,30.61,2026-01-19 08:38:20
13841,Leisure,18.37,2026-01-19 08:38:20
13842,Daily,29.63,2026-01-19 08:38:20
13842,Leisure,29.63,2026-01-19 08:38:20
13842,Business,18.52,2026-01-19 08:38:20
13843,Daily,23.08,2026-01-19 08:38:20
13843,Night Out,23.08,2026-01-19 08:38:20
13843,Evening,23.08,2026-01-19 08:38:20
13843,Leisure,15.38,2026-01-19 08:38:20
13843,Business,15.38,2026-01-19 08:38:20
13845,Leisure,24.66,2026-01-19 08:38:20
13845,Daily,23.29,2026-01-19 08:38:20
13845,Business,21.92,2026-01-19 08:38:20
13845,Night Out,17.81,2026-01-19 08:38:20
13846,Night Out,24.14,2026-01-19 08:38:20
13846,Evening,24.14,2026-01-19 08:38:20
13846,Daily,20.69,2026-01-19 08:38:20
13846,Leisure,17.24,2026-01-19 08:38:20
13847,Daily,25.0,2026-01-19 08:38:20
13847,Leisure,25.0,2026-01-19 08:38:20
13847,Night Out,18.75,2026-01-19 08:38:20
13847,Evening,18.75,2026-01-19 08:38:20
13849,Leisure,26.87,2026-01-19 08:38:20
13849,Daily,20.9,2026-01-19 08:38:20
13849,Business,20.9,2026-01-19 08:38:20
13850,Leisure,27.27,2026-01-19 08:38:20
13850,Night Out,27.27,2026-01-19 08:38:20
13850,Evening,27.27,2026-01-19 08:38:20
13851,Daily,26.32,2026-01-19 08:38:20
13851,Leisure,26.32,2026-01-19 08:38:20
13851,Night Out,15.79,2026-01-19 08:38:20
13851,Evening,15.79,2026-01-19 08:38:20
13853,Leisure,27.27,2026-01-19 08:38:20
13853,Night Out,27.27,2026-01-19 08:38:20
13853,Evening,27.27,2026-01-19 08:38:20
13853,Business,18.18,2026-01-19 08:38:20
13854,Night Out,30.0,2026-01-19 08:38:20
13854,Evening,28.57,2026-01-19 08:38:20
13854,Leisure,20.0,2026-01-19 08:38:20
13855,Daily,33.33,2026-01-19 08:38:20
13855,Leisure,33.33,2026-01-19 08:38:20
13855,Business,33.33,2026-01-19 08:38:20
13857,Night Out,38.89,2026-01-19 08:38:20
13857,Evening,33.33,2026-01-19 08:38:20
13858,Daily,40.0,2026-01-19 08:38:20
13858,Leisure,40.0,2026-01-19 08:38:20
13858,Business,20.0,2026-01-19 08:38:20
13861,Evening,29.85,2026-01-19 08:38:20
13861,Night Out,26.87,2026-01-19 08:38:20
13861,Leisure,19.4,2026-01-19 08:38:20
13862,Daily,22.22,2026-01-19 08:38:20
13862,Leisure,22.22,2026-01-19 08:38:20
13862,Business,22.22,2026-01-19 08:38:20
13862,Evening,16.67,2026-01-19 08:38:20
13863,Night Out,33.33,2026-01-19 08:38:20
13863,Daily,16.67,2026-01-19 08:38:20
13863,Leisure,16.67,2026-01-19 08:38:20
13863,Business,16.67,2026-01-19 08:38:20
13863,Evening,16.67,2026-01-19 08:38:20
13865,Leisure,33.33,2026-01-19 08:38:20
13865,Night Out,33.33,2026-01-19 08:38:20
13865,Evening,33.33,2026-01-19 08:38:20
13866,Night Out,23.75,2026-01-19 08:38:20
13866,Evening,23.75,2026-01-19 08:38:20
13866,Leisure,18.75,2026-01-19 08:38:20
13866,Daily,17.5,2026-01-19 08:38:20
13866,Business,16.25,2026-01-19 08:38:20
13869,Leisure,28.36,2026-01-19 08:38:20
13869,Business,20.9,2026-01-19 08:38:20
13869,Daily,17.91,2026-01-19 08:38:20
13869,Night Out,16.42,2026-01-19 08:38:20
13870,Daily,31.82,2026-01-19 08:38:20
13870,Business,31.82,2026-01-19 08:38:20
13870,Leisure,22.73,2026-01-19 08:38:20
13873,Leisure,25.71,2026-01-19 08:38:20
13873,Night Out,25.71,2026-01-19 08:38:20
13873,Evening,18.57,2026-01-19 08:38:20
13873,Business,15.71,2026-01-19 08:38:20
13876,Daily,20.0,2026-01-19 08:38:20
13876,Leisure,20.0,2026-01-19 08:38:20
13876,Night Out,20.0,2026-01-19 08:38:20
13876,Business,20.0,2026-01-19 08:38:20
13876,Evening,20.0,2026-01-19 08:38:20
13877,Evening,30.43,2026-01-19 08:38:20
13877,Night Out,27.54,2026-01-19 08:38:20
13877,Leisure,18.84,2026-01-19 08:38:20
13881,Leisure,27.59,2026-01-19 08:38:20
13881,Daily,24.14,2026-01-19 08:38:20
13881,Business,22.41,2026-01-19 08:38:20
13881,Night Out,15.52,2026-01-19 08:38:20
13882,Daily,40.0,2026-01-19 08:38:20
13882,Leisure,40.0,2026-01-19 08:38:20
13885,Night Out,32.43,2026-01-19 08:38:20
13885,Evening,29.73,2026-01-19 08:38:20
13885,Leisure,27.03,2026-01-19 08:38:20
13886,Daily,33.33,2026-01-19 08:38:20
13886,Leisure,33.33,2026-01-19 08:38:20
13888,Leisure,50.0,2026-01-19 08:38:20
13888,Night Out,50.0,2026-01-19 08:38:20
13890,Daily,33.33,2026-01-19 08:38:20
13890,Night Out,33.33,2026-01-19 08:38:20
13890,Evening,33.33,2026-01-19 08:38:20
13894,Leisure,25.0,2026-01-19 08:38:20
13894,Night Out,25.0,2026-01-19 08:38:20
13894,Evening,25.0,2026-01-19 08:38:20
13896,Leisure,36.36,2026-01-19 08:38:20
13896,Daily,27.27,2026-01-19 08:38:20
13896,Sport,18.18,2026-01-19 08:38:20
13900,Daily,35.71,2026-01-19 08:38:20
13900,Leisure,28.57,2026-01-19 08:38:20
13902,Leisure,25.0,2026-01-19 08:38:20
13902,Night Out,25.0,2026-01-19 08:38:20
13902,Evening,25.0,2026-01-19 08:38:20
13904,Leisure,29.41,2026-01-19 08:38:20
13904,Business,29.41,2026-01-19 08:38:20
13904,Daily,23.53,2026-01-19 08:38:20
13912,Night Out,30.77,2026-01-19 08:38:20
13912,Evening,30.77,2026-01-19 08:38:20
13912,Daily,15.38,2026-01-19 08:38:20
13912,Leisure,15.38,2026-01-19 08:38:20
13914,Night Out,31.25,2026-01-19 08:38:20
13914,Evening,31.25,2026-01-19 08:38:20
13914,Leisure,18.75,2026-01-19 08:38:20
13915,Daily,33.33,2026-01-19 08:38:20
13915,Sport,25.0,2026-01-19 08:38:20
13915,Leisure,25.0,2026-01-19 08:38:20
13915,Business,16.67,2026-01-19 08:38:20
13917,Daily,50.0,2026-01-19 08:38:20
13917,Leisure,50.0,2026-01-19 08:38:20
13918,Evening,50.0,2026-01-19 08:38:20
13918,Night Out,25.0,2026-01-19 08:38:20
13918,Business,25.0,2026-01-19 08:38:20
13919,Evening,30.0,2026-01-19 08:38:20
13919,Daily,20.0,2026-01-19 08:38:20
13919,Leisure,20.0,2026-01-19 08:38:20
13919,Night Out,20.0,2026-01-19 08:38:20
13927,Daily,20.0,2026-01-19 08:38:20
13927,Sport,20.0,2026-01-19 08:38:20
13927,Leisure,20.0,2026-01-19 08:38:20
13927,Business,20.0,2026-01-19 08:38:20
13927,Evening,20.0,2026-01-19 08:38:20
13935,Daily,50.0,2026-01-19 08:38:20
13935,Leisure,50.0,2026-01-19 08:38:20
13942,Leisure,50.0,2026-01-19 08:38:20
13942,Night Out,50.0,2026-01-19 08:38:20
13947,Leisure,50.0,2026-01-19 08:38:20
13947,Business,50.0,2026-01-19 08:38:20
13959,Daily,25.0,2026-01-19 08:38:20
13959,Night Out,25.0,2026-01-19 08:38:20
13959,Business,25.0,2026-01-19 08:38:20
13959,Evening,25.0,2026-01-19 08:38:20
13973,Leisure,27.59,2026-01-19 08:38:20
13973,Night Out,25.86,2026-01-19 08:38:20
13973,Daily,18.97,2026-01-19 08:38:20
13973,Evening,17.24,2026-01-19 08:38:20
13977,Daily,23.71,2026-01-19 08:38:20
13977,Leisure,23.71,2026-01-19 08:38:20
13977,Business,22.68,2026-01-19 08:38:20
13981,Leisure,25.0,2026-01-19 08:38:20
13981,Evening,21.05,2026-01-19 08:38:20
13981,Night Out,19.74,2026-01-19 08:38:20
13981,Daily,17.11,2026-01-19 08:38:20
13981,Business,17.11,2026-01-19 08:38:20
13985,Daily,27.12,2026-01-19 08:38:20
13985,Leisure,25.42,2026-01-19 08:38:20
13985,Business,22.03,2026-01-19 08:38:20
13988,Leisure,23.21,2026-01-19 08:38:20
13988,Evening,21.43,2026-01-19 08:38:20
13988,Daily,19.64,2026-01-19 08:38:20
13988,Night Out,19.64,2026-01-19 08:38:20
13988,Business,16.07,2026-01-19 08:38:20
13992,Daily,25.64,2026-01-19 08:38:20
13992,Leisure,25.64,2026-01-19 08:38:20
13992,Night Out,15.38,2026-01-19 08:38:20
13992,Business,15.38,2026-01-19 08:38:20
13996,Leisure,26.42,2026-01-19 08:38:20
13996,Business,24.53,2026-01-19 08:38:20
13996,Daily,18.87,2026-01-19 08:38:20
14000,Night Out,33.33,2026-01-19 08:38:20
14000,Evening,27.45,2026-01-19 08:38:20
14000,Leisure,15.69,2026-01-19 08:38:20
14005,Night Out,33.33,2026-01-19 08:38:20
14005,Evening,25.0,2026-01-19 08:38:20
14005,Leisure,22.22,2026-01-19 08:38:20
14009,Leisure,25.32,2026-01-19 08:38:20
14009,Daily,22.78,2026-01-19 08:38:20
14009,Business,21.52,2026-01-19 08:38:20
14014,Evening,24.07,2026-01-19 08:38:20
14014,Daily,22.22,2026-01-19 08:38:20
14014,Leisure,20.37,2026-01-19 08:38:20
14014,Night Out,20.37,2026-01-19 08:38:20
14017,Daily,26.0,2026-01-19 08:38:20
14017,Leisure,26.0,2026-01-19 08:38:20
14017,Business,22.0,2026-01-19 08:38:20
14017,Night Out,18.0,2026-01-19 08:38:20
14022,Evening,28.57,2026-01-19 08:38:20
14022,Night Out,26.19,2026-01-19 08:38:20
14022,Leisure,21.43,2026-01-19 08:38:20
14025,Evening,26.23,2026-01-19 08:38:20
14025,Night Out,24.59,2026-01-19 08:38:20
14025,Leisure,22.95,2026-01-19 08:38:20
14029,Daily,28.57,2026-01-19 08:38:20
14029,Leisure,26.19,2026-01-19 08:38:20
14029,Business,26.19,2026-01-19 08:38:20
14033,Evening,22.95,2026-01-19 08:38:20
14033,Daily,21.31,2026-01-19 08:38:20
14033,Leisure,21.31,2026-01-19 08:38:20
14033,Night Out,21.31,2026-01-19 08:38:20
14037,Night Out,32.56,2026-01-19 08:38:20
14037,Evening,30.23,2026-01-19 08:38:20
14037,Leisure,16.28,2026-01-19 08:38:20
14042,Night Out,25.93,2026-01-19 08:38:20
14042,Evening,25.93,2026-01-19 08:38:20
14042,Leisure,20.37,2026-01-19 08:38:20
14049,Leisure,23.08,2026-01-19 08:38:20
14049,Night Out,20.51,2026-01-19 08:38:20
14049,Business,20.51,2026-01-19 08:38:20
14049,Evening,20.51,2026-01-19 08:38:20
14049,Daily,15.38,2026-01-19 08:38:20
14090,Leisure,27.59,2026-01-19 08:38:20
14090,Business,20.69,2026-01-19 08:38:20
14090,Night Out,18.97,2026-01-19 08:38:20
14090,Daily,17.24,2026-01-19 08:38:20
14094,Evening,29.73,2026-01-19 08:38:20
14094,Leisure,27.03,2026-01-19 08:38:20
14094,Night Out,18.92,2026-01-19 08:38:20
14094,Daily,16.22,2026-01-19 08:38:20
14102,Night Out,23.4,2026-01-19 08:38:20
14102,Leisure,21.28,2026-01-19 08:38:20
14102,Evening,21.28,2026-01-19 08:38:20
14102,Daily,17.02,2026-01-19 08:38:20
14102,Business,17.02,2026-01-19 08:38:20
14106,Night Out,24.49,2026-01-19 08:38:20
14106,Leisure,22.45,2026-01-19 08:38:20
14106,Daily,20.41,2026-01-19 08:38:20
14106,Evening,18.37,2026-01-19 08:38:20
14110,Daily,23.08,2026-01-19 08:38:20
14110,Leisure,23.08,2026-01-19 08:38:20
14110,Night Out,23.08,2026-01-19 08:38:20
14110,Business,19.23,2026-01-19 08:38:20
14114,Daily,22.86,2026-01-19 08:38:20
14114,Night Out,22.86,2026-01-19 08:38:20
14114,Evening,22.86,2026-01-19 08:38:20
14114,Business,17.14,2026-01-19 08:38:20
14118,Evening,28.12,2026-01-19 08:38:20
14118,Night Out,21.88,2026-01-19 08:38:20
14118,Leisure,18.75,2026-01-19 08:38:20
14118,Business,18.75,2026-01-19 08:38:20
14122,Night Out,28.57,2026-01-19 08:38:20
14122,Evening,21.43,2026-01-19 08:38:20
14122,Leisure,19.05,2026-01-19 08:38:20
14122,Daily,16.67,2026-01-19 08:38:20
14126,Evening,27.08,2026-01-19 08:38:20
14126,Night Out,22.92,2026-01-19 08:38:20
14126,Leisure,20.83,2026-01-19 08:38:20
14130,Night Out,30.0,2026-01-19 08:38:20
14130,Evening,25.0,2026-01-19 08:38:20
14130,Leisure,20.0,2026-01-19 08:38:20
14130,Business,15.0,2026-01-19 08:38:20
14134,Leisure,28.21,2026-01-19 08:38:20
14134,Daily,25.64,2026-01-19 08:38:20
14134,Business,23.08,2026-01-19 08:38:20
14138,Night Out,22.45,2026-01-19 08:38:20
14138,Evening,22.45,2026-01-19 08:38:20
14138,Business,20.41,2026-01-19 08:38:20
14138,Leisure,18.37,2026-01-19 08:38:20
14138,Daily,16.33,2026-01-19 08:38:20
14141,Daily,23.68,2026-01-19 08:38:20
14141,Leisure,23.68,2026-01-19 08:38:20
14141,Night Out,18.42,2026-01-19 08:38:20
14141,Evening,18.42,2026-01-19 08:38:20
14141,Business,15.79,2026-01-19 08:38:20
14145,Night Out,27.59,2026-01-19 08:38:20
14145,Daily,20.69,2026-01-19 08:38:20
14145,Evening,20.69,2026-01-19 08:38:20
14145,Business,17.24,2026-01-19 08:38:20
14150,Leisure,26.47,2026-01-19 08:38:20
14150,Business,20.59,2026-01-19 08:38:20
14150,Daily,17.65,2026-01-19 08:38:20
14150,Night Out,17.65,2026-01-19 08:38:20
14150,Evening,17.65,2026-01-19 08:38:20
14151,Leisure,26.3,2026-01-19 08:38:20
14151,Daily,23.38,2026-01-19 08:38:20
14151,Business,21.43,2026-01-19 08:38:20
14151,Evening,15.91,2026-01-19 08:38:20
14153,Leisure,23.68,2026-01-19 08:38:20
14153,Night Out,23.68,2026-01-19 08:38:20
14153,Daily,21.05,2026-01-19 08:38:20
14153,Business,15.79,2026-01-19 08:38:20
14153,Evening,15.79,2026-01-19 08:38:20
14155,Leisure,24.23,2026-01-19 08:38:20
14155,Evening,22.31,2026-01-19 08:38:20
14155,Daily,19.23,2026-01-19 08:38:20
14155,Business,17.31,2026-01-19 08:38:20
14155,Night Out,16.92,2026-01-19 08:38:20
14157,Daily,28.57,2026-01-19 08:38:20
14157,Night Out,25.0,2026-01-19 08:38:20
14157,Evening,25.0,2026-01-19 08:38:20
14159,Leisure,25.5,2026-01-19 08:38:20
14159,Daily,24.3,2026-01-19 08:38:20
14159,Business,22.71,2026-01-19 08:38:20
14162,Leisure,33.33,2026-01-19 08:38:20
14162,Night Out,20.0,2026-01-19 08:38:20
14162,Daily,16.67,2026-01-19 08:38:20
14162,Business,16.67,2026-01-19 08:38:20
14163,Leisure,26.51,2026-01-19 08:38:20
14163,Business,24.19,2026-01-19 08:38:20
14163,Daily,23.26,2026-01-19 08:38:20
14166,Leisure,22.86,2026-01-19 08:38:20
14166,Business,22.86,2026-01-19 08:38:20
14166,Evening,20.0,2026-01-19 08:38:20
14166,Daily,17.14,2026-01-19 08:38:20
14166,Night Out,17.14,2026-01-19 08:38:20
14167,Daily,29.65,2026-01-19 08:38:20
14167,Leisure,27.64,2026-01-19 08:38:20
14167,Business,23.12,2026-01-19 08:38:20
14170,Leisure,25.0,2026-01-19 08:38:20
14170,Night Out,25.0,2026-01-19 08:38:20
14170,Evening,20.0,2026-01-19 08:38:20
14170,Daily,15.0,2026-01-19 08:38:20
14170,Business,15.0,2026-01-19 08:38:20
14171,Leisure,25.14,2026-01-19 08:38:20
14171,Daily,24.0,2026-01-19 08:38:20
14171,Business,20.0,2026-01-19 08:38:20
14171,Evening,17.71,2026-01-19 08:38:20
14174,Night Out,35.71,2026-01-19 08:38:20
14174,Evening,35.71,2026-01-19 08:38:20
14175,Leisure,28.21,2026-01-19 08:38:20
14175,Daily,26.15,2026-01-19 08:38:20
14175,Business,22.56,2026-01-19 08:38:20
14178,Leisure,27.27,2026-01-19 08:38:20
14178,Daily,22.73,2026-01-19 08:38:20
14178,Night Out,18.18,2026-01-19 08:38:20
14178,Evening,18.18,2026-01-19 08:38:20
14179,Leisure,26.78,2026-01-19 08:38:20
14179,Daily,25.14,2026-01-19 08:38:20
14179,Business,21.86,2026-01-19 08:38:20
14182,Leisure,33.33,2026-01-19 08:38:20
14182,Night Out,33.33,2026-01-19 08:38:20
14182,Business,33.33,2026-01-19 08:38:20
14183,Daily,27.17,2026-01-19 08:38:20
14183,Leisure,25.54,2026-01-19 08:38:20
14183,Business,24.46,2026-01-19 08:38:20
14187,Daily,27.96,2026-01-19 08:38:20
14187,Leisure,27.96,2026-01-19 08:38:20
14187,Business,22.58,2026-01-19 08:38:20
14190,Daily,28.57,2026-01-19 08:38:20
14190,Leisure,28.57,2026-01-19 08:38:20
14191,Leisure,35.29,2026-01-19 08:38:20
14191,Daily,25.21,2026-01-19 08:38:20
14191,Business,15.13,2026-01-19 08:38:20
14194,Leisure,33.33,2026-01-19 08:38:20
14194,Night Out,33.33,2026-01-19 08:38:20
14194,Business,33.33,2026-01-19 08:38:20
14195,Leisure,26.62,2026-01-19 08:38:20
14195,Daily,23.38,2026-01-19 08:38:20
14195,Business,21.43,2026-01-19 08:38:20
14195,Evening,15.58,2026-01-19 08:38:20
14203,Leisure,30.51,2026-01-19 08:38:20
14203,Daily,24.58,2026-01-19 08:38:20
14203,Business,20.34,2026-01-19 08:38:20
14207,Daily,22.05,2026-01-19 08:38:20
14207,Evening,20.17,2026-01-19 08:38:20
14207,Leisure,19.43,2026-01-19 08:38:20
14207,Night Out,19.33,2026-01-19 08:38:20
14207,Business,19.03,2026-01-19 08:38:20
14210,Leisure,26.88,2026-01-19 08:38:20
14210,Daily,25.81,2026-01-19 08:38:20
14210,Business,23.66,2026-01-19 08:38:20
14211,Daily,27.73,2026-01-19 08:38:20
14211,Leisure,24.3,2026-01-19 08:38:20
14211,Business,23.88,2026-01-19 08:38:20
14214,Leisure,26.95,2026-01-19 08:38:20
14214,Daily,20.57,2026-01-19 08:38:20
14214,Evening,18.44,2026-01-19 08:38:20
14214,Business,17.73,2026-01-19 08:38:20
14214,Night Out,16.31,2026-01-19 08:38:20
14215,Daily,24.55,2026-01-19 08:38:20
14215,Leisure,22.4,2026-01-19 08:38:20
14215,Business,19.42,2026-01-19 08:38:20
14215,Evening,17.08,2026-01-19 08:38:20
14215,Night Out,16.56,2026-01-19 08:38:20
14218,Evening,22.1,2026-01-19 08:38:20
14218,Night Out,21.57,2026-01-19 08:38:20
14218,Leisure,20.79,2026-01-19 08:38:20
14218,Daily,20.17,2026-01-19 08:38:20
14218,Business,15.37,2026-01-19 08:38:20
14219,Evening,27.5,2026-01-19 08:38:20
14219,Leisure,25.0,2026-01-19 08:38:20
14219,Night Out,18.75,2026-01-19 08:38:20
14219,Daily,16.25,2026-01-19 08:38:20
14222,Leisure,25.0,2026-01-19 08:38:20
14222,Evening,21.25,2026-01-19 08:38:20
14222,Night Out,20.0,2026-01-19 08:38:20
14222,Daily,18.75,2026-01-19 08:38:20
14222,Business,15.0,2026-01-19 08:38:20
14223,Daily,22.53,2026-01-19 08:38:20
14223,Leisure,21.01,2026-01-19 08:38:20
14223,Business,19.87,2026-01-19 08:38:20
14223,Evening,19.2,2026-01-19 08:38:20
14223,Night Out,17.4,2026-01-19 08:38:20
14226,Daily,25.96,2026-01-19 08:38:20
14226,Leisure,25.96,2026-01-19 08:38:20
14226,Business,22.12,2026-01-19 08:38:20
14227,Daily,24.11,2026-01-19 08:38:20
14227,Leisure,22.65,2026-01-19 08:38:20
14227,Business,21.5,2026-01-19 08:38:20
14227,Evening,17.12,2026-01-19 08:38:20
14230,Daily,25.0,2026-01-19 08:38:20
14230,Leisure,25.0,2026-01-19 08:38:20
14230,Business,22.58,2026-01-19 08:38:20
14232,Evening,23.91,2026-01-19 08:38:20
14232,Night Out,23.63,2026-01-19 08:38:20
14232,Daily,19.13,2026-01-19 08:38:20
14232,Leisure,18.28,2026-01-19 08:38:20
14232,Business,15.05,2026-01-19 08:38:20
14234,Leisure,29.21,2026-01-19 08:38:20
14234,Daily,23.6,2026-01-19 08:38:20
14234,Business,19.1,2026-01-19 08:38:20
14236,Daily,24.65,2026-01-19 08:38:20
14236,Business,22.08,2026-01-19 08:38:20
14236,Leisure,20.8,2026-01-19 08:38:20
14236,Evening,16.56,2026-01-19 08:38:20
14236,Night Out,15.92,2026-01-19 08:38:20
14239,Leisure,26.36,2026-01-19 08:38:20
14239,Daily,22.73,2026-01-19 08:38:20
14239,Business,21.82,2026-01-19 08:38:20
14239,Evening,20.0,2026-01-19 08:38:20
14243,Evening,23.55,2026-01-19 08:38:20
14243,Night Out,20.56,2026-01-19 08:38:20
14243,Leisure,19.91,2026-01-19 08:38:20
14243,Business,18.42,2026-01-19 08:38:20
14243,Daily,17.56,2026-01-19 08:38:20
14244,Leisure,25.81,2026-01-19 08:38:20
14244,Evening,22.58,2026-01-19 08:38:20
14244,Night Out,20.97,2026-01-19 08:38:20
14244,Daily,19.35,2026-01-19 08:38:20
14247,Daily,23.58,2026-01-19 08:38:20
14247,Leisure,23.14,2026-01-19 08:38:20
14247,Business,22.05,2026-01-19 08:38:20
14248,Leisure,32.65,2026-01-19 08:38:20
14248,Evening,20.41,2026-01-19 08:38:20
14248,Night Out,16.33,2026-01-19 08:38:20
14251,Daily,23.21,2026-01-19 08:38:20
14251,Leisure,22.51,2026-01-19 08:38:20
14251,Business,20.24,2026-01-19 08:38:20
14251,Night Out,17.45,2026-01-19 08:38:20
14251,Evening,16.58,2026-01-19 08:38:20
14252,Daily,32.81,2026-01-19 08:38:20
14252,Leisure,29.69,2026-01-19 08:38:20
14252,Business,21.88,2026-01-19 08:38:20
14255,Leisure,25.11,2026-01-19 08:38:20
14255,Daily,23.58,2026-01-19 08:38:20
14255,Business,21.62,2026-01-19 08:38:20
14256,Leisure,22.81,2026-01-19 08:38:20
14256,Daily,21.05,2026-01-19 08:38:20
14256,Evening,19.3,2026-01-19 08:38:20
14256,Night Out,15.79,2026-01-19 08:38:20
14260,Leisure,30.56,2026-01-19 08:38:20
14260,Daily,26.39,2026-01-19 08:38:20
14260,Business,23.61,2026-01-19 08:38:20
14263,Leisure,22.41,2026-01-19 08:38:20
14263,Business,22.41,2026-01-19 08:38:20
14263,Daily,20.69,2026-01-19 08:38:20
14263,Evening,18.97,2026-01-19 08:38:20
14263,Night Out,15.52,2026-01-19 08:38:20
14264,Leisure,29.22,2026-01-19 08:38:20
14264,Daily,27.08,2026-01-19 08:38:20
14264,Business,21.18,2026-01-19 08:38:20
14267,Leisure,24.56,2026-01-19 08:38:20
14267,Daily,22.81,2026-01-19 08:38:20
14267,Evening,21.05,2026-01-19 08:38:20
14267,Night Out,15.79,2026-01-19 08:38:20
14267,Business,15.79,2026-01-19 08:38:20
14268,Evening,24.14,2026-01-19 08:38:20
14268,Leisure,21.55,2026-01-19 08:38:20
14268,Night Out,20.4,2026-01-19 08:38:20
14268,Daily,17.53,2026-01-19 08:38:20
14268,Business,16.38,2026-01-19 08:38:20
14269,Daily,25.0,2026-01-19 08:38:20
14269,Leisure,25.0,2026-01-19 08:38:20
14269,Night Out,25.0,2026-01-19 08:38:20
14269,Business,25.0,2026-01-19 08:38:20
14271,Leisure,25.35,2026-01-19 08:38:20
14271,Daily,23.94,2026-01-19 08:38:20
14271,Business,22.54,2026-01-19 08:38:20
14272,Daily,26.27,2026-01-19 08:38:20
14272,Business,24.03,2026-01-19 08:38:20
14272,Leisure,23.63,2026-01-19 08:38:20
14275,Leisure,22.86,2026-01-19 08:38:20
14275,Daily,20.0,2026-01-19 08:38:20
14275,Business,17.14,2026-01-19 08:38:20
14275,Evening,15.71,2026-01-19 08:38:20
14276,Daily,27.17,2026-01-19 08:38:20
14276,Leisure,23.7,2026-01-19 08:38:20
14276,Business,23.12,2026-01-19 08:38:20
14280,Daily,22.79,2026-01-19 08:38:20
14280,Night Out,19.73,2026-01-19 08:38:20
14280,Evening,19.73,2026-01-19 08:38:20
14280,Leisure,19.39,2026-01-19 08:38:20
14280,Business,18.37,2026-01-19 08:38:20
14283,Leisure,29.17,2026-01-19 08:38:20
14283,Daily,25.0,2026-01-19 08:38:20
14283,Business,20.83,2026-01-19 08:38:20
14284,Evening,22.92,2026-01-19 08:38:20
14284,Leisure,20.83,2026-01-19 08:38:20
14284,Night Out,20.83,2026-01-19 08:38:20
14284,Business,19.17,2026-01-19 08:38:20
14284,Daily,16.25,2026-01-19 08:38:20
14287,Leisure,30.77,2026-01-19 08:38:20
14287,Daily,23.08,2026-01-19 08:38:20
14287,Business,23.08,2026-01-19 08:38:20
14287,Evening,15.38,2026-01-19 08:38:20
14290,Leisure,23.75,2026-01-19 08:38:20
14290,Night Out,20.31,2026-01-19 08:38:20
14290,Daily,19.92,2026-01-19 08:38:20
14290,Evening,18.77,2026-01-19 08:38:20
14290,Business,17.24,2026-01-19 08:38:20
14291,Leisure,29.79,2026-01-19 08:38:20
14291,Daily,21.28,2026-01-19 08:38:20
14291,Business,21.28,2026-01-19 08:38:20
14294,Leisure,25.0,2026-01-19 08:38:20
14294,Daily,24.62,2026-01-19 08:38:20
14294,Business,22.69,2026-01-19 08:38:20
14295,Leisure,22.86,2026-01-19 08:38:20
14295,Daily,20.0,2026-01-19 08:38:20
14295,Business,20.0,2026-01-19 08:38:20
14295,Night Out,18.57,2026-01-19 08:38:20
14295,Evening,18.57,2026-01-19 08:38:20
14298,Daily,27.78,2026-01-19 08:38:20
14298,Leisure,27.78,2026-01-19 08:38:20
14298,Business,22.22,2026-01-19 08:38:20
14299,Business,28.57,2026-01-19 08:38:20
14299,Leisure,26.19,2026-01-19 08:38:20
14299,Daily,21.43,2026-01-19 08:38:20
14302,Daily,27.06,2026-01-19 08:38:20
14302,Business,25.08,2026-01-19 08:38:20
14302,Leisure,23.1,2026-01-19 08:38:20
14303,Leisure,26.47,2026-01-19 08:38:20
14303,Daily,23.53,2026-01-19 08:38:20
14303,Business,17.65,2026-01-19 08:38:20
14306,Leisure,24.0,2026-01-19 08:38:20
14306,Evening,24.0,2026-01-19 08:38:20
14306,Daily,20.0,2026-01-19 08:38:20
14306,Business,18.0,2026-01-19 08:38:20
14307,Night Out,26.63,2026-01-19 08:38:20
14307,Evening,26.09,2026-01-19 08:38:20
14307,Daily,17.39,2026-01-19 08:38:20
14307,Leisure,15.76,2026-01-19 08:38:20
14310,Leisure,24.39,2026-01-19 08:38:20
14310,Business,24.39,2026-01-19 08:38:20
14310,Daily,21.95,2026-01-19 08:38:20
14310,Evening,17.07,2026-01-19 08:38:20
14311,Daily,26.73,2026-01-19 08:38:20
14311,Leisure,26.73,2026-01-19 08:38:20
14311,Business,25.35,2026-01-19 08:38:20
14314,Leisure,25.0,2026-01-19 08:38:20
14314,Night Out,25.0,2026-01-19 08:38:20
14314,Evening,25.0,2026-01-19 08:38:20
14314,Daily,15.0,2026-01-19 08:38:20
14315,Daily,24.52,2026-01-19 08:38:20
14315,Leisure,22.58,2026-01-19 08:38:20
14315,Business,18.71,2026-01-19 08:38:20
14318,Leisure,35.0,2026-01-19 08:38:20
14318,Daily,25.0,2026-01-19 08:38:20
14318,Business,17.5,2026-01-19 08:38:20
14318,Night Out,15.0,2026-01-19 08:38:20
14320,Business,23.08,2026-01-19 08:38:20
14320,Daily,22.56,2026-01-19 08:38:20
14320,Leisure,22.05,2026-01-19 08:38:20
14320,Evening,16.92,2026-01-19 08:38:20
14320,Night Out,15.38,2026-01-19 08:38:20
14322,Daily,33.33,2026-01-19 08:38:20
14322,Leisure,22.22,2026-01-19 08:38:20
14322,Business,16.67,2026-01-19 08:38:20
14322,Evening,16.67,2026-01-19 08:38:20
14324,Evening,30.53,2026-01-19 08:38:20
14324,Night Out,26.72,2026-01-19 08:38:20
14324,Leisure,17.56,2026-01-19 08:38:20
14326,Leisure,30.43,2026-01-19 08:38:20
14326,Daily,26.09,2026-01-19 08:38:20
14326,Business,26.09,2026-01-19 08:38:20
14328,Leisure,26.32,2026-01-19 08:38:20
14328,Daily,25.56,2026-01-19 08:38:20
14328,Business,24.81,2026-01-19 08:38:20
14330,Daily,23.08,2026-01-19 08:38:20
14330,Leisure,23.08,2026-01-19 08:38:20
14330,Business,23.08,2026-01-19 08:38:20
14335,Leisure,24.24,2026-01-19 08:38:20
14335,Night Out,24.24,2026-01-19 08:38:20
14335,Evening,24.24,2026-01-19 08:38:20
14335,Business,15.15,2026-01-19 08:38:20
14336,Daily,25.71,2026-01-19 08:38:20
14336,Leisure,24.76,2026-01-19 08:38:20
14336,Business,20.95,2026-01-19 08:38:20
14336,Evening,15.24,2026-01-19 08:38:20
14339,Leisure,42.86,2026-01-19 08:38:20
14339,Daily,28.57,2026-01-19 08:38:20
14340,Business,26.12,2026-01-19 08:38:20
14340,Daily,25.37,2026-01-19 08:38:20
14340,Leisure,23.13,2026-01-19 08:38:20
14343,Leisure,25.0,2026-01-19 08:38:20
14343,Business,25.0,2026-01-19 08:38:20
14343,Daily,18.75,2026-01-19 08:38:20
14345,Leisure,25.0,2026-01-19 08:38:20
14345,Daily,24.07,2026-01-19 08:38:20
14345,Business,19.44,2026-01-19 08:38:20
14345,Evening,16.67,2026-01-19 08:38:20
14347,Evening,30.0,2026-01-19 08:38:20
14347,Night Out,26.67,2026-01-19 08:38:20
14347,Daily,16.67,2026-01-19 08:38:20
14347,Leisure,16.67,2026-01-19 08:38:20
14349,Evening,28.4,2026-01-19 08:38:20
14349,Night Out,25.93,2026-01-19 08:38:20
14349,Leisure,18.52,2026-01-19 08:38:20
14349,Business,18.52,2026-01-19 08:38:20
14351,Daily,25.93,2026-01-19 08:38:20
14351,Leisure,22.22,2026-01-19 08:38:20
14351,Business,22.22,2026-01-19 08:38:20
14353,Daily,25.0,2026-01-19 08:38:20
14353,Leisure,23.0,2026-01-19 08:38:20
14353,Business,20.0,2026-01-19 08:38:20
14353,Evening,15.0,2026-01-19 08:38:20
14355,Leisure,25.0,2026-01-19 08:38:20
14355,Daily,21.43,2026-01-19 08:38:20
14355,Business,21.43,2026-01-19 08:38:20
14357,Evening,26.42,2026-01-19 08:38:20
14357,Night Out,22.64,2026-01-19 08:38:20
14357,Leisure,18.87,2026-01-19 08:38:20
14357,Business,16.98,2026-01-19 08:38:20
14357,Daily,15.09,2026-01-19 08:38:20
14359,Leisure,33.33,2026-01-19 08:38:20
14359,Daily,22.22,2026-01-19 08:38:20
14359,Night Out,22.22,2026-01-19 08:38:20
14359,Business,22.22,2026-01-19 08:38:20
14361,Leisure,26.61,2026-01-19 08:38:20
14361,Daily,25.69,2026-01-19 08:38:20
14361,Business,23.85,2026-01-19 08:38:20
14363,Daily,25.0,2026-01-19 08:38:20
14363,Leisure,25.0,2026-01-19 08:38:20
14363,Night Out,18.75,2026-01-19 08:38:20
14363,Evening,18.75,2026-01-19 08:38:20
14365,Daily,23.96,2026-01-19 08:38:20
14365,Business,22.92,2026-01-19 08:38:20
14365,Leisure,20.83,2026-01-19 08:38:20
14367,Daily,26.67,2026-01-19 08:38:20
14367,Night Out,20.0,2026-01-19 08:38:20
14367,Business,20.0,2026-01-19 08:38:20
14367,Evening,20.0,2026-01-19 08:38:20
14369,Evening,30.19,2026-01-19 08:38:20
14369,Night Out,24.53,2026-01-19 08:38:20
14369,Leisure,18.87,2026-01-19 08:38:20
14369,Daily,15.09,2026-01-19 08:38:20
14371,Daily,26.67,2026-01-19 08:38:20
14371,Leisure,20.0,2026-01-19 08:38:20
14371,Night Out,20.0,2026-01-19 08:38:20
14371,Business,20.0,2026-01-19 08:38:20
14373,Evening,29.09,2026-01-19 08:38:20
14373,Night Out,27.27,2026-01-19 08:38:20
14373,Leisure,20.0,2026-01-19 08:38:20
14379,Daily,33.33,2026-01-19 08:38:20
14379,Leisure,33.33,2026-01-19 08:38:20
14379,Business,33.33,2026-01-19 08:38:20
14383,Daily,23.81,2026-01-19 08:38:20
14383,Leisure,19.05,2026-01-19 08:38:20
14383,Business,19.05,2026-01-19 08:38:20
14385,Leisure,27.78,2026-01-19 08:38:20
14385,Business,22.22,2026-01-19 08:38:20
14385,Daily,16.67,2026-01-19 08:38:20
14385,Night Out,16.67,2026-01-19 08:38:20
14385,Evening,16.67,2026-01-19 08:38:20
14387,Daily,37.5,2026-01-19 08:38:20
14387,Leisure,37.5,2026-01-19 08:38:20
14387,Business,25.0,2026-01-19 08:38:20
14389,Leisure,33.33,2026-01-19 08:38:20
14389,Night Out,20.0,2026-01-19 08:38:20
14389,Evening,20.0,2026-01-19 08:38:20
14393,Daily,21.74,2026-01-19 08:38:20
14393,Leisure,21.74,2026-01-19 08:38:20
14393,Business,21.74,2026-01-19 08:38:20
14393,Evening,19.57,2026-01-19 08:38:20
14393,Night Out,15.22,2026-01-19 08:38:20
14402,Evening,37.14,2026-01-19 08:38:20
14402,Night Out,34.29,2026-01-19 08:38:20
14402,Leisure,17.14,2026-01-19 08:38:20
14404,Daily,28.57,2026-01-19 08:38:20
14404,Sport,28.57,2026-01-19 08:38:20
14404,Leisure,28.57,2026-01-19 08:38:20
14414,Evening,25.0,2026-01-19 08:38:20
14414,Daily,20.83,2026-01-19 08:38:20
14414,Leisure,20.83,2026-01-19 08:38:20
14414,Night Out,20.83,2026-01-19 08:38:20
14418,Leisure,23.53,2026-01-19 08:38:20
14418,Evening,23.53,2026-01-19 08:38:20
14418,Daily,17.65,2026-01-19 08:38:20
14418,Night Out,17.65,2026-01-19 08:38:20
14418,Business,17.65,2026-01-19 08:38:20
14421,Daily,26.85,2026-01-19 08:38:20
14421,Leisure,25.0,2026-01-19 08:38:20
14421,Evening,18.52,2026-01-19 08:38:20
14421,Business,15.74,2026-01-19 08:38:20
14422,Daily,27.78,2026-01-19 08:38:20
14422,Leisure,22.22,2026-01-19 08:38:20
14422,Evening,22.22,2026-01-19 08:38:20
14422,Night Out,16.67,2026-01-19 08:38:20
14425,Night Out,27.78,2026-01-19 08:38:20
14425,Evening,27.78,2026-01-19 08:38:20
14425,Leisure,22.22,2026-01-19 08:38:20
14426,Daily,29.94,2026-01-19 08:38:20
14426,Leisure,25.99,2026-01-19 08:38:20
14426,Business,15.82,2026-01-19 08:38:20
14429,Daily,28.57,2026-01-19 08:38:20
14429,Leisure,21.43,2026-01-19 08:38:20
14429,Business,21.43,2026-01-19 08:38:20
14430,Daily,27.27,2026-01-19 08:38:20
14430,Leisure,27.27,2026-01-19 08:38:20
14432,Evening,30.01,2026-01-19 08:38:20
14432,Night Out,27.52,2026-01-19 08:38:20
14432,Leisure,20.1,2026-01-19 08:38:20
14433,Daily,28.57,2026-01-19 08:38:20
14438,Daily,24.74,2026-01-19 08:38:20
14438,Leisure,21.65,2026-01-19 08:38:20
14438,Evening,19.59,2026-01-19 08:38:20
14438,Night Out,18.56,2026-01-19 08:38:20
14438,Business,15.46,2026-01-19 08:38:20
14442,Daily,30.0,2026-01-19 08:38:20
14442,Leisure,22.0,2026-01-19 08:38:20
14442,Night Out,20.0,2026-01-19 08:38:20
14444,Evening,30.23,2026-01-19 08:38:20
14444,Leisure,24.37,2026-01-19 08:38:20
14444,Night Out,23.22,2026-01-19 08:38:20
14447,Daily,33.33,2026-01-19 08:38:20
14447,Leisure,23.81,2026-01-19 08:38:20
14450,Daily,28.79,2026-01-19 08:38:20
14450,Sport,27.27,2026-01-19 08:38:20
14450,Leisure,27.27,2026-01-19 08:38:20
14450,Business,16.67,2026-01-19 08:38:20
14451,Daily,25.0,2026-01-19 08:38:20
14451,Leisure,25.0,2026-01-19 08:38:20
14451,Night Out,25.0,2026-01-19 08:38:20
14451,Business,25.0,2026-01-19 08:38:20
14454,Daily,27.78,2026-01-19 08:38:20
14454,Leisure,27.78,2026-01-19 08:38:20
14454,Business,18.52,2026-01-19 08:38:20
14458,Leisure,27.37,2026-01-19 08:38:20
14458,Daily,22.11,2026-01-19 08:38:20
14458,Evening,20.0,2026-01-19 08:38:20
14458,Business,17.89,2026-01-19 08:38:20
14462,Daily,28.57,2026-01-19 08:38:20
14462,Leisure,27.47,2026-01-19 08:38:20
14466,Daily,28.21,2026-01-19 08:38:20
14466,Leisure,28.21,2026-01-19 08:38:20
14466,Evening,20.51,2026-01-19 08:38:20
14468,Leisure,22.2,2026-01-19 08:38:20
14468,Daily,21.27,2026-01-19 08:38:20
14468,Business,20.03,2026-01-19 08:38:20
14468,Evening,19.88,2026-01-19 08:38:20
14468,Night Out,16.61,2026-01-19 08:38:20
14475,Night Out,22.73,2026-01-19 08:38:20
14475,Evening,22.73,2026-01-19 08:38:20
14475,Daily,20.45,2026-01-19 08:38:20
14475,Leisure,20.45,2026-01-19 08:38:20
14477,Evening,34.9,2026-01-19 08:38:20
14477,Night Out,28.82,2026-01-19 08:38:20
14477,Leisure,23.33,2026-01-19 08:38:20
14479,Leisure,25.0,2026-01-19 08:38:20
14479,Night Out,25.0,2026-01-19 08:38:20
14479,Evening,25.0,2026-01-19 08:38:20
14479,Daily,18.75,2026-01-19 08:38:20
14481,Daily,26.03,2026-01-19 08:38:20
14481,Leisure,24.38,2026-01-19 08:38:20
14481,Business,22.45,2026-01-19 08:38:20
14481,Sport,15.15,2026-01-19 08:38:20
14483,Daily,31.58,2026-01-19 08:38:20
14483,Leisure,26.32,2026-01-19 08:38:20
14483,Business,26.32,2026-01-19 08:38:20
14485,Leisure,24.49,2026-01-19 08:38:20
14485,Daily,23.06,2026-01-19 08:38:20
14485,Evening,20.61,2026-01-19 08:38:20
14485,Business,16.94,2026-01-19 08:38:20
14487,Daily,27.27,2026-01-19 08:38:20
14487,Night Out,21.21,2026-01-19 08:38:20
14487,Leisure,18.18,2026-01-19 08:38:20
14487,Evening,18.18,2026-01-19 08:38:20
14489,Leisure,25.37,2026-01-19 08:38:20
14489,Daily,23.89,2026-01-19 08:38:20
14489,Business,17.78,2026-01-19 08:38:20
14489,Evening,17.22,2026-01-19 08:38:20
14489,Night Out,15.74,2026-01-19 08:38:20
14491,Daily,25.64,2026-01-19 08:38:20
14491,Leisure,25.64,2026-01-19 08:38:20
14491,Night Out,20.51,2026-01-19 08:38:20
14491,Evening,20.51,2026-01-19 08:38:20
14493,Evening,28.63,2026-01-19 08:38:20
14493,Night Out,27.35,2026-01-19 08:38:20
14493,Leisure,20.09,2026-01-19 08:38:20
14495,Daily,23.33,2026-01-19 08:38:20
14495,Leisure,20.0,2026-01-19 08:38:20
14495,Night Out,20.0,2026-01-19 08:38:20
14495,Evening,20.0,2026-01-19 08:38:20
14495,Business,16.67,2026-01-19 08:38:20
14498,Daily,25.0,2026-01-19 08:38:20
14498,Business,25.0,2026-01-19 08:38:20
14500,Evening,25.58,2026-01-19 08:38:20
14500,Night Out,23.26,2026-01-19 08:38:20
14500,Daily,20.93,2026-01-19 08:38:20
14500,Leisure,20.93,2026-01-19 08:38:20
14501,Evening,31.79,2026-01-19 08:38:20
14501,Night Out,26.91,2026-01-19 08:38:20
14501,Leisure,20.88,2026-01-19 08:38:20
14502,Evening,50.0,2026-01-19 08:38:20
14502,Daily,16.67,2026-01-19 08:38:20
14502,Leisure,16.67,2026-01-19 08:38:20
14502,Night Out,16.67,2026-01-19 08:38:20
14504,Leisure,33.33,2026-01-19 08:38:20
14504,Daily,16.67,2026-01-19 08:38:20
14504,Night Out,16.67,2026-01-19 08:38:20
14504,Business,16.67,2026-01-19 08:38:20
14505,Leisure,21.6,2026-01-19 08:38:20
14505,Evening,21.2,2026-01-19 08:38:20
14505,Night Out,20.6,2026-01-19 08:38:20
14505,Daily,20.2,2026-01-19 08:38:20
14505,Business,16.4,2026-01-19 08:38:20
14508,Daily,26.92,2026-01-19 08:38:20
14508,Leisure,23.08,2026-01-19 08:38:20
14508,Business,19.23,2026-01-19 08:38:20
14508,Night Out,15.38,2026-01-19 08:38:20
14508,Evening,15.38,2026-01-19 08:38:20
14512,Leisure,32.5,2026-01-19 08:38:20
14512,Daily,25.0,2026-01-19 08:38:20
14512,Business,17.5,2026-01-19 08:38:20
14513,Evening,37.86,2026-01-19 08:38:20
14513,Night Out,31.07,2026-01-19 08:38:20
14513,Leisure,24.27,2026-01-19 08:38:20
14515,Leisure,42.86,2026-01-19 08:38:20
14515,Daily,28.57,2026-01-19 08:38:20
14516,Leisure,23.53,2026-01-19 08:38:20
14516,Daily,17.65,2026-01-19 08:38:20
14516,Sport,17.65,2026-01-19 08:38:20
14516,Night Out,17.65,2026-01-19 08:38:20
14517,Evening,23.74,2026-01-19 08:38:20
14517,Night Out,21.46,2026-01-19 08:38:20
14517,Leisure,20.45,2026-01-19 08:38:20
14517,Daily,17.17,2026-01-19 08:38:20
14517,Business,17.17,2026-01-19 08:38:20
14520,Leisure,29.79,2026-01-19 08:38:20
14520,Daily,27.66,2026-01-19 08:38:20
14520,Business,23.4,2026-01-19 08:38:20
14521,Evening,28.37,2026-01-19 08:38:20
14521,Night Out,25.21,2026-01-19 08:38:20
14521,Leisure,20.63,2026-01-19 08:38:20
14521,Daily,15.47,2026-01-19 08:38:20
14522,Daily,33.33,2026-01-19 08:38:20
14522,Sport,33.33,2026-01-19 08:38:20
14522,Leisure,33.33,2026-01-19 08:38:20
14524,Daily,33.33,2026-01-19 08:38:20
14524,Leisure,27.78,2026-01-19 08:38:20
14524,Business,22.22,2026-01-19 08:38:20
14525,Leisure,24.42,2026-01-19 08:38:20
14525,Evening,22.58,2026-01-19 08:38:20
14525,Daily,19.59,2026-01-19 08:38:20
14525,Night Out,16.82,2026-01-19 08:38:20
14525,Business,16.59,2026-01-19 08:38:20
14528,Leisure,35.9,2026-01-19 08:38:20
14528,Daily,25.64,2026-01-19 08:38:20
14528,Business,15.38,2026-01-19 08:38:20
14529,Daily,23.64,2026-01-19 08:38:20
14529,Leisure,23.12,2026-01-19 08:38:20
14529,Evening,18.96,2026-01-19 08:38:20
14529,Night Out,18.18,2026-01-19 08:38:20
14529,Business,16.1,2026-01-19 08:38:20
14532,Daily,31.58,2026-01-19 08:38:20
14532,Leisure,31.58,2026-01-19 08:38:20
14532,Business,15.79,2026-01-19 08:38:20
14532,Evening,15.79,2026-01-19 08:38:20
14533,Evening,21.71,2026-01-19 08:38:20
14533,Leisure,20.41,2026-01-19 08:38:20
14533,Business,20.16,2026-01-19 08:38:20
14533,Daily,19.64,2026-01-19 08:38:20
14533,Night Out,18.09,2026-01-19 08:38:20
14536,Leisure,35.29,2026-01-19 08:38:20
14536,Daily,23.53,2026-01-19 08:38:20
14536,Evening,23.53,2026-01-19 08:38:20
14537,Evening,32.38,2026-01-19 08:38:20
14537,Night Out,26.65,2026-01-19 08:38:20
14537,Leisure,21.78,2026-01-19 08:38:20
14540,Leisure,29.55,2026-01-19 08:38:20
14540,Evening,21.99,2026-01-19 08:38:20
14540,Daily,19.59,2026-01-19 08:38:20
14540,Night Out,16.49,2026-01-19 08:38:20
14541,Evening,33.33,2026-01-19 08:38:20
14541,Night Out,25.0,2026-01-19 08:38:20
14541,Leisure,16.67,2026-01-19 08:38:20
14543,Daily,100.0,2026-01-19 08:38:20
14544,Leisure,23.13,2026-01-19 08:38:20
14544,Evening,22.65,2026-01-19 08:38:20
14544,Night Out,20.24,2026-01-19 08:38:20
14544,Daily,18.8,2026-01-19 08:38:20
14544,Business,15.18,2026-01-19 08:38:20
14547,Leisure,30.0,2026-01-19 08:38:20
14547,Daily,25.0,2026-01-19 08:38:20
14547,Evening,20.0,2026-01-19 08:38:20
14547,Business,15.0,2026-01-19 08:38:20
14548,Leisure,26.29,2026-01-19 08:38:20
14548,Daily,25.65,2026-01-19 08:38:20
14548,Business,22.41,2026-01-19 08:38:20
14551,Night Out,36.84,2026-01-19 08:38:20
14551,Evening,36.84,2026-01-19 08:38:20
14552,Evening,27.19,2026-01-19 08:38:20
14552,Leisure,22.96,2026-01-19 08:38:20
14552,Night Out,22.36,2026-01-19 08:38:20
14552,Daily,16.62,2026-01-19 08:38:20
14555,Daily,21.21,2026-01-19 08:38:20
14555,Leisure,21.21,2026-01-19 08:38:20
14555,Evening,21.21,2026-01-19 08:38:20
14555,Night Out,15.15,2026-01-19 08:38:20
14556,Evening,34.1,2026-01-19 08:38:20
14556,Night Out,28.35,2026-01-19 08:38:20
14556,Leisure,21.84,2026-01-19 08:38:20
14559,Daily,37.93,2026-01-19 08:38:20
14559,Leisure,24.14,2026-01-19 08:38:20
14559,Business,20.69,2026-01-19 08:38:20
14563,Daily,23.33,2026-01-19 08:38:20
14563,Leisure,23.33,2026-01-19 08:38:20
14563,Night Out,23.33,2026-01-19 08:38:20
14563,Evening,16.67,2026-01-19 08:38:20
14564,Evening,34.48,2026-01-19 08:38:20
14564,Night Out,30.27,2026-01-19 08:38:20
14564,Leisure,21.07,2026-01-19 08:38:20
14566,Daily,26.36,2026-01-19 08:38:20
14566,Leisure,25.52,2026-01-19 08:38:20
14566,Business,17.99,2026-01-19 08:38:20
14566,Night Out,15.48,2026-01-19 08:38:20
14567,Leisure,33.33,2026-01-19 08:38:20
14567,Daily,29.17,2026-01-19 08:38:20
14567,Business,16.67,2026-01-19 08:38:20
14568,Evening,30.51,2026-01-19 08:38:20
14568,Night Out,26.1,2026-01-19 08:38:20
14568,Leisure,21.32,2026-01-19 08:38:20
14570,Daily,25.0,2026-01-19 08:38:20
14570,Leisure,23.78,2026-01-19 08:38:20
14570,Business,22.56,2026-01-19 08:38:20
14571,Daily,32.26,2026-01-19 08:38:20
14571,Leisure,22.58,2026-01-19 08:38:20
14571,Business,16.13,2026-01-19 08:38:20
14573,Evening,28.42,2026-01-19 08:38:20
14573,Night Out,24.56,2026-01-19 08:38:20
14573,Leisure,21.75,2026-01-19 08:38:20
14574,Daily,21.23,2026-01-19 08:38:20
14574,Evening,21.23,2026-01-19 08:38:20
14574,Leisure,20.67,2026-01-19 08:38:20
14574,Night Out,20.67,2026-01-19 08:38:20
14574,Business,16.2,2026-01-19 08:38:20
14575,Daily,31.25,2026-01-19 08:38:20
14575,Leisure,25.0,2026-01-19 08:38:20
14575,Night Out,18.75,2026-01-19 08:38:20
14577,Leisure,23.27,2026-01-19 08:38:20
14577,Evening,20.5,2026-01-19 08:38:20
14577,Night Out,19.94,2026-01-19 08:38:20
14577,Daily,19.39,2026-01-19 08:38:20
14577,Business,16.9,2026-01-19 08:38:20
14578,Evening,26.8,2026-01-19 08:38:20
14578,Night Out,24.74,2026-01-19 08:38:20
14578,Daily,16.49,2026-01-19 08:38:20
14578,Business,16.49,2026-01-19 08:38:20
14578,Leisure,15.46,2026-01-19 08:38:20
14579,Daily,29.03,2026-01-19 08:38:20
14579,Leisure,29.03,2026-01-19 08:38:20
14579,Business,22.58,2026-01-19 08:38:20
14580,Daily,50.0,2026-01-19 08:38:20
14580,Leisure,50.0,2026-01-19 08:38:20
14581,Daily,25.0,2026-01-19 08:38:20
14581,Leisure,23.33,2026-01-19 08:38:20
14581,Business,22.33,2026-01-19 08:38:20
14581,Evening,15.67,2026-01-19 08:38:20
14582,Daily,22.43,2026-01-19 08:38:20
14582,Leisure,22.43,2026-01-19 08:38:20
14582,Business,19.63,2026-01-19 08:38:20
14582,Night Out,18.69,2026-01-19 08:38:20
14582,Evening,16.82,2026-01-19 08:38:20
14583,Leisure,31.25,2026-01-19 08:38:20
14583,Daily,25.0,2026-01-19 08:38:20
14583,Business,21.88,2026-01-19 08:38:20
14585,Evening,31.12,2026-01-19 08:38:20
14585,Night Out,28.32,2026-01-19 08:38:20
14585,Leisure,25.17,2026-01-19 08:38:20
14586,Leisure,23.21,2026-01-19 08:38:20
14586,Night Out,23.21,2026-01-19 08:38:20
14586,Daily,19.64,2026-01-19 08:38:20
14586,Evening,17.86,2026-01-19 08:38:20
14586,Business,16.07,2026-01-19 08:38:20
14587,Daily,25.0,2026-01-19 08:38:20
14587,Leisure,25.0,2026-01-19 08:38:20
14587,Night Out,18.75,2026-01-19 08:38:20
14589,Evening,34.47,2026-01-19 08:38:20
14589,Night Out,29.36,2026-01-19 08:38:20
14589,Leisure,19.57,2026-01-19 08:38:20
14590,Daily,27.87,2026-01-19 08:38:20
14590,Leisure,26.23,2026-01-19 08:38:20
14590,Business,22.95,2026-01-19 08:38:20
14590,Sport,18.03,2026-01-19 08:38:20
14591,Leisure,27.59,2026-01-19 08:38:20
14591,Daily,24.14,2026-01-19 08:38:20
14593,Evening,27.42,2026-01-19 08:38:20
14593,Leisure,25.4,2026-01-19 08:38:20
14593,Night Out,25.0,2026-01-19 08:38:20
14594,Daily,21.95,2026-01-19 08:38:20
14594,Evening,21.95,2026-01-19 08:38:20
14594,Business,19.51,2026-01-19 08:38:20
14594,Leisure,18.29,2026-01-19 08:38:20
14594,Night Out,18.29,2026-01-19 08:38:20
14595,Leisure,31.03,2026-01-19 08:38:20
14595,Daily,27.59,2026-01-19 08:38:20
14595,Evening,20.69,2026-01-19 08:38:20
14597,Night Out,26.74,2026-01-19 08:38:20
14597,Evening,25.58,2026-01-19 08:38:20
14597,Leisure,22.09,2026-01-19 08:38:20
14598,Leisure,25.5,2026-01-19 08:38:20
14598,Daily,25.17,2026-01-19 08:38:20
14598,Business,21.14,2026-01-19 08:38:20
14599,Daily,35.29,2026-01-19 08:38:20
14599,Leisure,29.41,2026-01-19 08:38:20
14599,Evening,17.65,2026-01-19 08:38:20
14601,Leisure,24.28,2026-01-19 08:38:20
14601,Evening,20.58,2026-01-19 08:38:20
14601,Daily,20.16,2026-01-19 08:38:20
14601,Business,18.11,2026-01-19 08:38:20
14601,Night Out,16.87,2026-01-19 08:38:20
14602,Daily,28.57,2026-01-19 08:38:20
14602,Leisure,22.62,2026-01-19 08:38:20
14602,Business,22.62,2026-01-19 08:38:20
14603,Daily,46.67,2026-01-19 08:38:20
14603,Leisure,33.33,2026-01-19 08:38:20
14605,Daily,25.76,2026-01-19 08:38:20
14605,Leisure,25.76,2026-01-19 08:38:20
14605,Business,21.21,2026-01-19 08:38:20
14605,Night Out,16.67,2026-01-19 08:38:20
14606,Leisure,32.54,2026-01-19 08:38:20
14606,Daily,26.04,2026-01-19 08:38:20
14606,Business,17.75,2026-01-19 08:38:20
14607,Leisure,29.63,2026-01-19 08:38:20
14607,Daily,25.93,2026-01-19 08:38:20
14607,Business,18.52,2026-01-19 08:38:20
14610,Evening,27.86,2026-01-19 08:38:20
14610,Leisure,23.88,2026-01-19 08:38:20
14610,Night Out,20.4,2026-01-19 08:38:20
14612,Daily,29.41,2026-01-19 08:38:20
14612,Leisure,23.53,2026-01-19 08:38:20
14612,Night Out,17.65,2026-01-19 08:38:20
14612,Business,17.65,2026-01-19 08:38:20
14613,Daily,26.09,2026-01-19 08:38:20
14613,Leisure,26.09,2026-01-19 08:38:20
14613,Business,23.19,2026-01-19 08:38:20
14614,Evening,30.29,2026-01-19 08:38:20
14614,Night Out,24.07,2026-01-19 08:38:20
14614,Leisure,23.65,2026-01-19 08:38:20
14616,Daily,23.91,2026-01-19 08:38:20
14616,Leisure,23.91,2026-01-19 08:38:20
14616,Business,19.57,2026-01-19 08:38:20
14616,Night Out,15.22,2026-01-19 08:38:20
14618,Evening,29.78,2026-01-19 08:38:20
14618,Night Out,28.09,2026-01-19 08:38:20
14618,Leisure,21.35,2026-01-19 08:38:20
14620,Daily,22.73,2026-01-19 08:38:20
14620,Night Out,22.73,2026-01-19 08:38:20
14620,Evening,18.18,2026-01-19 08:38:20
14621,Leisure,23.64,2026-01-19 08:38:20
14621,Daily,20.0,2026-01-19 08:38:20
14621,Night Out,20.0,2026-01-19 08:38:20
14621,Evening,20.0,2026-01-19 08:38:20
14621,Business,16.36,2026-01-19 08:38:20
14622,Evening,24.17,2026-01-19 08:38:20
14622,Leisure,21.8,2026-01-19 08:38:20
14622,Night Out,21.33,2026-01-19 08:38:20
14622,Daily,18.01,2026-01-19 08:38:20
14624,Night Out,33.33,2026-01-19 08:38:20
14624,Evening,33.33,2026-01-19 08:38:20
14625,Leisure,29.41,2026-01-19 08:38:20
14625,Daily,26.47,2026-01-19 08:38:20
14625,Business,26.47,2026-01-19 08:38:20
14625,Sport,17.65,2026-01-19 08:38:20
14629,Leisure,35.71,2026-01-19 08:38:20
14629,Daily,28.57,2026-01-19 08:38:20
14630,Daily,23.7,2026-01-19 08:38:20
14630,Leisure,22.75,2026-01-19 08:38:20
14630,Business,20.85,2026-01-19 08:38:20
14632,Night Out,25.0,2026-01-19 08:38:20
14632,Evening,25.0,2026-01-19 08:38:20
14632,Leisure,20.0,2026-01-19 08:38:20
14632,Daily,15.0,2026-01-19 08:38:20
14632,Business,15.0,2026-01-19 08:38:20
14633,Daily,24.24,2026-01-19 08:38:20
14633,Business,24.24,2026-01-19 08:38:20
14633,Leisure,21.21,2026-01-19 08:38:20
14633,Night Out,15.15,2026-01-19 08:38:20
14633,Evening,15.15,2026-01-19 08:38:20
14634,Leisure,29.17,2026-01-19 08:38:20
14634,Evening,21.43,2026-01-19 08:38:20
14634,Night Out,19.64,2026-01-19 08:38:20
14634,Daily,17.26,2026-01-19 08:38:20
14636,Leisure,36.0,2026-01-19 08:38:20
14636,Daily,24.0,2026-01-19 08:38:20
14636,Business,20.0,2026-01-19 08:38:20
14636,Evening,20.0,2026-01-19 08:38:20
14637,Night Out,25.0,2026-01-19 08:38:20
14637,Evening,25.0,2026-01-19 08:38:20
14637,Daily,20.0,2026-01-19 08:38:20
14637,Business,17.5,2026-01-19 08:38:20
14638,Evening,31.01,2026-01-19 08:38:20
14638,Night Out,24.05,2026-01-19 08:38:20
14638,Leisure,23.42,2026-01-19 08:38:20
14640,Leisure,28.57,2026-01-19 08:38:20
14640,Daily,25.0,2026-01-19 08:38:20
14641,Daily,50.0,2026-01-19 08:38:20
14641,Leisure,50.0,2026-01-19 08:38:20
14643,Evening,32.03,2026-01-19 08:38:20
14643,Night Out,26.56,2026-01-19 08:38:20
14643,Leisure,25.0,2026-01-19 08:38:20
14644,Evening,26.92,2026-01-19 08:38:20
14644,Night Out,23.08,2026-01-19 08:38:20
14644,Daily,19.23,2026-01-19 08:38:20
14644,Leisure,15.38,2026-01-19 08:38:20
14644,Business,15.38,2026-01-19 08:38:20
14645,Daily,30.77,2026-01-19 08:38:20
14645,Leisure,30.77,2026-01-19 08:38:20
14645,Business,15.38,2026-01-19 08:38:20
14647,Leisure,28.81,2026-01-19 08:38:20
14647,Daily,23.73,2026-01-19 08:38:20
14647,Business,16.95,2026-01-19 08:38:20
14648,Evening,24.0,2026-01-19 08:38:20
14648,Daily,20.0,2026-01-19 08:38:20
14648,Leisure,16.0,2026-01-19 08:38:20
14648,Night Out,16.0,2026-01-19 08:38:20
14648,Business,16.0,2026-01-19 08:38:20
14649,Daily,28.57,2026-01-19 08:38:20
14649,Leisure,21.43,2026-01-19 08:38:20
14649,Night Out,21.43,2026-01-19 08:38:20
14651,Daily,29.65,2026-01-19 08:38:20
14651,Leisure,28.49,2026-01-19 08:38:20
14651,Business,23.26,2026-01-19 08:38:20
14651,Sport,18.6,2026-01-19 08:38:20
14652,Daily,28.21,2026-01-19 08:38:20
14652,Leisure,28.21,2026-01-19 08:38:20
14652,Business,20.51,2026-01-19 08:38:20
14654,Daily,100.0,2026-01-19 08:38:20
14655,Evening,33.09,2026-01-19 08:38:20
14655,Night Out,27.94,2026-01-19 08:38:20
14655,Leisure,25.74,2026-01-19 08:38:20
14656,Night Out,33.33,2026-01-19 08:38:20
14656,Evening,33.33,2026-01-19 08:38:20
14656,Leisure,16.67,2026-01-19 08:38:20
14657,Night Out,30.0,2026-01-19 08:38:20
14657,Evening,30.0,2026-01-19 08:38:20
14657,Leisure,20.0,2026-01-19 08:38:20
14659,Evening,29.88,2026-01-19 08:38:20
14659,Night Out,23.78,2026-01-19 08:38:20
14659,Leisure,22.56,2026-01-19 08:38:20
14661,Leisure,32.14,2026-01-19 08:38:20
14661,Daily,28.57,2026-01-19 08:38:20
14661,Business,17.86,2026-01-19 08:38:20
14662,Daily,29.01,2026-01-19 08:38:20
14662,Business,25.93,2026-01-19 08:38:20
14662,Leisure,25.31,2026-01-19 08:38:20
14663,Leisure,29.17,2026-01-19 08:38:20
14663,Daily,25.0,2026-01-19 08:38:20
14663,Business,16.67,2026-01-19 08:38:20
14665,Leisure,23.18,2026-01-19 08:38:20
14665,Night Out,21.85,2026-01-19 08:38:20
14665,Evening,21.85,2026-01-19 08:38:20
14665,Daily,17.22,2026-01-19 08:38:20
14665,Business,15.89,2026-01-19 08:38:20
14666,Daily,31.58,2026-01-19 08:38:20
14666,Leisure,31.58,2026-01-19 08:38:20
14666,Night Out,15.79,2026-01-19 08:38:20
14666,Evening,15.79,2026-01-19 08:38:20
14667,Daily,22.22,2026-01-19 08:38:20
14667,Business,22.22,2026-01-19 08:38:20
14667,Leisure,18.52,2026-01-19 08:38:20
14667,Night Out,18.52,2026-01-19 08:38:20
14669,Leisure,27.94,2026-01-19 08:38:20
14669,Business,19.12,2026-01-19 08:38:20
14669,Evening,17.65,2026-01-19 08:38:20
14669,Daily,16.91,2026-01-19 08:38:20
14670,Night Out,30.0,2026-01-19 08:38:20
14670,Leisure,20.0,2026-01-19 08:38:20
14670,Evening,20.0,2026-01-19 08:38:20
14671,Daily,28.57,2026-01-19 08:38:20
14671,Leisure,28.57,2026-01-19 08:38:20
14671,Business,17.14,2026-01-19 08:38:20
14673,Evening,30.3,2026-01-19 08:38:20
14673,Night Out,27.27,2026-01-19 08:38:20
14673,Leisure,21.21,2026-01-19 08:38:20
14674,Daily,25.0,2026-01-19 08:38:20
14674,Night Out,25.0,2026-01-19 08:38:20
14674,Evening,25.0,2026-01-19 08:38:20
14674,Leisure,16.67,2026-01-19 08:38:20
14675,Daily,25.0,2026-01-19 08:38:20
14675,Leisure,20.0,2026-01-19 08:38:20
14675,Business,20.0,2026-01-19 08:38:20
14675,Evening,15.0,2026-01-19 08:38:20
14678,Daily,33.33,2026-01-19 08:38:20
14678,Leisure,33.33,2026-01-19 08:38:20
14678,Business,20.83,2026-01-19 08:38:20
14679,Night Out,28.0,2026-01-19 08:38:20
14679,Evening,28.0,2026-01-19 08:38:20
14679,Daily,16.0,2026-01-19 08:38:20
14679,Leisure,16.0,2026-01-19 08:38:20
14682,Leisure,33.33,2026-01-19 08:38:20
14682,Daily,22.22,2026-01-19 08:38:20
14682,Sport,22.22,2026-01-19 08:38:20
14682,Business,22.22,2026-01-19 08:38:20
14683,Evening,26.92,2026-01-19 08:38:20
14683,Leisure,23.08,2026-01-19 08:38:20
14683,Night Out,23.08,2026-01-19 08:38:20
14683,Business,15.38,2026-01-19 08:38:20
14684,Leisure,25.0,2026-01-19 08:38:20
14684,Evening,21.67,2026-01-19 08:38:20
14684,Daily,20.83,2026-01-19 08:38:20
14684,Night Out,16.67,2026-01-19 08:38:20
14684,Business,15.83,2026-01-19 08:38:20
14686,Daily,33.33,2026-01-19 08:38:20
14686,Leisure,20.83,2026-01-19 08:38:20
14686,Evening,20.83,2026-01-19 08:38:20
14686,Night Out,16.67,2026-01-19 08:38:20
14687,Evening,35.51,2026-01-19 08:38:20
14687,Night Out,31.78,2026-01-19 08:38:20
14687,Leisure,16.82,2026-01-19 08:38:20
14689,Daily,31.58,2026-01-19 08:38:20
14689,Leisure,26.32,2026-01-19 08:38:20
14689,Business,15.79,2026-01-19 08:38:20
14689,Evening,15.79,2026-01-19 08:38:20
14690,Leisure,30.56,2026-01-19 08:38:20
14690,Daily,25.0,2026-01-19 08:38:20
14690,Business,22.22,2026-01-19 08:38:20
14692,Evening,24.83,2026-01-19 08:38:20
14692,Night Out,22.82,2026-01-19 08:38:20
14692,Leisure,20.81,2026-01-19 08:38:20
14692,Daily,16.11,2026-01-19 08:38:20
14692,Business,15.44,2026-01-19 08:38:20
14693,Daily,24.0,2026-01-19 08:38:20
14693,Leisure,24.0,2026-01-19 08:38:20
14693,Business,20.0,2026-01-19 08:38:20
14693,Night Out,16.0,2026-01-19 08:38:20
14693,Evening,16.0,2026-01-19 08:38:20
14696,Evening,22.69,2026-01-19 08:38:20
14696,Daily,21.01,2026-01-19 08:38:20
14696,Leisure,19.33,2026-01-19 08:38:20
14696,Night Out,19.33,2026-01-19 08:38:20
14696,Business,17.65,2026-01-19 08:38:20
14697,Leisure,33.33,2026-01-19 08:38:20
14697,Daily,26.67,2026-01-19 08:38:20
14697,Sport,20.0,2026-01-19 08:38:20
14697,Business,20.0,2026-01-19 08:38:20
14698,Leisure,36.36,2026-01-19 08:38:20
14698,Daily,27.27,2026-01-19 08:38:20
14698,Business,27.27,2026-01-19 08:38:20
14700,Leisure,22.94,2026-01-19 08:38:20
14700,Night Out,22.02,2026-01-19 08:38:20
14700,Evening,22.02,2026-01-19 08:38:20
14700,Daily,18.35,2026-01-19 08:38:20
14701,Leisure,35.71,2026-01-19 08:38:20
14701,Daily,28.57,2026-01-19 08:38:20
14701,Business,21.43,2026-01-19 08:38:20
14702,Evening,29.17,2026-01-19 08:38:20
14702,Night Out,25.0,2026-01-19 08:38:20
14702,Daily,20.83,2026-01-19 08:38:20
14704,Evening,35.71,2026-01-19 08:38:20
14704,Night Out,29.46,2026-01-19 08:38:20
14704,Leisure,18.75,2026-01-19 08:38:20
14705,Daily,33.33,2026-01-19 08:38:20
14705,Leisure,22.22,2026-01-19 08:38:20
14705,Business,22.22,2026-01-19 08:38:20
14706,Evening,29.41,2026-01-19 08:38:20
14706,Daily,23.53,2026-01-19 08:38:20
14706,Night Out,23.53,2026-01-19 08:38:20
14708,Leisure,32.08,2026-01-19 08:38:20
14708,Daily,24.53,2026-01-19 08:38:20
14708,Business,22.64,2026-01-19 08:38:20
14709,Daily,28.57,2026-01-19 08:38:20
14709,Leisure,19.05,2026-01-19 08:38:20
14709,Business,19.05,2026-01-19 08:38:20
14710,Daily,31.25,2026-01-19 08:38:20
14710,Leisure,25.0,2026-01-19 08:38:20
14710,Business,25.0,2026-01-19 08:38:20
14712,Evening,30.58,2026-01-19 08:38:20
14712,Night Out,26.45,2026-01-19 08:38:20
14712,Leisure,20.66,2026-01-19 08:38:20
14713,Daily,25.0,2026-01-19 08:38:20
14713,Leisure,21.43,2026-01-19 08:38:20
14713,Business,21.43,2026-01-19 08:38:20
14713,Sport,17.86,2026-01-19 08:38:20
14714,Leisure,36.36,2026-01-19 08:38:20
14714,Daily,27.27,2026-01-19 08:38:20
14714,Business,27.27,2026-01-19 08:38:20
14716,Daily,20.0,2026-01-19 08:38:20
14716,Leisure,20.0,2026-01-19 08:38:20
14716,Evening,20.0,2026-01-19 08:38:20
14716,Night Out,16.0,2026-01-19 08:38:20
14716,Business,16.0,2026-01-19 08:38:20
14717,Night Out,50.0,2026-01-19 08:38:20
14717,Leisure,25.0,2026-01-19 08:38:20
14717,Evening,25.0,2026-01-19 08:38:20
14720,Daily,25.0,2026-01-19 08:38:20
14720,Leisure,20.83,2026-01-19 08:38:20
14720,Business,20.83,2026-01-19 08:38:20
14720,Night Out,16.67,2026-01-19 08:38:20
14720,Evening,16.67,2026-01-19 08:38:20
14721,Daily,100.0,2026-01-19 08:38:20
14724,Leisure,28.57,2026-01-19 08:38:20
14724,Daily,21.43,2026-01-19 08:38:20
14724,Sport,21.43,2026-01-19 08:38:20
14724,Business,21.43,2026-01-19 08:38:20
14725,Daily,26.67,2026-01-19 08:38:20
14725,Leisure,26.67,2026-01-19 08:38:20
14725,Evening,26.67,2026-01-19 08:38:20
14727,Evening,28.16,2026-01-19 08:38:20
14727,Leisure,26.21,2026-01-19 08:38:20
14727,Night Out,19.42,2026-01-19 08:38:20
14727,Daily,17.48,2026-01-19 08:38:20
14728,Daily,29.41,2026-01-19 08:38:20
14728,Leisure,29.41,2026-01-19 08:38:20
14728,Evening,17.65,2026-01-19 08:38:20
14729,Daily,23.81,2026-01-19 08:38:20
14729,Leisure,19.05,2026-01-19 08:38:20
14729,Business,19.05,2026-01-19 08:38:20
14729,Evening,19.05,2026-01-19 08:38:20
14731,Evening,29.21,2026-01-19 08:38:20
14731,Night Out,26.97,2026-01-19 08:38:20
14731,Leisure,24.72,2026-01-19 08:38:20
14733,Leisure,38.46,2026-01-19 08:38:20
14733,Daily,23.08,2026-01-19 08:38:20
14733,Night Out,15.38,2026-01-19 08:38:20
14735,Daily,27.37,2026-01-19 08:38:20
14735,Leisure,24.21,2026-01-19 08:38:20
14735,Business,22.11,2026-01-19 08:38:20
14736,Daily,28.57,2026-01-19 08:38:20
14736,Leisure,28.57,2026-01-19 08:38:20
14736,Business,21.43,2026-01-19 08:38:20
14737,Daily,33.33,2026-01-19 08:38:20
14737,Sport,33.33,2026-01-19 08:38:20
14737,Leisure,33.33,2026-01-19 08:38:20
14739,Leisure,28.05,2026-01-19 08:38:20
14739,Daily,25.61,2026-01-19 08:38:20
14739,Business,20.73,2026-01-19 08:38:20
14740,Daily,36.36,2026-01-19 08:38:20
14740,Leisure,36.36,2026-01-19 08:38:20
14740,Business,27.27,2026-01-19 08:38:20
14741,Daily,41.67,2026-01-19 08:38:20
14741,Leisure,41.67,2026-01-19 08:38:20
14743,Evening,29.85,2026-01-19 08:38:20
14743,Night Out,26.87,2026-01-19 08:38:20
14743,Leisure,25.37,2026-01-19 08:38:20
14744,Daily,50.0,2026-01-19 08:38:20
14744,Evening,50.0,2026-01-19 08:38:20
14745,Daily,26.32,2026-01-19 08:38:20
14745,Leisure,21.05,2026-01-19 08:38:20
14745,Evening,21.05,2026-01-19 08:38:20
14745,Night Out,15.79,2026-01-19 08:38:20
14745,Business,15.79,2026-01-19 08:38:20
14747,Daily,32.61,2026-01-19 08:38:20
14747,Leisure,23.91,2026-01-19 08:38:20
14747,Business,21.74,2026-01-19 08:38:20
14748,Daily,100.0,2026-01-19 08:38:20
14749,Daily,31.25,2026-01-19 08:38:20
14749,Leisure,31.25,2026-01-19 08:38:20
14751,Evening,33.33,2026-01-19 08:38:20
14751,Night Out,30.56,2026-01-19 08:38:20
14751,Leisure,22.22,2026-01-19 08:38:20
14753,Daily,33.33,2026-01-19 08:38:20
14753,Leisure,33.33,2026-01-19 08:38:20
14753,Business,16.67,2026-01-19 08:38:20
14755,Night Out,25.4,2026-01-19 08:38:20
14755,Evening,25.4,2026-01-19 08:38:20
14755,Daily,17.46,2026-01-19 08:38:20
14755,Leisure,17.46,2026-01-19 08:38:20
14757,Leisure,23.08,2026-01-19 08:38:20
14757,Night Out,23.08,2026-01-19 08:38:20
14757,Evening,23.08,2026-01-19 08:38:20
14757,Daily,15.38,2026-01-19 08:38:20
14757,Business,15.38,2026-01-19 08:38:20
14759,Evening,35.48,2026-01-19 08:38:20
14759,Leisure,22.58,2026-01-19 08:38:20
14759,Night Out,22.58,2026-01-19 08:38:20
14760,Leisure,25.0,2026-01-19 08:38:20
14760,Night Out,25.0,2026-01-19 08:38:20
14760,Business,25.0,2026-01-19 08:38:20
14760,Evening,25.0,2026-01-19 08:38:20
14761,Daily,25.0,2026-01-19 08:38:20
14761,Leisure,25.0,2026-01-19 08:38:20
14761,Night Out,25.0,2026-01-19 08:38:20
14764,Daily,25.0,2026-01-19 08:38:20
14764,Sport,25.0,2026-01-19 08:38:20
14764,Leisure,25.0,2026-01-19 08:38:20
14764,Business,25.0,2026-01-19 08:38:20
14767,Evening,33.33,2026-01-19 08:38:20
14767,Leisure,28.21,2026-01-19 08:38:20
14767,Night Out,25.64,2026-01-19 08:38:20
14768,Night Out,33.33,2026-01-19 08:38:20
14768,Evening,33.33,2026-01-19 08:38:20
14768,Leisure,25.0,2026-01-19 08:38:20
14771,Evening,37.04,2026-01-19 08:38:20
14771,Night Out,29.63,2026-01-19 08:38:20
14771,Leisure,25.93,2026-01-19 08:38:20
14772,Daily,50.0,2026-01-19 08:38:20
14772,Leisure,37.5,2026-01-19 08:38:20
14773,Daily,20.0,2026-01-19 08:38:20
14773,Leisure,20.0,2026-01-19 08:38:20
14773,Night Out,20.0,2026-01-19 08:38:20
14773,Business,20.0,2026-01-19 08:38:20
14773,Evening,20.0,2026-01-19 08:38:20
14776,Daily,28.57,2026-01-19 08:38:20
14776,Leisure,28.57,2026-01-19 08:38:20
14777,Daily,60.0,2026-01-19 08:38:20
14777,Leisure,40.0,2026-01-19 08:38:20
14779,Evening,25.0,2026-01-19 08:38:20
14779,Night Out,22.22,2026-01-19 08:38:20
14779,Business,19.44,2026-01-19 08:38:20
14779,Daily,16.67,2026-01-19 08:38:20
14779,Leisure,16.67,2026-01-19 08:38:20
14780,Daily,25.0,2026-01-19 08:38:20
14780,Leisure,25.0,2026-01-19 08:38:20
14780,Business,25.0,2026-01-19 08:38:20
14780,Evening,16.67,2026-01-19 08:38:20
14781,Daily,37.5,2026-01-19 08:38:20
14781,Leisure,37.5,2026-01-19 08:38:20
14781,Business,25.0,2026-01-19 08:38:20
14783,Night Out,27.27,2026-01-19 08:38:20
14783,Evening,27.27,2026-01-19 08:38:20
14783,Daily,18.18,2026-01-19 08:38:20
14783,Leisure,18.18,2026-01-19 08:38:20
14786,Daily,44.44,2026-01-19 08:38:20
14786,Leisure,22.22,2026-01-19 08:38:20
14787,Night Out,27.03,2026-01-19 08:38:20
14787,Evening,24.32,2026-01-19 08:38:20
14787,Daily,21.62,2026-01-19 08:38:20
14789,Daily,33.33,2026-01-19 08:38:20
14789,Sport,33.33,2026-01-19 08:38:20
14789,Leisure,33.33,2026-01-19 08:38:20
14790,Daily,40.0,2026-01-19 08:38:20
14790,Leisure,20.0,2026-01-19 08:38:20
14790,Business,20.0,2026-01-19 08:38:20
14790,Evening,20.0,2026-01-19 08:38:20
14791,Leisure,31.03,2026-01-19 08:38:20
14791,Evening,27.59,2026-01-19 08:38:20
14791,Night Out,24.14,2026-01-19 08:38:20
14794,Daily,21.43,2026-01-19 08:38:20
14794,Leisure,21.43,2026-01-19 08:38:20
14794,Evening,21.43,2026-01-19 08:38:20
14795,Evening,32.14,2026-01-19 08:38:20
14795,Night Out,28.57,2026-01-19 08:38:20
14795,Leisure,25.0,2026-01-19 08:38:20
14799,Daily,33.33,2026-01-19 08:38:20
14799,Leisure,22.22,2026-01-19 08:38:20
14799,Business,22.22,2026-01-19 08:38:20
14802,Evening,40.0,2026-01-19 08:38:20
14802,Leisure,30.0,2026-01-19 08:38:20
14802,Night Out,30.0,2026-01-19 08:38:20
14803,Daily,33.33,2026-01-19 08:38:20
14803,Leisure,33.33,2026-01-19 08:38:20
14803,Sport,16.67,2026-01-19 08:38:20
14803,Business,16.67,2026-01-19 08:38:20
14807,Daily,28.57,2026-01-19 08:38:20
14807,Leisure,28.57,2026-01-19 08:38:20
14807,Business,28.57,2026-01-19 08:38:20
14811,Daily,25.0,2026-01-19 08:38:20
14811,Leisure,25.0,2026-01-19 08:38:20
14811,Night Out,16.67,2026-01-19 08:38:20
14811,Business,16.67,2026-01-19 08:38:20
14811,Evening,16.67,2026-01-19 08:38:20
14814,Daily,20.0,2026-01-19 08:38:20
14814,Leisure,20.0,2026-01-19 08:38:20
14814,Night Out,20.0,2026-01-19 08:38:20
14814,Business,20.0,2026-01-19 08:38:20
14814,Evening,20.0,2026-01-19 08:38:20
14816,Daily,26.67,2026-01-19 08:38:20
14816,Leisure,20.0,2026-01-19 08:38:20
14816,Night Out,20.0,2026-01-19 08:38:20
14819,Daily,50.0,2026-01-19 08:38:20
14819,Business,50.0,2026-01-19 08:38:20
14821,Night Out,25.9,2026-01-19 08:38:20
14821,Evening,25.73,2026-01-19 08:38:20
14821,Leisure,19.3,2026-01-19 08:38:20
14821,Daily,17.12,2026-01-19 08:38:20
14824,Daily,27.78,2026-01-19 08:38:20
14824,Leisure,27.78,2026-01-19 08:38:20
14824,Sport,16.67,2026-01-19 08:38:20
14824,Business,16.67,2026-01-19 08:38:20
14825,Evening,32.34,2026-01-19 08:38:20
14825,Night Out,30.87,2026-01-19 08:38:20
14825,Leisure,17.17,2026-01-19 08:38:20
14828,Daily,40.0,2026-01-19 08:38:20
14828,Leisure,40.0,2026-01-19 08:38:20
14829,Evening,31.49,2026-01-19 08:38:20
14829,Night Out,30.13,2026-01-19 08:38:20
14829,Leisure,17.81,2026-01-19 08:38:20
14832,Daily,50.0,2026-01-19 08:38:20
14832,Sport,50.0,2026-01-19 08:38:20
14833,Evening,35.55,2026-01-19 08:38:20
14833,Night Out,33.84,2026-01-19 08:38:20
14833,Leisure,17.99,2026-01-19 08:38:20
14835,Daily,100.0,2026-01-19 08:38:20
14837,Evening,24.07,2026-01-19 08:38:20
14837,Night Out,23.99,2026-01-19 08:38:20
14837,Leisure,20.98,2026-01-19 08:38:20
14837,Daily,16.69,2026-01-19 08:38:20
14840,Daily,33.33,2026-01-19 08:38:20
14840,Evening,33.33,2026-01-19 08:38:20
14840,Leisure,16.67,2026-01-19 08:38:20
14840,Night Out,16.67,2026-01-19 08:38:20
14844,Daily,50.0,2026-01-19 08:38:20
14844,Leisure,50.0,2026-01-19 08:38:20
14845,Evening,30.28,2026-01-19 08:38:20
14845,Night Out,29.56,2026-01-19 08:38:20
14845,Leisure,17.85,2026-01-19 08:38:20
14848,Daily,20.0,2026-01-19 08:38:20
14848,Leisure,20.0,2026-01-19 08:38:20
14848,Night Out,20.0,2026-01-19 08:38:20
14848,Business,20.0,2026-01-19 08:38:20
14848,Evening,20.0,2026-01-19 08:38:20
14849,Daily,23.94,2026-01-19 08:38:20
14849,Leisure,22.7,2026-01-19 08:38:20
14849,Business,20.59,2026-01-19 08:38:20
14852,Daily,25.0,2026-01-19 08:38:20
14852,Leisure,25.0,2026-01-19 08:38:20
14852,Night Out,25.0,2026-01-19 08:38:20
14852,Evening,25.0,2026-01-19 08:38:20
14853,Daily,24.11,2026-01-19 08:38:20
14853,Leisure,23.55,2026-01-19 08:38:20
14853,Business,19.7,2026-01-19 08:38:20
14853,Sport,17.71,2026-01-19 08:38:20
14856,Daily,25.0,2026-01-19 08:38:20
14856,Leisure,25.0,2026-01-19 08:38:20
14856,Business,25.0,2026-01-19 08:38:20
14856,Evening,25.0,2026-01-19 08:38:20
14858,Leisure,23.07,2026-01-19 08:38:20
14858,Daily,22.88,2026-01-19 08:38:20
14858,Night Out,22.1,2026-01-19 08:38:20
14858,Evening,17.79,2026-01-19 08:38:20
14859,Daily,100.0,2026-01-19 08:38:20
14860,Daily,100.0,2026-01-19 08:38:20
14862,Daily,26.25,2026-01-19 08:38:20
14862,Leisure,25.78,2026-01-19 08:38:20
14862,Business,18.67,2026-01-19 08:38:20
14862,Sport,16.81,2026-01-19 08:38:20
14864,Leisure,28.57,2026-01-19 08:38:20
14864,Night Out,21.43,2026-01-19 08:38:20
14866,Evening,31.26,2026-01-19 08:38:20
14866,Night Out,30.08,2026-01-19 08:38:20
14866,Leisure,16.43,2026-01-19 08:38:20
14868,Daily,23.08,2026-01-19 08:38:20
14868,Leisure,23.08,2026-01-19 08:38:20
14868,Evening,23.08,2026-01-19 08:38:20
14868,Night Out,15.38,2026-01-19 08:38:20
14868,Business,15.38,2026-01-19 08:38:20
14871,Evening,24.53,2026-01-19 08:38:20
14871,Night Out,23.16,2026-01-19 08:38:20
14871,Leisure,22.56,2026-01-19 08:38:20
14871,Daily,16.21,2026-01-19 08:38:20
14872,Daily,25.0,2026-01-19 08:38:20
14872,Sport,25.0,2026-01-19 08:38:20
14872,Leisure,25.0,2026-01-19 08:38:20
14872,Business,25.0,2026-01-19 08:38:20
14875,Night Out,27.94,2026-01-19 08:38:20
14875,Evening,25.69,2026-01-19 08:38:20
14875,Leisure,20.0,2026-01-19 08:38:20
14875,Daily,15.96,2026-01-19 08:38:20
14876,Leisure,25.0,2026-01-19 08:38:20
14876,Night Out,25.0,2026-01-19 08:38:20
14876,Evening,25.0,2026-01-19 08:38:20
14879,Leisure,25.02,2026-01-19 08:38:20
14879,Daily,23.68,2026-01-19 08:38:20
14879,Business,19.1,2026-01-19 08:38:20
14880,Daily,66.67,2026-01-19 08:38:20
14880,Leisure,33.33,2026-01-19 08:38:20
14883,Evening,27.61,2026-01-19 08:38:20
14883,Night Out,27.03,2026-01-19 08:38:20
14883,Leisure,19.98,2026-01-19 08:38:20
14884,Daily,33.33,2026-01-19 08:38:20
14884,Night Out,33.33,2026-01-19 08:38:20
14884,Evening,33.33,2026-01-19 08:38:20
14887,Daily,25.8,2026-01-19 08:38:20
14887,Leisure,25.55,2026-01-19 08:38:20
14887,Business,18.74,2026-01-19 08:38:20
14888,Leisure,29.17,2026-01-19 08:38:20
14888,Daily,25.0,2026-01-19 08:38:20
14888,Business,16.67,2026-01-19 08:38:20
14888,Evening,16.67,2026-01-19 08:38:20
14891,Daily,26.76,2026-01-19 08:38:20
14891,Leisure,24.85,2026-01-19 08:38:20
14891,Business,20.82,2026-01-19 08:38:20
14892,Daily,100.0,2026-01-19 08:38:20
14895,Leisure,26.35,2026-01-19 08:38:20
14895,Night Out,21.98,2026-01-19 08:38:20
14895,Daily,20.18,2026-01-19 08:38:20
14895,Evening,19.67,2026-01-19 08:38:20
14896,Leisure,33.33,2026-01-19 08:38:20
14896,Night Out,33.33,2026-01-19 08:38:20
14896,Daily,16.67,2026-01-19 08:38:20
14896,Evening,16.67,2026-01-19 08:38:20
14899,Night Out,28.9,2026-01-19 08:38:20
14899,Evening,28.74,2026-01-19 08:38:20
14899,Leisure,21.03,2026-01-19 08:38:20
14900,Leisure,100.0,2026-01-19 08:38:20
14904,Daily,36.36,2026-01-19 08:38:20
14904,Leisure,27.27,2026-01-19 08:38:20
14904,Night Out,27.27,2026-01-19 08:38:20
14907,Daily,26.98,2026-01-19 08:38:20
14907,Leisure,25.85,2026-01-19 08:38:20
14907,Business,20.43,2026-01-19 08:38:20
14908,Leisure,55.56,2026-01-19 08:38:20
14908,Daily,33.33,2026-01-19 08:38:20
14911,Leisure,28.05,2026-01-19 08:38:20
14911,Daily,26.93,2026-01-19 08:38:20
14911,Business,18.51,2026-01-19 08:38:20
14912,Daily,20.0,2026-01-19 08:38:20
14912,Leisure,20.0,2026-01-19 08:38:20
14912,Night Out,20.0,2026-01-19 08:38:20
14912,Business,20.0,2026-01-19 08:38:20
14915,Evening,30.27,2026-01-19 08:38:20
14915,Night Out,27.21,2026-01-19 08:38:20
14915,Leisure,20.29,2026-01-19 08:38:20
14919,Evening,22.87,2026-01-19 08:38:20
14919,Night Out,22.0,2026-01-19 08:38:20
14919,Leisure,21.51,2026-01-19 08:38:20
14919,Daily,19.16,2026-01-19 08:38:20
14924,Daily,44.44,2026-01-19 08:38:20
14924,Leisure,33.33,2026-01-19 08:38:20
14924,Business,22.22,2026-01-19 08:38:20
14927,Evening,27.23,2026-01-19 08:38:20
14927,Night Out,24.78,2026-01-19 08:38:20
14927,Leisure,18.67,2026-01-19 08:38:20
14927,Business,15.18,2026-01-19 08:38:20
14931,Daily,22.56,2026-01-19 08:38:20
14931,Business,21.8,2026-01-19 08:38:20
14931,Leisure,20.8,2026-01-19 08:38:20
14935,Daily,26.1,2026-01-19 08:38:20
14935,Leisure,24.05,2026-01-19 08:38:20
14935,Business,19.35,2026-01-19 08:38:20
14935,Night Out,16.42,2026-01-19 08:38:20
14936,Night Out,50.0,2026-01-19 08:38:20
14936,Evening,50.0,2026-01-19 08:38:20
14939,Leisure,28.07,2026-01-19 08:38:20
14939,Daily,26.67,2026-01-19 08:38:20
14939,Business,22.46,2026-01-19 08:38:20
14940,Leisure,100.0,2026-01-19 08:38:20
14942,Evening,29.15,2026-01-19 08:38:20
14942,Night Out,26.13,2026-01-19 08:38:20
14942,Leisure,24.62,2026-01-19 08:38:20
14943,Leisure,33.33,2026-01-19 08:38:20
14943,Daily,22.22,2026-01-19 08:38:20
14943,Business,22.22,2026-01-19 08:38:20
14945,Leisure,23.96,2026-01-19 08:38:20
14945,Evening,20.28,2026-01-19 08:38:20
14945,Business,19.82,2026-01-19 08:38:20
14945,Daily,19.35,2026-01-19 08:38:20
14945,Night Out,16.59,2026-01-19 08:38:20
14946,Daily,33.33,2026-01-19 08:38:20
14946,Leisure,33.33,2026-01-19 08:38:20
14946,Night Out,16.67,2026-01-19 08:38:20
14946,Business,16.67,2026-01-19 08:38:20
14948,Leisure,22.77,2026-01-19 08:38:20
14948,Night Out,20.79,2026-01-19 08:38:20
14948,Evening,20.79,2026-01-19 08:38:20
14948,Daily,18.32,2026-01-19 08:38:20
14948,Business,17.33,2026-01-19 08:38:20
14949,Daily,20.0,2026-01-19 08:38:20
14949,Leisure,20.0,2026-01-19 08:38:20
14949,Night Out,20.0,2026-01-19 08:38:20
14949,Business,20.0,2026-01-19 08:38:20
14949,Evening,20.0,2026-01-19 08:38:20
14951,Daily,25.0,2026-01-19 08:38:20
14951,Leisure,25.0,2026-01-19 08:38:20
14951,Night Out,25.0,2026-01-19 08:38:20
14953,Evening,32.45,2026-01-19 08:38:20
14953,Night Out,28.48,2026-01-19 08:38:20
14953,Leisure,21.19,2026-01-19 08:38:20
14954,Daily,40.0,2026-01-19 08:38:20
14954,Leisure,40.0,2026-01-19 08:38:20
14954,Business,20.0,2026-01-19 08:38:20
14956,Leisure,23.08,2026-01-19 08:38:20
14956,Business,23.08,2026-01-19 08:38:20
14956,Evening,20.12,2026-01-19 08:38:20
14956,Daily,18.34,2026-01-19 08:38:20
14956,Night Out,15.38,2026-01-19 08:38:20
14957,Leisure,50.0,2026-01-19 08:38:20
14957,Daily,25.0,2026-01-19 08:38:20
14957,Business,25.0,2026-01-19 08:38:20
14959,Evening,34.29,2026-01-19 08:38:20
14959,Night Out,32.86,2026-01-19 08:38:20
14959,Leisure,15.71,2026-01-19 08:38:20
14962,Daily,24.68,2026-01-19 08:38:20
14962,Leisure,24.68,2026-01-19 08:38:20
14962,Business,18.18,2026-01-19 08:38:20
14962,Sport,15.58,2026-01-19 08:38:20
14964,Daily,37.5,2026-01-19 08:38:20
14964,Leisure,37.5,2026-01-19 08:38:20
14965,Evening,25.83,2026-01-19 08:38:20
14965,Leisure,19.17,2026-01-19 08:38:20
14965,Night Out,19.17,2026-01-19 08:38:20
14965,Daily,18.33,2026-01-19 08:38:20
14965,Business,17.5,2026-01-19 08:38:20
14968,Evening,31.13,2026-01-19 08:38:20
14968,Night Out,27.36,2026-01-19 08:38:20
14968,Leisure,20.75,2026-01-19 08:38:20
14969,Leisure,50.0,2026-01-19 08:38:20
14969,Daily,25.0,2026-01-19 08:38:20
14969,Sport,25.0,2026-01-19 08:38:20
14971,Leisure,23.53,2026-01-19 08:38:20
14971,Daily,21.32,2026-01-19 08:38:20
14971,Evening,19.12,2026-01-19 08:38:20
14971,Business,18.38,2026-01-19 08:38:20
14971,Night Out,17.65,2026-01-19 08:38:20
14973,Daily,25.0,2026-01-19 08:38:20
14973,Sport,16.67,2026-01-19 08:38:20
14973,Leisure,16.67,2026-01-19 08:38:20
14973,Night Out,16.67,2026-01-19 08:38:20
14973,Evening,16.67,2026-01-19 08:38:20
14975,Daily,28.57,2026-01-19 08:38:20
14975,Leisure,28.57,2026-01-19 08:38:20
14976,Evening,24.44,2026-01-19 08:38:20
14976,Daily,22.22,2026-01-19 08:38:20
14976,Night Out,22.22,2026-01-19 08:38:20
14976,Leisure,17.78,2026-01-19 08:38:20
14978,Daily,20.0,2026-01-19 08:38:20
14978,Leisure,20.0,2026-01-19 08:38:20
14978,Night Out,20.0,2026-01-19 08:38:20
14978,Business,20.0,2026-01-19 08:38:20
14978,Evening,20.0,2026-01-19 08:38:20
14981,Daily,30.0,2026-01-19 08:38:20
14981,Leisure,30.0,2026-01-19 08:38:20
14981,Business,30.0,2026-01-19 08:38:20
14982,Leisure,25.96,2026-01-19 08:38:20
14982,Business,22.12,2026-01-19 08:38:20
14982,Daily,18.27,2026-01-19 08:38:20
14982,Night Out,15.38,2026-01-19 08:38:20
14984,Daily,25.0,2026-01-19 08:38:20
14984,Leisure,25.0,2026-01-19 08:38:20
14984,Night Out,25.0,2026-01-19 08:38:20
14984,Evening,25.0,2026-01-19 08:38:20
14985,Leisure,20.59,2026-01-19 08:38:20
14985,Business,20.59,2026-01-19 08:38:20
14985,Daily,17.65,2026-01-19 08:38:20
14985,Night Out,17.65,2026-01-19 08:38:20
14988,Daily,22.22,2026-01-19 08:38:20
14988,Leisure,22.22,2026-01-19 08:38:20
14988,Night Out,22.22,2026-01-19 08:38:20
14989,Daily,20.0,2026-01-19 08:38:20
14989,Leisure,20.0,2026-01-19 08:38:20
14989,Night Out,20.0,2026-01-19 08:38:20
14989,Business,20.0,2026-01-19 08:38:20
14989,Evening,20.0,2026-01-19 08:38:20
14993,Daily,60.0,2026-01-19 08:38:20
14993,Leisure,40.0,2026-01-19 08:38:20
14995,Daily,33.33,2026-01-19 08:38:20
14995,Sport,33.33,2026-01-19 08:38:20
14995,Leisure,33.33,2026-01-19 08:38:20
14996,Daily,25.0,2026-01-19 08:38:20
14996,Leisure,25.0,2026-01-19 08:38:20
14996,Business,25.0,2026-01-19 08:38:20
14997,Evening,27.67,2026-01-19 08:38:20
14997,Night Out,27.14,2026-01-19 08:38:20
14997,Leisure,20.08,2026-01-19 08:38:20
14998,Daily,22.22,2026-01-19 08:38:20
14998,Leisure,22.22,2026-01-19 08:38:20
14998,Night Out,22.22,2026-01-19 08:38:20
14998,Business,22.22,2026-01-19 08:38:20
14999,Night Out,30.0,2026-01-19 08:38:20
14999,Evening,30.0,2026-01-19 08:38:20
14999,Daily,20.0,2026-01-19 08:38:20
14999,Leisure,20.0,2026-01-19 08:38:20
15000,Leisure,26.33,2026-01-19 08:38:20
15000,Daily,26.04,2026-01-19 08:38:20
15000,Business,20.36,2026-01-19 08:38:20
15001,Daily,16.67,2026-01-19 08:38:20
15001,Sport,16.67,2026-01-19 08:38:20
15001,Leisure,16.67,2026-01-19 08:38:20
15001,Night Out,16.67,2026-01-19 08:38:20
15001,Business,16.67,2026-01-19 08:38:20
15001,Evening,16.67,2026-01-19 08:38:20
15003,Leisure,23.11,2026-01-19 08:38:20
15003,Daily,22.48,2026-01-19 08:38:20
15003,Business,17.59,2026-01-19 08:38:20
15003,Night Out,15.16,2026-01-19 08:38:20
15005,Daily,50.0,2026-01-19 08:38:20
15005,Leisure,25.0,2026-01-19 08:38:20
15005,Evening,25.0,2026-01-19 08:38:20
15006,Evening,36.69,2026-01-19 08:38:20
15006,Night Out,36.22,2026-01-19 08:38:20
15006,Leisure,16.29,2026-01-19 08:38:20
15008,Daily,30.77,2026-01-19 08:38:20
15008,Leisure,23.08,2026-01-19 08:38:20
15008,Business,23.08,2026-01-19 08:38:20
15008,Sport,15.38,2026-01-19 08:38:20
15009,Evening,32.91,2026-01-19 08:38:20
15009,Night Out,32.03,2026-01-19 08:38:20
15009,Leisure,18.99,2026-01-19 08:38:20
15010,Daily,27.78,2026-01-19 08:38:20
15010,Leisure,27.78,2026-01-19 08:38:20
15010,Sport,16.67,2026-01-19 08:38:20
15010,Business,16.67,2026-01-19 08:38:20
15012,Evening,24.82,2026-01-19 08:38:20
15012,Night Out,23.66,2026-01-19 08:38:20
15012,Leisure,21.43,2026-01-19 08:38:20
15012,Daily,16.88,2026-01-19 08:38:20
15013,Daily,30.77,2026-01-19 08:38:20
15013,Leisure,23.08,2026-01-19 08:38:20
15013,Business,15.38,2026-01-19 08:38:20
15013,Evening,15.38,2026-01-19 08:38:20
15015,Leisure,25.19,2026-01-19 08:38:20
15015,Daily,23.12,2026-01-19 08:38:20
15015,Business,21.26,2026-01-19 08:38:20
15016,Daily,50.0,2026-01-19 08:38:20
15016,Leisure,50.0,2026-01-19 08:38:20
15018,Daily,66.67,2026-01-19 08:38:20
15018,Leisure,33.33,2026-01-19 08:38:20
15020,Night Out,23.74,2026-01-19 08:38:20
15020,Leisure,23.23,2026-01-19 08:38:20
15020,Evening,23.06,2026-01-19 08:38:20
15020,Daily,18.01,2026-01-19 08:38:20
15022,Leisure,50.0,2026-01-19 08:38:20
15022,Daily,25.0,2026-01-19 08:38:20
15025,Leisure,26.51,2026-01-19 08:38:20
15025,Daily,23.99,2026-01-19 08:38:20
15025,Business,17.95,2026-01-19 08:38:20
15027,Leisure,23.18,2026-01-19 08:38:20
15027,Evening,22.5,2026-01-19 08:38:20
15027,Night Out,20.68,2026-01-19 08:38:20
15027,Daily,17.73,2026-01-19 08:38:20
15027,Business,15.91,2026-01-19 08:38:20
15028,Daily,24.07,2026-01-19 08:38:20
15028,Leisure,23.24,2026-01-19 08:38:20
15028,Business,22.82,2026-01-19 08:38:20
15028,Evening,15.98,2026-01-19 08:38:20
15029,Daily,26.7,2026-01-19 08:38:20
15029,Leisure,24.03,2026-01-19 08:38:20
15029,Business,19.9,2026-01-19 08:38:20
